sku,source,category,sub_category,product_name,price,brand,item_weight,unit_count,rating_count,date
n40074717a,noon,grocery,"creal,oats,jams&honey",black honey 650grams,58.25,al bawadi,650,1.0,,2026-06-25
zad890806a37ee3ae16b0z,noon,grocery,"creal,oats,jams&honey",fig jam 650 grams,61.0,al bawadi,650,1.0,,2026-06-25
n28968489a,noon,grocery,"creal,oats,jams&honey",nesquik cereal 330grams,111.0,nesquik,330,1.0,,2026-06-25
z281dab0fce9342f92c46z,noon,grocery,"creal,oats,jams&honey",said korean red ginseng golden liquid 30g,1950.0,samsidae,30,1.0,,2026-06-25
n42906482a,noon,grocery,"creal,oats,jams&honey",premium oat flakes 500grams,82.75,al doha,500,1.0,,2026-06-25
n51182040a,noon,grocery,"creal,oats,jams&honey",protein bar hazelnut bar 70grams,84.25,abu auf,70,1.0,,2026-06-25
z6511fe2550a2c24ebc3ez,noon,grocery,"creal,oats,jams&honey",couscous - 700 g,94.95,mr. food,700,1.0,,2026-06-25
z160669ac9f6317461082z,noon,grocery,"creal,oats,jams&honey",jumbo oats set - 300 gram,66.0,lino,300,1.0,,2026-06-25
z20b36b3d2515c11e30edz,noon,grocery,"creal,oats,jams&honey",arkan premium tahini halva with pistachio – 300g – smooth texture & authentic rich nutty flavor,120.0,arkan,300,1.0,,2026-06-25
zf99f016e373c23b9998ez,noon,grocery,"creal,oats,jams&honey",fruit preserve light diet 340gm strawberry jam,48.0,halwani bros,340,1.0,,2026-06-25
z0566e605cfa30885cc9az,noon,grocery,"creal,oats,jams&honey",healthy spread original chocolate 210 gm,123.25,healthy spread,210,1.0,,2026-06-25
n27747712a,noon,grocery,"creal,oats,jams&honey",traditional musli 350grams,121.0,sante,350,1.0,,2026-06-25
z7795c871fd783c22d6f3z,noon,grocery,"creal,oats,jams&honey",granola - coconut with superseeds 350 grams,152.9,goodhands,350,1.0,,2026-06-25
n40074716a,noon,grocery,"creal,oats,jams&honey",black honey 340grams,27.0,el bawadi,340,1.0,,2026-06-25
z50d7b3c01825d49ed1c0z,noon,grocery,"creal,oats,jams&honey",clover honey 2 kg,399.0,shana nature house,2,1.0,,2026-06-25
z0da9936e6902915a8164z,noon,grocery,"creal,oats,jams&honey",pistachio crunchy bites spread 285g,98.25,el bawadi,300,1.0,,2026-06-25
z5a5ebd6856cd9eb646a5z,noon,grocery,"creal,oats,jams&honey",nutella - hazelnut spread with cocoa - perfect for breakfast and baking (pack size 600 gm),565.0,nutella,600,1.0,,2026-06-25
z6da6119cd13785550967z,noon,grocery,"creal,oats,jams&honey",dubai filling kunafa & pistachio 500 gram,243.0,asmacup,450,1.0,,2026-06-25
za5e1cf2559a0d4861689z,noon,grocery,"creal,oats,jams&honey",chocolate breakfast cereal 330g,186.0,kitkat,330,1.0,,2026-06-25
z66e9b9e668328868283cz,noon,grocery,"creal,oats,jams&honey","manuka honey 400mgo, 500g",6999.0,manuka health,500,1.0,,2026-06-25
zba56042cf2ddc41d61ebz,noon,grocery,"creal,oats,jams&honey",high protein peanut butter 375g,365.0,healthy & tasty,375,1.0,,2026-06-25
z8925e56e5b6129f00030z,noon,grocery,"creal,oats,jams&honey","alsham nebras apricot jam – premium natural fruit spread, authentic taste, golden lid jar, 450g",89.99,alsham nebras,450,1.0,,2026-06-25
z57edf6148520e2d85be9z,noon,grocery,"creal,oats,jams&honey","maxtella - soft hazelnut chocolate spread with cocoa butter substitutes, 200g",74.99,maxtella,220,1.0,,2026-06-25
zb1bccbe9b56df5292d8cz,noon,grocery,"creal,oats,jams&honey",maxtella white spread chocolate – creamy cocoa butter substitute – sweet white chocolate flavor – 350g jar,175.0,maxtella,900,1.0,,2026-06-25
z329942ef4ad9e4f898e6z,noon,grocery,"creal,oats,jams&honey",nutella chocolate with hazelnut - 350 gm (assorted packaging),349.95,nutella,350,1.0,,2026-06-25
zc2e36a4fb5459fea3804z,noon,grocery,"creal,oats,jams&honey",choco bites 225 grams,82.0,real,225,1.0,,2026-06-25
n39272815a,noon,grocery,"creal,oats,jams&honey",cranberries and raisins granola 350grams,195.25,abu auf,350,1.0,,2026-06-25
n39599812a,noon,grocery,"creal,oats,jams&honey",lotus biscoff spread 400grams,441.0,lotus,400,1.0,,2026-06-25
z41c9f155199374c36b71z,noon,grocery,"creal,oats,jams&honey",shira sweetener mixture of honey and natural fructose 3 kg - 60% natural from uni smart group,250.0,uni smart group,3,1.0,,2026-06-25
z061875817ec16b24a0fdz,noon,grocery,"creal,oats,jams&honey",quaker white oats – 100% natural whole grain oats – heart healthy & high fiber – perfect for breakfast & soup – 500g pack,320.0,quaker,500,1.0,,2026-06-25
n12280414a,noon,grocery,"creal,oats,jams&honey",peanut butter gronola crispy cereal flakes 350grams,159.25,sante,350,1.0,,2026-06-25
z42828349552aa91bc511z,noon,grocery,"creal,oats,jams&honey","maxtella raw chocolate – premium cocoa, special offer, baking & desserts",59.99,maxtella,180,1.0,,2026-06-25
ze4daab162f53f36c1344z,noon,grocery,"creal,oats,jams&honey",nutella spread (350g) rich cocoa and hazelnut cream,370.0,nutella,350,1.0,,2026-06-25
z43362aaa47ee5298908az,noon,grocery,"creal,oats,jams&honey",oat flakes quick cooking-600g,85.0,organic nation,600,1.0,,2026-06-25
zb0e453f008880c5d9d07z,noon,grocery,"creal,oats,jams&honey",arkan halawa tehenia with extra pistachios - 500g - premium quality & rich taste,400.0,arkan,500,1.0,,2026-06-25
z407e2da785c73c7ec709z,noon,grocery,"creal,oats,jams&honey",oats 500 grams,76.5,ragab el attar,500,1.0,,2026-06-25
z65f7bda0da4081ebead9z,noon,grocery,"creal,oats,jams&honey",minis cereals,86.0,nesquik,250,1.0,,2026-06-25
z45ec3a1fd3b5ea3559d4z,noon,grocery,"creal,oats,jams&honey",choco pillow corn flakes 250 grams,43.0,cornexi,250,1.0,,2026-06-25
n42868001a,noon,grocery,"creal,oats,jams&honey",gold granola with nuts and honey 300grams,181.0,sante,300,1.0,,2026-06-25
zd3ce280cf402b0f17c89z,noon,grocery,"creal,oats,jams&honey",arkan premium halva with extra walnuts – 500g | authentic middle eastern sesame sweet | traditional dessert egypt,250.0,arkan,500,1.0,,2026-06-25
n13710064a,noon,grocery,"creal,oats,jams&honey",fruit muesli 350grams,168.25,sante,350,1.0,,2026-06-25
z7d5adc5221bf351411d4z,noon,grocery,"creal,oats,jams&honey",ماكستيلا سبريد الشوكولاتة بالبندق – 900 جرام | كريمة كاكاو بالبندق ناعمة للإفطار والحلويات,175.0,ماكس تيلا,900,1.0,,2026-06-25
zb375c232d32c8e5723caz,noon,grocery,"creal,oats,jams&honey",kind kids spread cream 350 gm,99.0,asmacup,350,1.0,,2026-06-25
z579f028569fda55a06d1z,noon,grocery,"creal,oats,jams&honey",saegh whole grain oats 400g,80.0,saegh,400,1.0,,2026-06-25
n42868005a,noon,grocery,"creal,oats,jams&honey",fit granola nuts and cocoa - no sugar added 300grams,208.25,sante,300,1.0,,2026-06-25
n48663892a,noon,grocery,"creal,oats,jams&honey",high protein instant oatmeal the chocolate mocha 300grams,80.25,kayy,300,1.0,,2026-06-25
zcd12cd88703751f4a0e7z,noon,grocery,"creal,oats,jams&honey",saegh black honey polyethylene 700 g,68.0,saegh,700,1.0,,2026-06-25
z2cdca10c6ce1950e1c51z,noon,grocery,"creal,oats,jams&honey",sezar honey - 12 sachets x 18 grams,480.0,uni smart group,12,1.0,,2026-06-25
n12280413a,noon,grocery,"creal,oats,jams&honey",granola fruit 350grams,186.25,sante,350,1.0,,2026-06-25
n27747713a,noon,grocery,"creal,oats,jams&honey",crunchy fruits grain oat flake 350grams,149.0,sante,350,1.0,,2026-06-25
z6cfb0eedfe09e8e86096z,noon,grocery,"creal,oats,jams&honey",saegh alfalfa blossom honey 450 gm,119.0,saegh,450,1.0,,2026-06-25
z2519adea5027508c785az,noon,grocery,"creal,oats,jams&honey",hazelnut spread chocolate-350g,144.0,milkato,350,1.0,,2026-06-25
z30d5a2a3b3cd4528c8efz,noon,grocery,"creal,oats,jams&honey",hazelnut chocolate spread sweetened with monkfruit - 250g,211.0,lakanto,250,1.0,,2026-06-25
z636c8e176e4441665b72z,noon,grocery,"creal,oats,jams&honey",dark chocolate spread sweetened with monkfruit - 250g,211.0,lakanto,250,1.0,,2026-06-25
z4be483981c4d41f0f3caz,noon,grocery,"creal,oats,jams&honey",mouni vip - 12 sachets x 16 grams - from uni smart group,225.0,uni smart group,12,1.0,,2026-06-25
z6e7776360b944ddbd50ez,noon,grocery,"creal,oats,jams&honey",oat whole grain 500g,57.0,haj arafa,500,1.0,,2026-06-25
z67e4983f4c7bb9be04b1z,noon,grocery,"creal,oats,jams&honey",maxtella chocolate hazelnut spread – 450g jar – rich creamy chocolate with premium hazelnuts,94.99,maxtella,450,1.0,,2026-06-25
z5d5e063d2fe1c5d29d54z,noon,grocery,"creal,oats,jams&honey",saegh honey with nuts 250g,137.0,saegh,250,1.0,,2026-06-25
zed330bb26a58f6584666z,noon,grocery,"creal,oats,jams&honey",healthy spread chocolate extra nuts with hazelnut pieces 375 gm,216.0,milkato,375,1.0,,2026-06-25
n30328302a,noon,grocery,"creal,oats,jams&honey",whey protein oats 500grams,105.0,kayy,500,1.0,,2026-06-25
za31487989356e91e27eez,noon,grocery,"creal,oats,jams&honey",speculoos biscuits spread 380 gm,171.0,milkato,380,1.0,,2026-06-25
zff638991d748cb593f57z,noon,grocery,"creal,oats,jams&honey","chocolate spread from x spread with natural hazelnut pieces, 350 g.",90.0,mozn,350,1.0,,2026-06-25
z6a8cacc9ad838d13ac9ez,noon,grocery,"creal,oats,jams&honey",healthy spread chocolate original with hazelnut 375 gm,200.0,milkato,375,1.0,,2026-06-25
zc61df738357b6f3296c9z,noon,grocery,"creal,oats,jams&honey",crunchy peanut butter 320g,112.0,haj arafa,320,1.0,,2026-06-25
z8784cb5db1ae8f4833dfz,noon,grocery,"creal,oats,jams&honey",beeswax 500 grams - 100% natural from uni smart group,145.0,uni smart group,500,1.0,,2026-06-25
n28548504a,noon,grocery,"creal,oats,jams&honey",high fibre oats flakes 500grams,133.0,sante,500,1.0,,2026-06-25
zb63feb5b966b98e7a90dz,noon,grocery,"creal,oats,jams&honey",citrus honey 2.2kg,687.0,imtenan,2,1.0,,2026-06-25
n42868104a,noon,grocery,"creal,oats,jams&honey",fruit rings 250grams,36.0,cornexi,250,1.0,,2026-06-25
z3f874ebf1f408cb6907ez,noon,grocery,"creal,oats,jams&honey",peanut protein bar 70 grams,56.0,imtenan,70,1.0,,2026-06-25
zd7fab2707a43241e364az,noon,grocery,"creal,oats,jams&honey",plain sesame halawa 250gm,37.0,halwani bros,250,1.0,,2026-06-25
n51182038a,noon,grocery,"creal,oats,jams&honey",protein almond bar 70grams,94.0,abu auf,70,1.0,,2026-06-25
z343d67bf71b0822adcc2z,noon,grocery,"creal,oats,jams&honey",rotus caramel and cinnamon biscuit sauce - dessert topping & syrup - 350g,99.99,rotus,350,1.0,,2026-06-25
z8ebdb4e55c3020b9e4eez,noon,grocery,"creal,oats,jams&honey","abu auf peanut butter no added sugar , 330 gm",169.9,abu auf,330,1.0,,2026-06-25
n35958675a,noon,grocery,"creal,oats,jams&honey",crunchy peanut butter 510grams,126.0,dobella,510,1.0,,2026-06-25
zfbaa6308d770b54da4efz,noon,grocery,"creal,oats,jams&honey",luxury coconut and almond chocolate gift box - 15 pieces - 156g,690.0,ferrero,156,1.0,,2026-06-25
z7d8121ea1810bfd73d47z,noon,grocery,"creal,oats,jams&honey",egyptian mountain sidr honey 2.2kg,1676.0,imtenan,2,1.0,,2026-06-25
z055a3289fbceff600906z,noon,grocery,"creal,oats,jams&honey",corn flakes 400 grams,83.0,imtenan,400,1.0,,2026-06-25
zbe9ab769292239bdc2bbz,noon,grocery,"creal,oats,jams&honey",elhelwa plain sesame halawa 700g,121.25,halwani bros,700,1.0,,2026-06-25
ze5677a7d35e3c270d968z,noon,grocery,"creal,oats,jams&honey",el mordjene - gourmet hazelnut spread - 700gm,699.75,el mordjene,700,1.0,,2026-06-25
za84ee19dbdff8b30953ez,noon,grocery,"creal,oats,jams&honey",sesame halawa with pistachio 250g,90.0,halwani bros,250,1.0,,2026-06-25
zed634aa5fc7c5324ddcfz,noon,grocery,"creal,oats,jams&honey",protein flex brownies pops 250g,76.0,real,250,1.0,,2026-06-25
z2144cdaccda60fa77dfaz,noon,grocery,"creal,oats,jams&honey",bran flakes 400 grams,92.0,imtenan,400,1.0,,2026-06-25
zb252f3214c55179fd316z,noon,grocery,"creal,oats,jams&honey",arkan halawa with chocolate – 400g sweet sesame dessert – authentic middle eastern confection,105.0,arkan,300,1.0,,2026-06-25
n12280411a,noon,grocery,"creal,oats,jams&honey",tropical flavour muesli 350grams,136.0,sante,350,1.0,,2026-06-25
z2e6f9211fa9db57ee875z,noon,grocery,"creal,oats,jams&honey",عسل سدر جبلي طبيعي فاخر – 400 جم | نقي، صحي، أصيل,550.0,nan,1000,1.0,,2026-06-25
n29595074a,noon,grocery,"creal,oats,jams&honey",vitrac fig light jam 220grams,40.25,vitrac,220,1.0,,2026-06-25
n42868058a,noon,grocery,"creal,oats,jams&honey",oat flakes 500grams,72.0,class a,500,1.0,,2026-06-25
z6be59a081e5d6b7f1a38z,noon,grocery,"creal,oats,jams&honey",chocolate hazelnut crunchy spread 300g,106.0,el bawadi,300,1.0,,2026-06-25
z3ec07756f9105745fab9z,noon,grocery,"creal,oats,jams&honey",squeez honey 1000g,230.0,saegh,1000,1.0,,2026-06-25
zc0acc66106703a4b3913z,noon,grocery,"creal,oats,jams&honey",toffee bites 225gm,82.0,real,225,1.0,,2026-06-25
n35958674a,noon,grocery,"creal,oats,jams&honey",creamy peanut butter 510grams,126.0,dobella,510,1.0,,2026-06-25
ze3e1cd3f48950b0f6608z,noon,grocery,"creal,oats,jams&honey",healthy matcha granola 275g,239.0,greenuts,275,1.0,,2026-06-25
n29595072a,noon,grocery,"creal,oats,jams&honey",strawberry light jam 220grams,40.25,vitrac,220,1.0,,2026-06-25
zd6a2986b2e7a18a67cd2z,noon,grocery,"creal,oats,jams&honey",asmacup peanut butter spread 900 gm,211.5,asmacup,900,1.0,,2026-06-25
n42868074a,noon,grocery,"creal,oats,jams&honey",oats flour gluten free 500grams,143.25,healthy mill,500,1.0,,2026-06-25
z145183cfaa081a8dbdb8z,noon,grocery,"creal,oats,jams&honey",keto bar almonds 60 grams,100.0,healthy & tasty,60,1.0,,2026-06-25
ze791930f39178d9506edz,noon,grocery,"creal,oats,jams&honey",dubai filling kunafa & pistachio 1 kg,449.1,asmacup,1000,1.0,,2026-06-25
n28727425a,noon,grocery,"creal,oats,jams&honey",peanut butter with dark chocolate 330grams,173.25,abu auf,330,1.0,,2026-06-25
z1ddab03a25d4d659be9fz,noon,grocery,"creal,oats,jams&honey",gold hazelnuts cream 350 gm,180.0,milkato,350,1.0,,2026-06-25
z44f7310633693bd7ad3dz,noon,grocery,"creal,oats,jams&honey",imported ferrero rocher chocolate - 16 pieces - 200g - rich hazelnut flavour,495.0,ferrero,200,1.0,,2026-06-25
z474ccc0f72deaa126622z,noon,grocery,"creal,oats,jams&honey",chocolate hazelnut spread 350g,108.0,asmacup,350,1.0,,2026-06-25
zad6b876d43b1d47c3f8cz,noon,grocery,"creal,oats,jams&honey","max tilla hazelnut and chocolate spread savings bundle - 3 packs x 900g (total 2.7kg) - rich flavor & creamy texture, perfect for sandwiches, crepes and desserts",480.0,maxtella,2,1.0,,2026-06-25
z02d1837edabc2817543ez,noon,grocery,"creal,oats,jams&honey",pistachio spread cream 1 kg,585.0,asmacup,1000,1.0,,2026-06-25
n52906986a,noon,grocery,"creal,oats,jams&honey",greek honey 455grams,964.0,attiki,455,1.0,,2026-06-25
n35958663a,noon,grocery,"creal,oats,jams&honey",oat flakes 500grams,72.0,mega foods,500,1.0,,2026-06-25
zc750d224d5cf2f421655z,noon,grocery,"creal,oats,jams&honey",keto coconut chocolate bar 60 grams,100.0,healthy & tasty,60,1.0,,2026-06-25
z44a8181c9ac111a8aafcz,noon,grocery,"creal,oats,jams&honey",asmacup white chocolate oreo spread 900 gm,202.5,asmacup,900,1.0,,2026-06-25
n28548501a,noon,grocery,"creal,oats,jams&honey",crunchy banana with chocolate 350grams,149.0,sante,350,1.0,,2026-06-25
ze10514430a1b47023a5ez,noon,grocery,"creal,oats,jams&honey",pomegranate molasses 540 gram,77.0,dobella,540,1.0,,2026-06-25
zb8e7c8af706e781cd731z,noon,grocery,"creal,oats,jams&honey",hazelnut chocolate spread 900g,179.1,asmacup,900,1.0,,2026-06-25
z494c85084fcd5952d8e5z,noon,grocery,"creal,oats,jams&honey",max tella hazelnut and cocoa chocolate spread - rich creamy texture for breakfast & desserts - value pack 900g,175.0,maxtella,1,1.0,,2026-06-25
zea15fd7aa5fe5bc44bfez,noon,grocery,"creal,oats,jams&honey",creamy peanut butter 320g,112.0,haj arafa,320,1.0,,2026-06-25
n12280412a,noon,grocery,"creal,oats,jams&honey",crunchy classic crispy cereal flakes 350grams,121.0,sante,350,1.0,,2026-06-25
z76b3bbe886acd5db82f3z,noon,grocery,"creal,oats,jams&honey",plain sesame light diet halawa,80.0,halwani bros,250,1.0,,2026-06-25
za70c3813cdab9e571ac3z,noon,grocery,"creal,oats,jams&honey",rotus spread cream – cinnamon & caramel flavor – smooth & creamy dessert filling – family snack – 350g,95.0,rotus,350,1.0,,2026-06-25
n42868072a,noon,grocery,"creal,oats,jams&honey",gluten free whole grain oats 500grams,146.75,healthy mill,500,1.0,,2026-06-25
z8f11fd8cfb38f18461bbz,noon,grocery,"creal,oats,jams&honey",rocher spread cream irresistible luxurious rocher goodness 350 gm,162.0,asmacup,350,1.0,,2026-06-25
z1acfb0c3e83a7bf8b5e2z,noon,grocery,"creal,oats,jams&honey",فستق اسبريد 200 جرام,179.1,اسماكب,200,1.0,,2026-06-25
z4ba27ef7129f14d5cbc5z,noon,grocery,"creal,oats,jams&honey",maxtella chocolate hazelnut spread - 320g,99.99,maxtella,320,1.0,,2026-06-25
n42868004a,noon,grocery,"creal,oats,jams&honey",fit granola strawberry and cherry 300grams,208.25,sante,300,1.0,,2026-06-25
z3d684ec7b8f717ab7b3cz,noon,grocery,"creal,oats,jams&honey",nawara honey with honey 450 g,126.0,shana nature house,470,1.0,,2026-06-25
zbac47afbe9d043cc1535z,noon,grocery,"creal,oats,jams&honey",classic chocolate spread with hazelnut 900g,270.0,milkato,900,1.0,,2026-06-25
zdd63bfafa8ac6d96b249z,noon,grocery,"creal,oats,jams&honey",crunchy caramel bar- 23.5 gm - pack of 6,107.0,fitness,23,1.0,,2026-06-25
n42652842a,noon,grocery,"creal,oats,jams&honey",fruit flakes box 250grams,36.0,cornexi,250,1.0,,2026-06-25
zf1aa20df3dafaab8de62z,noon,grocery,"creal,oats,jams&honey",bee immunity honey propolis 170 grams,296.5,imtenan,170,1.0,,2026-06-25
n42868000a,noon,grocery,"creal,oats,jams&honey",gold granola with chocolate and orange 300grams,228.0,sante,300,1.0,,2026-06-25
z92f2187b0188a9587163z,noon,grocery,"creal,oats,jams&honey",pistachio spread 350 gm ( premium quality ),324.0,milkato,350,1.0,,2026-06-25
n28992059a,noon,grocery,"creal,oats,jams&honey",pure honey 250grams,94.0,isis,250,1.0,,2026-06-25
z1e2a9a99efbb2bb80b37z,noon,grocery,"creal,oats,jams&honey",protein bar peanut butter 70 gm,61.0,abu auf,70,1.0,,2026-06-25
z95782e5c2eca73e3a8d6z,noon,grocery,"creal,oats,jams&honey",pure black seed honey – kidney support & natural protection 200g,166.5,wadyan,200,1.0,,2026-06-25
z66a4b7e26018279c14cdz,noon,grocery,"creal,oats,jams&honey",nuts bar coconut & fruit nut 40 grams,44.0,abu auf,40,1.0,,2026-06-25
n44900122a,noon,grocery,"creal,oats,jams&honey",marroni chestnut cream 340grams,138.0,menz&gasser,340,1.0,,2026-06-25
n51182034a,noon,grocery,"creal,oats,jams&honey",protein bar nuts & caramel 40grams,84.25,abu auf,40,1.0,,2026-06-25
z972669cc840eb3544899z,noon,grocery,"creal,oats,jams&honey",greenuts bran flakes high-fiber breakfast cereal 250g – healthy wheat bran flakes for digestive support,99.0,greenuts,250,1.0,,2026-06-25
n35958764a,noon,grocery,"creal,oats,jams&honey",chocolate topping 250grams,61.0,solo,250,1.0,,2026-06-25
n52490743a,noon,grocery,"creal,oats,jams&honey",pure honey squeeze 450g,152.0,isis,500,1.0,,2026-06-25
z5659e8a4b6070a5b0d7az,noon,grocery,"creal,oats,jams&honey",nutella food service - hazelnut spread with cocoa - professional & bulk size 3 kg,3100.0,nutella,3,1.0,,2026-06-25
n42652841a,noon,grocery,"creal,oats,jams&honey",corn flakes box 250grams,48.0,cornexi,250,1.0,,2026-06-25
n28727408a,noon,grocery,"creal,oats,jams&honey",peanut butter 330grams,162.25,abu auf,330,1.0,,2026-06-25
zfad04b16faf5e34f0a38z,noon,grocery,"creal,oats,jams&honey",tasbera crunchy hazelnuts cream with cocoa 350 gm,180.0,milkato,350,1.0,,2026-06-25
n29595061a,noon,grocery,"creal,oats,jams&honey",vitrac fig jam 850grams,107.0,vitrac,850,1.0,,2026-06-25
n40201453a,noon,grocery,"creal,oats,jams&honey",high protein instant apple oat meal 300grams,70.25,kayy,300,1.0,,2026-06-25
z7200c73618fac873cb34z,noon,grocery,"creal,oats,jams&honey",plain date spread 230g,113.0,abu auf,230,1.0,,2026-06-25
zcd8411394f6385fdf8d7z,noon,grocery,"creal,oats,jams&honey",spring flowers honey squeezed 450grams,118.0,imtenan,450,1.0,,2026-06-25
z9c154494b856cf817029z,noon,grocery,"creal,oats,jams&honey",cereal bars strawberry flavor - 168 gram,97.0,lino,2,1.0,,2026-06-25
n29153210a,noon,grocery,"creal,oats,jams&honey",oats + turmeric and ginger 500grams,87.0,kayy,500,1.0,,2026-06-25
n29595052a,noon,grocery,"creal,oats,jams&honey",vitrac mix starwberry and raspberry jam - 430grams,54.5,vitrac,430,1.0,,2026-06-25
n42652944a,noon,grocery,"creal,oats,jams&honey",coconut and milk chocolate protein vitamin bar 50grams,75.0,sante,50,1.0,,2026-06-25
n51182039a,noon,grocery,"creal,oats,jams&honey",protein bar caramel biscuits bar 70grams,61.0,abu auf,70,1.0,,2026-06-25
z36c57e37ca4ac2b6e7d1z,noon,grocery,"creal,oats,jams&honey",citrus blossom honey 950g,254.0,shana nature house,950,1.0,,2026-06-25
n52422171a,noon,grocery,"creal,oats,jams&honey",clover honey 500ml,134.0,al shifa,500,1.0,,2026-06-25
zbb71302cce11cdd170bdz,noon,grocery,"creal,oats,jams&honey","max tella - smooth hazelnut chocolate cream - rich cocoa butter & hazelnut spread - family pack (specify weight, e.g., 1kg)",175.0,maxtella,900,1.0,,2026-06-25
z1ffc8a07d20f957c3efdz,noon,grocery,"creal,oats,jams&honey",chewy bar with chocolate chips flavor - 144 gram pack of 6,81.0,lino,1,1.0,,2026-06-25
n30344944a,noon,grocery,"creal,oats,jams&honey",oats with chia 500grams,69.0,healthy mill,500,1.0,,2026-06-25
z20cbf2374920cd18088az,noon,grocery,"creal,oats,jams&honey",hazelnut milk chocolate spread with no added sugar 320g,201.0,haj arafa,320,1.0,,2026-06-25
z204c6436fdab96e54501z,noon,grocery,"creal,oats,jams&honey",wild herbs wonder bee honey 950gm,188.0,wonder bee honey,950,1.0,,2026-06-25
z193c56116ddaee8ac6f6z,noon,grocery,"creal,oats,jams&honey",peanut bites 225g,82.0,real,225,1.0,,2026-06-25
z16e8c5535fee9c98c912z,noon,grocery,"creal,oats,jams&honey",dreem chocolate spread with natural hazelnut - 900g,337.0,dreem,900,1.0,,2026-06-25
n52103812a,noon,grocery,"creal,oats,jams&honey",honey with nuts 250g,226.0,isis,250,1.0,,2026-06-25
z30af572d625db3703994z,noon,grocery,"creal,oats,jams&honey",peanut butter -350g,140.0,organic nation,350,1.0,,2026-06-25
zcbb36bcfee2d3a11c2abz,noon,grocery,"creal,oats,jams&honey",clover blossom honey squeeze 450grams,118.0,imtenan,450,1.0,,2026-06-25
z57cb71403ca460df2253z,noon,grocery,"creal,oats,jams&honey",protein fruits rings 250g,76.0,real,250,1.0,,2026-06-25
z87a88cd2bfdab9905d67z,noon,grocery,"creal,oats,jams&honey",clover blossom honey- 225 grams,70.0,royal,225,1.0,,2026-06-25
z106af01a51a49a519394z,noon,grocery,"creal,oats,jams&honey",coconut butter 375g,340.0,healthy & tasty,375,1.0,,2026-06-25
z90fda044bd6f5d1b53c9z,noon,grocery,"creal,oats,jams&honey",strawberry jam 650 grams,54.25,al bawadi,650,1.0,,2026-06-25
zdcedc3097c06fe651678z,noon,grocery,"creal,oats,jams&honey",protein vanilla flakes 250g,76.0,real,250,1.0,,2026-06-25
z840d6cc4bdb7b7743af8z,noon,grocery,"creal,oats,jams&honey",citrus honey 420 grams,108.25,el bawadi,420,1.0,,2026-06-25
z4ad066c7e02648c47170z,noon,grocery,"creal,oats,jams&honey",nawara clover honey hexagonal 250grams,71.75,imtenan,250,1.0,,2026-06-25
zeac6f66419662190be3dz,noon,grocery,"creal,oats,jams&honey",natural citrus honey 500g,195.0,haj arafa,500,1.0,,2026-06-25
zbdcd62cbb00cec17cd3fz,noon,grocery,"creal,oats,jams&honey",sesame halawa with hazelnuts 250gm,69.0,halwani bros,250,1.0,,2026-06-25
n44807102a,noon,grocery,"creal,oats,jams&honey",black cherry jam mini jar - 28.3grams,18.0,hero,28,1.0,,2026-06-25
zb21ce2feb8829ff2a6c6z,noon,grocery,"creal,oats,jams&honey",chewy bar with marshmallow flavor - 144 gram pack of 8,81.0,lino,1,1.0,,2026-06-25
n35958670a,noon,grocery,"creal,oats,jams&honey",creamy peanut butter 340grams,96.0,dobella,340,1.0,,2026-06-25
n47961266a,noon,grocery,"creal,oats,jams&honey",spread chocolate with mint 475grams,125.0,lavida,475,1.0,,2026-06-25
z1b4f71f11e39a188b54bz,noon,grocery,"creal,oats,jams&honey",sesame halawa with chocolate 530g,95.0,halwani bros,530,1.0,,2026-06-25
z0d5d29476479c54c88f2z,noon,grocery,"creal,oats,jams&honey",spring blossom honey 780 grams,193.25,el bawadi,780,1.0,,2026-06-25
z300054146d1116e474aez,noon,grocery,"creal,oats,jams&honey",fruit preserve fig jam glass jar 340 grams,41.0,halwani bros,380,1.0,,2026-06-25
zf01a4ad64b95d0921a15z,noon,grocery,"creal,oats,jams&honey",hadrami mountain sidr honey 2.25kg,4752.0,imtenan,2,1.0,,2026-06-25
zcdc7aa0a4395934a9142z,noon,grocery,"creal,oats,jams&honey",abu auf almond butter 180 gm,299.95,abu auf,180,1.0,,2026-06-25
n40201455a,noon,grocery,"creal,oats,jams&honey",high protein instant blueberry oat meal 300grams,70.25,kayy,300,1.0,,2026-06-25
n35958657a,noon,grocery,"creal,oats,jams&honey",oat flakes bag 500grams,73.0,dobella,500,1.0,,2026-06-25
z70bb90f84a0b0d28ea5bz,noon,grocery,"creal,oats,jams&honey",clover flower honey 780 grams,217.0,el bawadi,780,1.0,,2026-06-25
z5d5f1cdfbcb4ee4aac3az,noon,grocery,"creal,oats,jams&honey",crunchy pillow 250 gram,84.0,kiddo,250,1.0,,2026-06-25
z0504d0d52699454df1d2z,noon,grocery,"creal,oats,jams&honey",delicia peanut butter no added sugar 300gm,136.25,hero,300,1.0,,2026-06-25
n51893766a,noon,grocery,"creal,oats,jams&honey",cooking oats 450grams,88.25,abu auf,450,1.0,,2026-06-25
z35b048a0427f29e56ba3z,noon,grocery,"creal,oats,jams&honey",bars 25g - 6 bars,115.0,nesquik,150,1.0,,2026-06-25
n28548502a,noon,grocery,"creal,oats,jams&honey",fruit muesli 1kg,337.0,sante,1000,1.0,,2026-06-25
n52188264a,noon,grocery,"creal,oats,jams&honey",delicia crunchy peanut butter - 300grams,136.25,hero,300,1.0,,2026-06-25
n34912219a,noon,grocery,"creal,oats,jams&honey",chocolate puffs with oats 375grams,104.0,lino,375,1.0,,2026-06-25
zb1ebb9f63ce069d383cez,noon,grocery,"creal,oats,jams&honey",maxtella chocolate hazelnut spread - 900 gm,157.5,maxtella,900,1.0,,2026-06-25
n52490737a,noon,grocery,"creal,oats,jams&honey",pure black seed honey - 450grams,158.75,isis,450,1.0,,2026-06-25
z6dd80919207a0f22ff46z,noon,grocery,"creal,oats,jams&honey",date spread with hazelnut 230g,140.75,imtenan,230,1.0,,2026-06-25
z1265d3e3f576f578f874z,noon,grocery,"creal,oats,jams&honey",keto double chocolate bar 60 grams,100.0,healthy & tasty,60,1.0,,2026-06-25
n28907202a,noon,grocery,"creal,oats,jams&honey",jumbo oats can 500grams,123.0,lino,500,1.0,,2026-06-25
n29762167a,noon,grocery,"creal,oats,jams&honey",delicia peanut butter creamy - 300grams,136.25,hero,300,1.0,,2026-06-25
z53ae791d18fc1effe59ez,noon,grocery,"creal,oats,jams&honey",guilt free chocolate spread high protein-370g,350.0,organic nation,370,1.0,,2026-06-25
n30344946a,noon,grocery,"creal,oats,jams&honey",advanced protein bar - coconut and honey 70grams,45.0,asn,70,1.0,,2026-06-25
z781877cea9c5326c150dz,noon,grocery,"creal,oats,jams&honey",blackstrap molasses 800g,71.0,shana,800,1.0,,2026-06-25
zdb0a4a2b5b2dbffddd6bz,noon,grocery,"creal,oats,jams&honey",natural peanut butter with honey — 350 g,126.0,asmacup,350,1.0,,2026-06-25
zd766ceb962eb20be569bz,noon,grocery,"creal,oats,jams&honey",protein flex caramel loops 250g,76.0,real,250,1.0,,2026-06-25
n28675993a,noon,grocery,"creal,oats,jams&honey",peanut butter crunchy - 300grams,98.25,class,300,1.0,,2026-06-25
ze6568f9c9eeb2c485a41z,noon,grocery,"creal,oats,jams&honey",egyptian mountain sidr honey 500 grams,538.5,imtenan,500,1.0,,2026-06-25
zdba75e2f0d2782f53a15z,noon,grocery,"creal,oats,jams&honey",nutella original hazelnut & cocoa spread – 1000g,1200.0,nutella,1000,1.0,,2026-06-25
z60340007ec39dc70bc45z,noon,grocery,"creal,oats,jams&honey",biscuit spread cream 200 gm,81.0,asmacup,200,1.0,,2026-06-25
z2a46994361caecbf0840z,noon,grocery,"creal,oats,jams&honey",arkan vanilla flavored halawa – sweet sesame tahini confectionery – traditional middle eastern dessert – 300g,110.0,arkan,300,1.0,,2026-06-25
n28940007a,noon,grocery,"creal,oats,jams&honey",strawberry fruit jam 284grams,310.0,st.dalfour,284,1.0,,2026-06-25
z608e0bf2ad0e16783b7dz,noon,grocery,"creal,oats,jams&honey",plain date spread 230g,92.5,imtenan,230,1.0,,2026-06-25
n48663602a,noon,grocery,"creal,oats,jams&honey",breakfast cereals with oats 500grams,95.0,lino,500,1.0,,2026-06-25
z5c1caa79693645379f4az,noon,grocery,"creal,oats,jams&honey",tahina 115g + black honey 335 grams,65.25,el bawadi,350,1.0,,2026-06-25
n38731566a,noon,grocery,"creal,oats,jams&honey",chestnut 370grams,293.0,bonne maman,370,1.0,,2026-06-25
zd1b3a6318f79d4ff8ee9z,noon,grocery,"creal,oats,jams&honey",apricot creamy jam- 350 gram,40.0,el bawadi,365,1.0,,2026-06-25
z225ca5cd6423415b34afz,noon,grocery,"creal,oats,jams&honey",arkan chocolate halawa 300g – premium egyptian sesame sweet with chocolate swirls | traditional halva dessert,99.99,arkan,300,1.0,,2026-06-25
z89d8e02bc3947a4d2f4cz,noon,grocery,"creal,oats,jams&honey",citrus honey 1kg,344.0,imtenan,1000,1.0,,2026-06-25
n29595078a,noon,grocery,"creal,oats,jams&honey",vitrac strawberry jam 230grams,35.0,vitrac,230,1.0,,2026-06-25
n28852319a,noon,grocery,"creal,oats,jams&honey",muesli choclate and hazelunt 375grams,157.0,lino,375,1.0,,2026-06-25
z4bcf2c8b9bb7684d8f8dz,noon,grocery,"creal,oats,jams&honey",chocolate peanut butter 375g,340.0,healthy & tasty,375,1.0,,2026-06-25
zf8ab106daa2f7f26e9a8z,noon,grocery,"creal,oats,jams&honey",wildflower honey 1kg,332.0,imtenan,1000,1.0,,2026-06-25
z19e93885f59f34985277z,noon,grocery,"creal,oats,jams&honey",honey nuts 350grams,321.0,imtenan,350,1.0,,2026-06-25
z3b81bff10b097bc8aa4cz,noon,grocery,"creal,oats,jams&honey",clover honey 1kg,315.0,imtenan,1000,1.0,,2026-06-25
zf1b4db1d58be548c2f0cz,noon,grocery,"creal,oats,jams&honey","greenuts pistachio matcha granola 300g – crunchy oats with japanese matcha & roasted pistachios, high fiber natural breakfast cereal",229.0,greenuts,300,1.0,,2026-06-25
zd4ebf3be2df8814a069az,noon,grocery,"creal,oats,jams&honey",fruit preserve strawberry jam glass jar 700 grams,79.25,halwani bros,750,1.0,,2026-06-25
z3877a6798c29c6fd5e82z,noon,grocery,"creal,oats,jams&honey","mix chocolate & cream spread — 350 g | double flavor cocoa & vanilla swirl | smooth texture, rich taste, no palm oil",126.0,asmacup,350,1.0,,2026-06-25
n44807100a,noon,grocery,"creal,oats,jams&honey",raspberry jam mini jar - 28.3grams,18.0,hero,28,1.0,,2026-06-25
n48663851a,noon,grocery,"creal,oats,jams&honey",four fruits jam spread 284grams,310.0,st.dalfour,284,1.0,,2026-06-25
n48663850a,noon,grocery,"creal,oats,jams&honey",blackberry jam spread 284grams,310.0,st.dalfour,284,1.0,,2026-06-25
ze3e72499d682525398bfz,noon,grocery,"creal,oats,jams&honey",apricot jam 190 grams,28.25,el bawadi,190,1.0,,2026-06-25
n27747732a,noon,grocery,"creal,oats,jams&honey",corn flakes 250grams,103.0,sante,250,1.0,,2026-06-25
z2eab4ef9e583be0a8478z,noon,grocery,"creal,oats,jams&honey",nutella hazelnut spread with cocoa 350g,321.0,nutella,180,1.0,,2026-06-25
z93e5e82262505bf633f0z,noon,grocery,"creal,oats,jams&honey",secrets protein bar-70g-blueberry cheese cake,75.0,organic nation,70,1.0,,2026-06-25
zae98c63d39de642433b8z,noon,grocery,"creal,oats,jams&honey",pistachio butter 210g,440.0,healthy & tasty,210,1.0,,2026-06-25
z04b266c5e855be121913z,noon,grocery,"creal,oats,jams&honey",strawberry pillow 250 gram,84.0,kiddo,250,1.0,,2026-06-25
z927579c8e3abee29d113z,noon,grocery,"creal,oats,jams&honey",nuts bar salted pretzel & almond nut 40 grams,46.0,abu auf,40,1.0,,2026-06-25
z300a1f0347fbfbce998cz,noon,grocery,"creal,oats,jams&honey",date spread with cinnamon 230g,106.25,abu auf,230,1.0,,2026-06-25
z0d8780dc047caf9eb807z,noon,grocery,"creal,oats,jams&honey",saegh black honey 1200 gm,102.0,saegh,1,1.0,,2026-06-25
z3161402008dd5b848d57z,noon,grocery,"creal,oats,jams&honey",choco puffs 250 grams,61.0,tolo,250,1.0,,2026-06-25
z7a1301e80fcbd731cfd8z,noon,grocery,"creal,oats,jams&honey",ginger honey 350 grams - 100% natural from uni smart group,110.0,uni smart group,350,1.0,,2026-06-25
n42554195a,noon,grocery,"creal,oats,jams&honey",natural honey- 225grams,72.0,hero,225,1.0,,2026-06-25
n33801898a,noon,grocery,"creal,oats,jams&honey",black seed honey 400grams,140.0,organic nation,400,1.0,,2026-06-25
z57b46f3a67f08ed1b903z,noon,grocery,"creal,oats,jams&honey",creamy peanut butter 360g,142.0,shana,360,1.0,,2026-06-25
z2a5563836b42fde39755z,noon,grocery,"creal,oats,jams&honey",honey clover-400g,140.0,organic nation,400,1.0,,2026-06-25
za9b3c40b9462b6ac3af0z,noon,grocery,"creal,oats,jams&honey",yummies caramel with coffee spread 300g,75.0,el bawadi,300,1.0,,2026-06-25
n28548493a,noon,grocery,"creal,oats,jams&honey",crunchy nuts & almond bar 40grams,26.0,sante,40,1.0,,2026-06-25
n29012954a,noon,grocery,"creal,oats,jams&honey",clover honey 750grams,196.0,al shifa,750,1.0,,2026-06-25
z96387ade9e475811b05dz,noon,grocery,"creal,oats,jams&honey",nawara honey 980 grams - 100% natural from uni smart group,200.0,uni smart group,980,1.0,,2026-06-25
zeb59a17295f29e4721c2z,noon,grocery,"creal,oats,jams&honey",quick cooking oats set - 300 gram,75.25,lino,300,1.0,,2026-06-25
n25262586a,noon,grocery,"creal,oats,jams&honey",jam with strawberry flavor - light - 320grams,81.0,hero,320,1.0,,2026-06-25
za6189e51d31876991243z,noon,grocery,"creal,oats,jams&honey",ferrero nutella chocolate 600 gm,499.95,nutella,600,1.0,,2026-06-25
n29598752a,noon,grocery,"creal,oats,jams&honey",strawberry jam 340grams,160.0,prima frutta,340,1.0,,2026-06-25
n42307145a,noon,grocery,"creal,oats,jams&honey",halawa spread 285grams,71.25,el bawadi,285,1.0,,2026-06-25
n28907195a,noon,grocery,"creal,oats,jams&honey",honey rings with oats 250grams,75.25,lino,250,1.0,,2026-06-25
z68cf8b04ad481192fe2bz,noon,grocery,"creal,oats,jams&honey",tahini halva 250g,150.0,healthy & tasty,250,1.0,,2026-06-25
z5775d2e62ab16614b101z,noon,grocery,"creal,oats,jams&honey",nawara honey 344 grams - 100% natural from uni smart group,60.0,uni smart group,344,1.0,,2026-06-25
n28852323a,noon,grocery,"creal,oats,jams&honey",cornflakes chocolate puffs 250grams,82.25,lino,250,1.0,,2026-06-25
zadb356e5ade6375c7589z,noon,grocery,"creal,oats,jams&honey",fig jam 350 grams,43.0,el bawadi,350,1.0,,2026-06-25
zc85b6e60e0c8fc0ef251z,noon,grocery,"creal,oats,jams&honey",summer flowers honey 850 gm,250.0,zary,850,1.0,,2026-06-25
n28548503a,noon,grocery,"creal,oats,jams&honey",oat flakes 500grams,91.0,sante,500,1.0,,2026-06-25
zb6757e682251979b1515z,noon,grocery,"creal,oats,jams&honey","el mordjene hazelnut cream spread – 700g jar – smooth & creamy chocolate hazelnut spread for bread, toast, desserts, baking & sweet snacks",899.0,el mordjene,700,1.0,,2026-06-25
zf7aa1902b66599ec375cz,noon,grocery,"creal,oats,jams&honey",honey with beeswax 500g,155.0,haj arafa,500,1.0,,2026-06-25
z8b3ef8b7745c02e46c22z,noon,grocery,"creal,oats,jams&honey",al maeda honey blend – honey substitute 800 g + 800 g,169.0,saegh,1,1.0,,2026-06-25
z587c01396c25b3b2a9acz,noon,grocery,"creal,oats,jams&honey","al-jabli russian white creamed honey (manila blossom) – smooth texture & sweet taste, natural sugar alternative – 250 g",550.0,algable,250,1.0,,2026-06-25
zd9d0a6ca7b496da78385z,noon,grocery,"creal,oats,jams&honey",blackseed honey hexagonal 250grams,93.5,imtenan,250,1.0,,2026-06-25
z2fbe6b9d42d3ff025869z,noon,grocery,"creal,oats,jams&honey",thistle honey hexagonal 450grams,163.0,imtenan,450,1.0,,2026-06-25
z04c063af7520c2dca56bz,noon,grocery,"creal,oats,jams&honey","italian choco cream – smooth & rich chocolate spread | pack of 12 | perfect for bread, pastries & desserts",273.75,socado,12,1.0,,2026-06-25
z6549fffc3083e464a24az,noon,grocery,"creal,oats,jams&honey",sokradorf healthy roasted almond butter – zero added sugar – natural almond spread – 300g,450.0,sokradorf,300,1.0,,2026-06-25
n28548439a,noon,grocery,"creal,oats,jams&honey",choco pops 250grams,55.0,cornexi,250,1.0,,2026-06-25
zd14f1ea662667e2d59f3z,noon,grocery,"creal,oats,jams&honey",chococremo 250 gram,77.0,kiddo,250,1.0,,2026-06-25
n27747763a,noon,grocery,"creal,oats,jams&honey",crispy bar granola chocolate & oats 40grams,32.0,sante,40,1.0,,2026-06-25
n30856912a,noon,grocery,"creal,oats,jams&honey",apricot jam 360grams,36.0,add-me,360,1.0,,2026-06-25
n28907189a,noon,grocery,"creal,oats,jams&honey",creamy peanut butter 340grams,153.0,lino,340,1.0,,2026-06-25
n29762006a,noon,grocery,"creal,oats,jams&honey",vitrac strawberry jam - 430grams,58.75,vitrac,430,1.0,,2026-06-25
z014b432297c03b0e2e51z,noon,grocery,"creal,oats,jams&honey",citrus blossom honey- 125 grams,63.0,royal,125,1.0,,2026-06-25
n29779382a,noon,grocery,"creal,oats,jams&honey",blueberry jam 340grams,185.0,prima frutta,340,1.0,,2026-06-25
zd21b7e90ed2b0f1bf719z,noon,grocery,"creal,oats,jams&honey",sesame halawa with pistachio 530 grams,208.0,halwani bros,530,1.0,,2026-06-25
zcc6b577c6f820f638f8fz,noon,grocery,"creal,oats,jams&honey",hazelnut and cocoa cream spreads 300- 315 gram,115.0,boboo,315,1.0,,2026-06-25
n49538578a,noon,grocery,"creal,oats,jams&honey",peanut butter crunchy diet m 340grams,98.0,dobella,340,1.0,,2026-06-25
zfaa6afe1ad53f6bdc1a4z,noon,grocery,"creal,oats,jams&honey",halawah spread keto - diet - zero sugar - 350 gram,425.0,keto rockets,350,1.0,,2026-06-25
z5f1f72f8a87a1268a9c1z,noon,grocery,"creal,oats,jams&honey",honey with nuts 500 grams - 100% natural from uni smart group,200.0,uni smart group,500,1.0,,2026-06-25
z6c823f146eaa49e0bb62z,noon,grocery,"creal,oats,jams&honey",instant white oats 500 gm,77.0,zary,500,1.0,,2026-06-25
z390cefb240d8712b887fz,noon,grocery,"creal,oats,jams&honey",marjoram natural honey - 450 grams,138.0,royal,450,1.0,,2026-06-25
zc314ed96277b6ac2ba49z,noon,grocery,"creal,oats,jams&honey",marjoram natural honey - 450 grams,138.0,royal,450,1.0,,2026-06-25
n52103813a,noon,grocery,"creal,oats,jams&honey",walnuts honey 250grams,154.0,isis,250,1.0,,2026-06-25
n29595073a,noon,grocery,"creal,oats,jams&honey",apricot light jam 220grams,44.25,vitrac,220,1.0,,2026-06-25
zbbdaf9a2445009052febz,noon,grocery,"creal,oats,jams&honey",clover flower honey 420 grams,108.25,el bawadi,420,1.0,,2026-06-25
z5eae413ff2dc89648a78z,noon,grocery,"creal,oats,jams&honey",marjoram natural honey - 125 grams,50.0,royal,125,1.0,,2026-06-25
z05bb8585a06c4c39fbbcz,noon,grocery,"creal,oats,jams&honey",choco flakes 250 gram,63.0,kiddo,250,1.0,,2026-06-25
z1bd86ccfb33e2f6292e6z,noon,grocery,"creal,oats,jams&honey","egyptian royal clover honey, 100% natural bee honey - 450g",139.99,egyptian royal honey,450,1.0,,2026-06-25
n30328249a,noon,grocery,"creal,oats,jams&honey",peanut butter soft 300grams,99.0,class a,300,1.0,,2026-06-25
n27747729a,noon,grocery,"creal,oats,jams&honey",crunchy plum chocolate bar 40grams,28.0,sante,40,1.0,,2026-06-25
zfe2632aaff15a4ef663bz,noon,grocery,"creal,oats,jams&honey",corn flakes with chocolate 250g,65.75,haj arafa,250,1.0,,2026-06-25
zde70b05f95fd1cc7e99dz,noon,grocery,"creal,oats,jams&honey",100% healthy corn flakes 250g,65.75,haj arafa,250,1.0,,2026-06-25
zf77c0ad2f4278187555fz,noon,grocery,"creal,oats,jams&honey",strawberry zero sugar jam 300 grams,198.0,florentine foods,300,1.0,,2026-06-25
zc802f59b84a0c4fd32baz,noon,grocery,"creal,oats,jams&honey",peanut butter 375g,300.0,healthy & tasty,375,1.0,,2026-06-25
n52087646a,noon,grocery,"creal,oats,jams&honey",honey pure +free honey pure 750+250grams,270.25,isis,100,1.0,,2026-06-25
zf0ec57fbb2013037a24dz,noon,grocery,"creal,oats,jams&honey",squeeze citrus blossom honey 450grams,138.0,imtenan,450,1.0,,2026-06-25
z6a7f08f668705f929df5z,noon,grocery,"creal,oats,jams&honey",creamy peanut butter - 340 grams,162.0,ruparel's,340,1.0,,2026-06-25
z1b3232449080167f5776z,noon,grocery,"creal,oats,jams&honey",peanut butter with honey -350g,120.0,organic nation,350,1.0,,2026-06-25
n27747730a,noon,grocery,"creal,oats,jams&honey",crunchy cranberry & raspberry muesli bar 40grams,38.0,sante,40,1.0,,2026-06-25
z708a0142cc3d053d705fz,noon,grocery,"creal,oats,jams&honey",hazelnut milk chocolate spread 320g,194.0,haj arafa,250,1.0,,2026-06-25
ze0b95fc4f2337246f2ecz,noon,grocery,"creal,oats,jams&honey","b.laban spread cream hazelnut chocolate ,80gm pack of 2",108.0,b.laban,160,1.0,,2026-06-25
z1856e9003057b2fe7494z,noon,grocery,"creal,oats,jams&honey",curcumin honey 350 grams - 100% natural from uni smart group,110.0,uni smart group,350,1.0,,2026-06-25
zdca9e83a99ef2a61d19ez,noon,grocery,"creal,oats,jams&honey",crunchy peanut butter 340g,148.5,ruparel's,340,1.0,,2026-06-25
zd5e785018be5adcda9bcz,noon,grocery,"creal,oats,jams&honey","chocolate spread from x spread with natural hazelnut pieces, 850 g",170.0,mozn,850,1.0,,2026-06-25
z0b0deb17d996c9eeff4fz,noon,grocery,"creal,oats,jams&honey",gotella dark chocolate spread 425 gm,225.0,gotella chocolate,425,1.0,,2026-06-25
n51029376a,noon,grocery,"creal,oats,jams&honey",high protein oats with pumpkin spice latte 300grams,86.0,kayy,300,1.0,,2026-06-25
z1a1ae525f6d0937a997bz,noon,grocery,"creal,oats,jams&honey",mariam honey - 15 sachets x 15 grams - from uni smart group,350.0,uni smart group,15,1.0,,2026-06-25
n33801899a,noon,grocery,"creal,oats,jams&honey",citrus honey 400grams,140.0,organic nation,400,1.0,,2026-06-25
ze29265be959bfac84a66z,noon,grocery,"creal,oats,jams&honey",nuts bar cocoa & hazelnut 40 grams,63.0,abu auf,40,1.0,,2026-06-25
z49a1eb88c0682e02abd9z,noon,grocery,"creal,oats,jams&honey",rotus caramel and cinnamon biscuit topping sauce - 350g,99.99,rotus,350,1.0,,2026-06-25
z949ebf1fc49cf7eeef25z,noon,grocery,"creal,oats,jams&honey",super immune honey chocolate falvor 380grams,178.0,imtenan,380,1.0,,2026-06-25
ze09d101de46bc0a5a403z,noon,grocery,"creal,oats,jams&honey","imtenan super immune honey with vanilla for immune support, 380g",251.0,imtenan,380,1.0,,2026-06-25
ze81dfc6c7e97ad64f005z,noon,grocery,"creal,oats,jams&honey",nawara al clover honey 750 g - 100% natural from uni smart group,150.0,uni smart group,750,1.0,,2026-06-25
z6dbe11659e1a74ba43d1z,noon,grocery,"creal,oats,jams&honey",kunafa crunchy halva spread 300g,75.0,el bawadi,300,1.0,,2026-06-25
n15224305a,noon,grocery,"creal,oats,jams&honey",jam with blueberry flavor - 350grams,107.0,hero,350,1.0,,2026-06-25
zdacf5e5a566c4c71c543z,noon,grocery,"creal,oats,jams&honey",kashmiri mountain sidr honey 180grams,406.0,imtenan,180,1.0,,2026-06-25
n13421849a,noon,grocery,"creal,oats,jams&honey",caramel and chocolate breakfast cereal 400grams,148.0,nestle,400,1.0,,2026-06-25
n39272816a,noon,grocery,"creal,oats,jams&honey",crispy granola nuts 350grams,267.75,abu auf,350,1.0,,2026-06-25
n35958662a,noon,grocery,"creal,oats,jams&honey",oats quick cooking 500grams,72.0,mega foods,500,1.0,,2026-06-25
z5313fd71e0f916098976z,noon,grocery,"creal,oats,jams&honey",abu auf peanut butter with chocolate 330 gm,199.75,abu auf,330,1.0,,2026-06-25
n52490741a,noon,grocery,"creal,oats,jams&honey",wax honey 250 gm 250grams,105.75,isis,250,1.0,,2026-06-25
z613b56747548fdbad3e8z,noon,grocery,"creal,oats,jams&honey",chewy bar with peanut butter & chocolate chipflavor - 144 gram pack of 8,81.0,lino,1,1.0,,2026-06-25
n27682640a,noon,grocery,"creal,oats,jams&honey",jam with forest berry flavor- light- 320grams,136.25,hero,320,1.0,,2026-06-25
z2802e012377f7f84ee01z,noon,grocery,"creal,oats,jams&honey",blackseed honey hexagonal 450grams,194.0,imtenan,450,1.0,,2026-06-25
z232e04eecf1d71fe0550z,noon,grocery,"creal,oats,jams&honey",strawberry jam 350 grams,38.25,al bawadi,350,1.0,,2026-06-25
za83f170a908facfbdb61z,noon,grocery,"creal,oats,jams&honey",white chocolate squeeze 480 gm squeeze bottle,126.0,asmacup,480,1.0,,2026-06-25
z8b35bbbbfb3853afd847z,noon,grocery,"creal,oats,jams&honey",date spread with coconut 230g,119.0,abu auf,230,1.0,,2026-06-25
z795bcd78e06015767242z,noon,grocery,"creal,oats,jams&honey",clover flower honey 225 grams,57.25,el bawadi,225,1.0,,2026-06-25
n43878351a,noon,grocery,"creal,oats,jams&honey",marjoram honey 400grams,160.0,organic nation,400,1.0,,2026-06-25
za6bc5e9956a35bdb010az,noon,grocery,"creal,oats,jams&honey",mix strawberry & cream spread — 350 g,99.0,asmacup,350,1.0,,2026-06-25
ze64bd5ca00592301bf76z,noon,grocery,"creal,oats,jams&honey",pistachio premium sauce 225 gm,159.3,asmacup,225,1.0,,2026-06-25
n40074715a,noon,grocery,"creal,oats,jams&honey",natural sweetener molasses 180grams,19.0,el bawadi,180,1.0,,2026-06-25
n52834422a,noon,grocery,"creal,oats,jams&honey",bitter orange marmalade jam mini jar - 28.3grams single,15.0,hero,28,1.0,,2026-06-25
n29779468a,noon,grocery,"creal,oats,jams&honey",vitrac mango jam - 430grams,55.0,vitrac,430,1.0,,2026-06-25
z196d6b067d87d76ebaadz,noon,grocery,"creal,oats,jams&honey",honey with nigella sativa extract 180grams,93.5,imtenan,180,1.0,,2026-06-25
zb0c1004feed69fe879cez,noon,grocery,"creal,oats,jams&honey",fruit preserve light diet orange jam glass jar 340g,70.0,halwani bros,340,1.0,,2026-06-25
n27682641a,noon,grocery,"creal,oats,jams&honey",hero jam with raspberry flavor- light - 320grams,120.0,hero,320,1.0,,2026-06-25
z5bb8c97b1ad937178efcz,noon,grocery,"creal,oats,jams&honey",fig creamy jam- 350 gram,37.0,el bawadi,365,1.0,,2026-06-25
n29594932a,noon,grocery,"creal,oats,jams&honey",fig creamy jam- 350 gram,37.0,el bawadi,365,1.0,,2026-06-25
zfb18df5d827e44f206b4z,noon,grocery,"creal,oats,jams&honey","socradorf chocolate sesame cream spread 300g no white sugar, no hydrogenated oils",300.0,sokradorf,250,1.0,,2026-06-25
n44807098a,noon,grocery,"creal,oats,jams&honey",honey mini jar - 28.3grams,19.0,hero,28,1.0,,2026-06-25
z8a35ff76f33228ff157ez,noon,grocery,"creal,oats,jams&honey",granola bar choclate and hazelnut,43.0,lino,40,1.0,,2026-06-25
z1ec67ef950bd8c09e195z,noon,grocery,"creal,oats,jams&honey",citrus blossom honey 2 kg,428.0,shana nature house,2,1.0,,2026-06-25
zf7e9cdcfb65f90a82d69z,noon,grocery,"creal,oats,jams&honey",protein bar cocoa 70 grams,56.0,imtenan,70,1.0,,2026-06-25
zd97bf534f9a9b8957e9dz,noon,grocery,"creal,oats,jams&honey",raffaello chocolate spread 900 gm,198.0,asmacup,900,1.0,,2026-06-25
zbcb52c38f865db5c1c22z,noon,grocery,"creal,oats,jams&honey",cereal bar with blue berry flavor - 168 gram,97.0,lino,2,1.0,,2026-06-25
zda6625b6071be8f2500az,noon,grocery,"creal,oats,jams&honey",apricot jam 650 grams,63.25,el bawadi,650,1.0,,2026-06-25
n34912220a,noon,grocery,"creal,oats,jams&honey",honey rings with oats 375grams,104.0,lino,375,1.0,,2026-06-25
n29762539a,noon,grocery,"creal,oats,jams&honey",vitrac blueberry jam - 430grams,73.0,vitrac,430,1.0,,2026-06-25
n15224494a,noon,grocery,"creal,oats,jams&honey",hero jam with apricot flavor- light - 320grams,98.75,hero,320,1.0,,2026-06-25
z66ec7b1c436b90b1bbecz,noon,grocery,"creal,oats,jams&honey",guilt free cashew spread -200g-cookies n'cream,250.0,organic nation,200,1.0,,2026-06-25
z5c34a41b942aafb7265fz,noon,grocery,"creal,oats,jams&honey",800g clover blossom honey + luxury thermal mug,200.0,saegh,250,1.0,,2026-06-25
z5f4efeeb7eef55caf8d2z,noon,grocery,"creal,oats,jams&honey",chocolate spread halawa 150 grams,40.25,el bawadi,150,1.0,,2026-06-25
z1becb4ab3b6e7f3b16b9z,noon,grocery,"creal,oats,jams&honey",bar oatmeal protein cookies 70g,54.0,lino,70,1.0,,2026-06-25
zb89d80c10d8f6924b117z,noon,grocery,"creal,oats,jams&honey",saegh natural beeswax 450 g,130.0,saegh,450,1.0,,2026-06-25
n44900123a,noon,grocery,"creal,oats,jams&honey",50% apricot jam 340grams,160.0,menz&gasser,340,1.0,,2026-06-25
zae4b8afe3598b7b31748z,noon,grocery,"creal,oats,jams&honey",sesame halawa with almonds 250gm,69.0,halwani bros,250,1.0,,2026-06-25
zdd36f7f27643ef4986fez,noon,grocery,"creal,oats,jams&honey",kashmiri mountain sidr honey 2.2kg,3302.0,imtenan,2,1.0,,2026-06-25
n42868129a,noon,grocery,"creal,oats,jams&honey",go on protein 50grams,105.0,sante,50,1.0,,2026-06-25
z511e51177dbf20fc9f62z,noon,grocery,"creal,oats,jams&honey",chocolate spread keto- diet- zero sugar - healthy - 350 gram,435.0,keto rockets,350,1.0,,2026-06-25
z171de4231ff42b7af25ez,noon,grocery,"creal,oats,jams&honey",kids blend – natural honey immunity booster for kids (500g),295.0,kids blend,500,1.0,,2026-06-25
zf589d83e5a75214bba76z,noon,grocery,"creal,oats,jams&honey",strawberry creamy jam- 350gram,36.5,el bawadi,365,1.0,,2026-06-25
z55aa474769f4643cc19ez,noon,grocery,"creal,oats,jams&honey",tasbera crunchy hazelnuts cream 350 gm,216.0,milkato,350,1.0,,2026-06-25
n42868017a,noon,grocery,"creal,oats,jams&honey",protein granola nuts 300grams,293.0,go on,300,1.0,,2026-06-25
z356e1cbabde16381dd70z,noon,grocery,"creal,oats,jams&honey",al murjan hazelnut cream with cocoa spread 700 gm,649.0,almarjan,700,1.0,,2026-06-25
z6fa87e9807890e34956dz,noon,grocery,"creal,oats,jams&honey",luxury ferrero rocher chocolate box - 30 pieces - 375g - the perfect gift,1100.0,ferrero,375,1.0,,2026-06-25
n37956072a,noon,grocery,"creal,oats,jams&honey",cran berries and coconut protein bar 70grams,61.0,abu auf,70,1.0,,2026-06-25
n12280415a,noon,grocery,"creal,oats,jams&honey",granola crispy cereal flakes chocolate 350grams,209.0,sante,350,1.0,,2026-06-25
z31c5bcc6f1fe0dd64a67z,noon,grocery,"creal,oats,jams&honey",chocolate spread sweetened with monk fruit,420.0,lakanto,250,1.0,,2026-06-25
z612119b1bc0e37cfff95z,noon,grocery,"creal,oats,jams&honey",hadrami mountain sidr honey 500 grams,1428.0,imtenan,500,1.0,,2026-06-25
z8f39522280136afaadc0z,noon,grocery,"creal,oats,jams&honey",spring flower honey hexagon 250grams,68.0,imtenan,250,1.0,,2026-06-25
zc432ced9ca870ffb70f0z,noon,grocery,"creal,oats,jams&honey",chocolate sifted roasted hazelnut cream 750 g,359.1,asmacup,750,1.0,,2026-06-25
n29779381a,noon,grocery,"creal,oats,jams&honey",blackberries jam 340grams,185.0,prima frutta,340,1.0,,2026-06-25
zcc38a1758b68877678faz,noon,grocery,"creal,oats,jams&honey",guilt free chocolate spread-370g,275.0,organic nation,370,1.0,,2026-06-25
zf30b961149b6efed69c0z,noon,grocery,"creal,oats,jams&honey",guilt free chocolate spread high protein-200g,225.0,organic nation,200,1.0,,2026-06-25
z2d1a310e5a2cb9849dedz,noon,grocery,"creal,oats,jams&honey",honey mini jar - 28.3grams (pack of 3),52.0,hero,250,1.0,,2026-06-25
n29595053a,noon,grocery,"creal,oats,jams&honey",vitrac creamy strawberry jam - 430grams,63.0,vitrac,430,1.0,,2026-06-25
z46e9c9ccbfd09e497066z,noon,grocery,"creal,oats,jams&honey",coconut protein bar 70 grams,56.0,imtenan,70,1.0,,2026-06-25
zba4eb8050a7f04041218z,noon,grocery,"creal,oats,jams&honey",zero protein pistachio bar 70g,180.0,zero,70,1.0,,2026-06-25
zbec581a5e5910d75414dz,noon,grocery,"creal,oats,jams&honey",original ferrero rocher chocolate - 8 pieces - small luxury gift,460.0,ferrero,8,1.0,,2026-06-25
za0a2cb8aaa04743196c1z,noon,grocery,"creal,oats,jams&honey",marjoram honey hexagon 450grams,129.0,imtenan,450,1.0,,2026-06-25
n52103811a,noon,grocery,"creal,oats,jams&honey",honey with almonds 250g,138.0,isis,250,1.0,,2026-06-25
n35958671a,noon,grocery,"creal,oats,jams&honey",crunchy peanut butter 340grams,150.0,dobella,340,1.0,,2026-06-25
z1e794254b56057fd3668z,noon,grocery,"creal,oats,jams&honey",apricot jam 350 grams,42.25,al bawadi,350,1.0,,2026-06-25
z908065878b39ba6d893dz,noon,grocery,"creal,oats,jams&honey",sesame halawa with chocolate 250gm,61.0,halwani bros,250,1.0,,2026-06-25
za1ec4843e8a2657eccdbz,noon,grocery,"creal,oats,jams&honey",sokradorf peanut cream with chocolate 300g no added sugar creamy peanut & cocoa spread with coconut oil,300.0,sokradorf,300,1.0,,2026-06-25
n34912204a,noon,grocery,"creal,oats,jams&honey",choco scopes 250grams,76.0,lino,250,1.0,,2026-06-25
n35958672a,noon,grocery,"creal,oats,jams&honey",honey peanut butter 340grams,173.0,dobella,340,1.0,,2026-06-25
n29595079a,noon,grocery,"creal,oats,jams&honey",vitrac apricot jam 230grams,38.0,vitrac,230,1.0,,2026-06-25
n29595060a,noon,grocery,"creal,oats,jams&honey",vitrac apricot jam 850grams,103.0,vitrac,850,1.0,,2026-06-25
n29598753a,noon,grocery,"creal,oats,jams&honey",prima frutta mixed fruit jam 340grams,172.0,menz&gasser,340,1.0,,2026-06-25
z908c151db5d09aac001bz,noon,grocery,"creal,oats,jams&honey",date spread with hazelnut 230g,114.0,abu auf,230,1.0,,2026-06-25
n44807103a,noon,grocery,"creal,oats,jams&honey",fig jam mini jar - 28.3grams,15.0,hero,28,1.0,,2026-06-25
zd89077084214d4a88ad2z,noon,grocery,"creal,oats,jams&honey",clover honey 2.2kg,657.5,imtenan,2,1.0,,2026-06-25
n28676068a,noon,grocery,"creal,oats,jams&honey",molasse 450grams,81.0,gold,450,1.0,,2026-06-25
z4a18cb31f3bb4938db60z,noon,grocery,"creal,oats,jams&honey",citrus honey squeeze 450 grams,178.0,hero,450,1.0,,2026-06-25
n30856910a,noon,grocery,"creal,oats,jams&honey",strawberry jam 360grams,39.0,add-me,360,1.0,,2026-06-25
n15224306a,noon,grocery,"creal,oats,jams&honey",hero jam with raspberry flavor - 350grams,107.0,hero,350,1.0,,2026-06-25
n29595359a,noon,grocery,"creal,oats,jams&honey",extra honey 250g,358.0,isis,250,1.0,,2026-06-25
n44900107a,noon,grocery,"creal,oats,jams&honey",50% cherry jam 340grams,172.0,menz&gasser,340,1.0,,2026-06-25
n29762538a,noon,grocery,"creal,oats,jams&honey",vitrac bitter orange jam - 430grams,63.25,vitrac,430,1.0,,2026-06-25
z1adb847e2b7d7430ec2cz,noon,grocery,"creal,oats,jams&honey",natural clover honey 400g,163.0,dr. baby,400,1.0,,2026-06-25
z0d1fc96b8ec769c3b387z,noon,grocery,"creal,oats,jams&honey",citrus honey 225 grams,57.25,el bawadi,225,1.0,,2026-06-25
z014736d65658fdb51644z,noon,grocery,"creal,oats,jams&honey",nutella & go! snack pack with breadsticks (box of 12 individual packs),1650.0,nutella,250,1.0,,2026-06-25
z02067ca0681c4fe3a7dez,noon,grocery,"creal,oats,jams&honey",guilt free cashew spread -200g-vanilla birthday cake,250.0,organic nation,200,1.0,,2026-06-25
n27682637a,noon,grocery,"creal,oats,jams&honey",jam with black cherry flavor - 350grams,107.0,hero,350,1.0,,2026-06-25
z4d9637c730f22b8cfb6az,noon,grocery,"creal,oats,jams&honey","dobeln chocolate dubai kunafa filling spread (1kg, kunafa mint)",594.0,cgs,1000,1.0,,2026-06-25
zd75b2a666965f8c58013z,noon,grocery,"creal,oats,jams&honey",bar protein peanut butter 70g,59.0,lino,70,1.0,,2026-06-25
n27747725a,noon,grocery,"creal,oats,jams&honey",protein go on coccoa and inulin chocolate bar 50grams,75.0,sante,50,1.0,,2026-06-25
z809d7213f9064dde342bz,noon,grocery,"creal,oats,jams&honey",diet peanut butter 220g,112.0,shana,220,1.0,,2026-06-25
n42554197a,noon,grocery,"creal,oats,jams&honey",delicia spring blossom honey - 225grams,72.0,hero,225,1.0,,2026-06-25
z093b5603d4674758ecfcz,noon,grocery,"creal,oats,jams&honey",gotella bisky lava white chocolate spread with crunchy biscuits 60 gm pack 12 pieces,195.0,gotella chocolate,720,1.0,,2026-06-25
z9ccd48197340fa07a214z,noon,grocery,"creal,oats,jams&honey",halawa spread with caramel 285 grams,74.0,el bawadi,285,1.0,,2026-06-25
z47031864acf3f6df7cbcz,noon,grocery,"creal,oats,jams&honey",yummies cherry spread 300g,75.0,el bawadi,300,1.0,,2026-06-25
z48a60ed86a2778cc252dz,noon,grocery,"creal,oats,jams&honey",halawa spread with caramel 150 grams,39.25,el bawadi,150,1.0,,2026-06-25
zdfbf25bc286d258a64e1z,noon,grocery,"creal,oats,jams&honey",gotella chocolate spread with hazelnut 350 gm,95.0,gotella chocolate,350,1.0,,2026-06-25
n28852316a,noon,grocery,"creal,oats,jams&honey",granola bar cocount and almond 40grams pack of 4,207.0,lino,160,1.0,,2026-06-25
n48045637a,noon,grocery,"creal,oats,jams&honey",oat flakes 500grams,69.0,daria,500,1.0,,2026-06-25
n29779470a,noon,grocery,"creal,oats,jams&honey",vitrac apricot jam - 430grams,61.0,vitrac,430,1.0,,2026-06-25
zf4f5357c945e030dc476z,noon,grocery,"creal,oats,jams&honey",fruit preserve apricot 700gm jam,66.0,halwani bros,750,1.0,,2026-06-25
n52569753a,noon,grocery,"creal,oats,jams&honey",protein vanilla inuli chocolate bar 50grams,75.0,go on,50,1.0,,2026-06-25
z4ae18c04fbd616f392b0z,noon,grocery,"creal,oats,jams&honey","greenuts tropical granola pineapple & coconut 300g – crunchy oats granola with real dried pineapple & coconut flakes, high fiber breakfast cereal",190.0,greenuts,300,1.0,,2026-06-25
zdee62053a4c2bd23e578z,noon,grocery,"creal,oats,jams&honey",tropical granola – pineapple & coconut – 300g,200.0,greenuts,300,1.0,,2026-06-25
z26bc234fab25773bb351z,noon,grocery,"creal,oats,jams&honey",marjoram natural honey - 225 grams,84.0,royal,225,1.0,,2026-06-25
z326276c63623c7dc5d3fz,noon,grocery,"creal,oats,jams&honey",orange honey hexagonal 450grams,138.0,imtenan,450,1.0,,2026-06-25
zefb5d86616cf560c77a7z,noon,grocery,"creal,oats,jams&honey",nutella biscuits - tube filled with hazelnut spread with cocoa (166g),430.0,nutella,1,1.0,,2026-06-25
z70b5182080c111005973z,noon,grocery,"creal,oats,jams&honey",secrets protein bar-70g-banoffee pie,75.0,organic nation,70,1.0,,2026-06-25
n33801900a,noon,grocery,"creal,oats,jams&honey",sidr mountain kashmir honey 400grams,750.0,organic nation,400,1.0,,2026-06-25
n34912208a,noon,grocery,"creal,oats,jams&honey",oat bran stars 250grams,76.0,lino,250,1.0,,2026-06-25
za89e8e7d6d3eb7e10b38z,noon,grocery,"creal,oats,jams&honey","spread white chocolate , 1kg",178.0,lavida,1000,1.0,,2026-06-25
zf0a5934a0f1cf47407f7z,noon,grocery,"creal,oats,jams&honey",clover blossom honey 250 gm,95.0,imtenan,250,1.0,,2026-06-25
n29598755a,noon,grocery,"creal,oats,jams&honey",fichi fig jam 340grams,160.0,prima frutta,340,1.0,,2026-06-25
z75d8e22ab01cfc620485z,noon,grocery,"creal,oats,jams&honey",peanut butter premium sauce 750 gm,169.2,asmacup,750,1.0,,2026-06-25
n28907187a,noon,grocery,"creal,oats,jams&honey",high protein peanut butter 340grams,324.25,lino,340,1.0,,2026-06-25
n27682639a,noon,grocery,"creal,oats,jams&honey",hero jam with black cherry flavor - light - 320grams,136.0,hero,320,1.0,,2026-06-25
zed520f3ed156adf29d43z,noon,grocery,"creal,oats,jams&honey",honey with echinacea extract 180grams,107.0,imtenan,180,1.0,,2026-06-25
zac8fc481705809a57d0az,noon,grocery,"creal,oats,jams&honey",3 zero protein parfacil 70g,272.0,zero,70,1.0,,2026-06-25
z411bec597614085d203bz,noon,grocery,"creal,oats,jams&honey",ginkgo honey hexagonal 450grams,145.0,imtenan,450,1.0,,2026-06-25
zbf2328cdf0a41794c5f9z,noon,grocery,"creal,oats,jams&honey",clover honey 450g,122.0,shana nature house,450,1.0,,2026-06-25
z48758b3f2ca2e7d2eeefz,noon,grocery,"creal,oats,jams&honey",beeswax honey with nuts 500g,312.0,haj arafa,500,1.0,,2026-06-25
z1c183d2d0500c3715c42z,noon,grocery,"creal,oats,jams&honey",manuka health-manuka honey mgo 115+ 250g,2299.0,manuka health new zealand ltd,250,1.0,,2026-06-25
z2235554a2ee1aeadd34fz,noon,grocery,"creal,oats,jams&honey",coconut butter 375g bundle,970.0,healthy & tasty,375,1.0,,2026-06-25
n27675268a,noon,grocery,"creal,oats,jams&honey",jam with orange flavor - 350grams,73.0,hero,350,1.0,,2026-06-25
z9fe88a542270469f985dz,noon,grocery,"creal,oats,jams&honey",banana pillow 250 gram,84.0,kiddo,250,1.0,,2026-06-25
z9c48b3cffaeb1845e750z,noon,grocery,"creal,oats,jams&honey",gotella fun chocolate spread with hazelnut 100 gm pack 12 pieces,295.0,gotella chocolate,1,1.0,,2026-06-25
zf20a9eb5c8a29ea58ec1z,noon,grocery,"creal,oats,jams&honey",إكسترا كرانتشي زبدة الفول السوداني، 454 غرام,324.0,جيف,454,1.0,,2026-06-25
zdb5cb324901cd73d317az,noon,grocery,"creal,oats,jams&honey",guilt free almond spread -200g-espresso creme,250.0,organic nation,200,1.0,,2026-06-25
n52834424a,noon,grocery,"creal,oats,jams&honey",carrot jam 430grams single,55.0,vitrac,430,1.0,,2026-06-25
n51182037a,noon,grocery,"creal,oats,jams&honey",protein bar banana with cashew bar 70grams,94.0,abu auf,70,1.0,,2026-06-25
zadd964d14d2c9177bd80z,noon,grocery,"creal,oats,jams&honey",original chocolate spread 375 grams,300.0,healthy & tasty,375,1.0,,2026-06-25
zc8cc6ee34d58af3f10efz,noon,grocery,"creal,oats,jams&honey",saegh black honey polyethylene 350 g,44.0,saegh,350,1.0,,2026-06-25
n27747728a,noon,grocery,"creal,oats,jams&honey",crunchy banana chocolate bar 40grams,38.0,sante,40,1.0,,2026-06-25
z3549a169acbbc335d888z,noon,grocery,"creal,oats,jams&honey",guilt free hazelnut butter with dark chocolate 200g,350.0,organic nation,200,1.0,,2026-06-25
zaef2b27047b5dd4c4d87z,noon,grocery,"creal,oats,jams&honey",lotus biscoff spread 400g,576.0,lotus,400,1.0,,2026-06-25
n52490736a,noon,grocery,"creal,oats,jams&honey",pure honey - 450g,148.25,isis,450,1.0,,2026-06-25
n48663849a,noon,grocery,"creal,oats,jams&honey",blackcurrant jam spread 284grams,310.0,st.dalfour,284,1.0,,2026-06-25
z2d1d1ce7ba8f5a8cbae4z,noon,grocery,"creal,oats,jams&honey",energy honey 500g,342.0,haj arafa,500,1.0,,2026-06-25
zef2c1e26a57ad9400783z,noon,grocery,"creal,oats,jams&honey",natural marjoram honey 500g,195.0,haj arafa,500,1.0,,2026-06-25
z5ea66725e647a6124da2z,noon,grocery,"creal,oats,jams&honey",al-nawara honey 500 grams - 100% natural from uni smart group,120.0,uni smart group,500,1.0,,2026-06-25
n48663603a,noon,grocery,"creal,oats,jams&honey",breakfast cereals with oats 375grams,104.0,lino,375,1.0,,2026-06-25
z8a5b6ff8de5765cac29bz,noon,grocery,"creal,oats,jams&honey",fig jam 190 grams,29.0,el bawadi,190,1.0,,2026-06-25
za7ed371762d8c7d40e84z,noon,grocery,"creal,oats,jams&honey",gotella mini mango chocolate spread 30 gm pack 24 pieces,195.0,gotella chocolate,720,1.0,,2026-06-25
n28940009a,noon,grocery,"creal,oats,jams&honey",orange fruit jam 284grams,310.0,st.dalfour,284,1.0,,2026-06-25
n29761996a,noon,grocery,"creal,oats,jams&honey",vitrac raspberry jam - 430grams,73.0,vitrac,430,1.0,,2026-06-25
n28909707a,noon,grocery,"creal,oats,jams&honey",white oats 500grams,115.0,green's,500,1.0,,2026-06-25
z8fed04449815361dd037z,noon,grocery,"creal,oats,jams&honey",citrus blossom bee honey 950g,190.0,herbistice,950,1.0,,2026-06-25
n29595083a,noon,grocery,"creal,oats,jams&honey",citrus honey - 650grams,219.0,hero,650,1.0,,2026-06-25
z5b788cfb9ebd8cbe1b7fz,noon,grocery,"creal,oats,jams&honey",choco scopes - 250 grams,61.0,tolo,250,1.0,,2026-06-25
n29595082a,noon,grocery,"creal,oats,jams&honey",hero clover honey - 650grams,219.0,hero,650,1.0,,2026-06-25
z2a4970df5d11a95fa992z,noon,grocery,"creal,oats,jams&honey",natural clover honey 500g,157.0,haj arafa,500,1.0,,2026-06-25
n42868130a,noon,grocery,"creal,oats,jams&honey",go on protein 50grams,105.0,sante,50,1.0,,2026-06-25
z3882461dd0f3b7f43ec7z,noon,grocery,"creal,oats,jams&honey",yummies ginger and lemon spread 300g,75.0,el bawadi,300,1.0,,2026-06-25
z57c3fc31b3fd56d97894z,noon,grocery,"creal,oats,jams&honey",quinoa seeds 400 gm,185.0,ma vie food,400,1.0,,2026-06-25
n52490739a,noon,grocery,"creal,oats,jams&honey",pure marjoram honey - 250grams,111.0,isis,250,1.0,,2026-06-25
z41346ab824df7d75c586z,noon,grocery,"creal,oats,jams&honey",cashew spread -275g.-lotus,295.0,organic nation,275,1.0,,2026-06-25
ze55bafffdf1fec4d6488z,noon,grocery,"creal,oats,jams&honey",pack of 2 white honey with glass jar - 1 kg,205.0,sun garden,2,1.0,,2026-06-25
n28909106a,noon,grocery,"creal,oats,jams&honey",ginesing honey 250g,291.25,isis,250,1.0,,2026-06-25
z7205c02b096c71c7e5d3z,noon,grocery,"creal,oats,jams&honey",granola bar apple and cinnamon 40g,41.0,lino,40,1.0,,2026-06-25
n28940006a,noon,grocery,"creal,oats,jams&honey",black cherry fruit jam 284grams,239.0,st.dalfour,284,1.0,,2026-06-25
n28909118a,noon,grocery,"creal,oats,jams&honey",royal jelly honey 250grams,330.0,isis,250,1.0,,2026-06-25
z20f40b3311d4c3c046a6z,noon,grocery,"creal,oats,jams&honey","spread strawberry chocolate , 1kg",167.0,lavida,1000,1.0,,2026-06-25
z14d5620893a689d35c41z,noon,grocery,"creal,oats,jams&honey",gotella vegan chocolate spread with hazelnut 425 gm,95.0,gotella chocolate,425,1.0,,2026-06-25
n27675266a,noon,grocery,"creal,oats,jams&honey",jam with strawberry flavor - 350grams,73.0,hero,350,1.0,,2026-06-25
zd4a90268019395f2837bz,noon,grocery,"creal,oats,jams&honey",egyptian sidr mountain honey 500g,484.95,haj arafa,500,1.0,,2026-06-25
zb407bc855ea597551478z,noon,grocery,"creal,oats,jams&honey",egyptian sidr mountain honey 500g,484.95,haj arafa,500,1.0,,2026-06-25
z81ac19207e23742ab3f5z,noon,grocery,"creal,oats,jams&honey",orange crispy spread 300g,75.0,el bawadi,300,1.0,,2026-06-25
z153c20433bd5d2a6ff97z,noon,grocery,"creal,oats,jams&honey",wildflower honey hexagonal 450grams,138.0,imtenan,450,1.0,,2026-06-25
n43765118a,noon,grocery,"creal,oats,jams&honey",strawberry jam 1kg,93.75,add-me,1000,1.0,,2026-06-25
n28907196a,noon,grocery,"creal,oats,jams&honey",fruit puffs breakfast cereals with oats 250grams,76.0,lino,250,1.0,,2026-06-25
z3a200d0c48470b3ad6c2z,noon,grocery,"creal,oats,jams&honey",corn flakes 250 gram,58.0,kiddo,250,1.0,,2026-06-25
n34912221a,noon,grocery,"creal,oats,jams&honey",fruit puffs with oats 375grams,104.0,lino,375,1.0,,2026-06-25
n28852314a,noon,grocery,"creal,oats,jams&honey",peanut butter crunchy 340grams,205.25,lino,340,1.0,,2026-06-25
z939db65c8ae1550660edz,noon,grocery,"creal,oats,jams&honey",gum arabic honey 350 grams - 100% natural from uni smart group,85.0,uni smart group,350,1.0,,2026-06-25
n52490740a,noon,grocery,"creal,oats,jams&honey",pure pollen grain honey – 250grams,97.75,isis,250,1.0,,2026-06-25
z152ff23558c0f0e532d5z,noon,grocery,"creal,oats,jams&honey",yummies hazelnut spread 300g,203.0,el bawadi,300,1.0,,2026-06-25
n27747711a,noon,grocery,"creal,oats,jams&honey",tropical fruits muesli 1kg,421.0,sante,1000,1.0,,2026-06-25
z4fe7667c198eb7f622bdz,noon,grocery,"creal,oats,jams&honey",keto double chocolate bar 60 grams bundle,250.0,healthy & tasty,250,1.0,,2026-06-25
z43ce1837892439778c2bz,noon,grocery,"creal,oats,jams&honey",sugarcane serum 750 g - 100% natural from uni smart group,77.0,unismart_group,750,1.0,,2026-06-25
zdc040cc16a63afc8ddafz,noon,grocery,"creal,oats,jams&honey",halawa spread 150 grams,37.25,el bawadi,150,1.0,,2026-06-25
n44900089a,noon,grocery,"creal,oats,jams&honey",honey hunaja cheerios 375grams,156.0,nestle,375,1.0,,2026-06-25
n34912209a,noon,grocery,"creal,oats,jams&honey",oat bran rings 250grams,76.0,lino,250,1.0,,2026-06-25
ze426ec5a8eb2c35fdd66z,noon,grocery,"creal,oats,jams&honey",keto coconut chocolate bar 60 grams bundle,250.0,healthy & tasty,250,1.0,,2026-06-25
z25dadb19c11c8ce5dbdcz,noon,grocery,"creal,oats,jams&honey",chocolate peanut butter 375g bundle,970.0,healthy & tasty,375,1.0,,2026-06-25
z1043f437742f6454ecd6z,noon,grocery,"creal,oats,jams&honey",spring blossom honey 420 grams,108.25,el bawadi,420,1.0,,2026-06-25
n29469995a,noon,grocery,"creal,oats,jams&honey",apricot jam 284grams,310.0,st.dalfour,284,1.0,,2026-06-25
z31399f454202d9ff74ffz,noon,grocery,"creal,oats,jams&honey",herb flower (anise) honey 850 gm,265.0,zary,850,1.0,,2026-06-25
z2e4ec66f35a0f6c92b35z,noon,grocery,"creal,oats,jams&honey",creamy peanut butter454g,480.0,jif,454,1.0,,2026-06-25
n29595080a,noon,grocery,"creal,oats,jams&honey",hero clover honey - 365grams,114.0,hero,365,1.0,,2026-06-25
n29782476a,noon,grocery,"creal,oats,jams&honey",vitrac creamy fig jam - 430grams,55.0,vitrac,430,1.0,,2026-06-25
z2c24713af3dc43e68f93z,noon,grocery,"creal,oats,jams&honey",marjoram honey 500 grams - 100% natural from uni smart group,122.0,uni smart group,500,1.0,,2026-06-25
n15224304a,noon,grocery,"creal,oats,jams&honey",hero jam with fig flavor - 350grams,73.0,hero,350,1.0,,2026-06-25
n29779181a,noon,grocery,"creal,oats,jams&honey",greek forest honey 500grams,1021.0,fino,500,1.0,,2026-06-25
z0938a8958ab556028d99z,noon,grocery,"creal,oats,jams&honey",anise honey 500 grams - 100% natural from uni smart group,130.0,uni smart group,500,1.0,,2026-06-25
n29779101a,noon,grocery,"creal,oats,jams&honey",greek honey with flora and thyme 500grams,1225.0,attiki,500,1.0,,2026-06-25
z006f12be30af90a52a55z,noon,grocery,"creal,oats,jams&honey",arabian wildflower honey 850 gm,815.0,zary,850,1.0,,2026-06-25
z106c37c01956b74b52a3z,noon,grocery,"creal,oats,jams&honey",herb flower (anise) honey 450 gm,160.0,zary,450,1.0,,2026-06-25
z4c36145082bfb39c9476z,noon,grocery,"creal,oats,jams&honey",summer flowers honey 450 gm,145.0,zary,450,1.0,,2026-06-25
zc74888edbb306a3c9b6bz,noon,grocery,"creal,oats,jams&honey",pistachio butter 210g bundle,1270.0,healthy & tasty,250,1.0,,2026-06-25
z1cf4fa91d85707accc14z,noon,grocery,"creal,oats,jams&honey",black seed flower honey 950g,240.0,shana nature house,950,1.0,,2026-06-25
zd0e6067724bb078b1cc9z,noon,grocery,"creal,oats,jams&honey",herbistice natural bee honey citrus flowers 500g,140.0,herbistice,500,1.0,,2026-06-25
z27703266f64b86e731c9z,noon,grocery,"creal,oats,jams&honey",high protein peanut butter 375g bundle,1050.0,healthy & tasty,250,1.0,,2026-06-25
z706905ceed03d3e6b607z,noon,grocery,"creal,oats,jams&honey",gotella white chocolate spread 425 gm,95.0,gotella chocolate,425,1.0,,2026-06-25
zee7060668c69d909e59bz,noon,grocery,"creal,oats,jams&honey",clover flowers honey 850 gm,250.0,zary,850,1.0,,2026-06-25
n51181869a,noon,grocery,"creal,oats,jams&honey",honey - medium squeeze 270grams,624.0,fino,270,1.0,,2026-06-25
n28940008a,noon,grocery,"creal,oats,jams&honey",red berries fruit jam 284grams,310.0,st.dalfour,284,1.0,,2026-06-25
z45788582c91fd52e467ez,noon,grocery,"creal,oats,jams&honey",manuka health-manuka honey mgo 400+ 250g,3699.0,manuka health new zealand ltd,250,1.0,,2026-06-25
n29594894a,noon,grocery,"creal,oats,jams&honey",greek honey jar 250grams,737.0,attica,250,1.0,,2026-06-25
n27747764a,noon,grocery,"creal,oats,jams&honey",crispy oat & honey granola bar 40grams,42.0,sante,40,1.0,,2026-06-25
z4ef37baecdad510682dbz,noon,grocery,"creal,oats,jams&honey",caesar honey 350 grams - 100% natural from uni smart group,135.0,uni smart group,350,1.0,,2026-06-25
zda3eb1dd82adeb9b92a4z,noon,grocery,"creal,oats,jams&honey",natural black seed bee honey 500g,140.0,herbistice,500,1.0,,2026-06-25
za635298389a212a4b613z,noon,grocery,"creal,oats,jams&honey",anise wonder bee honey 950 gm,185.0,wonder bee honey,950,1.0,,2026-06-25
zd892c0855666516319f0z,noon,grocery,"creal,oats,jams&honey",gotella mango chocolate spread 425 gm,95.0,gotella chocolate,425,1.0,,2026-06-25
n42554196a,noon,grocery,"creal,oats,jams&honey",hero citrus honey - 225grams,72.0,hero,225,1.0,,2026-06-25
z90814dab508e00ce0895z,noon,grocery,"creal,oats,jams&honey",children's chocolate spread 375 grams bundle,850.0,healthy & tasty,375,1.0,,2026-06-25
z9af95b545aad05a6cf65z,noon,grocery,"creal,oats,jams&honey",fenugreek honey 350 g - 100% natural from uni smart group,100.0,uni smart group,350,1.0,,2026-06-25
n38731558a,noon,grocery,"creal,oats,jams&honey",strawberry jams 370grams,365.0,bonne maman,370,1.0,,2026-06-25
z1541941c3e313bc2f9afz,noon,grocery,"creal,oats,jams&honey","clover blossom honey from ahla seha - 865g - 100% natural, rich in vitamins and minerals",201.0,ahla seha,865,1.0,,2026-06-25
n25262585a,noon,grocery,"creal,oats,jams&honey",jam with mixed fruits flavor - 350grams,73.0,hero,350,1.0,,2026-06-25
n27747723a,noon,grocery,"creal,oats,jams&honey",protein go on cranberry chocolate bar 50grams,75.0,sante,50,1.0,,2026-06-25
zd912451ddf231af3a1baz,noon,grocery,"creal,oats,jams&honey",nutmeg honey 350 g - 100% natural from uni smart group,95.0,uni smart group,350,1.0,,2026-06-25
n29012952a,noon,grocery,"creal,oats,jams&honey",clover honey 250grams,76.5,al shifa,250,1.0,,2026-06-25
z22f9e1452c8f553abc9az,noon,grocery,"creal,oats,jams&honey",gotella lava mango chocolate spread with crunchy biscuits 60 gm pack 12 pieces,195.0,gotella chocolate,720,1.0,,2026-06-25
n29779471a,noon,grocery,"creal,oats,jams&honey",fig jam 230grams,35.0,vitrac,230,1.0,,2026-06-25
n52188263a,noon,grocery,"creal,oats,jams&honey",hero spring blossom honey - 365grams,130.25,hero,365,1.0,,2026-06-25
n29779246a,noon,grocery,"creal,oats,jams&honey",black seed honey 800g,288.25,isis,800,1.0,,2026-06-25
zdc51fa1cfacce7f51eddz,noon,grocery,"creal,oats,jams&honey",peanut butter 375g bundle,850.0,healthy & tasty,375,1.0,,2026-06-25
zfd385eb022555db39dd0z,noon,grocery,"creal,oats,jams&honey","clover blossom honey from ahla seha - 450g - 100% natural, rich in vitamins and minerals, beneficial for diabetics, ideal for healthy sweetening and snacks",121.0,ahla seha,450,1.0,,2026-06-25
zd8790ff7c42320b749a6z,noon,grocery,"creal,oats,jams&honey",honey cinnamon syrup - 100% natural from uni smart group,62.0,uni smart group,250,1.0,,2026-06-25
zda02f03e4227fdbe3062z,noon,grocery,"creal,oats,jams&honey",apricot jam 190 grams (pack of 2),50.0,el bawadi,190,1.0,,2026-06-25
zc44c1aea991a2730e227z,noon,grocery,"creal,oats,jams&honey",natural black seed honey 500g,182.0,haj arafa,500,1.0,,2026-06-25
n29595081a,noon,grocery,"creal,oats,jams&honey",hero citrus honey - 365grams,104.0,hero,365,1.0,,2026-06-25
zed11ebf27dfbfa5afc5cz,noon,grocery,"creal,oats,jams&honey","al-jabli egyptian sidr honey – 100% natural honey, excellent quality & economical price – 250 g",370.0,algable,250,1.0,,2026-06-25
zb7703574ec420b487aabz,noon,grocery,"creal,oats,jams&honey",manuka health - new zealand raw manuka honey - mgo 263+ - 500g,2899.0,manuka health,500,1.0,,2026-06-25
z74b13a4a4e01dfa47368z,noon,grocery,"creal,oats,jams&honey",premium imported royal jelly (grade a) - superior concentration & guaranteed purity to boost immunity & vitality - original value pack.,275.0,oshba,400,1.0,,2026-06-25
z8ee3d18402d8110765bdz,noon,grocery,"creal,oats,jams&honey",manuka health-manuka honey mgo 573+ 250g,4299.0,manuka health new zealand ltd,250,1.0,,2026-06-25
zef2d8c5232589bb2aa71z,noon,grocery,"creal,oats,jams&honey",clover honey 950sq,155.0,sennara honey,950,1.0,,2026-06-25
zb40099c2bef10392b354z,noon,grocery,"creal,oats,jams&honey",clover 450 sq,86.0,honey_sennara,450,1.0,,2026-06-25
z4e5bdab34e329b317ecfz,noon,grocery,"creal,oats,jams&honey",(black seed) nigella sativa honey 450 gm,133.0,zary,450,1.0,,2026-06-25
z4146a409999467557ca9z,noon,grocery,"creal,oats,jams&honey",jar of honey with vega men's food mix 400 grams,460.0,zadna,400,1.0,,2026-06-25
zd01094e009aff3c77f01z,noon,grocery,"creal,oats,jams&honey",secrets protein bar-70g-mocha,75.0,organic nation,70,1.0,,2026-06-25
z4038021812b32a975101z,noon,grocery,"creal,oats,jams&honey",margoram 450 sq,94.0,sennara honey,450,1.0,,2026-06-25
z3d971716604ac0a0ab56z,noon,grocery,"creal,oats,jams&honey",wildflower honey 450 gm,433.0,zary,450,1.0,,2026-06-25
n29595054a,noon,grocery,"creal,oats,jams&honey",vitrac creamy apricot jam - 430grams,69.25,vitrac,430,1.0,,2026-06-25
zeef7b2e0f1edd55a3e99z,noon,grocery,"creal,oats,jams&honey",كريمة الفستق الصحية الممتازة - خالية من السكر وقليلة السعرات الحرارية - محلاة طبيعياً بالإريثريتول - فستق محمص فاخر بدون الشعور بالذنب - طبيعية 100% وقوام كريمي,800.0,سوكرادورف,250,1.0,,2026-06-25
zee6388fcc985e8a41858z,noon,grocery,"creal,oats,jams&honey",dried fruit & nuts bar 40 grams,65.0,imtenan,40,1.0,,2026-06-25
z35e4acf0fa6c39087717z,noon,grocery,"creal,oats,jams&honey",secrets protein bar-70g-vanilla birthday cake,75.0,organic nation,70,1.0,,2026-06-25
zea8bdd434c2ccbc58429z,noon,grocery,"creal,oats,jams&honey",squeez marjoram honey 950 grams,187.0,sennara,950,1.0,,2026-06-25
n39272814a,noon,grocery,"creal,oats,jams&honey",crispy granola original 350grams,150.25,abu auf,350,1.0,,2026-06-25
zfe5d8b680e34435f2adbz,noon,grocery,"creal,oats,jams&honey",citrus honey 450 gm,145.0,zary,450,1.0,,2026-06-25
zc9832886cd1ce4988212z,noon,grocery,"creal,oats,jams&honey",citrus honey 225 gm,90.0,zary,225,1.0,,2026-06-25
zc9748bd10c2c843cd843z,noon,grocery,"creal,oats,jams&honey",secrets protein bar-70g-apple pie,75.0,organic nation,70,1.0,,2026-06-25
z8dd0b5337ef111cc9859z,noon,grocery,"creal,oats,jams&honey",black seeds wonder bee honey950gm,189.0,wonder bee honey,950,1.0,,2026-06-25
zfd6b36c3b77119eb4620z,noon,grocery,"creal,oats,jams&honey",psyllium husk jar 100g,250.0,zadna,100,1.0,,2026-06-25
n28992073a,noon,grocery,"creal,oats,jams&honey",pure greek honey 270grams,737.0,attiki,270,1.0,,2026-06-25
z8d952b9a0859ad3af825z,noon,grocery,"creal,oats,jams&honey",clover flowers honey 225 gm,90.0,zary,225,1.0,,2026-06-25
n39019221a,noon,grocery,"creal,oats,jams&honey",apricot preserve 370grams,365.0,bonne maman,370,1.0,,2026-06-25
z9b3a898d2e82d7e370ddz,noon,grocery,"creal,oats,jams&honey",my breakfast oats & fruits,68.0,my breakfast,250,1.0,,2026-06-25
z70f684990596ab8390eez,noon,grocery,"creal,oats,jams&honey",my breakfast oats & chia,68.0,my breakfast,250,1.0,,2026-06-25
z53cfdb9926890c31e0eaz,noon,grocery,"creal,oats,jams&honey",clover flowers honey 450 gm,145.0,zary,450,1.0,,2026-06-25
z85f8117b111a90bc5969z,noon,grocery,"creal,oats,jams&honey",honey 450g,126.0,saltana,450,1.0,,2026-06-25
n51181868a,noon,grocery,"creal,oats,jams&honey",greek forest honey 250grams,680.0,fino,250,1.0,,2026-06-25
n43406312a,noon,grocery,"creal,oats,jams&honey",easy open honey 455grams,851.0,attiki,455,1.0,,2026-06-25
n27675267a,noon,grocery,"creal,oats,jams&honey",jam with apricot flavor - 350grams,81.0,hero,350,1.0,,2026-06-25
n29762533a,noon,grocery,"creal,oats,jams&honey",vitrac fig jam - 430grams,63.25,vitrac,430,1.0,,2026-06-25
z293d1e8df8254c606ee6z,noon,grocery,"creal,oats,jams&honey",attiki premium greek honey 455g,960.0,attiki pittas,455,1.0,,2026-06-25
n29779226a,noon,grocery,"creal,oats,jams&honey",hero spring blossom honey - 650grams,219.0,hero,650,1.0,,2026-06-25
z7db90f18fcb98ba0d629z,noon,grocery,"creal,oats,jams&honey",honey rings - 250 grams,61.0,tolo,250,1.0,,2026-06-25
z9601864d5cac80dc3816z,noon,grocery,"creal,oats,jams&honey",pistachio spread 385 gm,175.0,lavida,385,1.0,,2026-06-25
z7719e6686acd38f64523z,noon,grocery,"creal,oats,jams&honey",honey rings 250 gram,63.0,kiddo,250,1.0,,2026-06-25
zbb9888f94fc5ff41c987z,noon,grocery,"creal,oats,jams&honey",herb flower (anise) honey 225 gm,100.0,zary,225,1.0,,2026-06-25
z46f6771dc59938ea2e89z,noon,grocery,"creal,oats,jams&honey",herbistice black seed bee honey 950g,200.0,herbistice,950,1.0,,2026-06-25
n43406313a,noon,grocery,"creal,oats,jams&honey",dark brown honey - 500grams,1225.0,attiki,500,1.0,,2026-06-25
z91be7f655eb0317430b5z,noon,grocery,"creal,oats,jams&honey",children's chocolate spread 375 grams,300.0,healthy & tasty,375,1.0,,2026-06-25
z67d0279054350e40e0adz,noon,grocery,coffee,instant coffee gold (100 g),344.0,seelaz,100,27.0,23.0,2026-06-25
z91ac3d363b0882cb677dz,noon,grocery,coffee,"lavazza qualità rossa, full-bodied and balanced espresso, 10 capsules, nespresso compatible",255.0,lavazza,57,10.0,25.0,2026-06-25
z4d862e2381afad281daaz,noon,grocery,coffee,nescafe dolce gusto flat white 16 capsules brand: nescafe,255.0,dolce gusto,95,16.0,35.0,2026-06-25
z03699705d20b29609579z,noon,grocery,coffee,lavazza crema e gusto classico intensity 7 250gm,234.0,lavazza,250,6.0,82.0,2026-06-25
n42611621a,noon,grocery,coffee,high cofee mix 3*1- 12 sachet - 18grams,145.0,coffee break,18,6.0,55.0,2026-06-25
n28968513a,noon,grocery,coffee,gold 3in1 - 12 sachet 21grams pack of 12,274.95,nescafe,21,12.0,121.0,2026-06-25
n35148364a,noon,grocery,coffee,instant coffee 90grams,255.0,misr cafe,90,1.0,177.0,2026-06-25
n52381914a,noon,grocery,coffee,grand aroma 500grams,234.0,melitta,500,6.0,56.0,2026-06-25
za246798a5075eaa30946z,noon,grocery,coffee,turkish coffee light blended 500 grams,324.95,derma coffee,500,6.0,28.0,2026-06-25
zcefdd7d51347f7417b92z,noon,grocery,coffee,nescafe dolce gusto cafe au lait - 16 capsules,234.0,dolce gusto,47,16.0,17.0,2026-06-25
z053fe726f04307e54a81z,noon,grocery,coffee,ground espresso decaffeinated coffee 125g,255.0,illy,125,6.0,3.0,2026-06-25
n28968506a,noon,grocery,coffee,2 in 1 original mix coffee 10grams pack of 24,255.0,nescafe,10,24.0,88.0,2026-06-25
zb19d1d492f80badb6212z,noon,grocery,coffee,diet cappuccino instant mix – no added sugar – 200g – rich flavor with creamy frothy milk,251.0,unicafé,200,10.0,527.0,2026-06-25
zbbfc9c1e9069f8482c14z,noon,grocery,coffee,nespresso ispirazione firenze arpeggio coffee capsules intenso,274.95,nespresso,45,1.0,6.0,2026-06-25
za220f8cd9405fc2318d1z,noon,grocery,coffee,ground coffee espresso - ethiopia - 125g,274.95,illy,125,6.0,8.0,2026-06-25
n27043721a,noon,grocery,coffee,gold instant coffee 95grams,255.0,nescafe,95,12.0,44.0,2026-06-25
n70178151v,noon,grocery,coffee,coffe gold decaf with roasted arabica - 95grams single,255.0,nescafe,95,1.0,8.0,2026-06-25
za04c35bb860076bd0a1dz,noon,grocery,coffee,unicafe classic instant coffee - 100% pure coffee granules - rich & bold roast - 80g glass jar,234.0,unicafe,80,6.0,20.0,2026-06-25
n70277901v,noon,grocery,coffee,nescafe 3in1 instant coffee mix sachet 20g (24 sticks) 20g * 24grams pack of 24,255.0,nescafe,20,24.0,1.0,2026-06-25
za5981e6d87236854ac5cz,noon,grocery,coffee,lor espresso forza 10 capsules,274.95,l'or,45,10.0,3.0,2026-06-25
zc3181db7d56f0b259f04z,noon,grocery,coffee,instant arabic coffee with saffron – 30g | traditional middle eastern coffee | rich aroma & authentic taste,234.0,baja,30,6.0,8.0,2026-06-25
n51090606a,noon,grocery,coffee,espresso original coffee 25 sticks 45grams,255.0,nescafe,45,6.0,10.0,2026-06-25
n28968548a,noon,grocery,coffee,classic sachet 200grams,255.0,nescafe,200,6.0,157.0,2026-06-25
z28204518bbe86ebd23fdz,noon,grocery,coffee,lavazza qualita oro compatible capsules with nespresso 10 capsules,234.0,lavazza,47,10.0,31.0,2026-06-25
za407038520881a0fa51ez,noon,grocery,coffee,lavazza quality rossa ground coffee medium roast 250 grams,255.0,lavazza,250,6.0,11.0,2026-06-25
n42611617a,noon,grocery,coffee,cappuccino mocha -pack of 8 - 18.5grams,145.0,coffee break,18,8.0,65.0,2026-06-25
z8837bb7f238b6dad62f4z,noon,grocery,coffee,brownhills coffee light roast plain 100g,324.95,brownhills,100,6.0,13.0,2026-06-25
zc35e5b6e26352ff203a6z,noon,grocery,coffee,moody instant coffee gold 200g,255.0,moody coffee,200,6.0,8.0,2026-06-25
z7aa676b6bcfd9051d2b8z,noon,grocery,coffee,lavazza espresso italiano arabica 250gm,255.0,lavazza,250,6.0,13.0,2026-06-25
z2530a475aba661efbb1fz,noon,grocery,coffee,lavazza qualita oro compatible capsules with nespresso 10 capsules,234.0,lavazza,47,10.0,1.0,2026-06-25
z2db36f0560b47252b26ez,noon,grocery,coffee,turkish coffee light roasted plain 500 gm,324.95,derma coffee,500,6.0,27.0,2026-06-25
z8b1a55b8b4072b5014fdz,noon,grocery,coffee,"abdelmaboud espresso ground coffee, vacuum packed for freshness, rich strong espresso blend - 250g",324.95,abdelmaboud,0,1.0,1.0,2026-06-25
n70178158v,noon,grocery,coffee,classic instant coffee jar - 95grams single,274.95,nescafe,95,6.0,35.0,2026-06-25
z8d4ec4f177a152ae5090z,noon,grocery,coffee,shaheen cafe espresso autentica 200g,324.95,shaheen,200,6.0,9.0,2026-06-25
z0af5c0c727aaff0c8149z,noon,grocery,coffee,lor espresso colombia 10 capsules,119.0,l'or,3,20.0,6.0,2026-06-25
n28968518a,noon,grocery,coffee,gold cappuccino vanilla - 12 sachets 18.5grams,145.0,nescafe,18,6.0,46.0,2026-06-25
zf73a1e811995c309a0aez,noon,grocery,coffee,lavazza dek decafinato compatible capsules with nespresso 10 capsules blue,99.0,lavazza,200,10.0,10.0,2026-06-25
n21471113a,noon,grocery,coffee,instant karak chai 25grams pack of 8,145.0,tea break,25,8.0,251.0,2026-06-25
z9e08d7b4b803967379c7z,noon,grocery,coffee,english: unicafe cappuccino original - instant coffee mix with rich creamy foam - pack of 10 sachets x 20g,99.0,unicafé,10,10.0,527.0,2026-06-25
z4517035ab0e222549f2ez,noon,grocery,coffee,filter coffee 250 gm,99.0,masterfoods,250,6.0,18.0,2026-06-25
z636f5ad40eccf8cdd33dz,noon,grocery,coffee,espresso super crema - roast medium- 250 gm,295.0,ecoffee,250,1.0,18.0,2026-06-25
z53ec180b3e6250af1356z,noon,grocery,coffee,medium roasted plain turkish coffee - 200 gm,99.0,abu auf,200,6.0,4.0,2026-06-25
n48449671a,noon,grocery,coffee,coffee mix pouch 400grams,99.0,bonjorno,400,6.0,477.0,2026-06-25
z14e9a9fc3c17dd690b0az,noon,grocery,coffee,"french coffee, 200 gm",99.0,abu auf,200,6.0,5.0,2026-06-25
n28968509a,noon,grocery,coffee,classic jar 190grams,99.0,nescafe,190,6.0,133.0,2026-06-25
z96f92206d45aa51f71d7z,noon,grocery,coffee,illy classico classic roast ground espresso coffee 250g,99.0,illy,250,6.0,51.0,2026-06-25
zfd53c2bfd73274651d99z,noon,grocery,coffee,light roasted plain turkish coffee - 200 gm,99.0,abu auf,200,12.0,9.0,2026-06-25
z80ec8cf4a81adae42ed1z,noon,grocery,coffee,decaffe espresso 250 grams,99.0,bristot,250,1.0,5.0,2026-06-25
n28991975a,noon,grocery,coffee,columbian coffee espresso 200grams,99.0,abu auf,200,6.0,13.0,2026-06-25
ze02bfaacceb3c27d4fd4z,noon,grocery,coffee,assorted variety mix of nespresso coffee capsules (10 capsules + 2 free) in an acrylic box holder,119.0,nespresso,12,20.0,27.0,2026-06-25
z6aa6cfc7e61ad8c9128fz,noon,grocery,coffee,ground coffee 125gr intense roasted,99.0,illy,125,6.0,8.0,2026-06-25
zc903e63e65f8abc394e8z,noon,grocery,coffee,illy | premium coffee collection | assorted 100% arabica blends (4 tins*125 g),99.0,illy,125,5.0,1.0,2026-06-25
z9f02055409760e78283fz,noon,grocery,coffee,mazago mix - 12 sachets,145.0,bonjorno,15,12.0,22.0,2026-06-25
z1d472de0c099e70eefa1z,noon,grocery,coffee,"unicafe diet cappuccino – sugar free instant coffee mix, healthy low‑calorie cappuccino drink for diet & fitness lovers 200gram",99.0,unicafé,200,10.0,527.0,2026-06-25
n70164594v,noon,grocery,coffee,gold instant coffee pouch refill 190grams single,99.0,nescafe,190,6.0,48.0,2026-06-25
n29594968a,noon,grocery,coffee,3-in-1 rich instant coffee stick 21grams pack of 12,119.0,nescafe,21,12.0,105.0,2026-06-25
z48f60af37ffa2794542dz,noon,grocery,coffee,assorted variety mix of nespresso coffee capsules (20 capsules + 2 free) in an acrylic box holder,126.0,nespresso,22,22.0,50.0,2026-06-25
n49773874a,noon,grocery,coffee,nescafe gold espresso (25 sticks) 1.8grams,119.0,nescafe,1,20.0,41.0,2026-06-25
z2c5659f34a81f3e42283z,noon,grocery,coffee,"illy filter coffee, 250 gms",119.0,illy,250,20.0,2.0,2026-06-25
zf1d35e8ac9aabf136a4bz,noon,grocery,coffee,abu auf colmbian coffee espresso 1 kg (whole bean),119.0,abu auf,1,20.0,37.0,2026-06-25
n12279136a,noon,grocery,coffee,espresso 57 instant coffee 90grams,165.0,davidoff,90,6.0,99.0,2026-06-25
z74c027ab88a969c826d6z,noon,grocery,coffee,nescafé dolce gusto espresso 16 capsules,165.0,dolce gusto,50,16.0,13.0,2026-06-25
z22caa9fd32d170f5a500z,noon,grocery,coffee,lavazza crema e gusto classico compatible capsules with nespresso 10 capsules blue,119.0,lavazza,260,20.0,24.0,2026-06-25
z0ef8543a654bdc02a83az,noon,grocery,coffee,bonjorno coffee mix pouch 400g,119.0,bonjorno,400,20.0,7.0,2026-06-25
n29595717a,noon,grocery,coffee,latte classic coffee sachet 18grams pack of 12,119.0,bonjorno,18,12.0,39.0,2026-06-25
n70337650v,noon,grocery,coffee,gold instant coffee pouch refill - 47.5grams single,165.0,nescafe,47,6.0,7.0,2026-06-25
z2e20d9bd1e00619e8c31z,noon,grocery,coffee,hamwi café mocha plain - fine ground turkish coffee without cardamom - 180g,119.0,coffee,180,20.0,3.0,2026-06-25
zdcf29f70bd48b522f3daz,noon,grocery,coffee,blonde espresso roast by nespresso - 10 capsules,120.0,starbucks,0,20.0,5.0,2026-06-25
z738796ae6be3368d1d9cz,noon,grocery,coffee,lor espresso splendente 10 capsules,120.0,l'or,250,20.0,2.0,2026-06-25
z38b472941ae005224ce9z,noon,grocery,coffee,gold instant coffee tin 200g,126.0,instamug,200,6.0,5.0,2026-06-25
z782d6ac27f5600103d03z,noon,grocery,coffee,"lavazza qualita oro grounded coffee blend, 100% arabica medium roast, 250 grams",119.0,lavazza,250,20.0,18.0,2026-06-25
z8714716c384220e2b932z,noon,grocery,coffee,starbucks house blend lungo by nespresso capsules,119.0,starbucks,2,20.0,1.0,2026-06-25
n12279137a,noon,grocery,coffee,rich aroma instant coffee 90grams,295.0,davidoff,90,6.0,107.0,2026-06-25
n35900973a,noon,grocery,dairy cheese and eggs,gold milk powder 15grams,269.0,mora,15,1.0,21.0,2026-06-25
z8dd25e6daa0877624783z,noon,grocery,dairy cheese and eggs,purity and natural taste! almarai full fat milk 1.5l,107.0,almaraae,1,18.0,,2026-06-25
n28853945a,noon,grocery,dairy cheese and eggs,fat filled milk powder 250grams,269.0,tambo,250,1.0,44.0,2026-06-25
zac002c75253979ca0eadz,noon,grocery,dairy cheese and eggs,milk powder 100 gram,269.0,nido,100,1.0,104.0,2026-06-25
n28853940a,noon,grocery,dairy cheese and eggs,"strawberry flavored instant milk, 30g pack of 12",269.0,miro,30,12.0,30.0,2026-06-25
z53f3872e64901e1109edz,noon,grocery,dairy cheese and eggs,"rainbow evaporated milk with vitamin d, 6 x 170g",107.0,rainbow,170,18.0,,2026-06-25
n28727617a,noon,grocery,dairy cheese and eggs,skimmed milk 1.5liters pack of 8,107.0,juhayna,1,8.0,40.0,2026-06-25
n28968522a,noon,grocery,dairy cheese and eggs,growing up milk powder 288grams,269.0,nido,288,6.0,29.0,2026-06-25
zfa86081fb5d65f44f560z,noon,grocery,dairy cheese and eggs,instant full cream powder milk 1600g,269.0,keshta,1600,1.0,170.0,2026-06-25
n29779251a,noon,grocery,dairy cheese and eggs,mix milk chocolate 200ml pack of 27,107.0,juhayna,200,27.0,183.0,2026-06-25
n29761931a,noon,grocery,dairy cheese and eggs,full cream milk 1liters pack_of_12,107.0,almarai,1,18.0,193.0,2026-06-25
z54d239c312096820ec54z,noon,grocery,dairy cheese and eggs,powdered milk for children after the first year - 576 grams,269.0,nido,576,12.0,25.0,2026-06-25
n28853943a,noon,grocery,dairy cheese and eggs,instant fat filled milk powder 1.5kg,269.0,tambo,1,1.0,110.0,2026-06-25
z1f3ab0783cde29c8bcaaz,noon,grocery,dairy cheese and eggs,skimmed milk multipack 1 l - pack of 6,107.0,juhayna,1,6.0,93.0,2026-06-25
z6ef6c2eca26d0b2b9db5z,noon,grocery,dairy cheese and eggs,rainbow evaporated milk with vitamin d 2*170 gm,107.0,rainbow,2,2.0,3.0,2026-06-25
n28853936a,noon,grocery,dairy cheese and eggs,skimmed milk powder 700grams,269.0,miro,700,1.0,103.0,2026-06-25
n28853930a,noon,grocery,dairy cheese and eggs,full cream milk powder 700grams,269.0,miro,700,6.0,145.0,2026-06-25
z52cd1599e18b0d57d9aaz,noon,grocery,dairy cheese and eggs,basic milk powder 500g,269.0,nido,500,6.0,22.0,2026-06-25
n28727620a,noon,grocery,dairy cheese and eggs,full cream milk 1liters pack of 12,107.0,juhayna,1,12.0,1185.0,2026-06-25
z498fdfacab506b1a1422z,noon,grocery,dairy cheese and eggs,milk powder 225 grams,269.0,nido,225,1.0,104.0,2026-06-25
n35900976a,noon,grocery,dairy cheese and eggs,milk powder 300grams,182.0,mora,300,1.0,11.0,2026-06-25
n28853939a,noon,grocery,dairy cheese and eggs,"chocolate flavored instant milk, 360g (30gx12 piece) pack of 12",269.0,miro,30,12.0,20.0,2026-06-25
n28853941a,noon,grocery,dairy cheese and eggs,banana flavored instant milk 30grams pack of 12,121.0,miro,30,12.0,22.0,2026-06-25
z6dc317da728180efb718z,noon,grocery,dairy cheese and eggs,milk powder 900 grams,269.0,nido,900,1.0,104.0,2026-06-25
zbead4d281febf4facad6z,noon,grocery,dairy cheese and eggs,milk powder 1200 grams,269.0,nido,1200,12.0,104.0,2026-06-25
n40871217a,noon,grocery,dairy cheese and eggs,mix banana milk 200ml pack of 27,107.0,juhayna,200,27.0,113.0,2026-06-25
n28853942a,noon,grocery,dairy cheese and eggs,vanilla biscuit flavored instant milk 30grams pack of 12,269.0,miro,30,12.0,21.0,2026-06-25
n28727614a,noon,grocery,dairy cheese and eggs,skimmed milk 1liters pack_of_12,107.0,juhayna,1,18.0,72.0,2026-06-25
zc7f52e672b0e783e6304z,noon,grocery,dairy cheese and eggs,milk powder cream - 2500 gram,269.0,keshta,2500,1.0,2.0,2026-06-25
n40871216a,noon,grocery,dairy cheese and eggs,skimmed milk 200ml pack of 27,107.0,juhayna,200,27.0,9.0,2026-06-25
n28853933a,noon,grocery,dairy cheese and eggs,full cream milk powder 250grams,269.0,miro,250,6.0,59.0,2026-06-25
n28853944a,noon,grocery,dairy cheese and eggs,instant fat filled milk powder 700grams,269.0,tambo,700,1.0,78.0,2026-06-25
n29762189a,noon,grocery,dairy cheese and eggs,vanilla milk mix 200ml pack of 27,107.0,juhayna,200,27.0,85.0,2026-06-25
z815d836f4350e7317327z,noon,grocery,dairy cheese and eggs,rainbow original evaporated milk - rich & creamy taste for tea and coffee | high-quality liquid milk for cooking and baking,269.0,rainbow,15,1.0,,2026-06-25
z9d48d86c44595540a820z,noon,grocery,dairy cheese and eggs,full cream multipack 1 l - pack of 6,107.0,juhayna,1,6.0,2620.0,2026-06-25
n28853935a,noon,grocery,dairy cheese and eggs,full cream milk powder 15grams pack of 20,269.0,miro,15,20.0,25.0,2026-06-25
n28853934a,noon,grocery,dairy cheese and eggs,full cream milk powder 100grams,269.0,miro,100,1.0,42.0,2026-06-25
n28853938a,noon,grocery,dairy cheese and eggs,skimmed milk powder 20grams pack of 20,269.0,miro,20,20.0,31.0,2026-06-25
z8f86fff2b04741c5c60ez,noon,grocery,dairy cheese and eggs,"elsaudia milk, pack of 3 | fresh & nutritious dairy milk | rich taste for daily drinking & cooking",107.0,saudia,500,3.0,2.0,2026-06-25
n28853946a,noon,grocery,dairy cheese and eggs,instant fat filled milk powder 20grams pack of 20,269.0,tambo,20,20.0,8.0,2026-06-25
n28853929a,noon,grocery,dairy cheese and eggs,full cream milk powder 1500grams,269.0,miro,1500,6.0,179.0,2026-06-25
n28853928a,noon,grocery,dairy cheese and eggs,full cream milk powder 1500grams,269.0,miro,1500,1.0,105.0,2026-06-25
n28853931a,noon,grocery,dairy cheese and eggs,full cream milk powder 400grams,269.0,miro,400,12.0,113.0,2026-06-25
n28676074a,noon,grocery,dairy cheese and eggs,coconut cream milk 400grams,269.0,rizi world,400,1.0,13.0,2026-06-25
z5e8cfea225478986c246z,noon,grocery,dairy cheese and eggs,milk powder cream - 800 gram,269.0,keshta,800,1.0,16.0,2026-06-25
ze354c3456ca500dc7236z,noon,grocery,dairy cheese and eggs,keshta milk instant full cream powder milk 1800g,269.0,keshta,1800,1.0,170.0,2026-06-25
z714b486351ba5d865265z,noon,grocery,dairy cheese and eggs,"anchor full cream fortified milk powder, 900g",269.0,anchor,900,1.0,1.0,2026-06-25
z52db7cebcc0cba66747dz,noon,grocery,dairy cheese and eggs,almarai long life full fat milk (4*1 liter),107.0,almarai,1,6.0,5.0,2026-06-25
n28853932a,noon,grocery,dairy cheese and eggs,full cream milk powder 250grams,269.0,miro,250,1.0,154.0,2026-06-25
n28991916a,noon,grocery,dairy cheese and eggs,full cream milk 1liters pack of 6,107.0,almarai,1,6.0,25.0,2026-06-25
n27719618a,noon,grocery,"dried beans, grains and rice",peeled wheat 500grams,120.0,al doha,500,1.0,52.0,2026-06-25
n29834274a,noon,grocery,"dried beans, grains and rice",basmati rice 5kg,120.0,shahy,5,1.0,11.0,2026-06-25
zd0d20d45655a40432297z,noon,grocery,"dried beans, grains and rice","rice , sugar and spices",120.0,saltana,250,13.0,13.0,2026-06-25
z57039a488805a47afff5z,noon,grocery,"dried beans, grains and rice",white rice 5 kg,120.0,haboba,5,1.0,608.0,2026-06-25
n52406613a,noon,grocery,"dried beans, grains and rice",white beans 500grams,120.0,haboba,500,1.0,91.0,2026-06-25
z407d5fd35db39d18cec6z,noon,grocery,"dried beans, grains and rice",mr. food bulgur - 500g.,120.0,mr. food,500,8.0,30.0,2026-06-25
za6eea580aa2f54d12d53z,noon,grocery,"dried beans, grains and rice",easy rice 330g,120.0,al doha,330,1.0,45.0,2026-06-25
z34e7962deff4eeb59e41z,noon,grocery,"dried beans, grains and rice",freekeh 500 grams,120.0,ragab el attar,500,1.0,14.0,2026-06-25
n27665623a,noon,grocery,"dried beans, grains and rice",premium egyptian white rice 5kg single,120.0,zamzam,5,1.0,94.0,2026-06-25
n38705930a,noon,grocery,"dried beans, grains and rice",bulgur 500grams,120.0,rehana,500,1.0,56.0,2026-06-25
n52406610a,noon,grocery,"dried beans, grains and rice",egyptian lobia 500grams,120.0,haboba,500,1.0,128.0,2026-06-25
n30522020a,noon,grocery,"dried beans, grains and rice",egyptian white rice 1kg,120.0,rehana,1,1.0,674.0,2026-06-25
n27665626a,noon,grocery,"dried beans, grains and rice",basmati rice 1kg,120.0,zamzam,1,1.0,62.0,2026-06-25
z0e9557bf625c054f7a6bz,noon,grocery,"dried beans, grains and rice",white beans 250 grams,120.0,afandy,250,1.0,6.0,2026-06-25
zfa0da7ffc2f8c75eb7eaz,noon,grocery,"dried beans, grains and rice",xxxl super basmati rice 1k,120.0,taj mahal,1,1.0,2.0,2026-06-25
z793bbf70fa9907687ab9z,noon,grocery,"dried beans, grains and rice",golden basmati rice 1kg,120.0,ragab el attar,1,1.0,17.0,2026-06-25
n27719620a,noon,grocery,"dried beans, grains and rice",bulgur wheat 500grams,120.0,al doha,500,1.0,41.0,2026-06-25
n29047428a,noon,grocery,"dried beans, grains and rice",rice 1kg,120.0,ala ad eleed,1,1.0,196.0,2026-06-25
n46544486a,noon,grocery,"dried beans, grains and rice",indian basmati rice 1kg,120.0,507 gold,1,1.0,6.0,2026-06-25
z6d9f76036fec735d781bz,noon,grocery,"dried beans, grains and rice",basmatti sella rice golden indian 4 kg + kabsa spices 100 gm,120.0,saltana,4,1.0,10.0,2026-06-25
n29047429a,noon,grocery,"dried beans, grains and rice",rice 5kg,120.0,ala ad eleed,5,1.0,126.0,2026-06-25
n29834271a,noon,grocery,"dried beans, grains and rice",white rice 5kg,120.0,shahy,5,1.0,13.0,2026-06-25
n28716830a,noon,grocery,"dried beans, grains and rice",excellent egyptian rice 1kg single,120.0,elmatbakh elmasry,1,1.0,53.0,2026-06-25
zc7ff670fabbf59645fe6z,noon,grocery,"dried beans, grains and rice",egyptian white rice - 1k,120.0,food land,250,1.0,101.0,2026-06-25
n52406601a,noon,grocery,"dried beans, grains and rice",brown lentils 500grams,120.0,haboba,500,1.0,145.0,2026-06-25
z3ad910762038f6a5ff6dz,noon,grocery,"dried beans, grains and rice",basmatti sella rice golden indian 2 kg,120.0,saltana,2,1.0,78.0,2026-06-25
z787f3302ffd33b48a9a2z,noon,grocery,"dried beans, grains and rice",golden basmati rice 1kg,120.0,mr. food,1,1.0,119.0,2026-06-25
n52406604a,noon,grocery,"dried beans, grains and rice",egyptian fava beans 500grams,120.0,haboba,500,1.0,182.0,2026-06-25
z2aa06d426b2b9febc78ez,noon,grocery,"dried beans, grains and rice",dry freekeh - 500g.,120.0,mr. food,500,1.0,58.0,2026-06-25
n27665653a,noon,grocery,"dried beans, grains and rice",white rice 1kg,120.0,fagr,1,1.0,212.0,2026-06-25
n52406607a,noon,grocery,"dried beans, grains and rice",yellow lentils 500grams,120.0,haboba,500,1.0,179.0,2026-06-25
z89ffbf02fe83a450adaez,noon,grocery,"dried beans, grains and rice",premium egyptian white rice 5kg,120.0,mr. food,5,1.0,141.0,2026-06-25
n27665654a,noon,grocery,"dried beans, grains and rice",white rice 5kg,120.0,fagr,5,1.0,42.0,2026-06-25
n27719614a,noon,grocery,"dried beans, grains and rice",yellow lentil beans 500grams,120.0,al doha,500,1.0,40.0,2026-06-25
z4671c397f3ee4771328bz,noon,grocery,"dried beans, grains and rice",hunza indian brown basmati rice 1kg – long grain whole grain | high fiber | ideal for weight loss & athletes | 100% natural,120.0,hunza,1,1.0,3.0,2026-06-25
n42868089a,noon,grocery,"dried beans, grains and rice",brown rice 500grams,120.0,sonbolat elforat,500,1.0,13.0,2026-06-25
n34418118a,noon,grocery,"dried beans, grains and rice",lupin beans 500grams,120.0,fagr,500,8.0,3.0,2026-06-25
n27719586a,noon,grocery,"dried beans, grains and rice",excellent egyptian rice 5kg,120.0,elmatbakh elmasry,5,1.0,68.0,2026-06-25
n30522021a,noon,grocery,"dried beans, grains and rice",egyptian white rice 5kg,120.0,rehana,5,1.0,896.0,2026-06-25
n30522027a,noon,grocery,"dried beans, grains and rice",white beans 15% discount 500grams,120.0,rehana,500,1.0,40.0,2026-06-25
za96a6f6a5e496169d6cbz,noon,grocery,"dried beans, grains and rice","abu kass punjabi amber indian white basmati rice – 5 kg | premium long-grain aromatic rice | perfect for daily cooking, family meals & special occasions",120.0,abu kass,5,1.0,,2026-06-25
z825d50219a8d6be4eaa1z,noon,grocery,"dried beans, grains and rice","abu kass indian mazza basmati rice, 1kg | premium long grain rice | aromatic & fluffy",120.0,abu kass,1,1.0,2.0,2026-06-25
n28716824a,noon,grocery,"dried beans, grains and rice",egyptian white rice 1kg,107.0,al doha,1,1.0,790.0,2026-06-25
z0df8b2a4281015953b32z,noon,grocery,"dried beans, grains and rice","بوكس التوفير ( ريحانة أرز فاخر 1 كجم ريحانة أرز جاسمين 1 كجم ريحانة سكر 1 كجم ريحانة دقيق فاخر 1 كجم ريحانة فول تدميس بلدي 500 جم ريحانة فريك 500 جم ريحانة فلفل أحمر مطحون (بابريكا مدخن) 20 جم ريحانة فلفل أسود مطحون 20 جم ريحانة خلطة بهارات مطحونة 20 جم ريحانة شطة بلدى مطحونة 20 جم ريحانة قرفة مطحونة 20 جم ريحانة ملاحة توابل شرق اقصى ريحانة ملاحة مرقة فراخ ريحانة زيت دوار الشمس 0,7 لتر ريحانة خل طبيعي 1 لتر ريجينا مكرونة اسباجتى 400 جم ريجينا مكرونة فرن (قلم)400 جم شعرية ريجينا 400 جم ) 9.15 كجم",107.0,ريحانة,9,18.0,29.0,2026-06-25
n51065327a,noon,grocery,"dried beans, grains and rice",white egyptian rice 1kg single,107.0,dayma,1,1.0,12.0,2026-06-25
n29012926a,noon,grocery,"dried beans, grains and rice",basmati rice 2kg,107.0,abu kass,2,6.0,79.0,2026-06-25
za3a7a22b4af8f239bbbbz,noon,grocery,"dried beans, grains and rice",golden thai long grain rice jar - 1 kg,107.0,mr. food,1,1.0,34.0,2026-06-25
n51285874a,noon,grocery,"dried beans, grains and rice",egyptian rice 5kg,107.0,el tikya,5,1.0,133.0,2026-06-25
n30522033a,noon,grocery,"dried beans, grains and rice",chick peas 500grams,107.0,rehana,500,1.0,26.0,2026-06-25
n28716825a,noon,grocery,"dried beans, grains and rice",egyptian white rice 5kg,107.0,al doha,5,1.0,639.0,2026-06-25
n27719581a,noon,grocery,herbs&spices,whole beans cardamom 40grams,100.0,al doha,40,1.0,25.0,2026-06-25
z7da153adb9428c51a226z,noon,grocery,herbs&spices,chios mistaka 10g,100.0,chios mastic,10,1.0,17.0,2026-06-25
z7b0867417e671e6e0e98z,noon,grocery,herbs&spices,tandoori chicken seasoning,100.0,brava,35,1.0,4.0,2026-06-25
n52511266a,noon,grocery,herbs&spices,cloves shaker 30grams,100.0,dayma,30,1.0,7.0,2026-06-25
z632a49941407aa6d5065z,noon,grocery,herbs&spices,"seven spice chicken stock cubes, 48 ​​cubes - esnad",100.0,esnad,90,48.0,,2026-06-25
zdfbf4774165181954394z,noon,grocery,herbs&spices,roasted chicken 50g – pack of 6,108.0,weals food,50,6.0,,2026-06-25
z2b3612b53284ca0d8e78z,noon,grocery,herbs&spices,"savorya fine ground cumin powder – 200g | natural spice for cooking, seasoning & middle eastern recipes",100.0,savorya,200,1.0,18.0,2026-06-25
zcb57001d5c1b02e76beez,noon,grocery,herbs&spices,himalaya salt 1kg,100.0,ragab el attar,1,1.0,18.0,2026-06-25
z99cc28a1b99c7df967a5z,noon,grocery,herbs&spices,garlic powder 100 grams,45.0,ragab el attar,100,1.0,18.0,2026-06-25
z93f7696d90486779e980z,noon,grocery,herbs&spices,flaxseed 150 gm,100.0,zary,150,1.0,17.0,2026-06-25
z8598f53a01d4f8aae56az,noon,grocery,herbs&spices,cloves 50 gm,100.0,saltana,50,1.0,9.0,2026-06-25
n38731577a,noon,grocery,herbs&spices,all purpose seasoning 250grams,105.0,vegeta,250,1.0,8.0,2026-06-25
z1f96eea2b50af3ef2c1cz,noon,grocery,herbs&spices,kabsa spices 100 gm,135.0,zary,100,1.0,5.0,2026-06-25
z60691d96bed1e36c1e9az,noon,grocery,herbs&spices,wafery fenugreek 250 gm,108.0,zary,250,1.0,12.0,2026-06-25
z53583461920220a66060z,noon,grocery,herbs&spices,black seeds 200 grams,108.0,ragab el attar,200,1.0,20.0,2026-06-25
n28968479a,noon,grocery,herbs&spices,burger mix spices 30grams,165.0,maggi,30,1.0,59.0,2026-06-25
zab5b329985c8353b798cz,noon,grocery,herbs&spices,ragab elattar mistaka 20g,69.0,chios mastic,20,1.0,58.0,2026-06-25
z7156caae0bd8ba7b3552z,noon,grocery,herbs&spices,fayfa ispaghula seeds psyllium seeds 150g,108.0,fayfa,150,1.0,1.0,2026-06-25
n48449708a,noon,grocery,herbs&spices,maggi vegetable bouillon 72grams pack of 8,107.0,maggi,72,8.0,39.0,2026-06-25
zb17929badf785fbe7db1z,noon,grocery,herbs&spices,seven spices 35g,108.0,abu auf,35,1.0,35.0,2026-06-25
z4fc0f8f09f96b59a1292z,noon,grocery,herbs&spices,pistachio vanilla matcha masala 125g,107.0,dr. baby,125,1.0,5.0,2026-06-25
z3aeef299158e3983e91ez,noon,grocery,herbs&spices,potato spices 85g,108.0,saltana,85,1.0,36.0,2026-06-25
z9bf556c5ac91e5dda4f3z,noon,grocery,herbs&spices,wafery flaxseed 250 gm,53.0,zary,250,1.0,34.0,2026-06-25
zba20d6d8205c24a150a9z,noon,grocery,herbs&spices,saffron rice spices 110g,108.0,haj arafa,110,1.0,3.0,2026-06-25
z2d81103e4d479cf6b33bz,noon,grocery,herbs&spices,cheesy bechamel 60g – pack of 6,108.0,weals food,60,6.0,,2026-06-25
z0e3d1646aeeaffd3c2d9z,noon,grocery,herbs&spices,tea with pineapple and lemon antioxidant for weight loss and fat burning - 20 bags,107.0,matcha premium japanese,500,20.0,10.0,2026-06-25
zc70e1360362e684f59b6z,noon,grocery,herbs&spices,savurya black seed (nigella sativa) – premium quality herbal seeds – 150g jar for natural wellness & immune support,69.0,savorya,150,1.0,18.0,2026-06-25
z01177c146f7a145546fez,noon,grocery,herbs&spices,natural licorice root herb – 280g | naturally sweet flavor & multi-use,108.0,spicekick,280,1.0,,2026-06-25
zbdcd796fa70da2a91c97z,noon,grocery,herbs&spices,smoked paprika 35g,45.0,abu auf,35,1.0,34.0,2026-06-25
z30e12f8b1ccf103374f8z,noon,grocery,herbs&spices,"savoria organic and pure cinnamon sticks for cooking, baking, drinks and flavorings, 90g",45.0,savorya,90,1.0,18.0,2026-06-25
z2b1c1272ef68c3965428z,noon,grocery,herbs&spices,fine black pepper 85 gm,45.0,ragab el attar,85,1.0,20.0,2026-06-25
z62c2d5cb4cf633c90eb7z,noon,grocery,herbs&spices,sesame 100 gm,53.0,zary,100,1.0,28.0,2026-06-25
n28849773a,noon,grocery,herbs&spices,seven spices 70grams,108.0,abu auf,70,1.0,54.0,2026-06-25
zfcfe930de6eb426b16ecz,noon,grocery,herbs&spices,star anise 70gm,108.0,imtenan,70,1.0,12.0,2026-06-25
z0c8f1226f0d4c14e33bbz,noon,grocery,herbs&spices,savorya 7 spices - 100% natural middle eastern spice blend for cooking & grilling - 200g jar,108.0,savorya,7,1.0,18.0,2026-06-25
zdb6a6036d80817c83417z,noon,grocery,herbs&spices,pure moringa powder - 50 gm,108.0,dhyaan house,50,1.0,70.0,2026-06-25
zbfff1c66a4d65c9bb2acz,noon,grocery,herbs&spices,"qassim saffron mixture for arabic coffee, 125g",108.0,al qassim,125,1.0,6.0,2026-06-25
za99ebbf765c82af4c967z,noon,grocery,herbs&spices,سمسم محمص طبيعي من سافوريا - 150 جرام - حبوب كاملة عالية الجودة ومقرمشة,53.0,سافوريا,150,1.0,18.0,2026-06-25
n45183943a,noon,grocery,herbs&spices,curry powder 75grams,36.0,abu auf,75,1.0,21.0,2026-06-25
ze22f82341107e0c52596z,noon,grocery,herbs&spices,chicken broth 85 grams,108.0,spicekick,85,1.0,1.0,2026-06-25
z533dd50f9c3ca19ed5e8z,noon,grocery,herbs&spices,mix grill 50g – pack of 6,108.0,weals food,50,6.0,,2026-06-25
z250bfe88c6b2553ac05ez,noon,grocery,herbs&spices,oriental gum 80 gm,53.0,abu auf,80,1.0,9.0,2026-06-25
z2f92db3d4fd3a493c13cz,noon,grocery,herbs&spices,"savorya natural whole cumin seeds - pure & aromatic spices - premium quality airtight jar (specify weight, e.g., 200g)",69.0,savorya,200,1.0,18.0,2026-06-25
n30522040a,noon,grocery,herbs&spices,coriander powder 20grams,108.0,rehana,20,1.0,21.0,2026-06-25
z26f2a2d02efbcd675bcdz,noon,grocery,herbs&spices,shawarma mix - 30g,45.0,maggi,30,1.0,64.0,2026-06-25
n29761994a,noon,grocery,herbs&spices,bread crumbs 300grams,53.0,al doha,300,1.0,91.0,2026-06-25
n28968480a,noon,grocery,herbs&spices,hawawshi mix spices 35grams,165.0,maggi,35,1.0,63.0,2026-06-25
z5a7b99375dadf0ffa8eez,noon,grocery,herbs&spices,wafery sesame 250 gm,108.0,zary,250,1.0,32.0,2026-06-25
z5a59ab4292e7e77ad06cz,noon,grocery,herbs&spices,savorya natural whole black pepper corns - 100% pure & aromatic spices - 200g jar,108.0,savorya,200,1.0,2.0,2026-06-25
n48059454a,noon,grocery,herbs&spices,kofta mix 35grams,108.0,maggi,35,1.0,75.0,2026-06-25
z364ce2e6e46f2b0ba10bz,noon,grocery,herbs&spices,al alali chicken cubes – 24 count | rich & flavorful chicken stock cubes for cooking,826.0,al alali,250,24.0,,2026-06-25
z22704b66aa8aa9f902f1z,noon,grocery,herbs&spices,فولفيك أسيد الهيمالايا هو نفسه شيلاجيت الهيمالايا الغني بالمعادن - تركيز 2% - أكثر من 84 معدنًا,53.0,generic,50,1.0,1.0,2026-06-25
n49773872a,noon,grocery,herbs&spices,chicken lebanese mashawy 30grams,108.0,maggi,30,1.0,68.0,2026-06-25
z56135e3ebba7f3f5467fz,noon,grocery,herbs&spices,fine himalayan salt 650 grams,108.0,imtenan,650,1.0,37.0,2026-06-25
z4db1bb4fb88a019a9de2z,noon,grocery,herbs&spices,fries seasoning 25 grams,69.0,al doha,25,1.0,32.0,2026-06-25
n28968477a,noon,grocery,herbs&spices,bechamel mix spices 70grams,45.0,maggi,70,1.0,65.0,2026-06-25
zb0e90a02eb45652650c1z,noon,grocery,herbs&spices,"greek mastic, chios island, 10 grams",107.0,eama,10,1.0,,2026-06-25
n28727581a,noon,beverages,juice,classic orange juice 1liters,517.0,juhayna,1,1.0,30.0,2026-06-25
z69ce931c4ddb8e43c267z,noon,beverages,juice,gold red grape sparkling fruit juice 250 ml,517.0,may,250,1.0,2.0,2026-06-25
n29595368a,noon,beverages,juice,mango juice 1liters,107.0,juhayna,1,1.0,24.0,2026-06-25
n29762192a,noon,beverages,juice,pure mango and peach juice 1liters,107.0,juhayna,1,1.0,14.0,2026-06-25
n29762175a,noon,beverages,juice,doum juice 1liters,485.0,isis,1,1.0,2.0,2026-06-25
z69a85b0469087bb9cb02z,noon,beverages,juice,mango juice 300g,107.0,bona,300,1.0,5.0,2026-06-25
z4362908594b53001996bz,noon,beverages,juice,ship brand original tamarind paste - value pack of 6 (6 x 150g) | natural & pure for refreshing drinks and gourmet recipes,517.0,ship,150,6.0,,2026-06-25
z834c73dc55e50f26a0c0z,noon,beverages,juice,pinacolada fruit drink- 1 liters,37.0,juhayna,1,1.0,15.0,2026-06-25
n29595481a,noon,beverages,juice,tamr-hendi 1liters,107.0,isis,1,1.0,,2026-06-25
z13311e5d0bf60a97ff9ez,noon,beverages,juice,natch pineapple natural punch 40g,517.0,chew chew,40,1.0,2.0,2026-06-25
zd1d357f75ee93109065cz,noon,beverages,juice,natural hibiscus juice,107.0,isis,250,1.0,,2026-06-25
zfc496b8699cb9fbc6d30z,noon,beverages,juice,dreem fruty orange flavor soft drink powder - 750g,517.0,dreem,750,1.0,,2026-06-25
zb284dae4033e00afe0fez,noon,beverages,juice,strawberry juice 300g,517.0,bona,300,1.0,3.0,2026-06-25
z0ebecc3801c1fc62b66cz,noon,beverages,juice,peach juice 400 grams,484.0,haj arafa,400,1.0,3.0,2026-06-25
z08f24fbda79cf4f13dc1z,noon,beverages,juice,orange juice 400 grams,517.0,haj arafa,400,2.0,4.0,2026-06-25
z8c4ced9923235acb59bdz,noon,beverages,juice,yalla smoozy pink lemonade box 10 sachets,485.0,noon,90,10.0,1.0,2026-06-25
zc917f690a410b7fcac88z,noon,beverages,juice,tamarind juice 300g,79.25,bona,300,1.0,6.0,2026-06-25
n29595479a,noon,beverages,juice,hibiscus juice 1liters,107.0,isis,1,1.0,2.0,2026-06-25
zf37592c34b99239f731az,noon,beverages,juice,mon cherry fruit drink- 1 liters,107.0,juhayna,1,1.0,10.0,2026-06-25
zd218554ded8f97538c7az,noon,beverages,juice,mogu mogu blackcurrant juice with nata de coco – 320ml (pack of 3) – refreshing berry drink with chewy coconut jelly pieces – snack in a drink,107.0,mogu mogu,320,3.0,,2026-06-25
z909cf980c00b638488dfz,noon,beverages,juice,natch cherry natural fruit punch 40g,280.0,chew chew,40,10.0,3.0,2026-06-25
zd745b2d780c6c99d2a86z,noon,beverages,juice,yalla smoozy mixed berries box 10 sachets,107.0,noon,500,2.0,,2026-06-25
zafdda8b25802646e8e42z,noon,beverages,juice,juice promo 5+1- apple 235 ml pack of 6,107.0,beyti,235,6.0,6.0,2026-06-25
z83de71f333174c4eac1ez,noon,beverages,juice,sun top mixed berry juice - pack of 6 - 250ml,107.0,suntop,250,6.0,,2026-06-25
z2a1206f1f0a2f572ea99z,noon,beverages,juice,natch pomegranate natural fruit punch 40g,107.0,chew chew,40,1.0,,2026-06-25
z3b7c1eeacd572bb4b512z,noon,beverages,juice,qamar al-din juice 300g,107.0,bona,300,1.0,5.0,2026-06-25
z355709ea194323376e6cz,noon,beverages,juice,apple juice 400 grams,280.0,haj arafa,400,10.0,4.0,2026-06-25
z9a4a4d0088c3e44d1b4cz,noon,beverages,juice,عصير فواكه كي دي دي – مزيج المانجو والعنب | مشروب عصير منعش بنكهة فواكه لذيذة وطبيعي عبوه واحده ة,107.0,كي دي دي,500,12.0,,2026-06-25
z8c7fed0690ed625f6480z,noon,beverages,juice,bestsoy corn soya bean drink – 320ml (pack of 6) – nutritious plant-based milk alternative – creamy soy & sweet corn blend – refreshing high-protein beverage,107.0,bestsoy,320,6.0,,2026-06-25
z0ce43503cc18aea4af63z,noon,beverages,juice,natural tamarind juice 250 ml,107.0,isis,250,1.0,2.0,2026-06-25
z3fd1b503cb5099593014z,noon,beverages,juice,pineapple juice 400 grams,280.0,haj arafa,400,10.0,,2026-06-25
z15e5c50906916e7f875ez,noon,beverages,juice,"mogu mogu passion fruit drink with nata de coco, refreshing tropical beverage with chewy coconut bits, 320ml (pack of 3)",107.0,mogu mogu,320,3.0,,2026-06-25
za600d6fac903e983bd2az,noon,beverages,juice,natural doum juice,107.0,isis,250,1.0,,2026-06-25
n35958817a,noon,beverages,juice,gold sparkling fruit juice white grape flavour 750ml,107.0,may,750,1.0,5.0,2026-06-25
zfa3e58a8926ced337226z,noon,beverages,juice,"mogu mogu mango flavored drink with nata de coco, chewy tropical beverage, 3 x 320ml",107.0,mogu mogu,320,1.0,,2026-06-25
z9aac2a64a13a96fe4c26z,noon,beverages,juice,mogu mogu pineapple juice with nata de coco – 320ml (pack of 3) – refreshing tropical drink with chewy coconut jelly pieces,107.0,mogu mogu,320,3.0,,2026-06-25
z465341d35a1eaf834422z,noon,beverages,juice,مشروب عصير الربيع، نكهة الكيوي والليمون المنعشة، عبوة من 3 × 185 مل,107.0,الربيع,185,3.0,,2026-06-25
zeb5168014be9795e8fa4z,noon,beverages,juice,yalla smoozy mojito box 10 sachets,107.0,noon,500,10.0,3.0,2026-06-25
n29595366a,noon,beverages,juice,classic apple and pear juice 1liters,107.0,juhayna,1,1.0,16.0,2026-06-25
zdee3ef3181500a7b35ebz,noon,beverages,juice,pineapple juice 300g,107.0,bona,300,1.0,5.0,2026-06-25
n29595370a,noon,beverages,juice,classic apple juice 1liters,280.0,juhayna,1,10.0,41.0,2026-06-25
n29762195a,noon,beverages,juice,classic red grapes juice 1liters,280.0,juhayna,1,10.0,32.0,2026-06-25
z4d964aa3c875411cf168z,noon,beverages,juice,"kdd 100% pure apple juice, no added sugar/preservatives, natural sweet taste, pack of 3 x 180ml",107.0,kdd,180,3.0,,2026-06-25
z2d2919186d6d66a7174fz,noon,beverages,juice,concentrated orange juice powder - 20 sachets - 10 gram,107.0,5 minutes,10,20.0,,2026-06-25
z454d7671b510a93c01bdz,noon,beverages,juice,lemon mint juice 400 grams,107.0,haj arafa,400,1.0,4.0,2026-06-25
n35958785a,noon,beverages,juice,basil seed red apple 290ml,107.0,free go,290,1.0,4.0,2026-06-25
z4c5570155841bd580879z,noon,beverages,juice,"alrai apple & grape juice drink 125ml, mixed fruit juice beverage, convenient kids juice pack, pack of 6",107.0,al rai,125,6.0,,2026-06-25
z0e67ae08e0f3e7249567z,noon,beverages,juice,natch strawberry natural juice shots 40g,107.0,chew chew,40,1.0,,2026-06-25
ze47d0d9e3319dbbcfc13z,noon,beverages,juice,mango juice 400 grams,107.0,haj arafa,400,1.0,2.0,2026-06-25
n29762190a,noon,beverages,juice,pure apple juice 1liters,107.0,juhayna,1,1.0,21.0,2026-06-25
n33645784a,noon,grocery,oils,corn oil 3.5liters,269.0,crystal,3,1.0,296.0,2026-06-25
n27711259a,noon,grocery,oils,yellow vegetable ghee 2.5kg,269.0,crystal,2,1.0,185.0,2026-06-25
n43406260a,noon,grocery,oils,extra virgin olive oil - 1liters,269.0,iliada,1,1.0,1.0,2026-06-25
n44048417a,noon,grocery,oils,corn oil 2.2liters,269.0,afia,2,1.0,496.0,2026-06-25
z59c8c0ecffe69b8bd0dfz,noon,grocery,oils,organic apple cider vinegar 295ml with the mothers,269.0,bragg,295,1.0,51.0,2026-06-25
z7a705b434ab5aa45c1fdz,noon,grocery,oils,natural apple vinegar - 300 ml,269.0,negmet el zeitoun,300,1.0,356.0,2026-06-25
n27711268a,noon,grocery,oils,sunflower oil 5liters,269.0,crystal,5,1.0,1338.0,2026-06-25
n27711419a,noon,grocery,oils,sunflower oil 2.25liters,269.0,al-asil,2,1.0,163.0,2026-06-25
n28863020a,noon,grocery,oils,sunflower oil 2.2liters,269.0,crystal,2,1.0,557.0,2026-06-25
z9f7fd8a31012fe0425d3z,noon,grocery,oils,mixed oil 2.5 liters,269.0,el momtaz,2,1.0,67.0,2026-06-25
n29595408a,noon,grocery,oils,extra virgin olive oil 2liters,269.0,wadi food,2,1.0,6.0,2026-06-25
zc549b0b2dc1f6a1c88b6z,noon,grocery,oils,extra virgan olive oil 1l,269.0,nuri,1,1.0,3.0,2026-06-25
z6ad2d0a28a083e6a5031z,noon,grocery,oils,organic apple cider vinegar 250ml,269.0,imtenan,250,1.0,25.0,2026-06-25
ze84796f2fd278046ce0az,noon,grocery,oils,new zealand butter flavored ghee super 1.5 kg,269.0,ganna,1,1.0,67.0,2026-06-25
n27711426a,noon,grocery,oils,sunflower oil 2.25liters,269.0,halla,2,1.0,162.0,2026-06-25
z97edb404ff7202385192z,noon,grocery,oils,butter spray low calorie 200ml,269.0,spritz,200,4.0,9.0,2026-06-25
n27711434a,noon,grocery,oils,mixed oil 4.5liters,269.0,qaleya,4,1.0,374.0,2026-06-25
n28863155a,noon,grocery,oils,sunflower oil 2.1liters,269.0,slite,2,1.0,304.0,2026-06-25
z973893e1b21c4f518889z,noon,grocery,oils,al tayebat pure organic apple vinegar 330ml raw unfiltered,269.0,altayebat,330,1.0,25.0,2026-06-25
z54e6c7698a058c411fc5z,noon,grocery,oils,natural virgin coconut oil 400g,269.0,elhawag,400,1.0,25.0,2026-06-25
n28863089a,noon,grocery,oils,mixed oil 4.5liters,269.0,helwa,4,1.0,864.0,2026-06-25
n51065283a,noon,grocery,oils,ghee 700grams,269.0,ganna,700,1.0,86.0,2026-06-25
n30522054a,noon,grocery,oils,natural vinegar 1liters,269.0,rehana,1,1.0,153.0,2026-06-25
n28863088a,noon,grocery,oils,mixed oil 2.25liters,269.0,helwa,2,1.0,556.0,2026-06-25
n34324120a,noon,grocery,oils,pure butter oil 2kg,269.0,sheraton,2,1.0,94.0,2026-06-25
n27711430a,noon,grocery,oils,mixed oil 4.5liters,269.0,hedeya,4,1.0,223.0,2026-06-25
n27711433a,noon,grocery,oils,mixed oil 2.1liters,269.0,qaleya,2,1.0,111.0,2026-06-25
n34324125a,noon,grocery,oils,natural butter ghee 1.6kg,269.0,haloub al missalia,1,1.0,30.0,2026-06-25
n28863154a,noon,grocery,oils,sunflower oil 1.5liters,269.0,slite,1,1.0,286.0,2026-06-25
z43f7e0c4e79615a38cd5z,noon,grocery,oils,onic naturally yours | extra virgin coconut oil – 300ml | 100% pure & unrefined | cold-pressed from fresh coconut flesh | easy-open tin can with cap,269.0,onic,300,1.0,18.0,2026-06-25
z51a970caac55d23a4d20z,noon,grocery,oils,organic fermented apple cider vinegar 946ml,269.0,california egmont,946,1.0,154.0,2026-06-25
z5ff076e252f2a23f84d4z,noon,grocery,oils,"organic mct oil (c8 + c10 + c12), 16 fl oz (473 ml}",269.0,sports research,473,1.0,4.0,2026-06-25
n29980049a,noon,grocery,oils,mixed oil 2.1liters,269.0,hanady,2,1.0,391.0,2026-06-25
zca607809af6ccf86e40cz,noon,grocery,oils,extra virgin olive oil 1 litre,269.0,basso,1,1.0,1.0,2026-06-25
n52406599a,noon,grocery,oils,white natural vinegar 900ml,269.0,haboba,900,8.0,130.0,2026-06-25
n48665691a,noon,grocery,oils,organic apple cider vinegar 500ml,269.0,varvello,500,1.0,53.0,2026-06-25
zbfc2421b010f07cccacez,noon,grocery,oils,sunflower oil 4.5l,269.0,helwa,4,1.0,157.0,2026-06-25
z59c7be0562f2b1566cfbz,noon,grocery,oils,greek extra virgin olive oil 1000 ml,269.0,greek,1000,1.0,34.0,2026-06-25
n52521654a,noon,grocery,oils,keshta ghee 1.5kg,269.0,rawaby,1,5.0,171.0,2026-06-25
n27711429a,noon,grocery,oils,mixed oil 2.1liters,269.0,hedeya,2,1.0,138.0,2026-06-25
n30429819a,noon,grocery,oils,corn oil spray 200ml,269.0,crystal,200,1.0,285.0,2026-06-25
n44940201a,noon,grocery,oils,corn oil plus 2.2liters,269.0,afia,2,1.0,188.0,2026-06-25
n53127673a,noon,grocery,oils,syrian olive oil 250ml,269.0,daria,250,1.0,17.0,2026-06-25
n28863024a,noon,grocery,oils,corn oil 2.2liters,269.0,crystal,2,1.0,253.0,2026-06-25
n34324122a,noon,grocery,oils,pure butter oil 800grams,269.0,sheraton,800,1.0,123.0,2026-06-25
n44048419a,noon,grocery,oils,sunflower oil 2.2liters,269.0,afia,2,1.0,269.0,2026-06-25
n27711266a,noon,grocery,oils,sunflower oil 1.6liters,269.0,crystal,1,1.0,216.0,2026-06-25
n27711428a,noon,grocery,oils,mixed oil 1liters,269.0,hedeya,1,1.0,116.0,2026-06-25
n41989346a,noon,grocery,oils,natural red vinegar 900ml,269.0,negmet el zeitoun,900,1.0,49.0,2026-06-25
z9df47eb0aaafae650436z,noon,grocery,oils,black seed oil ( pure 100 % ),269.0,ayurveda egypt,15,1.0,4.0,2026-06-25
z9cbb2e86cd59910b9530z,noon,grocery,salt,rich diet stevia natural sweetener 250g jar(1*2),269.0,rich diet,250,1.0,,2026-06-25
z575fbb6dd7c96c084733z,noon,grocery,salt,pure time stevia 200 gm,269.0,stevia,200,6.0,,2026-06-25
z8389fd302bd68f8e822fz,noon,grocery,salt,sugar monk fruit (monk fruit) 200g,269.0,right nutrition,200,6.0,2.0,2026-06-25
z615ec19d15a5ee752053z,noon,grocery,salt,sweetener tablets 1200 sticks 72grams,269.0,generic,72,50.0,4.0,2026-06-25
zca44e8945c7181306d27z,noon,grocery,salt,himalayan coarse salt 250 grams,82.0,imtenan,250,1.0,11.0,2026-06-25
z8b763b38ee8fed974772z,noon,grocery,salt,sweetener tablets 1200 sticks 72grams,269.0,generic,72,1200.0,,2026-06-25
z3c0d19d75cb00bc5f271z,noon,grocery,salt,"mivolis vitamin c effervescent tablets, blood orange flavor, sugar-free, 20 count",269.0,mivolis,15,20.0,,2026-06-25
zeec1bbc4690829c6642ez,noon,grocery,salt,sweetal 300 tablets,269.0,sweetal,15,300.0,,2026-06-25
z5f7cc2c0ed74bdb8ba9dz,noon,grocery,salt,splenda sugar alternative tablets - 100 tablets,269.0,splendays,15,100.0,2.0,2026-06-25
za86a3d48b4cd6f3befbcz,noon,grocery,salt,richmix white sugar – 120 easy‑open 5g sticks – premium hospitality pack,269.0,rich mix,5,1.0,,2026-06-25
z99dfc7cd9b4509b84ecbz,noon,grocery,salt,brown sugar bag,269.0,imtenan,750,12.0,,2026-06-25
z4afbe219801e506eae10z,noon,grocery,salt,diet sugar - 250 sachets (1 spoon),269.0,so sweet,250,250.0,,2026-06-25
z16f46fd51ab5d5a97e5bz,noon,grocery,salt,rich almond sugar substitute – box of 75 sachets (2 spoon equivalents per sachet),269.0,rich diet,15,6.0,7.0,2026-06-25
z1b33fa6fa4a47304b4b7z,noon,grocery,salt,"sorbamt 250 grams and sorbamt 50 sachets of 1 gram, special price",269.0,sorbamt,250,50.0,,2026-06-25
z6ea14f4e8c2108a4553fz,noon,grocery,salt,imtenan brown sugar natural - 750 g,269.0,imtenan,750,1.0,,2026-06-25
z26fe7efc1860bffe97cdz,noon,grocery,salt,diet sugar 100 tablet,269.0,diet sweet,15,6.0,,2026-06-25
ze811a1383cae90f86285z,noon,grocery,salt,sweetal diet sugar sweetal 300 tab,269.0,sweetal,15,24.0,28.0,2026-06-25
z90a9b560b342ecb7993cz,noon,grocery,salt,organic coconut sugar 400 grams,269.0,imtenan,400,1.0,8.0,2026-06-25
n52490730a,noon,grocery,salt,stevia 40 sachets.,269.0,stevia,15,6.0,9.0,2026-06-25
zd1f83f917fd0de8e1a3fz,noon,grocery,salt,rich white sugar box 120 packs,269.0,rich diet,15,6.0,3.0,2026-06-25
z6d2f970bc54e2c040c90z,noon,grocery,salt,ريتش سكر بني مكعبات 1 كيلو,269.0,ريتش دايت,1,6.0,1.0,2026-06-25
z56135e3ebba7f3f5467fz,noon,grocery,salt,fine himalayan salt 650 grams,108.0,imtenan,650,1.0,37.0,2026-06-25
z68e540b9ae36c2e816abz,noon,grocery,salt,"eulbat sukar stifya lilhmiat alghidhayiyat min kastilu, 30 mal",269.0,stevia,15,1.0,,2026-06-25
z4a084727520dd6cc4c3az,noon,grocery,salt,imtenan raw brown sugar sachets 100% natural - 100 sachets (400 g),269.0,imtenan,400,1.0,,2026-06-25
zbd6ac40d27573f479334z,noon,grocery,salt,sweetener from stevia leaves healthy and tasty 100 sachets250grams with mug free,269.0,steviana,250,100.0,56.0,2026-06-25
zbe2968ea547cbac03b91z,noon,grocery,salt,pure green sugar alternative stevia powder - 50 gm,269.0,dhyaan house,50,1.0,6.0,2026-06-25
zd59e66ed63b9db0f75b9z,noon,grocery,salt,star diet brown sugar 500gm,269.0,star diet,500,1.0,2.0,2026-06-25
zc67fe6ea6d4cdecc496fz,noon,grocery,salt,stevia original 50 stick packs,269.0,limitless,15,30.0,,2026-06-25
z28265f445f5cbcfb7978z,noon,grocery,salt,white stevia sugar - 50 gm,269.0,dhyaan house,50,6.0,1.0,2026-06-25
zaa66ba43f799d663518bz,noon,grocery,salt,sweet&slim 100 sachets stevia,269.0,stevia,100,100.0,18.0,2026-06-25
z71ae3f716866cae78bcaz,noon,grocery,salt,herbal salt 125 grams,87.0,imtenan,125,1.0,1.0,2026-06-25
ze69786e7e710a043cc88z,noon,grocery,salt,عرض عبوتين سكر دايت مزن 96 كيس 1 جرام -سكر دايت محلى,269.0,مزن,1,6.0,49.0,2026-06-25
z828a9d37599ca34dda67z,noon,grocery,salt,rich brown sugar 100 packets,269.0,rich diet,15,100.0,1.0,2026-06-25
z969336a55aade1604557z,noon,grocery,salt,el doha white sugar - 10 bags (1kg each),269.0,el doha,1,12.0,1.0,2026-06-25
zbf98d9036be8accc3dd1z,noon,grocery,salt,diet sugar - 75 sachets (1 spoon),269.0,so sweet,250,6.0,,2026-06-25
zd181e210f0b6bf1c36f1z,noon,grocery,salt,"nocal drops 30 ml, half a spoonful",269.0,nocal,30,6.0,8.0,2026-06-25
zb1b86ed6cf2359eb137az,noon,grocery,salt,himalayan salt 200g fine,105.0,shana,200,1.0,,2026-06-25
zf44b7dd8e3a083ff5927z,noon,grocery,salt,nan,,nan,250,1.0,,2026-06-25
z6cbf7a0b098730818a98z,noon,grocery,salt,nan,,nan,250,1.0,,2026-06-25
z1ed06086679ae0b7d7edz,noon,grocery,salt,nan,,nan,250,1.0,,2026-06-25
z6ee9327e2a0ef30e251bz,noon,grocery,salt,nan,,nan,250,1.0,,2026-06-25
z324b67c7cac83393b4cdz,noon,grocery,salt,nan,,nan,250,1.0,,2026-06-25
z36faf525aa6ba28b954cz,noon,grocery,salt,nan,,nan,250,1.0,,2026-06-25
z5a7bc410617d5db18dbdz,noon,grocery,salt,nan,,nan,250,1.0,,2026-06-25
z184208855698486b6efaz,noon,grocery,salt,nan,,nan,250,1.0,,2026-06-25
zd9cbb12c91c8ce3612e6z,noon,grocery,salt,nan,,nan,250,1.0,,2026-06-25
ze4df6f113fa3920a06fdz,noon,grocery,salt,nan,,nan,250,1.0,,2026-06-25
zf43dbab607ab32f13ad1z,noon,grocery,salt,nan,,nan,250,1.0,,2026-06-25
n28727462a,noon,grocery,salt,nan,,nan,250,1.0,,2026-06-25
z4151592fee1618277ea5z,noon,grocery,salt,nan,,nan,250,1.0,,2026-06-25
z0105b3a9415d9e9c4f2az,noon,grocery,salt,nan,,nan,250,1.0,,2026-06-25
z4a43c5a4230ccb8faac5z,noon,grocery,salt,nan,,nan,250,1.0,,2026-06-25
z618e870cfc0b968a93a7z,noon,grocery,salt,nan,,nan,250,1.0,,2026-06-25
n51077867a,noon,grocery,salt,nan,,nan,250,1.0,,2026-06-25
z5fbe6f102b8273a5b0efz,noon,grocery,salt,nan,,nan,250,1.0,,2026-06-25
z2c5f118a0810e99d6a4az,noon,grocery,salt,nan,,nan,250,1.0,,2026-06-25
z255962e8eb2687bfd52dz,noon,grocery,salt,nan,,nan,250,1.0,,2026-06-25
zac11ae368286a56270edz,noon,grocery,salt,nan,,nan,250,1.0,,2026-06-25
zb81602f43da6eb6f2dafz,noon,grocery,salt,nan,,nan,250,1.0,,2026-06-25
z9164dc1530c8ffa51c2dz,noon,grocery,salt,nan,,nan,250,1.0,,2026-06-25
zc5c255d7d4cb7625b574z,noon,grocery,salt,nan,,nan,250,1.0,,2026-06-25
zbe22e1a3260aca519ba4z,noon,grocery,salt,nan,,nan,250,1.0,,2026-06-25
z8fc17d0e4446cdd45a07z,noon,grocery,salt,nan,,nan,250,1.0,,2026-06-25
n52406600a,noon,grocery,salt,nan,,nan,250,1.0,,2026-06-25
z0dc8c9e724b0ad5616d2z,noon,grocery,salt,nan,,nan,250,1.0,,2026-06-25
z8e6c741b98919f5d4fcdz,noon,grocery,salt,nan,,nan,250,1.0,,2026-06-25
n49538602a,noon,grocery,salt,nan,,nan,250,1.0,,2026-06-25
z1e94ab21b851167b1259z,noon,grocery,salt,nan,,nan,250,1.0,,2026-06-25
z06febdfbaa247b65b355z,noon,grocery,salt,nan,,nan,250,1.0,,2026-06-25
zaa1e7e43d79e69719667z,noon,grocery,salt,nan,,nan,250,1.0,,2026-06-25
z23434a354467c9e72388z,noon,grocery,salt,nan,,nan,250,1.0,,2026-06-25
n42247368a,noon,grocery,salt,nan,,nan,250,1.0,,2026-06-25
n30522024a,noon,grocery,salt,nan,,nan,250,1.0,,2026-06-25
zb592fddad475b4793b77z,noon,grocery,salt,nan,,nan,250,1.0,,2026-06-25
z7331571b921d2045f3d2z,noon,grocery,salt,nan,,nan,250,1.0,,2026-06-25
zcfaa95a78ac4bd83c97bz,noon,grocery,salt,nan,,nan,250,1.0,,2026-06-25
n43255572a,noon,grocery,salt,nan,,nan,250,1.0,,2026-06-25
z06a526a37a3fbf127aaaz,noon,grocery,salt,nan,,nan,250,1.0,,2026-06-25
z9183049c0231e2375c3fz,noon,grocery,salt,nan,,nan,250,1.0,,2026-06-25
z9e3878cce5b3d89aade3z,noon,grocery,salt,nan,,nan,250,1.0,,2026-06-25
n49538603a,noon,grocery,salt,nan,,nan,250,1.0,,2026-06-25
z97628314fcc745afffa9z,noon,grocery,salt,nan,,nan,250,1.0,,2026-06-25
z67a96e62dad141726142z,noon,grocery,salt,nan,,nan,250,1.0,,2026-06-25
z3a7d7ca63c61eec490ddz,noon,grocery,salt,nan,,nan,250,1.0,,2026-06-25
z615b596f17b0df99e1a3z,noon,grocery,salt,nan,,nan,250,1.0,,2026-06-25
zcb57001d5c1b02e76beez,noon,grocery,salt,nan,,nan,250,1.0,,2026-06-25
n52343966a,noon,grocery,salt,nan,,nan,250,1.0,,2026-06-25
z70ff63c37cc33b14cb38z,noon,grocery,salt,nan,,nan,250,1.0,,2026-06-25
z935951562aa4d30680c2z,noon,grocery,salt,nan,,nan,250,1.0,,2026-06-25
zab178d48bd827ffd7765z,noon,grocery,salt,nan,,nan,250,1.0,,2026-06-25
n52405006a,noon,grocery,salt,nan,,nan,250,1.0,,2026-06-25
z9e5273dffbdc9689764bz,noon,grocery,salt,nan,,nan,250,1.0,,2026-06-25
zb36b00c68b6620beafa1z,noon,grocery,salt,nan,,nan,250,1.0,,2026-06-25
zdd12b468366358ddb00az,noon,grocery,salt,nan,,nan,250,1.0,,2026-06-25
n52405012a,noon,grocery,salt,nan,,nan,250,1.0,,2026-06-25
z947ca96d15954300fa8ez,noon,grocery,salt,nan,,nan,250,1.0,,2026-06-25
zb27e8ae86636fc0387fdz,noon,grocery,salt,nan,,nan,250,1.0,,2026-06-25
z5c57a0fe0fbeb7449abaz,noon,grocery,salt,nan,,nan,250,1.0,,2026-06-25
z05eb1d843490eb58df6bz,noon,grocery,salt,nan,,nan,250,1.0,,2026-06-25
z50ca1dfdbc0c9e6623eaz,noon,grocery,salt,nan,,nan,250,1.0,,2026-06-25
z4debb1a121e4e25748adz,noon,grocery,salt,nan,,nan,250,1.0,,2026-06-25
z96558c059d1fbc39aed7z,noon,grocery,salt,nan,,nan,250,1.0,,2026-06-25
n25260381a,noon,grocery,salt,nan,,nan,250,1.0,,2026-06-25
n30522023a,noon,grocery,salt,nan,,nan,250,1.0,,2026-06-25
z9d89cc6ff75761d223fez,noon,grocery,salt,nan,,nan,250,1.0,,2026-06-25
z5254be0a079bb07af408z,noon,grocery,salt,nan,,nan,250,1.0,,2026-06-25
z4a7cf51d66c36a1748a0z,noon,grocery,salt,nan,,nan,250,1.0,,2026-06-25
za03c8c6cf684efc3d25bz,noon,grocery,salt,nan,,nan,250,1.0,,2026-06-25
z2dab06aec70158ec4b03z,noon,grocery,salt,nan,,nan,250,1.0,,2026-06-25
z3f703372568b5ddb3cd2z,noon,grocery,salt,nan,,nan,250,1.0,,2026-06-25
za1d66715c751d05ae063z,noon,grocery,salt,nan,,nan,250,1.0,,2026-06-25
zb50aa4e3d6f01641c492z,noon,grocery,salt,nan,,nan,250,1.0,,2026-06-25
n43255570a,noon,grocery,salt,nan,,nan,250,1.0,,2026-06-25
n51084544a,noon,grocery,salt,nan,,nan,250,1.0,,2026-06-25
n43255573a,noon,grocery,salt,nan,,nan,250,1.0,,2026-06-25
zd5cad4f23cf3caeed193z,noon,grocery,salt,nan,,nan,250,1.0,,2026-06-25
z2067f2dcd9c200addeaaz,noon,grocery,salt,nan,,nan,250,1.0,,2026-06-25
n52405007a,noon,grocery,salt,nan,,nan,250,1.0,,2026-06-25
n44808136a,noon,grocery,salt,nan,,nan,250,1.0,,2026-06-25
z24d86337832c5e6685bcz,noon,grocery,salt,nan,,nan,250,1.0,,2026-06-25
z38475f498ab58ae21671z,noon,grocery,salt,nan,,nan,250,1.0,,2026-06-25
z7eddc9a83767eba1b29fz,noon,grocery,salt,nan,,nan,250,1.0,,2026-06-25
z36f9ce1fddd9d270d702z,noon,grocery,salt,nan,,nan,250,1.0,,2026-06-25
n52405008a,noon,grocery,salt,nan,,nan,250,1.0,,2026-06-25
z5dd732fcc7ad5b4a7efaz,noon,grocery,salt,nan,,nan,250,1.0,,2026-06-25
n43255571a,noon,grocery,salt,nan,,nan,250,1.0,,2026-06-25
zfae9166159bcd6c6fbefz,noon,grocery,salt,nan,,nan,250,1.0,,2026-06-25
z65ec0eec1f777192a2faz,noon,grocery,salt,nan,,nan,250,1.0,,2026-06-25
n29595529a,noon,grocery,salt,nan,,nan,250,1.0,,2026-06-25
za5c1509f7b86bdb48192z,noon,grocery,salt,nan,,nan,250,1.0,,2026-06-25
zd436ea9815530e14c7c3z,noon,grocery,salt,nan,,nan,250,1.0,,2026-06-25
z05288297eb8e26503081z,noon,grocery,salt,nan,,nan,250,1.0,,2026-06-25
zbae2c5a984f08e975562z,noon,grocery,salt,nan,,nan,250,1.0,,2026-06-25
zf6375b25d4a35445f417z,noon,grocery,salt,nan,,nan,250,1.0,,2026-06-25
n52405010a,noon,grocery,salt,nan,,nan,250,1.0,,2026-06-25
z1ab2a731be1be8135e98z,noon,grocery,salt,nan,,nan,250,1.0,,2026-06-25
z33a3b1de558d05c0a68fz,noon,grocery,salt,nan,,nan,250,1.0,,2026-06-25
z4f40fbed2d74a45b8d75z,noon,grocery,salt,nan,,nan,250,1.0,,2026-06-25
n28727470a,noon,grocery,salt,nan,,nan,250,1.0,,2026-06-25
z2060e5b6881179de476ez,noon,grocery,salt,nan,,nan,250,1.0,,2026-06-25
z4d36aec4adaa2b554c69z,noon,grocery,salt,nan,,nan,250,1.0,,2026-06-25
zda16c7e20646f7cd907dz,noon,grocery,salt,nan,,nan,250,1.0,,2026-06-25
z621b5c8b43f3ad17e6eez,noon,grocery,salt,nan,,nan,250,1.0,,2026-06-25
za6716caf5ee56ba661a9z,noon,grocery,salt,nan,,nan,250,1.0,,2026-06-25
z9a2e08081992b72e475ez,noon,grocery,salt,nan,,nan,250,1.0,,2026-06-25
za4589ca27908a2f24e65z,noon,grocery,salt,nan,,nan,250,1.0,,2026-06-25
z8034dd068886b1665e5bz,noon,grocery,salt,nan,,nan,250,1.0,,2026-06-25
n52599059a,noon,grocery,salt,nan,,nan,250,1.0,,2026-06-25
z4673f6cac51b8e3bb05dz,noon,grocery,salt,nan,,nan,250,1.0,,2026-06-25
zc2ee90697236aab76380z,noon,grocery,salt,nan,,nan,250,1.0,,2026-06-25
zfa6f28ebeedd095020d8z,noon,grocery,salt,nan,,nan,250,1.0,,2026-06-25
z043c53b7ce0d4ccc8d5dz,noon,grocery,salt,nan,,nan,250,1.0,,2026-06-25
z3204bbec2e71359c52e7z,noon,grocery,salt,nan,,nan,250,1.0,,2026-06-25
z9a24d57a3127aa80f2eaz,noon,grocery,salt,nan,,nan,250,1.0,,2026-06-25
z4ec8170f03eeb25ba748z,noon,grocery,salt,nan,,nan,250,1.0,,2026-06-25
z2925573b59a62c2a7402z,noon,grocery,salt,nan,,nan,250,1.0,,2026-06-25
z977fb9d213753edd72f2z,noon,grocery,salt,nan,,nan,250,1.0,,2026-06-25
z7897c49982c5f8384a38z,noon,grocery,salt,nan,,nan,250,1.0,,2026-06-25
zea36ef2dfdeb28a6b14cz,noon,grocery,salt,nan,,nan,250,1.0,,2026-06-25
zd2d4106ff043f85cd200z,noon,grocery,salt,nan,,nan,250,1.0,,2026-06-25
z3bce0394b65d16f58147z,noon,grocery,salt,nan,,nan,250,1.0,,2026-06-25
z6d92ad4ad54d8ee648faz,noon,grocery,salt,nan,,nan,250,1.0,,2026-06-25
z963a905a6afbe8a06c2ez,noon,grocery,salt,nan,,nan,250,1.0,,2026-06-25
ze3782df275712f09c3e0z,noon,grocery,salt,nan,,nan,250,1.0,,2026-06-25
z20ecb8c1d892dbb7675cz,noon,grocery,salt,nan,,nan,250,1.0,,2026-06-25
n27665625a,noon,grocery,salt,nan,,nan,250,1.0,,2026-06-25
z5c6559b98adee3169af7z,noon,grocery,salt,nan,,nan,250,1.0,,2026-06-25
zd1a8717f9be5868659b1z,noon,grocery,salt,nan,,nan,250,1.0,,2026-06-25
z2d20d3a8644f19d62018z,noon,grocery,salt,nan,,nan,250,1.0,,2026-06-25
z2ab89f8f03837ec3cc9fz,noon,grocery,salt,nan,,nan,250,1.0,,2026-06-25
za1f11487ceaa4cd6c4d8z,noon,grocery,salt,nan,,nan,250,1.0,,2026-06-25
z29bc13f1fe5b3471bf96z,noon,grocery,salt,nan,,nan,250,1.0,,2026-06-25
z23a3b81e6a9ff87d32b1z,noon,grocery,salt,nan,,nan,250,1.0,,2026-06-25
zcefacc28777767f694c6z,noon,grocery,salt,nan,,nan,250,1.0,,2026-06-25
zb798df26dc46303e271fz,noon,grocery,salt,nan,,nan,250,1.0,,2026-06-25
n27665624a,noon,grocery,salt,nan,,nan,250,1.0,,2026-06-25
zb9b46be60d506fa2944fz,noon,grocery,salt,nan,,nan,250,1.0,,2026-06-25
z2b261f5e05899a8eed07z,noon,grocery,salt,nan,,nan,250,1.0,,2026-06-25
zf47837e6c4fdadaaf66ez,noon,grocery,salt,nan,,nan,250,1.0,,2026-06-25
zdce444ef0dba1ee00e9az,noon,grocery,salt,nan,,nan,250,1.0,,2026-06-25
z6714486582e8828916e1z,noon,grocery,salt,nan,,nan,250,1.0,,2026-06-25
z94837a3452a3b1a9fee3z,noon,grocery,salt,nan,,nan,250,1.0,,2026-06-25
zf9116685060148f301efz,noon,grocery,salt,nan,,nan,250,1.0,,2026-06-25
n51077866a,noon,grocery,salt,nan,,nan,250,1.0,,2026-06-25
z52e4630e8c6730965e90z,noon,grocery,salt,nan,,nan,250,1.0,,2026-06-25
z73e59a5c20148e3f1890z,noon,grocery,salt,nan,,nan,250,1.0,,2026-06-25
z7fce3e7084799de1a790z,noon,grocery,salt,nan,,nan,250,1.0,,2026-06-25
n52405011a,noon,grocery,salt,nan,,nan,250,1.0,,2026-06-25
zb606fe97de49967af7fcz,noon,grocery,salt,nan,,nan,250,1.0,,2026-06-25
zbfc5deb635b381c3b6baz,noon,grocery,salt,nan,,nan,250,1.0,,2026-06-25
z050e7124e019c62ffe9dz,noon,grocery,salt,nan,,nan,250,1.0,,2026-06-25
z1bce85785b26ecbec573z,noon,grocery,salt,nan,,nan,250,1.0,,2026-06-25
z95da2897f78aa3d6cbd5z,noon,grocery,salt,nan,,nan,250,1.0,,2026-06-25
z4b1e4542cf0303306f06z,noon,grocery,salt,nan,,nan,250,1.0,,2026-06-25
zf1f7ba6caaf3283fc50az,noon,grocery,salt,nan,,nan,250,1.0,,2026-06-25
z146a781c31b8f0138151z,noon,grocery,salt,nan,,nan,250,1.0,,2026-06-25
z84be4468580bd8aa1622z,noon,grocery,salt,nan,,nan,250,1.0,,2026-06-25
n43255574a,noon,grocery,salt,nan,,nan,250,1.0,,2026-06-25
zf44b7dd8e3a083ff5927z,noon,grocery,salt,steviana sugar-free stevia sweetener powder 200g,269.0,steviana,200,6.0,20.0,2026-06-25
z6cbf7a0b098730818a98z,noon,grocery,salt,monk fruit sugar 50 sticks,269.0,right nutrition,15,6.0,1.0,2026-06-25
z1ed06086679ae0b7d7edz,noon,grocery,salt,sweetal diet sugar sweetal stevia jar 250 gram,269.0,sweetal,250,6.0,,2026-06-25
z6ee9327e2a0ef30e251bz,noon,grocery,salt,bundle of 3 white sugar - 3kg mr. food,269.0,mr. food,3,3.0,59.0,2026-06-25
z324b67c7cac83393b4cdz,noon,grocery,salt,sugar monk fruit (monk fruit) 250 gm,269.0,right nutrition,250,96.0,,2026-06-25
z36faf525aa6ba28b954cz,noon,grocery,salt,sugarfree sweetener 250 grams,269.0,la sweet,250,25.0,,2026-06-25
z5a7bc410617d5db18dbdz,noon,grocery,salt,diet sugar 300 tablet,269.0,sweetal,15,25.0,,2026-06-25
z184208855698486b6efaz,noon,grocery,salt,mivolis tropical fruit flavor tablets - 20 effervescent tablets,269.0,mivolis,15,1.0,,2026-06-25
zd9cbb12c91c8ce3612e6z,noon,grocery,salt,castello zero calorie sweetener 300 gm,269.0,stevia,300,6.0,,2026-06-25
ze4df6f113fa3920a06fdz,noon,grocery,salt,sugar tea and cloves,269.0,saltana,15,1.0,2.0,2026-06-25
zf43dbab607ab32f13ad1z,noon,grocery,salt,natural sweetner 220 tablets,269.0,stevia,15,6.0,12.0,2026-06-25
n28727462a,noon,grocery,salt,pink himalayan salt crystals (rocks) 400grams,45.0,abu auf,400,1.0,25.0,2026-06-25
z4151592fee1618277ea5z,noon,grocery,salt,sweet&slim 100 sachets,269.0,sweet & slim,15,100.0,,2026-06-25
z0105b3a9415d9e9c4f2az,noon,grocery,salt,sweetal diet sugar sweetal jar 250 grams,269.0,sweetal,250,6.0,92.0,2026-06-25
z4a43c5a4230ccb8faac5z,noon,grocery,salt,sucralose 250 g – sugar alternative,269.0,rich diet,250,50.0,,2026-06-25
z618e870cfc0b968a93a7z,noon,grocery,salt,rich almond sugar substitute – box of 75 hanging sachets,269.0,rich diet,15,6.0,4.0,2026-06-25
n51077867a,noon,grocery,salt,himalayan natural salt crude 600grams,69.0,dobella,600,1.0,17.0,2026-06-25
z5fbe6f102b8273a5b0efz,noon,grocery,salt,sweetal diet sugar sweetal 100 tab,269.0,sweetal,15,6.0,8.0,2026-06-25
z2c5f118a0810e99d6a4az,noon,grocery,salt,sweetal diet sugar sweetal 75 sachet 1 gram,269.0,sweetal,1,8.0,14.0,2026-06-25
z255962e8eb2687bfd52dz,noon,grocery,salt,chinese salt 250 gm,45.0,seco salt,250,1.0,6.0,2026-06-25
zac11ae368286a56270edz,noon,grocery,salt,"rich sugar substitute, 50-pack, spoon",269.0,rich diet,15,6.0,1.0,2026-06-25
zb81602f43da6eb6f2dafz,noon,grocery,salt,white sugar 1 kg,269.0,alzaeem,1,8.0,69.0,2026-06-25
z9164dc1530c8ffa51c2dz,noon,grocery,salt,brown sugar - 500g,269.0,mr. food,500,1.0,29.0,2026-06-25
zc5c255d7d4cb7625b574z,noon,grocery,salt,brown sugar jar - 400 grams,269.0,dobella,400,1.0,17.0,2026-06-25
zbe22e1a3260aca519ba4z,noon,grocery,salt,richmix natural brown sugar – 120 5g sticks – premium hospitality pack,269.0,rich mix,5,1.0,,2026-06-25
z8fc17d0e4446cdd45a07z,noon,grocery,salt,berry kiwi zero sugar,269.0,elberry_roastery,15,150.0,,2026-06-25
n52406600a,noon,grocery,salt,premium powder sugar 1kg,269.0,haboba,1,12.0,114.0,2026-06-25
z0dc8c9e724b0ad5616d2z,noon,grocery,salt,stevia natural sweetener 100 tablets,269.0,sekem,15,8.0,13.0,2026-06-25
z8e6c741b98919f5d4fcdz,noon,grocery,salt,rich sugar stevia 150 packets,269.0,rich diet,15,6.0,9.0,2026-06-25
n49538602a,noon,grocery,salt,himalayan natural salt soft 650grams,108.0,dobella,650,1.0,61.0,2026-06-25
z1e94ab21b851167b1259z,noon,grocery,salt,سوربامت 250 جرام,269.0,سوربامت,215,100.0,,2026-06-25
z06febdfbaa247b65b355z,noon,grocery,salt,white sugar 5 kg,269.0,saltana,5,24.0,19.0,2026-06-25
zaa1e7e43d79e69719667z,noon,grocery,salt,stevia pure time 220 tablets,269.0,stevia pure time,15,6.0,23.0,2026-06-25
z23434a354467c9e72388z,noon,grocery,salt,stevia pure time 40 sachets 80 g,269.0,stevia pure time,80,40.0,3.0,2026-06-25
n42247368a,noon,grocery,salt,400-bags calorie free sweetener 400grams,269.0,sweet & slim,400,6.0,98.0,2026-06-25
n30522024a,noon,grocery,salt,icing sugar 1kg,269.0,rehana,1,1.0,68.0,2026-06-25
zb592fddad475b4793b77z,noon,grocery,salt,rich sugar substitute – almond sugar – 150 sachets box – 2 sachets per serving,269.0,rich diet,15,6.0,5.0,2026-06-25
z7331571b921d2045f3d2z,noon,grocery,salt,"mozn stevia sugar, 2 spoons, 25% increase offer, 60 sachets instead of 48.",269.0,mozn,15,12.0,7.0,2026-06-25
zcfaa95a78ac4bd83c97bz,noon,grocery,salt,sucra lose 50 packets (2 packs),150.0,right nutrition,2,100.0,,2026-06-25
n43255572a,noon,grocery,salt,120-piece hello! brown sugar sachets set 600grams,269.0,dobella,600,120.0,17.0,2026-06-25
z06a526a37a3fbf127aaaz,noon,grocery,salt,diet sugar 350 tablet,269.0,diet sweet,15,6.0,,2026-06-25
z9183049c0231e2375c3fz,noon,grocery,salt,light brown sugar cubes 500g,269.0,rich diet,500,1.0,2.0,2026-06-25
z9e3878cce5b3d89aade3z,noon,grocery,salt,brown sugar with cinnamon 120 gram,269.0,dobella,120,25.0,,2026-06-25
n49538603a,noon,grocery,salt,himalayan natural salt crude 650grams,108.0,dobella,650,1.0,12.0,2026-06-25
z97628314fcc745afffa9z,noon,grocery,salt,icing sugar (powder sugar) 1k,269.0,mr. food,15,24.0,38.0,2026-06-25
z67a96e62dad141726142z,noon,grocery,salt,zero calorie sweetener 1000 sachets,269.0,splenda,15,1000.0,,2026-06-25
z3a7d7ca63c61eec490ddz,noon,grocery,salt,rich white sugar cubes 1 kg,269.0,rich diet,1,1.0,7.0,2026-06-25
z615b596f17b0df99e1a3z,noon,grocery,salt,suss stoff german diet sugar 1200 pcs,269.0,belbake,15,1200.0,1.0,2026-06-25
zcb57001d5c1b02e76beez,noon,grocery,salt,himalaya salt 1kg,45.0,ragab el attar,1,1.0,18.0,2026-06-25
n52343966a,noon,grocery,salt,sweetener tablets 1200 sticks 72grams,269.0,mivolis,72,6.0,1076.0,2026-06-25
z70ff63c37cc33b14cb38z,noon,grocery,salt,mexicana brown sugar -500 gm,269.0,mr. food,500,12.0,22.0,2026-06-25
z935951562aa4d30680c2z,noon,grocery,salt,sweetal diet sugar sweetal stevia 50 sachet,269.0,sweetal,50,50.0,55.0,2026-06-25
zab178d48bd827ffd7765z,noon,grocery,salt,سكر دايت 1جرام 70كيس,269.0,ستيفيادايت,70,24.0,55.0,2026-06-25
n52405006a,noon,grocery,salt,sukker diet 48 sachets- 2 spoonful -diet sugar sweetener 1grams,269.0,mozn,1,6.0,62.0,2026-06-25
z9e5273dffbdc9689764bz,noon,grocery,salt,imtenan organic coconut sugar 100% natural - 400 g,269.0,imtenan,400,18.0,,2026-06-25
zb36b00c68b6620beafa1z,noon,grocery,salt,steviana sweetener from stevia leaves 50 sachets each pack of 2 (imported),269.0,steviana,15,2.0,35.0,2026-06-25
zdd12b468366358ddb00az,noon,grocery,salt,rich brown sugar bag 100 packets,269.0,rich diet,15,20.0,3.0,2026-06-25
n52405012a,noon,grocery,salt,sukker stevia powder -diet sugar sweetener 200grams,269.0,mozn,200,12.0,110.0,2026-06-25
z947ca96d15954300fa8ez,noon,grocery,salt,lakanto monkfruit classic sweetener 235 g,269.0,lakanto,235,6.0,10.0,2026-06-25
zb27e8ae86636fc0387fdz,noon,grocery,salt,himalayan fine rock salt 150 gram,108.0,dobella,150,1.0,3.0,2026-06-25
z5c57a0fe0fbeb7449abaz,noon,grocery,salt,sweetal diet sugar sweetal 50 sachet 2 grams,269.0,sweetal,2,6.0,55.0,2026-06-25
z05eb1d843490eb58df6bz,noon,grocery,salt,maldon sea salt - 250g,69.0,maldon,250,1.0,,2026-06-25
z50ca1dfdbc0c9e6623eaz,noon,grocery,salt,zero calorie liquid sweetener drops 30 ml,350.0,stevia,30,18.0,,2026-06-25
z1f140e47c6b6b150c3bcz,noon,grocery,salt,himalayan salt (set of 2) 500g,45.0,ragab el attar,500,1.0,,2026-06-25
z4debb1a121e4e25748adz,noon,grocery,salt,steviana natural sweetener from stevia leaves - 37.5g (25 sachets x 1.5g),269.0,steviana,37,6.0,9.0,2026-06-25
z96558c059d1fbc39aed7z,noon,grocery,salt,sweetal diet sugar sweetal stevia jar 250 gram,269.0,sweetal,250,6.0,170.0,2026-06-25
n25260381a,noon,grocery,salt,gold caramel granulated sugar 1kg,269.0,mitr phol,1,1.0,2.0,2026-06-25
n30522023a,noon,grocery,salt,white sugar 1kg,269.0,rehana,1,1.0,314.0,2026-06-25
z9d89cc6ff75761d223fez,noon,grocery,salt,sweet&slim 400 sachets,269.0,sweet & slim,15,6.0,7.0,2026-06-25
z5254be0a079bb07af408z,noon,grocery,salt,uni fructose diet sugar 450 gm,269.0,uni,450,6.0,1.0,2026-06-25
z4a7cf51d66c36a1748a0z,noon,grocery,salt,sweet & slim - stevia 250 gm,269.0,sweet & slim,250,25.0,27.0,2026-06-25
za03c8c6cf684efc3d25bz,noon,grocery,salt,steviana from stevia leaves healthy and tasty 100 sachets250grams with mug free,269.0,steviana,250,6.0,20.0,2026-06-25
z2dab06aec70158ec4b03z,noon,grocery,salt,sugar match no calorie sweetener - 200 sachets,269.0,sugar match,15,6.0,,2026-06-25
z3f703372568b5ddb3cd2z,noon,grocery,salt,rich sugar fructose 500g box,165.31,rich diet,500,6.0,,2026-06-25
za1d66715c751d05ae063z,noon,grocery,salt,himalayan pink salt- 110g,53.0,dayma,110,1.0,7.0,2026-06-25
zb50aa4e3d6f01641c492z,noon,grocery,salt,"dr. foods himalayan pink salt block for cooking, grilling & baking – 30 cm × 20 cm × 5 cm | salt cutting board | culinary serving stone",108.0,dr. foods,100,15.0,,2026-06-25
n43255570a,noon,grocery,salt,120-piece hello! white sugar sachets set 600grams,269.0,dobella,600,120.0,8.0,2026-06-25
n51084544a,noon,grocery,salt,diet sugar sweetener 1200 sticks 72grams,269.0,mivolis,72,6.0,203.0,2026-06-25
n43255573a,noon,grocery,salt,100-piece hello! brown sugar sachets set 500grams,269.0,dobella,500,100.0,12.0,2026-06-25
zd5cad4f23cf3caeed193z,noon,grocery,salt,"better taste stevia liquid drops, 20ml",269.0,better taste,20,8.0,25.0,2026-06-25
z2067f2dcd9c200addeaaz,noon,grocery,salt,tropicana slim low calorie sweetener – 50 sachets – healthy sugar-free substitute,269.0,tropicana,15,50.0,1.0,2026-06-25
n52405007a,noon,grocery,salt,sukker diet 30 sachets- 2 spoonful -diet sugar sweetener 30grams,269.0,mozn,30,8.0,18.0,2026-06-25
n44808136a,noon,grocery,salt,white sugar cubes 500grams,269.0,dobella,500,1.0,12.0,2026-06-25
z24d86337832c5e6685bcz,noon,grocery,salt,steviana sweetener from stevia leaves 25 sachets,269.0,steviana,15,2.0,1.0,2026-06-25
z38475f498ab58ae21671z,noon,grocery,salt,sweetener from stevia leaves healthy and tasty 50 sachets 125grams,269.0,steviana,125,50.0,8.0,2026-06-25
z7eddc9a83767eba1b29fz,noon,grocery,salt,bliss sweetner-150g,269.0,organic nation,150,6.0,1.0,2026-06-25
z36f9ce1fddd9d270d702z,noon,grocery,salt,imtenan raw brown sugar 100% natural - 750 g,269.0,imtenan,750,18.0,,2026-06-25
n52405008a,noon,grocery,salt,sukker diet powder - diet sugar sweetener 200grams,269.0,mozn,200,8.0,33.0,2026-06-25
z5dd732fcc7ad5b4a7efaz,noon,grocery,salt,chinese salt 1000 gm,45.0,seco salt,1000,1.0,,2026-06-25
n43255571a,noon,grocery,salt,100-piece hello! white sugar sachets set 500grams,269.0,dobella,500,100.0,15.0,2026-06-25
zfae9166159bcd6c6fbefz,noon,grocery,salt,rich sugar natural fruit fructose – box of 250 sachets,269.0,rich diet,15,6.0,1.0,2026-06-25
z65ec0eec1f777192a2faz,noon,grocery,salt,sugar match zero calorie sweetener - 300 sachets,269.0,sugar match,15,6.0,,2026-06-25
n29595529a,noon,grocery,salt,icing sugar 500grams,269.0,al doha,500,24.0,24.0,2026-06-25
za5c1509f7b86bdb48192z,noon,grocery,salt,sweetal diet sugar sweetal 100 stick 1 gram,269.0,sweetal,1,8.0,64.0,2026-06-25
zd436ea9815530e14c7c3z,noon,grocery,salt,balea mivolis sweetener tablets - 1200 tablets - 72g (diet and sugar substitute),269.0,mivolis,72,1200.0,,2026-06-25
z05288297eb8e26503081z,noon,grocery,salt,sweetener from stevia leaves healthy and tasty 50 sachets 125grams,269.0,steviana,125,6.0,35.0,2026-06-25
zbae2c5a984f08e975562z,noon,grocery,salt,"rich sugar substitute, 150 packets, spoon",269.0,rich diet,15,20.0,5.0,2026-06-25
zf6375b25d4a35445f417z,noon,grocery,salt,diet sugar sweetal jar 250 gm,269.0,sweetal,250,6.0,,2026-06-25
n52405010a,noon,grocery,salt,sukker stevia 48 sachets- 2 spoonful-diet sugar sweetener 2grams,269.0,mozn,2,6.0,114.0,2026-06-25
z1ab2a731be1be8135e98z,noon,grocery,salt,classic monkfruit and erythritol sweetener - 100 sachet,269.0,lakanto,100,100.0,36.0,2026-06-25
z33a3b1de558d05c0a68fz,noon,grocery,salt,zero calorie sweetener 50g pack of 50 sachet ( 5 pack offer),269.0,recipe pharma,50,50.0,,2026-06-25
z4f40fbed2d74a45b8d75z,noon,grocery,salt,steviana sweetener from stevia leaves 100 sachets each pack of 2,269.0,steviana,15,2.0,27.0,2026-06-25
n28727470a,noon,grocery,salt,pink himalayan salt crystals 400grams,45.0,abu auf,400,1.0,62.0,2026-06-25
z2060e5b6881179de476ez,noon,grocery,salt,rich diet sucralose sweetener 250g jar(1*2),269.0,rich diet,250,1.0,,2026-06-25
z4d36aec4adaa2b554c69z,noon,grocery,salt,classic monkfruit and erythritol sweetener - 40 sachet,269.0,lakanto,40,6.0,36.0,2026-06-25
zda16c7e20646f7cd907dz,noon,grocery,salt,stevia sugar jar - crystal powder - 200 gm,269.0,verde sweet,200,6.0,,2026-06-25
z621b5c8b43f3ad17e6eez,noon,grocery,salt,ريتش سكر ابيض كيس 100 باكو,269.0,ريتش دايت,15,12.0,1.0,2026-06-25
za6716caf5ee56ba661a9z,noon,grocery,salt,stevia diet sugar zero calories 250g jar,269.0,rich diet,250,6.0,12.0,2026-06-25
z9a2e08081992b72e475ez,noon,grocery,salt,zero calorie sweetener 50 tablet,269.0,sweetal,15,50.0,,2026-06-25
za4589ca27908a2f24e65z,noon,grocery,salt,sweetal stevia diet sugar 100 stick,269.0,sweetal,100,6.0,18.0,2026-06-25
z8034dd068886b1665e5bz,noon,grocery,salt,natural sweetner 40 sachets grams,269.0,stevia,15,24.0,7.0,2026-06-25
n52599059a,noon,grocery,salt,sweetener 200 sachets,269.0,stevia,15,6.0,42.0,2026-06-25
z4673f6cac51b8e3bb05dz,noon,grocery,salt,steviadiet 300gm jar,269.0,steviadiet,300,6.0,154.0,2026-06-25
zc2ee90697236aab76380z,noon,grocery,salt,"splendays minis dissolvable tablets, 300 -count",269.0,splendays,15,12.0,4.0,2026-06-25
zfa6f28ebeedd095020d8z,noon,grocery,salt,stevia pure time 200 g,269.0,stevia pure time,200,50.0,,2026-06-25
z043c53b7ce0d4ccc8d5dz,noon,grocery,salt,tropicana slim low calorie sweetener - sugar substitute - 100 sachets,269.0,tropicana,15,100.0,,2026-06-25
z3204bbec2e71359c52e7z,noon,grocery,salt,lemon salt 115g,53.0,haj arafa,115,1.0,,2026-06-25
z9a24d57a3127aa80f2eaz,noon,grocery,salt,steviana big offer( steviana 100 sachets + steviana 50 sachets + steviana jar 200gm + steviana 25 sticks gift + mug free ),269.0,steviana,200,6.0,,2026-06-25
z4ec8170f03eeb25ba748z,noon,grocery,salt,sweet&slim - diet sugar crestal 250gm,269.0,sweet & slim,250,6.0,39.0,2026-06-25
z2925573b59a62c2a7402z,noon,grocery,salt,classic monkfruit and erythritol sweetener - 235g,269.0,lakanto,235,6.0,56.0,2026-06-25
z977fb9d213753edd72f2z,noon,grocery,salt,500g sugar cubes,100.0,shana,500,100.0,,2026-06-25
z7897c49982c5f8384a38z,noon,grocery,salt,mivolis sweetener tablets 1200 sticks 72grams,269.0,mivolis,72,1.0,,2026-06-25
zea36ef2dfdeb28a6b14cz,noon,grocery,salt,sokradorf sugar substitute drops 15ml zero calorie sweetener liquid sweet drops for tea coffee desserts diet keto diabetic friendly no aspartame no saccharin,300.0,sokradorf,15,6.0,21.0,2026-06-25
zd2d4106ff043f85cd200z,noon,grocery,salt,stevia sugar packet - crystal powder - 100 sachets,269.0,verde sweet,150,100.0,,2026-06-25
z3bce0394b65d16f58147z,noon,grocery,salt,mivolis sweetener tablets 1200 sticks 72grams,269.0,mivolis,72,8.0,65.0,2026-06-25
z6d92ad4ad54d8ee648faz,noon,grocery,salt,richmix natural brown cane sugar – 500g premium loose pack,269.0,rich mix,500,1.0,,2026-06-25
z963a905a6afbe8a06c2ez,noon,grocery,salt,mivolis multi-mineral effervescent tablets orange-passion fruit flavor - 20 tablets,269.0,mivolis,20,10.0,,2026-06-25
ze3782df275712f09c3e0z,noon,grocery,salt,stevia sugar 80g (herb),77.0,shana,80,6.0,4.0,2026-06-25
z20ecb8c1d892dbb7675cz,noon,grocery,salt,himalayan salt 500g,100.0,ragab el attar,500,1.0,23.0,2026-06-25
n27665625a,noon,grocery,salt,premium natural white powder sugar 1kg,269.0,zamzam,1,24.0,27.0,2026-06-25
z5c6559b98adee3169af7z,noon,grocery,salt,rich sugar stevia 75 packets,269.0,rich diet,15,6.0,6.0,2026-06-25
zd1a8717f9be5868659b1z,noon,grocery,salt,premium grade pink himalayan fine salt-650g,100.0,organic nation,650,1.0,4.0,2026-06-25
z2d20d3a8644f19d62018z,noon,grocery,salt,سكر ابيض 100 باكت,100.0,شانه,90,100.0,,2026-06-25
z2ab89f8f03837ec3cc9fz,noon,grocery,salt,oacheto stevia,269.0,generic,15,12.0,,2026-06-25
za1f11487ceaa4cd6c4d8z,noon,grocery,salt,sweetener substitute sugar 150g,100.0,shana,150,1.0,,2026-06-25
z29bc13f1fe5b3471bf96z,noon,grocery,salt,make your morning the sweetest start,269.0,lakanto,15,6.0,,2026-06-25
z23a3b81e6a9ff87d32b1z,noon,grocery,salt,محلي سليمَر خالٍ من السعرات الحرارية للمشروبات الساخنة والباردة، 100 كيس,269.0,إيفا فارما,15,1.0,,2026-06-25
zcefacc28777767f694c6z,noon,grocery,salt,ستيفيا بيور تايم 110 قرص,269.0,ستيفيا بيور تايم,15,110.0,6.0,2026-06-25
zb798df26dc46303e271fz,noon,grocery,salt,zero calorie sweetener 1000 sachets (pack of 1).,269.0,splenda,15,1.0,4.0,2026-06-25
n27665624a,noon,grocery,salt,premium natural white sugar 1kg,269.0,zamzam,1,1.0,147.0,2026-06-25
zb9b46be60d506fa2944fz,noon,grocery,salt,سكر ستيفيا نقط 30 مللي,269.0,رايت نبيوترشن,30,1.0,3.0,2026-06-25
z2b261f5e05899a8eed07z,noon,grocery,salt,stevia pure time 60 sachets 120 g,269.0,stevia pure time,120,6.0,3.0,2026-06-25
zf47837e6c4fdadaaf66ez,noon,grocery,salt,sweetal stevia diet sugar 25 stick,269.0,sweetal,15,6.0,24.0,2026-06-25
zdce444ef0dba1ee00e9az,noon,grocery,salt,zero calorie sweetener 1000 sachets,269.0,splenda,15,1.0,,2026-06-25
z6714486582e8828916e1z,noon,grocery,salt,stevia diet sugar zero calories 50 sachets,269.0,rich diet,15,6.0,7.0,2026-06-25
z94837a3452a3b1a9fee3z,noon,grocery,salt,sweet&slim 100 sachets extra sweet,269.0,sweet & slim,140,6.0,22.0,2026-06-25
zf9116685060148f301efz,noon,grocery,salt,rich diet brown sugar 500g box,269.0,rich diet,500,20.0,1.0,2026-06-25
n51077866a,noon,grocery,salt,himalayan natural salt soft 600grams,100.0,dobella,600,1.0,22.0,2026-06-25
z52e4630e8c6730965e90z,noon,grocery,salt,brown sugar 250gm,269.0,star,250,1.0,3.0,2026-06-25
z73e59a5c20148e3f1890z,noon,grocery,salt,sorbamt 50 sachets,269.0,sorbamt,15,18.0,,2026-06-25
z7fce3e7084799de1a790z,noon,grocery,salt,offer 2 diet sugar sweetener stevia 96 sachets x 2gram- 2 spoonful,269.0,mozn,2,6.0,172.0,2026-06-25
n52405011a,noon,grocery,salt,sukker stevia 30 sachets- 2 spoonful-diet sugar sweetener 60grams,269.0,mozn,60,6.0,42.0,2026-06-25
zb606fe97de49967af7fcz,noon,grocery,salt,rich natural fruit fructose sugar – 450 g,269.0,rich diet,450,6.0,,2026-06-25
zbfc5deb635b381c3b6baz,noon,grocery,salt,himalayan salt 165g,100.0,haj arafa,165,1.0,3.0,2026-06-25
z050e7124e019c62ffe9dz,noon,grocery,salt,sugar match no calorie sweetener - 300 sachets,269.0,sugar match,15,6.0,,2026-06-25
z1bce85785b26ecbec573z,noon,grocery,salt,natural sweetner 110 tablets grams,269.0,stevia,15,6.0,6.0,2026-06-25
z95da2897f78aa3d6cbd5z,noon,grocery,salt,stevia sugar - powder crystal - 1000 grams,269.0,verde sweet,1000,1.0,,2026-06-25
z4b1e4542cf0303306f06z,noon,grocery,salt,rich sugar natural fruit fructose – box of 100 sachets,269.0,rich diet,15,6.0,3.0,2026-06-25
zf1f7ba6caaf3283fc50az,noon,grocery,salt,brown sugar 100 packets,100.0,shana,90,8.0,1.0,2026-06-25
z146a781c31b8f0138151z,noon,grocery,salt,classic monkfruit and erythritol sweetener - 454g,306.0,lakanto,454,6.0,56.0,2026-06-25
z84be4468580bd8aa1622z,noon,grocery,salt,بوكس دفئ الشتاء,300.0,سلطنة,3,8.0,5.0,2026-06-25
n43255574a,noon,grocery,salt,brown sugar 600grams,269.0,dobella,600,1.0,15.0,2026-06-25
z5df8078bb40e5a713e5az,noon,grocery,sauces,hand crafted hot sauce chipotle 200 gm,299.0,felfelaty,200,3.0,1.0,2026-06-25
n41989241a,noon,grocery,sauces,light soy sauce 320ml single,299.0,tai hua,320,1.0,1.0,2026-06-25
zaf699f0318c32c316db2z,noon,grocery,sauces,"zero treat healthy ranch sauce, keto friendly, zero sugar added",299.0,zero treat,300,3.0,3.0,2026-06-25
z4d38cf1146dcd120e022z,noon,grocery,sauces,pomegranate molasses 700gm,299.0,choice,700,3.0,17.0,2026-06-25
zafd1f8c21d0f6601b80fz,noon,grocery,sauces,basil pasta sauce - 300 gram,299.0,naturesta,300,3.0,,2026-06-25
n42868023a,noon,grocery,sauces,sriracha green chilli sauce 200ml single,299.0,flying goose,200,4.0,3.0,2026-06-25
n52149605a,noon,grocery,sauces,thousand island 300grams,299.0,mc sauce,300,3.0,16.0,2026-06-25
n28727633a,noon,grocery,sauces,happy kitchen tomato puree 500ml,120.0,juhayna,500,8.0,77.0,2026-06-25
z4395f1a760a88723d0bbz,noon,grocery,sauces,heinz bbq sauce - 2 pack (200g each),299.0,heinz,200,4.0,,2026-06-25
z3f4459872043f5377873z,noon,grocery,sauces,با green pepper hot sauce with natural vinegar jalapeño flavor – mild heat flavor booster – 60ml,395.0,tabasco,60,4.0,,2026-06-25
n12281278a,noon,grocery,sauces,grenadine molasse 300ml,299.0,yamama,300,1.0,49.0,2026-06-25
n47697080a,noon,grocery,sauces,texas burger sauce 200grams,299.0,good france,200,4.0,55.0,2026-06-25
z5fa905fe9170d99337e2z,noon,grocery,sauces,melting cheese sauce 400 grams,299.0,good france,400,3.0,14.0,2026-06-25
n29012988a,noon,grocery,sauces,hot sauce 100ml,299.0,rana,100,4.0,68.0,2026-06-25
z40e3eaa8c136247af563z,noon,grocery,sauces,alternative lemon sour - 250 ml,299.0,sun garden,250,4.0,4.0,2026-06-25
z5a8c273256de12318f1ez,noon,grocery,sauces,soya sauce light 170 ml,299.0,dobella,170,4.0,14.0,2026-06-25
z9d86bec934b1c80ae3bbz,noon,grocery,sauces,guilt free hot barbecue - zero added sugar -350ml,299.0,organic nation,350,3.0,14.0,2026-06-25
zb1a137d76dd4278737dfz,noon,grocery,sauces,sweet chili sauce - 200 grams,299.0,good france,200,4.0,29.0,2026-06-25
n34976217a,noon,grocery,sauces,tomato paste 760grams,120.0,giardino,760,1.0,31.0,2026-06-25
z6118157a19dbbc527736z,noon,grocery,sauces,super hot sauce 79 gram,43.0,naturesta,79,1.0,2.0,2026-06-25
zdf1b07a7b9094354deddz,noon,grocery,sauces,buttermilk ranch sauce - 200 gram,299.0,good france,200,4.0,53.0,2026-06-25
n51413313a,noon,grocery,sauces,salsa dip hot 310grams,299.0,poco loco,310,4.0,,2026-06-25
za6aa45c37e54fd17d2d3z,noon,grocery,sauces,guilt free sauce - zero added sugar - berries - 350ml,299.0,organic nation,350,3.0,3.0,2026-06-25
z68c31eb3370229416ae2z,noon,grocery,sauces,sesame seeds tahina cream - 1 kg,299.0,al sharq,1,4.0,,2026-06-25
n30328297a,noon,grocery,sauces,new york burger sauce 400grams,299.0,good france,400,4.0,34.0,2026-06-25
z5c255bac06a10d845b04z,noon,grocery,sauces,sweet chili sauce bucket 3.5 kg,299.0,add-me,3,4.0,,2026-06-25
n30328300a,noon,grocery,sauces,harissa dressing 400grams,299.0,good france,400,4.0,3.0,2026-06-25
z7b3029adbcee30ece43bz,noon,grocery,sauces,tomato puree sauce 320g,299.0,saegh,320,3.0,,2026-06-25
n29595820a,noon,grocery,sauces,bbq sauce 370grams,299.0,heinz,370,4.0,12.0,2026-06-25
z2ac701196fe66157690dz,noon,grocery,sauces,"durra tomato ketchup – special offer family pack 900g + 225g | rich flavor, fresh tomatoes, value size",299.0,durra,900,3.0,3.0,2026-06-25
n49496935a,noon,grocery,sauces,lemon juice substitute 250ml,299.0,fersan,250,4.0,5.0,2026-06-25
n39930966a,noon,grocery,sauces,mustard 400grams,299.0,lavida,400,4.0,10.0,2026-06-25
z75b7f0deb98d576fa240z,noon,grocery,sauces,umami dark soy sauce,299.0,haday,500,4.0,11.0,2026-06-25
z7ee1e7ea4d646098165cz,noon,grocery,sauces,sauce wings and buffalo dip - 180 gram,299.0,naturesta,180,4.0,1.0,2026-06-25
zdd539e3c317df621cb53z,noon,grocery,sauces,باربيكيو كلاسيك دايت صوص - 1 كجم,299.0,ناتورستا,1,4.0,,2026-06-25
z452e32451ba2202ba19ez,noon,grocery,sauces,durra tomato paste - 365g glass jar | rich texture & authentic natural taste,299.0,durra,365,1.0,43.0,2026-06-25
za067db2def4da51f971az,noon,grocery,sauces,dark soy sauce - 150 ml,299.0,sun garden,150,4.0,13.0,2026-06-25
z93581d7019b8f12dcdefz,noon,grocery,sauces,light soy sauce 210ml,299.0,saegh,210,8.0,3.0,2026-06-25
zfae1ba1bd8b17cb55209z,noon,grocery,sauces,ranch sauce 320g,299.0,giardino,320,4.0,,2026-06-25
z22557a963c081c148705z,noon,grocery,sauces,rana hot sauce – pack of 5 bottles – value pack for spicy food lovers – imported product,299.0,rana,5,5.0,,2026-06-25
zf89b94f4dc146606df74z,noon,grocery,sauces,healthy tomato ketchup x2,299.0,zero treat,160,4.0,,2026-06-25
zc981f7ee08796eb546f0z,noon,grocery,sauces,mazola light mayonnaise 340ml,299.0,mazola,340,3.0,,2026-06-25
z535fb906c8fbb1df2ee2z,noon,grocery,sauces,healthy and tasty mustard sauce 340 g,299.0,healthy and tasty,340,4.0,,2026-06-25
z938951f7c69d98cffe43z,noon,grocery,sauces,durra barbecue sauce - 290g - premium smoky flavor for grilling and dipping,299.0,durra,290,3.0,3.0,2026-06-25
z397f3d96e61fb86dcb1dz,noon,grocery,sauces,sweet chilli sauce 700 ml,299.0,floating swan,700,4.0,,2026-06-25
z4e88426471bf2d256c23z,noon,grocery,sauces,"sedjet hot ketchup - made with fresh tomatoes, 335 gm",299.0,sedjet,335,4.0,3.0,2026-06-25
z3131462916140749b51dz,noon,grocery,sauces,healthy and tasty honey mustard sauce 340 g,299.0,healthy and tasty,340,3.0,,2026-06-25
z480c79956efd5432901bz,noon,grocery,sauces,mustard 355 g,299.0,lavida,355,3.0,4.0,2026-06-25
n49538629a,noon,grocery,sauces,vanilla food liquid 100ml,299.0,dobella,100,4.0,58.0,2026-06-25
n34976224a,noon,grocery,sauces,tomato ketchup 280grams,299.0,giardino,280,1.0,24.0,2026-06-25
z7f96b2cbdb2e3c900dc6z,noon,grocery,sauces,صوص الشوكولاتة الصحي من زيرو تريت,299.0,زيرو تريت,140,3.0,,2026-06-25
z163bce4d6229f5cf774dz,noon,grocery,sauces,healthy and tasty sweet chili sauce 340 g,299.0,healthy and tasty,340,3.0,,2026-06-25
z58723d01bc56f26455b9z,noon,grocery,sauces,"al tayebat pure pomegranate molasses, 400 ml",299.0,altayebat,400,3.0,6.0,2026-06-25
n49538624a,noon,grocery,sauces,red food coloring gel 30ml,299.0,dobella,30,4.0,18.0,2026-06-25
z83f4a85ca7012c1d92e4z,noon,grocery,sauces,heinz original bbq sauce,299.0,heinz,400,4.0,,2026-06-25
z568fd03905f629529edaz,noon,grocery,sauces,سائغ صوص شيلي حار 280 جرام,299.0,سائغ,280,4.0,,2026-06-25
z9d1af5ff2a249550007dz,noon,grocery,sauces,hot ketchup sauce 360g,299.0,giardino,360,3.0,,2026-06-25
z7fdb4f87d0969100acdbz,noon,grocery,sauces,saegh pomegranate molasses 275 g,299.0,saegh,275,4.0,6.0,2026-06-25
za673ad1b9e3180b0b0bfz,noon,grocery,sauces,ketchup sauce 500 gm,299.0,giardino,500,4.0,101.0,2026-06-25
z58cc5ed0fcf1d35e0ebcz,noon,grocery,sauces,mazola classic mayonnaise 340 g,299.0,mazola,340,4.0,,2026-06-25
zae19a254b794585285aez,noon,grocery,sauces,rana hot sauce – pack of 2 bottles – rich spicy flavor for cooking & serving – imported product,299.0,rana,2,2.0,,2026-06-25
n52986117a,noon,grocery,sauces,real mayonnaise chili 400grams single,299.0,american garden,400,4.0,,2026-06-25
n40074720a,noon,grocery,sauces,tahini 115grams,299.0,el bawadi,115,1.0,33.0,2026-06-25
zfb39b9b7e0d31b07caf8z,noon,grocery,sauces,صلصة برجر صحية ولذيذة ×2,299.0,زيرو تريت,160,4.0,,2026-06-25
n49538623a,noon,grocery,sauces,vanilla food liquid 30ml,299.0,dobella,30,3.0,73.0,2026-06-25
n46544494a,noon,grocery,sauces,whole grain mustard 350grams,299.0,cemeraire,350,4.0,2.0,2026-06-25
z15d880d3a7b515e091fdz,noon,grocery,sauces,ragu simply chunky garden vegetables sauce with olive oil without sugar 680g,299.0,ragu,680,4.0,,2026-06-25
z2ec4d78de1a9c0937838z,noon,grocery,sauces,worcestershire sause - 150 ml,299.0,tai hua,150,4.0,,2026-06-25
ze2e86df912ce7486fc6bz,noon,grocery,sauces,cheese sauce 40 grams,299.0,chefy mix,40,4.0,32.0,2026-06-25
zda934863f0444aa9a108z,noon,grocery,sauces,hot sriracha sauce - diet sauce 1 kg,299.0,naturesta,1,3.0,2.0,2026-06-25
zd1c6a351cbd84871cbc9z,noon,grocery,sauces,ma-yo sauce 200g,299.0,durra,200,3.0,3.0,2026-06-25
z2147cf73499089c13413z,noon,grocery,sauces,"alpait broast mix (2 sachets of soaking mix * 20g), (2 sachets of coating mix * 100g) - esnad",269.0,esnad,20,4.0,,2026-06-25
zad84799122f5d782877dz,noon,grocery,sauces,ragu chunky six cheese sauce 680g,299.0,ragu,680,4.0,,2026-06-25
n38793022a,noon,grocery,sauces,mushrom pizza sauce 360grams,299.0,puidor,360,1.0,4.0,2026-06-25
za11c7cd1a62765385b25z,noon,grocery,sauces,rana classic hot sauce with aged peppers and lemon - 474g,299.0,rana,474,3.0,,2026-06-25
z504254d11fa9a64caf38z,noon,grocery,sauces,"rana original chili sauce, authentic saudi spicy sauce for dipping & cooking, 100ml bottle",299.0,rana,250,2.0,5.0,2026-06-25
z5a3e282f9b6bf0a17a16z,noon,grocery,sauces,"indofood sumatra hot sauce – 140ml | spicy condiment with authentic sumatra flavor | perfect for cooking, dipping & adding heat to your meals",299.0,indofood,140,8.0,6.0,2026-06-25
n47697081a,noon,grocery,sauces,cheddar sauce 200grams,299.0,good france,200,3.0,25.0,2026-06-25
z6fb82b710b88cbb2df6az,noon,grocery,sauces,صلصة الفراولة الصحية ×2,299.0,زيرو تريت,5,3.0,,2026-06-25
z0be6e28a7a7e84ce8308z,noon,grocery,sauces,teriyaki sauce 325 ml,299.0,choice,325,4.0,7.0,2026-06-25
z5e62c139fdc7bf147b82z,noon,grocery,sauces,"al-tayyibat barbecue sauce – rich smoky flavor, perfect for grilled meat & chicken – 250ml bottle",299.0,altayebat,250,4.0,29.0,2026-06-25
zc52e42e8062f9c0e53bbz,noon,grocery,sauces,saegh pomegranate molasses 550 g,299.0,saegh,550,3.0,6.0,2026-06-25
n52986118a,noon,grocery,sauces,real mayonnaise garlic 400grams single,299.0,american garden,400,4.0,,2026-06-25
z31357d21bc75ed22d8c8z,noon,grocery,sauces,healthy and tasty bbq sauce 340 g,299.0,healthy and tasty,340,4.0,,2026-06-25
zd4767475d3f2eb564857z,noon,grocery,sauces,mustard sauce - diet sauce 1 kg,320.0,naturesta,1,3.0,18.0,2026-06-25
n35958695a,noon,grocery,sauces,light soya sauce 310ml,299.0,dobella,310,1.0,21.0,2026-06-25
z150df284a00698eb56d2z,noon,grocery,sauces,spicy bbq sauce - 79 gram,299.0,naturesta,79,4.0,9.0,2026-06-25
zad9a0acc56b313099d32z,noon,grocery,sauces,mazola chipotle mayonnaise - 340 ml,299.0,mazola,340,4.0,,2026-06-25
z25971035550ab83ab5bdz,noon,grocery,sauces,ranch parmesan sauce 320g,299.0,giardino,320,2.0,,2026-06-25
z07a14ddfba172669109dz,noon,grocery,sauces,hot sauce chipotle - 79 gram,299.0,naturesta,79,3.0,4.0,2026-06-25
zffd14fdfa7819afdbd14z,noon,grocery,sauces,"al safi pure sesame tahini – 3kg | smooth & rich tahina for cooking, sauces & dips",299.0,arkan,3,3.0,43.0,2026-06-25
zc11ec18bf7b4bf493d66z,noon,grocery,sauces,"durra 4+1 sauce combo pack – mayonnaise 250g + mustard 250g + bbq sauce 250g + ketchup 250g + free hot sauce 100ml | assorted sauces bundle for burgers, sandwiches & fast food",299.0,durra,250,4.0,1.0,2026-06-25
z3982858685a550f59d59z,noon,grocery,sauces,mayonnaise 3.3 kg light sauce,299.0,chefy mix,3,3.0,21.0,2026-06-25
z8287a0b850492dba6d6dz,noon,grocery,sauces,bbq sauce 1 kg,299.0,chefy mix,1,4.0,38.0,2026-06-25
z05d4b197453c406dcb16z,noon,grocery,sauces,tomato & mushroom sauce jar 210ml,299.0,panzani,210,4.0,,2026-06-25
z1f43abc2d584dda1d967z,noon,grocery,sauces,hot sauce chipotle - 180 gram,91.0,naturesta,180,4.0,4.0,2026-06-25
n30328296a,noon,grocery,sauces,barbecue sauce 400grams,299.0,good france,400,1.0,50.0,2026-06-25
n46494130a,noon,grocery,sauces,oyster sauce 300 - 330ml,299.0,akethai,300,4.0,4.0,2026-06-25
n35958693a,noon,grocery,sauces,light soya sauce 300ml,299.0,mega foods,300,4.0,12.0,2026-06-25
z91ab26a09cceb2c2ecfaz,noon,grocery,sauces,superior oyster sauce- 700 gram,299.0,haday,700,3.0,9.0,2026-06-25
z16eea1b218918a3d1142z,noon,grocery,sauces,durra tomato paste – premium quality – rich natural flavor – 2.8 kg family size can,299.0,durra,2,4.0,36.0,2026-06-25
z7fefacc1105c7baf5e9az,noon,grocery,sauces,napoletana 400 g,299.0,panzani,400,4.0,1.0,2026-06-25
z0a42dabf17e1505b5012z,noon,grocery,sauces,sriracha sauce 340 grams,299.0,healthy & tasty,340,8.0,,2026-06-25
zf84756dfe615f28065e2z,noon,grocery,sauces,صوص برجر صحي ولذيذ من زيرو تريت,299.0,زيرو تريت,160,4.0,,2026-06-25
z7bb2fa00a7d6d3115abez,noon,grocery,sauces,carbo buldak (roast chicken) hot spicy liquid sauce 200 ml,299.0,samyang,200,4.0,23.0,2026-06-25
n41989247a,noon,grocery,sauces,barbeque sauce 150ml,299.0,tai hua,150,4.0,,2026-06-25
zf13218e0ecc5bd32eba3z,noon,grocery,sauces,ranch sauce bottle 430 gram,299.0,admiral,430,2.0,1.0,2026-06-25
zef28c9a59126cff55259z,noon,grocery,sauces,healthy and tasty thousand island sauce 340 g,299.0,healthy and tasty,340,4.0,,2026-06-25
n34976216a,noon,grocery,sauces,tomato paste 380grams,299.0,giardino,380,1.0,34.0,2026-06-25
z62180d9fba9539d1b7f1z,noon,grocery,sauces,sedjet chili mayonnaise – crafted with sweet chili flakes natural fat content 70% – 280 g,299.0,sedjet,280,4.0,,2026-06-25
n49538619a,noon,grocery,sauces,red food coloring 30ml,20.0,dobella,30,3.0,30.0,2026-06-25
n49538599a,noon,grocery,sauces,oyster sauce 500ml,246.85,heinz,500,4.0,7.0,2026-06-25
z544387540fa5a18a3956z,noon,grocery,sauces,durra tomato paste double concentrate – 4400g | rich & thick tomato paste for cooking,299.0,durra,4,4.0,36.0,2026-06-25
n29595824a,noon,grocery,sauces,soy sauce 150ml,299.0,pearl river bridge,150,4.0,5.0,2026-06-25
z0a262bdc636b35c7d12cz,noon,grocery,sauces,"durra tomato ketchup – premium quality, rich tomato flavor, 500g",299.0,durra,500,3.0,36.0,2026-06-25
z7465ef37f81372171eb0z,noon,grocery,sauces,thai chili sauce 400g,299.0,lavida,340,3.0,18.0,2026-06-25
z5cbdf07cd1ada91caa92z,noon,grocery,sauces,cheese sauce 130 grams,299.0,chefy mix,130,4.0,8.0,2026-06-25
n52516714a,noon,grocery,sauces,hot chili sauce 200ml,125.0,sriracha,200,4.0,6.0,2026-06-25
z77468b6db30cef1f6b97z,noon,grocery,sauces,"zero treat healthy cinnamon glaze sauce, sugar-free, keto-friendly",299.0,zero treat,140,3.0,,2026-06-25
zc0bb1d4ec71023a20f6dz,noon,grocery,sauces,coffee premium sauce 225 gm,299.0,asmacup,225,4.0,3.0,2026-06-25
zd9050a4ff4a2db787220z,noon,grocery,sauces,coating mix for frying (hot) 227g - esnad,299.0,esnad,227,3.0,,2026-06-25
z0f557183b70fce9a481bz,noon,grocery,sauces,"chili & garlic sauce 700ml – spicy asian sauce for stir fry, marinades & dipping",299.0,mr.hung,700,3.0,,2026-06-25
z3485bf79b5313f0429e1z,noon,grocery,sauces,al tayebat pro sauce cold ketchup - 500 gm,299.0,generic,500,4.0,,2026-06-25
ze63f0ad1ea981bd131efz,noon,grocery,sauces,mustard honey - 1 kg,299.0,naturesta,1,3.0,,2026-06-25
z515efecdd0d9c465611dz,noon,grocery,sauces,sedjet aged habanero pepper sauce,299.0,sedjet,140,3.0,46.0,2026-06-25
z2d5bbdbf87bac3c085dez,noon,grocery,sauces,original harissa hot sauce - diet sauce 85 grams,299.0,naturesta,85,4.0,3.0,2026-06-25
z43ebba8bcb41db0efc02z,noon,grocery,sauces,sriracha hot chili sauce – squeeze bottle 220ml | thai spicy sauce,299.0,mr.hung,220,4.0,,2026-06-25
n34976231a,noon,grocery,sauces,natural mayonnaise 3.29kg,299.0,giardino,3,4.0,11.0,2026-06-25
z552931b34b2d39ddefefz,noon,grocery,sauces,"al-tayyibat rose water 250ml | natural floral essence for cooking, baking & skincare",299.0,altayebat,250,4.0,29.0,2026-06-25
z476fdca7f67b9e9d51eez,noon,grocery,sauces,"sriracha, gruffalo, sweet chili - 260-250-260 gm",299.0,miam,260,4.0,,2026-06-25
zebfbf008e445914b47ccz,noon,grocery,sauces,healthy and tasty sriracha sauce 340 g,299.0,healthy and tasty,340,3.0,,2026-06-25
zc0cf6795db28e0f98d59z,noon,grocery,sauces,bbq sauce 430 gm,299.0,lavida,430,4.0,9.0,2026-06-25
zbdf2e3f7cbe0499c9d9bz,noon,grocery,sauces,squeeze bottle ketchup 310 gm,299.0,bubuzy,310,8.0,8.0,2026-06-25
zc6427a83cf80f44bd4abz,noon,grocery,sauces,"sriracha, hot bustard & sweet hot chilli peppers 223 gm (spicy squad bundle)",299.0,miam,223,3.0,,2026-06-25
zca027a58d83f19a5f7dez,noon,grocery,sauces,ranch dressing - 200 grams,299.0,good france,200,4.0,24.0,2026-06-25
z85d3eff16c31c7f5f893z,noon,grocery,sauces,mustard sauce 215 g,299.0,durra,215,4.0,5.0,2026-06-25
z730bdf9096343a27b6dcz,noon,grocery,sauces,oyster flavoured sauce 700ml – asian sauce for stir fry & seafood cooking,299.0,mr.hung,700,4.0,,2026-06-25
z99e8bc51ca91ab36f7dbz,noon,grocery,sauces,nando's lemon & herb peri-peri sauce 125g,299.0,nando's,125,3.0,,2026-06-25
z41ce5302dceb5b04c88fz,noon,grocery,sauces,صوص بلاك بيري توت شامي 480 جم,299.0,اسماكب,480,4.0,6.0,2026-06-25
n52063012a,noon,grocery,sauces,tomato sauce tomato 3kg single,299.0,mr. food,3,3.0,16.0,2026-06-25
z45c817640146e1ff7f22z,noon,grocery,sauces,nandos medium peri peri sauce 125g – e-natural,299.0,nando's,125,3.0,,2026-06-25
z3e9bd4c5517014c803a4z,noon,grocery,sauces,"wasabi paste sachets 2.5g pack of 10 for sushi, sashimi, seafood, noodles and meals",299.0,generic,2,10.0,,2026-06-25
n30328292a,noon,grocery,sauces,mayonnaise sandwich bottle 400grams,299.0,good france,400,4.0,46.0,2026-06-25
z0c223b5ade735b9c6147z,noon,grocery,sauces,burger sauce 380 g,299.0,durra,380,4.0,2.0,2026-06-25
z7b4d836cba60ce38b6b8z,noon,grocery,sauces,mustard sauce 235 grams,299.0,giardino,235,8.0,18.0,2026-06-25
zf536e55f6094b83d803dz,noon,grocery,sauces,rana hot sauce – pack of 3 bottles – strong spicy flavor for daily use – imported product,330.0,rana,2,3.0,,2026-06-25
n53320333a,noon,grocery,sauces,taco topping sauce chili pepper 230grams single,299.0,poco loco,230,3.0,,2026-06-25
z23166fcd7beec2e208edz,noon,grocery,sauces,olive & basilico sauce 400 grams,299.0,panzani,400,4.0,,2026-06-25
z14e9dd62745a74f647ddz,noon,grocery,sauces,"durra mustard sauce squeeze bottle 290g – premium smooth mustard for sandwiches, hot dogs, burgers & fast food – rich flavor, ready to use, easy squeeze packaging",299.0,durra,290,2.0,36.0,2026-06-25
n28676070a,noon,grocery,sauces,soy sauce 300ml,299.0,yamama,300,4.0,5.0,2026-06-25
n49538622a,noon,grocery,sauces,green food coloring 30ml,299.0,dobella,30,3.0,20.0,2026-06-25
n28548457a,noon,grocery,sauces,ground red pepper sauce 375grams,299.0,gold alex,375,1.0,15.0,2026-06-25
zcb8d69e89dff6d1774ebz,noon,grocery,sauces,smoked ketchup sauce bottle 250 gram,299.0,admiral,250,4.0,,2026-06-25
za755f0c64b9738ea1f5az,noon,grocery,sauces,bbq sauce 340 grams,299.0,chefy mix,340,4.0,10.0,2026-06-25
n49538600a,noon,grocery,sauces,worcestershire sauce 500ml,299.0,heinz,500,4.0,19.0,2026-06-25
z1ba4f17700e1e5572952z,noon,grocery,sauces,smart value lemon juice substitute 250ml,299.0,smart value,250,4.0,8.0,2026-06-25
zf0c143f137b8308397ecz,noon,grocery,sauces,hot buffalo sauce - diet sauce 1 kg,299.0,naturesta,1,4.0,22.0,2026-06-25
z6c71181bad3546dae900z,noon,grocery,sauces,sriracha hot chili sauce extra hot 740ml – thai spicy sauce with rich chili flavor,299.0,mr.hung,740,4.0,,2026-06-25
zc9a09a43ac2af269be84z,noon,grocery,sauces,"sedjet premium ketchup - made with fresh tomatoes, 335 gm",299.0,sedjet,335,4.0,4.0,2026-06-25
zf80f4aecafc5a190c6b5z,noon,grocery,sauces,light soy sauce - 250 ml,299.0,gardenia,250,4.0,3.0,2026-06-25
zd12789622ac9033a2e3az,noon,grocery,sauces,demi glace sauce 700 grams,299.0,chefy mix,700,8.0,10.0,2026-06-25
za37b7f5d468ccb76d778z,noon,grocery,sauces,saegh tomato ketchup sauce 280 gm,299.0,saegh,280,4.0,5.0,2026-06-25
zf99aaabf3a6e71c256f8z,noon,grocery,sauces,ketchup 380g,299.0,lavida,380,8.0,16.0,2026-06-25
n42868028a,noon,grocery,sauces,hoisin sauce 200ml,299.0,flying goose,200,1.0,7.0,2026-06-25
z9b0501c09bae743f9f8dz,noon,grocery,sauces,sweet chili sauce 900ml,299.0,sun garden,900,3.0,,2026-06-25
zbfe115d7b610bbd28db5z,noon,grocery,sauces,dates syrup 450grams,299.0,imtenan,450,3.0,19.0,2026-06-25
z084e09b0b9ea3c3a96baz,noon,grocery,sauces,"albait broast mix, spicy (2 x 20g soaking mix sachets), (2 x 100g coating mix sachets) - esnad",299.0,esnad,20,4.0,1.0,2026-06-25
n28676053a,noon,grocery,sauces,peeled tomatoes 800grams,299.0,castelo,800,1.0,,2026-06-25
n34976218a,noon,grocery,sauces,tomato paste 3kg,299.0,giardino,3,1.0,32.0,2026-06-25
n47961262a,noon,grocery,sauces,honey mustard 440grams,299.0,lavida,440,4.0,13.0,2026-06-25
n47697078a,noon,grocery,sauces,mayonnaise sandwich 200grams,299.0,good france,200,4.0,33.0,2026-06-25
n41989249a,noon,grocery,sauces,premium oyster sauce 430ml,299.0,tai hua,430,4.0,3.0,2026-06-25
z3003d29e628379e76730z,noon,grocery,sauces,umami light soy sauce,299.0,haday,150,4.0,7.0,2026-06-25
z49fbf47991471020453az,noon,grocery,sauces,healthy and tasty ketchup 340 g,299.0,healthy and tasty,340,3.0,,2026-06-25
zfd341e7de7a7e5665b0az,noon,grocery,sauces,saegh pomegranate molasses 175 g,299.0,saegh,175,4.0,6.0,2026-06-25
z3aa823cb9bf4429b9b81z,noon,grocery,sauces,original harissa hot sauce - diet sauce 180 grams,299.0,naturesta,180,4.0,3.0,2026-06-25
z43cc2d1594c0c281a8efz,noon,grocery,sauces,hot red chili pepper 500 gram,299.0,sismplly,500,3.0,,2026-06-25
zd3631c76a02eac931519z,noon,grocery,sauces,tayebat pure pomegranate molasses & soy sauce + natural apple vinegar gift,299.0,altayebat,50,3.0,7.0,2026-06-25
n35958694a,noon,grocery,sauces,dark soy sauce 310ml,299.0,dobella,310,1.0,46.0,2026-06-25
z8f5635cc63d6d9feb391z,noon,grocery,sauces,soya sauce dark 170 ml,299.0,dobella,170,4.0,23.0,2026-06-25
z7fb12ff1637f849bb2aaz,noon,grocery,sauces,mexican sauce 340 g,299.0,lavida,340,4.0,3.0,2026-06-25
z5676b5b421b4a1d2a377z,noon,grocery,sauces,"tabasco brand original red pepper hot sauce, medium heat, glass bottle, classic & versatile flavor, three simple ingredients, great for dips, tacos, eggs, pizza, oysters & more, 2 fl oz (pack of 1)",400.0,tabasco,100,1.0,,2026-06-25
z36946f324e2fbdd05607z,noon,grocery,sauces,hand crafted hot sauce pesto hot savce 200 gm,299.0,felfelaty,200,4.0,1.0,2026-06-25
z9a65c3593fe664a61166z,noon,grocery,sauces,صلصة حارة كلاسيكية مصنوعة يدوياً 125 مل,299.0,فلفلاتي,125,3.0,,2026-06-25
zfaaf60079b3decd97a86z,noon,grocery,sauces,mazola garlic mayonnaise 340 gm,299.0,mazola,340,3.0,,2026-06-25
z0d87390cbbf5604449ffz,noon,grocery,sauces,"crystal original hot sauce, authentic cayenne pepper sauce, 88 ml bottle",122.0,crystal,88,4.0,,2026-06-25
n30328301a,noon,grocery,sauces,coleslaw sauce 400grams,299.0,good france,400,1.0,27.0,2026-06-25
z884a3d943ddbb26ea383z,noon,grocery,sauces,american mustard 200 grams,299.0,good france,200,4.0,17.0,2026-06-25
zf611bdb0efeee1e26173z,noon,grocery,sauces,texas burger sauce bottle 230 gram,299.0,admiral,230,4.0,,2026-06-25
z352e5d10c38ba14147b5z,noon,grocery,sauces,"easy dip green sriracha sauce - hot green chili all purpose dipping sauce, 340g",299.0,easy dip,340,3.0,1.0,2026-06-25
z43780ea6e7ab10309715z,noon,grocery,sauces,honey mustard sauce 340 grams,299.0,healthy & tasty,340,4.0,2.0,2026-06-25
n28727603a,noon,grocery,sauces,pure tomato juice 1liters,299.0,juhayna,1,1.0,7.0,2026-06-25
zce3b6d54e3fe12feaca5z,noon,grocery,sauces,"bbq sauce squeeze , 585 gm",299.0,lavida,585,4.0,20.0,2026-06-25
z8e57de9de74fb8bfd090z,noon,grocery,sauces,guilt free hot ketchup - zero added sugar-350ml,299.0,organic nation,350,3.0,11.0,2026-06-25
z900321a5a91a4b1da72fz,noon,grocery,sauces,tomato paste 300 gm,299.0,bubuzy,300,3.0,4.0,2026-06-25
z01b02f9e91ecc369a04dz,noon,grocery,sauces,hand crafted hot sauce lemon 200 gm,299.0,felfelaty,200,4.0,,2026-06-25
zb4b2a8f7a1c71fa18535z,noon,grocery,sauces,bbq sauce bucket - 5 kg,299.0,add-me,5,4.0,5.0,2026-06-25
zc11401a3cab67bd3431bz,noon,grocery,sauces,malazi premium tomato paste – the secret to rich color & deep flavor! 800g,299.0,malazi,800,3.0,,2026-06-25
z69ef2f7a4088ac79551ez,noon,grocery,sauces,healthy and tasty spicy mayonnaise 340 g,299.0,healthy and tasty,340,3.0,,2026-06-25
zff08748cc0a03a9d77d5z,noon,grocery,sauces,ketchup sauce 360g,299.0,giardino,360,4.0,,2026-06-25
z7d1dcf6d5646853d670ez,noon,grocery,sauces,healthy chocolate sauce x2,299.0,zero treat,140,3.0,,2026-06-25
n42868076a,noon,grocery,sauces,dark soya sauce 330ml single,299.0,thio,330,1.0,76.0,2026-06-25
z378296018a044baf6221z,noon,grocery,sauces,معجون الفلفل الأحمر الحار من درة 370 جم – نكهة شرقية أصلية بطعم حار غني، معجون بابريكا عالي الجودة للطهي والتتبيلات والصلصات,299.0,درة,370,3.0,43.0,2026-06-25
z83b27321b43d15302935z,noon,grocery,sauces,healthy and tasty ranch sauce 340 g,299.0,healthy and tasty,340,3.0,,2026-06-25
n40074721a,noon,grocery,sauces,tahini 225grams,299.0,el bawadi,225,1.0,68.0,2026-06-25
n39930959a,noon,grocery,sauces,tomato ketchup 430grams,299.0,lavida,430,3.0,28.0,2026-06-25
z186566a51b408165b5a1z,noon,grocery,sauces,burger sauce 320g,299.0,giardino,320,4.0,,2026-06-25
z54650810ea59e30a6395z,noon,grocery,sauces,sweet chili 385 g,299.0,lavida,385,3.0,9.0,2026-06-25
z247b3ce9ff37557e5ef9z,noon,grocery,sauces,pickled hot chili with glass bottle - 370 grams,299.0,gardenia,370,3.0,,2026-06-25
zc0c465a9231032cd7ccdz,noon,grocery,sauces,texas burger sauce bottle 430 gram,299.0,admiral,430,3.0,,2026-06-25
z589859fb6b4b15feaba4z,noon,grocery,sauces,"altayebat hot sauce – authentic spicy chili pepper condiment, 380ml bottle",299.0,altayebat,380,3.0,29.0,2026-06-25
z37137f0fc67e469b6c7dz,noon,grocery,sauces,2 tomato paste jars 300g + 1 vinegar,299.0,bubuzy,300,2.0,2.0,2026-06-25
z6466fbe1598df6670bbfz,noon,grocery,sauces,sedjet spicy marinara – a premium italian hot sauce made with high-quality ingredients – 310 g,299.0,sedjet,310,4.0,,2026-06-25
z6d55e90ee62c0c023581z,noon,grocery,sauces,thousand island dressing - 200 grams,299.0,good france,200,4.0,23.0,2026-06-25
n41989246a,noon,grocery,sauces,hoisin sauce 150ml,299.0,tai hua,150,4.0,1.0,2026-06-25
n43894902a,noon,grocery,sauces,norma pasta sauce of cherry tomato and eggplant 260grams,299.0,agromonte,260,4.0,,2026-06-25
zd50df63b1c6c3efa74f8z,noon,grocery,sauces,hot ketchup 310g,299.0,bubuzy,310,4.0,2.0,2026-06-25
n35958683a,noon,grocery,sauces,grenadine molasses 350ml,299.0,dobella,350,1.0,64.0,2026-06-25
n34976234a,noon,grocery,sauces,mustard sauce 5kg,299.0,giardino,5,4.0,,2026-06-25
z54913006fb5ddd9b6ea9z,noon,grocery,sauces,harissa chilli 355 gm,299.0,lavida,355,8.0,3.0,2026-06-25
za88b1031b2015948e8d6z,noon,grocery,sauces,natural pomegranate molasses 250 ml,299.0,elhawag,250,3.0,1.0,2026-06-25
z94f8cce6110e1a32b006z,noon,grocery,sauces,heinz hot tomato ketchup - 285g - pack of 2,299.0,heinz,285,2.0,,2026-06-25
n49538618a,noon,grocery,sauces,blueberry sauce 250grams,299.0,good day,250,4.0,9.0,2026-06-25
z33a35a59255ce46d9815z,noon,grocery,sauces,"mazola lemon mayonnaise, 340ml",299.0,mazola,340,3.0,,2026-06-25
zc70411f830646bd7ab6bz,noon,grocery,sauces,bbq sauce 2.25 k,299.0,lavida,160,4.0,,2026-06-25
n30328298a,noon,grocery,sauces,texas burger sauce 400grams,299.0,good france,400,1.0,54.0,2026-06-25
n42652830a,noon,grocery,sauces,garlic sauce bottle 400grams,299.0,good france,400,1.0,29.0,2026-06-25
z7af7eecc8aede60c6177z,noon,grocery,sauces,hand crafted hot sauce 85% habanero 200 gm,299.0,felfelaty,200,4.0,1.0,2026-06-25
zdf6455b7c4ac0a5e4b21z,noon,grocery,sauces,strawberry concentrated premium sauce 750 gm,299.0,asmacup,750,4.0,,2026-06-25
zcefa9ea8ed6a4198675fz,noon,grocery,sauces,"sedjet hot honey - chili infused, 180 gm",299.0,sedjet,180,4.0,,2026-06-25
zd76ab5d4cc9421282994z,noon,grocery,sauces,pomegranate molasses squeeze - 500 ml,299.0,yamama,500,2.0,12.0,2026-06-25
z4073537c90bccb5797b8z,noon,grocery,sauces,sweet corn 340g,299.0,generic,340,4.0,,2026-06-25
n49538628a,noon,grocery,sauces,black food coloring gel 30ml,299.0,dobella,30,4.0,15.0,2026-06-25
z2ce87a8de9521fb9829az,noon,grocery,sauces,umami dark soy sauce,299.0,haday,150,4.0,11.0,2026-06-25
zcb612918ea4e18e5d70ez,noon,grocery,sauces,pasta sauce - 300 gram,299.0,naturesta,300,3.0,2.0,2026-06-25
z6136025c8c8cfc7cdfc1z,noon,grocery,sauces,tomato vinaigrette dressing - 210 gram,75.0,naturesta,210,4.0,1.0,2026-06-25
n46494125a,noon,grocery,sauces,superior light soy sauce 500ml,299.0,pearl river bridge,500,3.0,3.0,2026-06-25
z8e5a9e340165151686faz,noon,grocery,sauces,"red roaster hot sauce, 88ml | spicy chili sauce for cooking & condiments | pack of 1",299.0,louisiana,88,1.0,,2026-06-25
n50711371a,noon,grocery,sauces,soya sauce light 250ml single,299.0,choice,250,4.0,10.0,2026-06-25
z97d228d8a7fa0445855fz,noon,grocery,sauces,pizza sauce tomato with olive oil - 300 gram,299.0,naturesta,300,2.0,3.0,2026-06-25
n30328291a,noon,grocery,sauces,mayonnaise classic 400grams,299.0,good france,400,1.0,47.0,2026-06-25
n52160844a,noon,grocery,sauces,coconut syrup 250ml,299.0,monin,250,4.0,6.0,2026-06-25
n49538621a,noon,grocery,sauces,blue food coloring 30ml,299.0,dobella,30,3.0,22.0,2026-06-25
zcad56e9c5788137cb117z,noon,grocery,sauces,"arkan natural sesame tahini – 100% pure sesame paste | healthy middle eastern ingredient for hummus, sauces & desserts – 800g",299.0,arkan,800,4.0,43.0,2026-06-25
zd942e50494e34c6bb75az,noon,grocery,sauces,pomegranate molasses 275ml pack of 2,299.0,saegh,275,2.0,17.0,2026-06-25
ze1012582097bda8edeebz,noon,grocery,sauces,lavida mustard sauce 5 kg,299.0,lavida,5,4.0,11.0,2026-06-25
n48704751a,noon,grocery,sauces,1000 island dressing 400grams,299.0,good france,400,4.0,38.0,2026-06-25
n53320334a,noon,grocery,sauces,taco topping sauce medium roast 230grams single,299.0,poco loco,230,4.0,1.0,2026-06-25
z53d2ff11cd6dba8d14a1z,noon,grocery,sauces,caramel sauce squeeze - 480gm,299.0,asmacup,480,4.0,41.0,2026-06-25
n27747738a,noon,grocery,sauces,concentrated lemon 330ml,299.0,yamama,330,1.0,15.0,2026-06-25
n46494129a,noon,grocery,sauces,sweet chili sauce 300grams,299.0,akethai,300,4.0,4.0,2026-06-25
n43894910a,noon,grocery,sauces,artichokes bruschetta sauce 200grams,299.0,agromonte,200,4.0,1.0,2026-06-25
n44423698a,noon,grocery,sauces,sweet chili sauce 700ml single,299.0,sunlee,700,4.0,,2026-06-25
z0f3c40b78c901bf7b047z,noon,grocery,sauces,mazola chili mayonnaise 340 g,549.9,mazola,340,4.0,,2026-06-25
z1aae2120e73ae03b9ffez,noon,grocery,sauces,mustard sauce bucket - 5 kg,299.0,add-me,5,4.0,2.0,2026-06-25
n49538627a,noon,grocery,sauces,green food coloring gel 30ml,299.0,dobella,30,4.0,17.0,2026-06-25
z956125814a1d52280b04z,noon,grocery,sauces,chocolate sauce premium-750 gm asmacup,299.0,asmacup,750,3.0,11.0,2026-06-25
z2cee97a9ee977b910fb8z,noon,grocery,sauces,saegh mexican sauce 280 gm,299.0,saegh,280,4.0,,2026-06-25
z71f7173528923dd8a37cz,noon,grocery,sauces,معجون الطماطم مضاعف التركيز 800 جرام,299.0,درة,800,3.0,64.0,2026-06-25
z86698748d6b2c9cbc1bez,noon,grocery,sauces,mayo smoked mayonnaise sauce 380 g,299.0,durra,380,3.0,4.0,2026-06-25
n48704758a,noon,grocery,sauces,cowboy sauce 400grams,299.0,good france,400,3.0,24.0,2026-06-25
zdaeba161b4be1de5fd86z,noon,grocery,sauces,مايونيز صحي ولذيذ منخفض الكربوهيدرات، منخفض الدهون ولذيذ - 340 مل,299.0,هيلثي أند تيستي,340,2.0,,2026-06-25
z20cde45abca00ac84337z,noon,grocery,sauces,sauce wings and buffalo dip - 79 gram,299.0,naturesta,79,4.0,4.0,2026-06-25
zd0b45deffa7e3c726815z,noon,grocery,sauces,mazola lemon mayonnaise 340 gm,299.0,mazola,340,3.0,,2026-06-25
z7c630eca85bc93472854z,noon,grocery,sauces,mustard sauce 340g,299.0,giardino,340,3.0,,2026-06-25
zd35485ba8f75cc87e9eaz,noon,grocery,sauces,honey mustard 340 g,299.0,lavida,340,4.0,2.0,2026-06-25
n49538620a,noon,grocery,sauces,yellow food coloring 30ml,299.0,dobella,30,4.0,24.0,2026-06-25
n46494133a,noon,grocery,sauces,spring roll sauce 300grams,299.0,akethai,300,4.0,3.0,2026-06-25
z42b78141dc5a54e77a25z,noon,grocery,sauces,"sweet chili sauce with pineapple 700ml – asian fruity sauce for stir fry, marinades & dipping",315.0,mr.hung,700,4.0,,2026-06-25
z3afda58d96ce08c30111z,noon,grocery,sauces,"zero treat french vanilla sauce, sugar-free, keto-friendly",299.0,zero treat,140,3.0,,2026-06-25
z51903be4215b82d66bd8z,noon,grocery,sauces,"sweet chilli sauce , 5 kg",299.0,lavida,5,4.0,6.0,2026-06-25
z9fdef82f5050d06c4f9cz,noon,grocery,sauces,معجون طماطم الدرة 800 جم × 3 عبوات – صلصة طماطم مركزة بقوام كثيف وطعم غني طبيعي للطهي وتحضير الصوصات والبيتزا والمكرونة واليخنات – حجم اقتصادي للعائلة,299.0,درة,800,4.0,43.0,2026-06-25
z2b1227e8ae333524019cz,noon,grocery,sauces,"yellow curry paste 400g | authentic thai curry paste for curries, stir-fry & marinades",299.0,bysri,400,4.0,1.0,2026-06-25
zd87a7fb20c3ff37db0f6z,noon,grocery,sauces,mustard sauce 5 kg,299.0,chefy mix,5,4.0,,2026-06-25
z143f81e491d6467d9cc8z,noon,grocery,sauces,bbq sauce 310g,299.0,bubuzy,310,3.0,1.0,2026-06-25
n48704764a,noon,grocery,sauces,smoked mayonnaise 400grams,299.0,good france,400,3.0,26.0,2026-06-25
n34976221a,noon,grocery,sauces,hot tomato ketchup 320grams,299.0,giardino,320,1.0,22.0,2026-06-25
n42868019a,noon,grocery,sauces,sriracha hot chilli sauce 730ml single,299.0,flying goose,730,4.0,26.0,2026-06-25
z3b1c059b340523524040z,noon,grocery,sauces,puree tomato salt pepper & onion - 210 gram,299.0,naturesta,210,4.0,1.0,2026-06-25
zb6a2cd3a70145330813dz,noon,grocery,sauces,sweet chili sauce 300 ml,299.0,choice,300,3.0,11.0,2026-06-25
n49538625a,noon,grocery,sauces,yellow food coloring gel 30ml,299.0,dobella,30,3.0,15.0,2026-06-25
zad2df559fbb28f76097az,noon,grocery,sauces,ketchup spicy - 5 kg,1133.0,naturesta,5,4.0,8.0,2026-06-25
za42193b91d27b2b601daz,noon,grocery,sauces,spicy bbq sauce - 5 kg,299.0,naturesta,5,4.0,9.0,2026-06-25
zf863979e633246ac8eccz,noon,grocery,sauces,indofood mild soy sauce – light & balanced flavor – perfect for cooking & seasoning – 88ml bottle,299.0,indofood,88,4.0,6.0,2026-06-25
zef94f0940bea17f3c37cz,noon,grocery,sauces,super hot sauce - 1 kg,299.0,naturesta,1,4.0,2.0,2026-06-25
n43894908a,noon,grocery,sauces,cherry tomato with artichokes bruschetta sauce 200grams,299.0,agromonte,200,4.0,,2026-06-25
zecf7ab884c9e1c635e6az,noon,grocery,sauces,"sweet chili sauce 700ml tangy spicy asian sauce for stir-fry, dipping & marinades",299.0,mr.hung,700,3.0,,2026-06-25
n29595690a,noon,grocery,sauces,minced natural garlic 200grams,299.0,gold alex,200,1.0,7.0,2026-06-25
z6a7538d60fccdfeacd81z,noon,grocery,sauces,puree tomato herbs & garlic - 210 gram,299.0,naturesta,210,3.0,2.0,2026-06-25
z358467434ae1c4d1ca60z,noon,grocery,sauces,coffee premium sauce 650 gm,299.0,asmacup,650,4.0,4.0,2026-06-25
n34041973a,noon,grocery,sauces,premium light soy sauce 150ml,299.0,heinz,150,1.0,13.0,2026-06-25
zf6cfc9bac2eeac42b9e9z,noon,grocery,sauces,chili mayo mayonnaise sauce 380 g,299.0,durra,380,4.0,,2026-06-25
z4818f8da6baa75b8c047z,noon,grocery,sauces,smokey chipotle bbq sauce - 5 kg,299.0,naturesta,5,3.0,10.0,2026-06-25
z2c97357c068e23457d15z,noon,grocery,sauces,altayebat bbq sauce 250ml,299.0,altayebat,250,4.0,29.0,2026-06-25
zf62575b24ab703a506dbz,noon,grocery,sauces,mazola garlic mayonnaise 340ml,299.0,mazola,340,4.0,,2026-06-25
z25960db2b73cb90e6163z,noon,grocery,sauces,original hot sauce - diet sauce 1 kg,299.0,naturesta,1,3.0,16.0,2026-06-25
zd54a426b731b7efb7942z,noon,grocery,sauces,guilt free barbecue - zero added sugar-350ml,299.0,organic nation,350,4.0,19.0,2026-06-25
n29779225a,noon,grocery,sauces,barbecue sauce 570grams,299.0,heinz,570,4.0,14.0,2026-06-25
z5d06b1802c5ddf97e39az,noon,grocery,sauces,hot sauce 200 ml,299.0,dobella,200,4.0,4.0,2026-06-25
n49538626a,noon,grocery,sauces,blue food coloring gel 30ml,299.0,dobella,30,3.0,15.0,2026-06-25
n12281277a,noon,grocery,sauces,grenadine molasse 750ml,299.0,yamama,750,1.0,49.0,2026-06-25
z1672662c9324ef07c720z,noon,grocery,sauces,"alwalimah kabsa spice mix, 300g | authentic middle eastern seasoning blend for rice, chicken & meat dishes | traditional saudi flavor",299.0,al walimah,300,4.0,1.0,2026-06-25
n45002372a,noon,grocery,sauces,sriracha chili sauce 300grams,299.0,akethai,300,3.0,1.0,2026-06-25
zc000271b1ede7cdad3dbz,noon,grocery,sauces,concentrated pomegranate 340gm molasses,299.0,choice,340,4.0,13.0,2026-06-25
n30328293a,noon,grocery,sauces,ketchup mayo 400grams,299.0,good france,400,1.0,16.0,2026-06-25
n48704759a,noon,grocery,sauces,sweet chili sauce 400grams,299.0,good france,400,4.0,61.0,2026-06-25
z1420fd5b881ab456c515z,noon,grocery,sauces,squeeze bottle mayonnaise 285 gm,299.0,bubuzy,285,4.0,5.0,2026-06-25
zb6ddb03c8958bba1a2a2z,noon,grocery,sauces,hummus tahina dip- 400 grams,299.0,harvest,400,3.0,18.0,2026-06-25
z2c7585c7f412b604b376z,noon,grocery,sauces,mazola mayonnaise sauce 340ml,299.0,mazola,340,4.0,,2026-06-25
zad5389d75f0802ef7d72z,noon,grocery,sauces,bbq sauce 380 ml,299.0,lavida,380,4.0,17.0,2026-06-25
n43406301a,noon,grocery,sauces,liquid lemon juice - 250ml,299.0,choice,250,3.0,3.0,2026-06-25
z9b8c41b72552c436a7d7z,noon,grocery,sauces,sesame seeds tahina cream - 500 gram,299.0,al sharq,500,4.0,1.0,2026-06-25
n29595818a,noon,grocery,sauces,thai sweet chilli sauce 240grams,299.0,heinz,240,1.0,7.0,2026-06-25
z4980f831114c814ef59ez,noon,grocery,sauces,tomato puree sauce 800g,299.0,saegh,800,3.0,4.0,2026-06-25
zff257f8d8950f46c01baz,noon,grocery,sauces,healthy and tasty big tasty sauce 340 g,299.0,healthy and tasty,340,4.0,,2026-06-25
n45218573a,noon,grocery,sauces,honey mustard 210grams,299.0,temeraire,210,4.0,,2026-06-25
zec4f3a5e25b058583d3ez,noon,grocery,sauces,mayo mayonnaise sauce 380 g,299.0,durra,380,4.0,6.0,2026-06-25
z04c57df65746105ec880z,noon,grocery,sauces,"garlic butter, kissed parmigiano & cheddar daddy 252 gm (cheese & creamy lovers bundle)",299.0,miam,252,4.0,,2026-06-25
z9ae35d8362c842ae3db8z,noon,grocery,sauces,"zero treat healthy bbq sauce, keto friendly, zero sugar added",299.0,zero treat,300,4.0,,2026-06-25
n52986116a,noon,grocery,sauces,real mayonnaise 400grams single,299.0,american garden,400,4.0,3.0,2026-06-25
za57b030ae55c3f8b9694z,noon,grocery,sauces,"red curry paste 400g | authentic thai curry paste for curries, stir-fry & marinades",299.0,bysri,400,2.0,1.0,2026-06-25
z2f9415a57b7965b14964z,noon,grocery,sauces,bbq sauce 360g,299.0,giardino,360,4.0,,2026-06-25
zbb098e966a23becf73efz,noon,grocery,sauces,samyang 2x buldak korean spicy hot chicken flavor sauce 200g,299.0,samyang,200,4.0,17.0,2026-06-25
z8e12cce9d781b466d0e1z,noon,grocery,sauces,pistachio cream sauce 500gm,299.0,asmacup,500,4.0,90.0,2026-06-25
z5c2d48fab823d30463ecz,noon,grocery,sauces,صلصة صويا التتبيل من هاداي، 380 ملل,249.9,هداي,380,4.0,,2026-06-25
n39019291a,noon,grocery,sauces,soy sauce 500ml,299.0,heinz,500,4.0,1.0,2026-06-25
n43406244a,noon,grocery,sauces,dark soy sauce - 250ml,299.0,choice,250,1.0,12.0,2026-06-25
n53271953a,noon,grocery,sauces,light soya sauce 330ml,299.0,thio,330,3.0,34.0,2026-06-25
zcd9227680a88c7ad4d69z,noon,grocery,sauces,heinz smoky mayonnaise - top-down squeeze bottle 225ml,299.0,heinz,225,3.0,,2026-06-25
z64145bc24dc8eff9960az,noon,grocery,sauces,saegh classic mayo ketchup sauce 280 gm,57.0,saegh,280,1.0,,2026-06-25
zecae26c64b5651209308z,noon,grocery,sauces,zero treat healthy caramel sauce,299.0,zero treat,300,4.0,2.0,2026-06-25
n28676071a,noon,grocery,sauces,soy sauce 500ml,299.0,yamama,500,1.0,7.0,2026-06-25
z26a54498b484fd46bf47z,noon,grocery,sauces,bundle – tomato paste 650g + picual olives 700g + mixed pickles 720g,299.0,durra,650,8.0,,2026-06-25
z65ef4893a755937454e4z,noon,grocery,sauces,sokradorf 100% pure sesame tahini natural creamy tahini smooth rich sesame paste healthy tahina sauce premium sesame butter no preservatives,299.0,sokradorf,400,3.0,,2026-06-25
z89860a2d90328f586c55z,noon,grocery,sauces,tabasco pepper sauce 60 ml,299.0,tabasco,60,4.0,,2026-06-25
zf94e0d3f20feb2759307z,noon,grocery,sauces,umami light soy sauce,299.0,haday,500,3.0,7.0,2026-06-25
za8a0834f42e90c38aaafz,noon,grocery,sauces,sauce wings and buffalo dip - 1 kg,299.0,naturesta,1,4.0,1.0,2026-06-25
n42868027a,noon,grocery,sauces,sweet chilli sauce 725ml single,299.0,flying goose,725,1.0,14.0,2026-06-25
n34976215a,noon,grocery,sauces,tomato paste puree 280grams,299.0,nardino,280,1.0,23.0,2026-06-25
n47961261a,noon,grocery,sauces,texas sauce 385grams,299.0,lavida,385,3.0,29.0,2026-06-25
n41989243a,noon,grocery,sauces,light soya sauce 640ml single,299.0,tai hua,640,3.0,3.0,2026-06-25
zab926239da994a5676caz,noon,grocery,sauces,hot chili sauce and lemon - diet sauce 180 grams,299.0,naturesta,180,4.0,8.0,2026-06-25
z25b5296baa76efb0da38z,noon,grocery,sauces,mayonnaise 325g,299.0,lavida,325,3.0,14.0,2026-06-25
z1f224edf855998664574z,noon,grocery,sauces,kraft spreadable cheddar cheese 230g,294.0,kraft,230,5.0,,2026-06-25
z43efdefa3ffaf5ed2a70z,noon,grocery,sauces,سكويز كريمة بندق بالشوكولاته 480 جم,299.0,اسماكب,480,4.0,12.0,2026-06-25
zc8a0680b8b0e3ffedea7z,noon,grocery,sauces,rana jalapeno hot sauce – authentic spicy taste,299.0,rana,340,4.0,,2026-06-25
z53e159738dc0ae233868z,noon,grocery,sauces,"indofood sweet soy sauce (kecap manis), rich & thick glaze, authentic flavour, 140ml bottle",119.0,indofood,140,4.0,6.0,2026-06-25
z7b12a154a77b686a44baz,noon,grocery,sauces,strawberry sauce 480 g,299.0,asmacup,480,4.0,13.0,2026-06-25
n38793018a,noon,grocery,sauces,nan,,nan,250,1.0,,2026-06-25
z7abc8f7e01c112f44236z,noon,grocery,sauces,potato sauce 320g,299.0,smart value,320,3.0,3.0,2026-06-25
z5929adc96d1eaafbc4faz,noon,grocery,sauces,"rana extra hot sauce 100g pack of 2 – spicy chili pepper sauce, bold flavor hot sauce for pizza, burgers, shawarma & snacks",220.0,rana,100,2.0,5.0,2026-06-25
zbf7675caadd5e81c34b4z,noon,grocery,sauces,healthy and tasty buffalo sauce 340 g,299.0,healthy and tasty,340,3.0,,2026-06-25
z073ba586b10f62b9aa35z,noon,grocery,sauces,mazola mayonnaise squeeze bottle 340 g,299.0,mazola,340,4.0,,2026-06-25
n45432851a,noon,grocery,sauces,buffalo wings sauce 300grams single,220.0,mc way,300,4.0,10.0,2026-06-25
n35958684a,noon,grocery,sauces,minced chili 370grams,68.0,dobella,370,1.0,29.0,2026-06-25
z5d155ae9ff69652ed439z,noon,grocery,sauces,"rana jalapeño hot sauce – spicy green chili sauce with tangy flavor | pack of 3 bottles | perfect for tacos, burgers, pizza & grilled foods | authentic hot pepper taste",220.0,rana,250,3.0,5.0,2026-06-25
z4c548ec715bf583b5b9az,noon,grocery,sauces,rana tomato ketchup original – 565g – rich flavor for all meals – convenient squeeze bottle pack of 2,120.0,rana,565,2.0,5.0,2026-06-25
zbe2aee45f295edeb14efz,noon,grocery,sauces,85% yellow ghost sauce,299.0,felfelaty,200,3.0,1.0,2026-06-25
n29595821a,noon,grocery,sauces,classic soya sauce 150ml,294.0,heinz,150,5.0,6.0,2026-06-25
z9a6158be359f22185529z,noon,grocery,sauces,mayonnaise classic 200 grams,299.0,good france,200,3.0,28.0,2026-06-25
n35958692a,noon,grocery,sauces,dark soy sauce 300ml,137.0,mega foods,300,1.0,27.0,2026-06-25
z503de57da5ce71fc2e1dz,noon,grocery,sauces,saegh tomato puree 3 kg,68.0,saegh,3,4.0,1.0,2026-06-25
z16deb0ef397c97febcaez,noon,grocery,sauces,lebanese al taybat liquid spices – authentic oriental marinade & flavor – premium quality – 400ml bottle,137.0,altayebat,400,3.0,29.0,2026-06-25
z8a9a09988f18b7e47b38z,noon,grocery,sauces,cheddar daddy sauce 280 gm - pack of 3,299.0,miam,280,3.0,,2026-06-25
z066f53d1b1124cbb33d3z,noon,grocery,sauces,mustard sauce 1 kg,299.0,chefy mix,1,4.0,37.0,2026-06-25
n48704761a,noon,grocery,sauces,ranch dressing 400grams,84.0,good france,400,3.0,49.0,2026-06-25
n43894912a,noon,grocery,sauces,green olives bruschetta sauce 200grams,269.0,agromonte,200,3.0,,2026-06-25
n40074718a,noon,grocery,sauces,tahina & black honey 440 & 335grams,68.0,el bawadi,440,1.0,31.0,2026-06-25
z8248074b606ab379018dz,noon,grocery,sauces,zero treat healthy strawberry sauce,299.0,zero treat,140,3.0,,2026-06-25
z4d359546f9d94d584fe3z,noon,grocery,sauces,light soy sauce - 150 ml,299.0,sun garden,150,4.0,4.0,2026-06-25
z64c85d2f28170cafd61bz,noon,grocery,sauces,saegh pomegranate molasses 350g squeeze,137.0,saegh,350,4.0,11.0,2026-06-25
z195c789a23fb1640c2e0z,noon,grocery,sauces,kdd tomato paste - pack of 2 (135g each) | 100% natural & no added salt | premium quality puree,68.0,kdd,135,2.0,,2026-06-25
n12281285a,noon,grocery,sauces,lemon juice substitute 1liters,137.0,yamama,1,1.0,10.0,2026-06-25
n41989242a,noon,grocery,sauces,dark soya sauce 640ml single,137.0,tai hua,640,3.0,6.0,2026-06-25
z77b6c0dbeb07016b86c9z,noon,grocery,sauces,saegh red chili sauce 280g,299.0,saegh,280,4.0,1.0,2026-06-25
n47697079a,noon,grocery,sauces,b.b.q sauce 200grams,299.0,good france,200,3.0,78.0,2026-06-25
n43894907a,noon,grocery,sauces,cherry tomato with olives bruschetta sauce 200grams,269.0,agromonte,200,4.0,2.0,2026-06-25
z0f579bcaabfb7e2850d3z,noon,grocery,sauces,barbecue sauce 5 kg,299.0,chefy mix,5,3.0,4.0,2026-06-25
n46494124a,noon,grocery,sauces,superior dark soy sauce 500ml,137.0,pearl river bridge,500,3.0,21.0,2026-06-25
z8039898e335126e1fe43z,noon,grocery,sauces,arkan pure sesame tahini - 100% natural - creamy texture & authentic taste,68.0,arkan,100,3.0,43.0,2026-06-25
z8d97c4a209a1e95c2e4ez,noon,grocery,sauces,cold ketchup sauce 7g,299.0,bubuzy,7,4.0,,2026-06-25
z46f3cc2c71e607df6588z,noon,grocery,sauces,دلو صلصة البرجر - 3.25 كجم,299.0,آد مي,3,4.0,,2026-06-25
n44706806a,noon,grocery,sauces,tomato paste 360grams,68.0,giardino,360,1.0,20.0,2026-06-25
n43406238a,noon,grocery,sauces,pomegranate molasses - 350ml,299.0,choice,350,1.0,12.0,2026-06-25
n39019065a,noon,grocery,sauces,superior dark soy sauce 150ml,269.0,pearl river bridge,150,3.0,7.0,2026-06-25
zfeae0703fd658069f2f1z,noon,grocery,sauces,"magic moments mocha sauce, 640 g",299.0,magic,640,3.0,,2026-06-25
z6ee33eafd10df5a3884az,noon,grocery,sauces,hot harissa 320g,299.0,saegh,320,4.0,7.0,2026-06-25
zf987dde72f1fe9fe78acz,noon,grocery,sauces,pizza & pasta sauce - 340 gm,299.0,easy dip,340,4.0,1.0,2026-06-25
z94996fc0b6065f132173z,noon,grocery,sauces,"indofood sumatra lampung hot chilli sauce, 140ml",299.0,indofood,140,4.0,,2026-06-25
n47697075a,noon,grocery,sauces,hot ketchup 400grams,299.0,good france,400,4.0,46.0,2026-06-25
zf18494f17a1b0925bb0ez,noon,grocery,sauces,extra hot hot sauce - diet sauce 180 grams,299.0,naturesta,180,4.0,15.0,2026-06-25
z9b0848164b2a8e09f610z,noon,grocery,sauces,superior light soy sauce- 150 ml,299.0,haday,150,4.0,3.0,2026-06-25
z5d1077dc8affba66c4a7z,noon,grocery,sauces,"kraft original spreadable cheddar cheese, in a press pc, 440g - 1 pc",299.0,kraft,440,3.0,,2026-06-25
z784510d74ac22c93af9fz,noon,grocery,sauces,"3 bottles al tayebat pure pomegranate molasses, 400ml each, rich authentic flavor, multipurpose cooking ingredient, value pack",299.0,altayebat,400,4.0,,2026-06-25
z3e51f26c46400a9900d6z,noon,grocery,sauces,"sedjet chili oil with flakes, 120 gm",299.0,sedjet,120,4.0,,2026-06-25
z096aae606d5233fc9be7z,noon,grocery,sauces,pomgrana hone - 350 ml,299.0,sun garden,350,4.0,28.0,2026-06-25
zc007a2d9adab26393b2fz,noon,grocery,sauces,easy dip sriracha sauce - 340g - hot chili all-purpose dipping & seasoning sauce,299.0,easy dip,340,4.0,1.0,2026-06-25
n30328299a,noon,grocery,sauces,cheddar sauce 400grams,299.0,good france,400,1.0,28.0,2026-06-25
zd86872a0e45945bccaeez,noon,grocery,sauces,tomato paste 360 grams,299.0,bubuzy,360,3.0,,2026-06-25
z13fd513766a8ce503c00z,noon,grocery,sauces,samyang buldak artificial spicy hot chicken flavoured sauce original 200g,299.0,samyang,200,4.0,29.0,2026-06-25
n14501243a,noon,grocery,sauces,"garlic mayonnaise, 340ml",299.0,mazola,340,1.0,12.0,2026-06-25
zafbf8ef5447cd207790fz,noon,grocery,sauces,chili mayo sauce bottle 430 gram,299.0,admiral,430,4.0,,2026-06-25
z3290f0da7026a7042ce3z,noon,grocery,sauces,durra pizza sauce - 350g | rich flavor & authentic taste,299.0,durra,350,4.0,36.0,2026-06-25
za6124b556f5cd398a940z,noon,grocery,sauces,buttermilk ranch 400 grams,299.0,good france,400,4.0,53.0,2026-06-25
z94d6c3a953c9dbe37432z,noon,grocery,sauces,100g dried grated onion,299.0,shana,100,3.0,1.0,2026-06-25
zb2d2dd10950e6b46d13bz,noon,grocery,sauces,cheese sauce 320g,299.0,giardino,320,4.0,,2026-06-25
n49731762a,noon,grocery,sauces,strawberry food liquid 30 gram,299.0,dobella,30,4.0,6.0,2026-06-25
z633322dc6d4af023248fz,noon,grocery,sauces,sriracha-cha suace 260 gm - pack of 3,299.0,miam,260,3.0,,2026-06-25
z5dc2648b53c2b15d29b3z,noon,grocery,sauces,"pizza sauce , 5 kg",299.0,lavida,5,3.0,7.0,2026-06-25
n42868021a,noon,grocery,sauces,sriracha mayonnaise sauce 730ml,299.0,flying goose,730,1.0,11.0,2026-06-25
zc533cbb3a66ee9d6a6f9z,noon,grocery,sauces,barbecue sauce 420g,299.0,durra,420,3.0,12.0,2026-06-25
z0f389b5e8502e4674518z,noon,grocery,sauces,pomegranate molasses 280 grams,299.0,dobella,280,3.0,27.0,2026-06-25
n50711372a,noon,grocery,sauces,soya sauce light 500ml single,82.0,choice,500,1.0,10.0,2026-06-25
z6e1dfbf2dea8e684e165z,noon,grocery,sauces,samurai sauce 320g,299.0,giardino,320,3.0,,2026-06-25
z5f5e4a1acacd161c0deaz,noon,grocery,sauces,"al tayibat pomegranate molasses – 100% natural, authentic middle eastern flavor – 400ml bottle",299.0,altayebat,400,4.0,29.0,2026-06-25
z0cceb19d22f777f8e595z,noon,grocery,sauces,extra extra hot sauce - nando's - la sauce piquante 125ml,299.0,nando's,125,3.0,,2026-06-25
z78e4867a6b76ae95f642z,noon,grocery,sauces,صلصة طماطم ملاذي.. سر الطبخة واللون الأحمر الغني في كل وجبة! 400 جم,299.0,malazi,400,4.0,,2026-06-25
n29012992a,noon,grocery,sauces,halpino sauce 100ml,299.0,rana,100,1.0,14.0,2026-06-25
z2b9baa329c7ea2ff69c8z,noon,grocery,sauces,lemon pickle sauce 350 g,299.0,lavida,350,4.0,5.0,2026-06-25
n41989245a,noon,grocery,sauces,light soy sauce 2liters single,299.0,tai hua,2,1.0,3.0,2026-06-25
ze6726e79667393360dc2z,noon,grocery,sauces,"sweet & sour sauce 700ml | tangy fruity asian sauce for stir-fry, marinades & dipping",299.0,mr.hung,700,3.0,,2026-06-25
n38793020a,noon,grocery,sauces,lebanese cooking sauce 360grams,299.0,puidor,360,1.0,3.0,2026-06-25
zda66b77cfa03a4f28210z,noon,grocery,sauces,dark soy sauce - 250 ml,299.0,sun garden,250,3.0,4.0,2026-06-25
n34976214a,noon,grocery,sauces,tomato paste 300grams,299.0,giardino,300,8.0,28.0,2026-06-25
z9d3dbaa96ce0b48a39bbz,noon,grocery,sauces,"cheddar daddy , smokey jockey burger & the great garlic butter 252 gm (burger boss bundle)",299.0,miam,252,3.0,,2026-06-25
zc62f7150e48e8960352ez,noon,grocery,sauces,sweet chili sauce - 200 grams (pack of 2),299.0,good france,200,2.0,,2026-06-25
zf72f60f395271c7254f5z,noon,grocery,sauces,"rana hot sauce – 474ml | spicy chili sauce | perfect for meals, snacks & marinades",299.0,rana,474,2.0,5.0,2026-06-25
z1094c2b0208445606192z,noon,grocery,sauces,chili ketchup 1 kg,299.0,chefy mix,1,3.0,38.0,2026-06-25
z52eea5cec7c561d041e7z,noon,grocery,sauces,صلصة طماطم ملاذي.. سر الطبخة واللون الأحمر الغني في كل وجبة! 800جم,299.0,malazi,800,4.0,,2026-06-25
z90e4bb284fc579c26b6dz,noon,grocery,sauces,mr hung sriracha hot chili sauce,299.0,mr.hung,160,4.0,,2026-06-25
z7ad985f2dd0235501f85z,noon,grocery,sauces,extra hot hot sauce - diet sauce 79 grams,299.0,naturesta,79,3.0,15.0,2026-06-25
zf4e7747f0b7b142efd30z,noon,grocery,sauces,soy sauce for seafood- 450 ml,299.0,haday,450,3.0,,2026-06-25
n47697077a,noon,grocery,sauces,ketchup 200grams,299.0,good france,200,1.0,52.0,2026-06-25
z3348ebd755c3e6388c39z,noon,grocery,sauces,معجون كاري أخضر 400 جم – معجون كاري تايلاندي أصيل للكاري والستير فراي والتتبيلات,299.0,بايسري,400,4.0,1.0,2026-06-25
n30328294a,noon,grocery,sauces,ketchup bottle 400grams,299.0,good france,400,1.0,57.0,2026-06-25
n52516713a,noon,grocery,sauces,mayo chili sauce 200ml,299.0,sriracha,200,4.0,6.0,2026-06-25
ze576580a756fa2a12c45z,noon,grocery,sauces,"buy4u dark soy sauce 1.8l – authentic asian soy sauce for cooking, rice & noodles",299.0,buy4u,1,4.0,5.0,2026-06-25
n29595819a,noon,grocery,sauces,superior dark soy sauce 500ml,350.0,heinz,500,2.0,15.0,2026-06-25
z2f5af3e20963cd937c4bz,noon,grocery,sauces,cheezy sauce - 200 gram,299.0,good france,200,4.0,14.0,2026-06-25
z320ee3416b880e097c1cz,noon,grocery,sauces,mayonnaise sauce 280 grams,299.0,chefy mix,280,3.0,17.0,2026-06-25
z66ed8278e32b5603eb30z,noon,grocery,sauces,sriracha ketchup chili sauce - 200 ml,299.0,crying thaiger,200,4.0,3.0,2026-06-25
n27673713a,noon,grocery,sauces,premium dark soy sauce 150ml,299.0,heinz,150,1.0,16.0,2026-06-25
zffd8fdbfbdd7bbe3112fz,noon,grocery,sauces,صلصة كاتشب زيرو تريت الصحية,299.0,زيرو تريت,160,4.0,,2026-06-25
zcf162bc8296987e41204z,noon,grocery,sauces,samyang buldak korean spicy hot chicken flavor sauce back of 2x - carbonara - original 3* 200g,299.0,samyang,200,4.0,3.0,2026-06-25
z12ba5e61c328be065025z,noon,grocery,sauces,healthy and tasty caesar sauce 340 g,299.0,healthy and tasty,340,4.0,,2026-06-25
zf9e348c930347e3e6043z,noon,grocery,sauces,"durra double concentrated tomato paste – rich flavor, 800g tin",299.0,durra,800,3.0,43.0,2026-06-25
n29042935a,noon,grocery,sauces,tomato ketchup 475grams,299.0,mc sauce,475,1.0,12.0,2026-06-25
n43406250a,noon,grocery,sauces,bbq sauce - 300grams,299.0,choice,300,1.0,4.0,2026-06-25
n41989240a,noon,grocery,sauces,dark soy sauce 320ml single,299.0,tai hua,320,1.0,3.0,2026-06-25
n46494128a,noon,grocery,sauces,sweet soy sauce 300grams,299.0,akethai,300,3.0,14.0,2026-06-25
zca09537277e47b922bf0z,noon,grocery,sauces,bbq sauce gold - 5 kg,299.0,naturesta,5,3.0,8.0,2026-06-25
z78e758db8f719e41b35bz,noon,grocery,sauces,"mustard squeeze , 540 gm",299.0,lavida,540,4.0,17.0,2026-06-25
z2f73c2b80d723df2654fz,noon,grocery,sauces,rana original saudi hot sauce - perfect for restaurants and quick meals - 100ml,299.0,rana,100,4.0,1.0,2026-06-25
n30328295a,noon,grocery,sauces,american mustard sauce 400grams,299.0,good france,400,1.0,34.0,2026-06-25
n38793021a,noon,grocery,sauces,arrabbiata pasta sauce 360grams,299.0,puidor,360,1.0,,2026-06-25
zc809f2a11e299faaa033z,noon,grocery,sauces,sedjet hot dijon mustard – made from high-quality spicy french dijon seeds – 140 g,299.0,sedjet,140,3.0,,2026-06-25
n42868018a,noon,grocery,sauces,strained tomatoes 100% italian 690grams,299.0,granoro,690,1.0,8.0,2026-06-25
zd06ff9f918b93ecba703z,noon,grocery,sauces,healthy bbq sauce x2,299.0,zero treat,160,4.0,,2026-06-25
zdb4b6520cefc3537ce16z,noon,grocery,sauces,soy sauce for improving digestion and intestinal health 250ml,299.0,elhawag,250,3.0,1.0,2026-06-25
z1427ab693a3e9ed8e5d8z,noon,grocery,sauces,"saudia premium tomato sauce, rich & pure flavour, multipack of 3",299.0,saudia,3,3.0,,2026-06-25
n46494134a,noon,grocery,sauces,teriyaki sauce 300grams,299.0,akethai,300,3.0,,2026-06-25
n49731765a,noon,grocery,sauces,pineapple food liquid 30 gram,299.0,dobella,30,3.0,5.0,2026-06-25
zfc6ff76fe314cf58b5c2z,noon,grocery,sauces,rich mayonnaise sauce 3.3kg,299.0,chefy mix,3,3.0,,2026-06-25
z8e07eef4fc2863c25967z,noon,grocery,sauces,heinz tomato ketchup - 4 pack (200g each),253.0,heinz,200,3.0,,2026-06-25
zddfd62e496b8d17cbce8z,noon,grocery,sauces,hot ketchup 200 grams,299.0,good france,200,4.0,21.0,2026-06-25
z6f6a0b860b1a756b707cz,noon,grocery,sauces,mayonnaise sauce 320g,84.0,giardino,320,3.0,,2026-06-25
n34976235a,noon,grocery,sauces,hot sauce 105grams,299.0,giardino,105,1.0,12.0,2026-06-25
z1399c70994ef57cd2972z,noon,grocery,sauces,ketchup sauce 5 kg,299.0,chefy mix,5,3.0,21.0,2026-06-25
z2f882982ea8c4be87c5fz,noon,grocery,sauces,nando's hot peri-peri sauce 125g,299.0,nando's,125,3.0,,2026-06-25
z6703ca04278b25d0f2e6z,noon,beverages,soft drinks,monin premium coconut flavored syrup for coffee and beverages - 1l,107.0,monin,1,1.0,,2026-06-25
z8a1b0a875277070421a2z,noon,beverages,soft drinks,schweppes sparkling pomegranate flavoured drink - 1l per bottle - pack of 6 bottles,107.0,schweppes,1,6.0,,2026-06-25
zf4f351e5835f13f22788z,noon,beverages,soft drinks,carbonated drink with lemon lime flavor 275ml,107.0,zee,275,1.0,,2026-06-25
z454cb59b997e0ff62eb2z,noon,beverages,soft drinks,alpro almond no sugars plant-based drink with calcium - 1l,107.0,alpro,1,1.0,,2026-06-25
n28991815a,noon,beverages,soft drinks,miranda orange 2.43liters,107.0,mirinda,2,1.0,21.0,2026-06-25
z9bae150cd8c35d9d099dz,noon,beverages,soft drinks,naturally sweetened cola with monk fruit – 5 bottles + 1 free,107.0,lakanto,400,1.0,,2026-06-25
z131242f494c492ebeb65z,noon,beverages,soft drinks,rita mixed berries sparkling drink - pack of 2 (240ml each) | refreshing fruit flavor | zesty & bubbly,107.0,rita,240,2.0,,2026-06-25
z7253c7a2492a7abf4064z,noon,beverages,soft drinks,monin premium mango flavored syrup for mocktails and beverages - 700 ml,107.0,monin,700,1.0,,2026-06-25
zfbed6f3dd75fec394789z,noon,beverages,soft drinks,7 up 150ml 2,107.0,7 up,150,6.0,,2026-06-25
z96877b7fc42c92accd29z,noon,beverages,soft drinks,monin premium crème brûlée flavored syrup for coffee and beverages - 700ml,107.0,monin,700,1.0,,2026-06-25
z1ed223e5d51e49e2c57fz,noon,beverages,soft drinks,"kinza citrus soft drink, 300 ml – pack of 3 | refreshing carbonated citrus beverage | crisp lemon & lime flavor",107.0,kinza,300,3.0,,2026-06-25
zd8d9ca5283326e280db9z,noon,beverages,soft drinks,monin premium caramel flavored syrup for coffee and beverages - 1l,107.0,monin,1,1.0,,2026-06-25
z01d3c691117be1e8cdadz,noon,beverages,soft drinks,monin premium peach tea syrup for iced tea and refreshing beverages - 1l,107.0,monin,1,1.0,,2026-06-25
zd287102c5033e4a3cb1az,noon,beverages,soft drinks,forever citron lemon flavored sparkling water 330ml,107.0,maison perrier,330,1.0,,2026-06-25
z4939bd669a65ad44067cz,noon,beverages,soft drinks,soft drink with red grape flavor 250 ml,107.0,rauch,250,12.0,2.0,2026-06-25
zec12320bb640ced5dbecz,noon,beverages,soft drinks,pepsi cream soda zero sugar 330ml,107.0,pepsi,330,1.0,,2026-06-25
z1c22b28299f41a4a3fa4z,noon,beverages,soft drinks,soft drink 2.43 liters,107.0,pepsi,2,24.0,7.0,2026-06-25
n47874273a,noon,beverages,soft drinks,stevia soft drink 330ml,107.0,green cola,330,1.0,33.0,2026-06-25
n51736580a,noon,beverages,soft drinks,energy drink 250ml pack of 4,107.0,power horse,250,4.0,9.0,2026-06-25
z9cf8d44ef6f3b784bde3z,noon,beverages,soft drinks,alpro barista oat plant-based drink source of fiber - 1l,434.0,alpro,1,1.0,,2026-06-25
zae1b6f968f0ac94b7e45z,noon,beverages,soft drinks,monin premium salted caramel flavored syrup for coffee and beverages - 700ml,107.0,monin,700,1.0,,2026-06-25
z6db52887f7b33ee13c2ez,noon,beverages,soft drinks,mogu mogu watermelon juice 320ml,107.0,موجو موجو,320,2.0,,2026-06-25
z7eefdd1f12da00923b9dz,noon,beverages,soft drinks,vimto original fruit cordial concentrated syrup - 710ml,107.0,vimto,710,1.0,,2026-06-25
z6bd72839e55c700390fbz,noon,beverages,soft drinks,monin premium pure cane sugar flavored syrup for coffee and beverages - 1l,107.0,monin,1,1.0,,2026-06-25
za24a74b075949be3080fz,noon,beverages,soft drinks,"lipton ice tea french tropical, ready-to-drink iced tea with tropical fruit flavor, 330ml cans, pack of 2",107.0,lipton tea,330,2.0,,2026-06-25
z53c43b4fb42a75b3c6dfz,noon,beverages,soft drinks,monin premium grenadine flavored syrup for mocktails and beverages - 1l,107.0,monin,1,1.0,,2026-06-25
z2db7d2a48db9b7bcd86cz,noon,beverages,soft drinks,kdd orange & grape mixed fruit juice – 125ml (pack of 6) – refreshing natural fruit blend with no added preservatives,107.0,kdd,125,6.0,,2026-06-25
z28af360febbb0c3dea24z,noon,beverages,soft drinks,monin premium caramel flavored syrup for coffee and beverages - 250ml,107.0,monin,250,1.0,,2026-06-25
z7826faaccd2a9e99593az,noon,beverages,soft drinks,monin premium passion fruit flavored syrup for mocktails and beverages - 250ml,107.0,monin,250,1.0,,2026-06-25
za8e9c38495ea790f7ff3z,noon,beverages,soft drinks,alpro barista coconut plant-based drink with soya & calcium - 1l,107.0,alpro,1,1.0,,2026-06-25
za812610c9103800f49f8z,noon,beverages,soft drinks,"capri-sun orange juice drink – refreshing fruit beverage, 200ml pouches – pack of 3",107.0,capri-sun,200,3.0,,2026-06-25
z2d516f723f1a12da7819z,noon,beverages,soft drinks,monin premium sugar free hazelnut flavored syrup for coffee and beverages - 700ml,107.0,monin,700,1.0,,2026-06-25
zc1610a58cfe47a4cce8az,noon,beverages,soft drinks,diet soft drink pet bottle 1.47l,107.0,pepsi,1,1.0,,2026-06-25
zaa333a4697ec3f7ec09dz,noon,beverages,soft drinks,cola soft drink 1 l,107.0,green cola,1,6.0,12.0,2026-06-25
z94aa3071e35de3af9c55z,noon,beverages,soft drinks,"lipton ice tea french raspberry, ready to drink iced tea beverage, refreshing raspberry flavor, 330ml cans, pack of 2",107.0,lipton tea,330,2.0,,2026-06-25
zbdc6a5ebc462a0190910z,noon,beverages,soft drinks,monin cinnamon premium flavored syrup - 1l,107.0,monin,1,1.0,,2026-06-25
z5f151917ec29ee00bd52z,noon,beverages,soft drinks,kdd orange juice – pack of 1 | refreshing orange drink with natural citrus taste | ready to drink,107.0,kdd,1,1.0,,2026-06-25
z1e7898bc9e01b9cd7bddz,noon,beverages,soft drinks,carbonated drink with sklites candy flavor 275ml,107.0,zee,275,1.0,,2026-06-25
z59345fb64bdd875d0c83z,noon,beverages,soft drinks,dr pepper - vanilla float - 330 ml,107.0,dr pepper,330,1.0,,2026-06-25
z1c64475dc496ffc5b4f6z,noon,beverages,soft drinks,vimto fruit flavored drink – 250ml (pack of 2) – original refreshing fruit blend – ready to drink – pocket size,107.0,vimto,250,2.0,,2026-06-25
zc2156dcbac991998f999z,noon,beverages,soft drinks,soft drink bottle 1.47 liters,107.0,7up,1,1.0,2.0,2026-06-25
z6d508fb605aba1ffe424z,noon,beverages,soft drinks,carbonated hibiscus naturally sweetened with monk fruit - 250 ml,107.0,lakanto,250,1.0,3.0,2026-06-25
z21dfc71a2cdf8bea84caz,noon,beverages,soft drinks,monin premium kiwi flavored syrup for mocktails and beverages - 1l,107.0,monin,1,1.0,,2026-06-25
z5bd6d01059a36e340614z,noon,beverages,soft drinks,"mogu mogu watermelon flavoured drink with nata de coco, 320ml – pack of 3 | refreshing tropical juice beverage with chewy coconut bits",107.0,mogu mogu,320,3.0,,2026-06-25
z018c636ef2326d0a295fz,noon,beverages,soft drinks,monin green mint premium flavored syrup - 1l,107.0,monin,1,1.0,,2026-06-25
zc0cd1ad407e0b9e7b5cdz,noon,beverages,soft drinks,monin premium agave sugar flavored syrup for coffee and beverages - 700ml,107.0,monin,700,1.0,,2026-06-25
n29340589a,noon,beverages,soft drinks,soft drink - 250ml,107.0,7up,250,12.0,16.0,2026-06-25
z0d4cc3ef7fcce4a732f8z,noon,beverages,soft drinks,"pepsi 150ml (small size), saudi version",107.0,pepsi,150,12.0,,2026-06-25
z90ac5a68fb098b80318cz,noon,beverages,soft drinks,vitamin sparkling drink 100% natural flavors - blueberry,107.0,v7,300,12.0,193.0,2026-06-25
z9466b093770e21ccac7dz,noon,beverages,soft drinks,green apple 1.47 liters,107.0,mirinda,1,1.0,3.0,2026-06-25
ze5cc3311a9667de1433fz,noon,beverages,soft drinks,naturally sweetened true orange with monk fruit - 5 bottles + 1 free,107.0,lakanto,400,1.0,,2026-06-25
z1703eae26dddaadd78aaz,noon,beverages,soft drinks,"elsaudia chocolate milk drink, 200ml pack of 3 – rich & creamy chocolate flavoured milk – nutritious ready-to-drink beverage for kids & adults",107.0,saudia,200,3.0,,2026-06-25
n29595586a,noon,beverages,soft drinks,miranda green apple 2.43liters,107.0,mirinda,2,1.0,5.0,2026-06-25
z672ff934a04b698cd78ez,noon,beverages,soft drinks,pepsi strawberries & cream flavor 330ml,107.0,pepsi,330,1.0,,2026-06-25
n53183018a,noon,beverages,soft drinks,green mocktails mojito 330grams,107.0,green cola,330,1.0,27.0,2026-06-25
z2525f1e10a7c8be8f2b8z,noon,beverages,soft drinks,monin premium salted caramel flavored syrup for coffee and beverages - 250ml,107.0,monin,250,1.0,,2026-06-25
z816f65c2f7842b7c2417z,noon,beverages,soft drinks,monin premium green apple flavored syrup for mocktails and beverages - 700ml,107.0,monin,700,1.0,,2026-06-25
zb40d93aaf2989c4209e2z,noon,beverages,soft drinks,monin premium strawberry flavored syrup for mocktails and beverages - 250ml,107.0,monin,250,1.0,,2026-06-25
z686d59a295b3be2afeb2z,noon,beverages,soft drinks,monin premium piña colada flavored syrup for mocktails and beverages - 700ml,107.0,monin,700,1.0,,2026-06-25
n28991787a,noon,beverages,soft drinks,soft drinks can orange 240ml,107.0,mirinda,240,12.0,13.0,2026-06-25
zd139b406b8950500e4c3z,noon,beverages,soft drinks,orange 1.47 liters,107.0,mirinda,1,12.0,4.0,2026-06-25
ze10d144b09929d67acc8z,noon,beverages,soft drinks,monin premium cherry flavored syrup for mocktails and beverages - 1l,107.0,monin,1,1.0,,2026-06-25
z556bcc591c802c30e06az,noon,beverages,soft drinks,mogu mogu peach flavored drink with nata de coco 320ml,107.0,mogu mogu,320,2.0,,2026-06-25
zbc06f0ec9a5e5e1fb8dcz,noon,beverages,soft drinks,soft drink with peach flavor 250 ml,107.0,rauch,250,1.0,,2026-06-25
z65ab63311436622cd5f4z,noon,beverages,soft drinks,cola-flavored soft drink 355ml,107.0,pepsi,355,1.0,,2026-06-25
zf5432c802d86de1f9a8ez,noon,beverages,soft drinks,monin premium chocolate cookie flavored syrup for coffee and beverages - 250ml,107.0,monin,250,1.0,,2026-06-25
n28991816a,noon,beverages,soft drinks,soft drink 2.43liters,107.0,7up,2,6.0,33.0,2026-06-25
zf2a7184ba88d205f8be0z,noon,beverages,soft drinks,caffeine free cola drink 0% sugar 330ml,107.0,green cola,330,1.0,5.0,2026-06-25
z645c5c22808077148fb6z,noon,beverages,soft drinks,monin premium madagascar vanilla flavored syrup for coffee and beverages - 250ml,107.0,monin,250,1.0,,2026-06-25
zec9568cf659356d80c11z,noon,beverages,soft drinks,سيرب مونين نكهة البندق المحمص الغنية والمميزة للمشروبات والقهوة - 1 لتر,107.0,مونين,1,1.0,,2026-06-25
z632e716e7262e4147657z,noon,beverages,soft drinks,monin premium raspberry tea syrup for iced tea and refreshing beverages - 700ml,107.0,monin,700,1.0,,2026-06-25
zc5ef671f1ee668d58588z,noon,beverages,soft drinks,monin premium cinnamon flavored syrup for coffee and beverages - 1l,107.0,monin,1,1.0,,2026-06-25
zc1fd3cf42a69942ab12dz,noon,beverages,soft drinks,carbonated drink with cola flavor 275ml,107.0,zee,275,1.0,,2026-06-25
z46cb32d83c568127b41ez,noon,beverages,soft drinks,monin premium hazelnut flavored syrup for coffee and beverages - 1l,107.0,monin,1,1.0,,2026-06-25
z1571738b00f72f00e178z,noon,beverages,soft drinks,monin premium coffee flavored syrup for specialty drinks and desserts - 700ml,107.0,monin,700,1.0,,2026-06-25
zcd5fb58ed82cc1711095z,noon,beverages,soft drinks,lemon-flavored soft drink 355ml,107.0,7up,355,12.0,1.0,2026-06-25
zd1cb2141392073075083z,noon,beverages,soft drinks,dr pepper strawberries & cream 330 ml,107.0,dr pepper,330,1.0,,2026-06-25
z915f315b7ca3489c4f14z,noon,beverages,soft drinks,soft drink lemon lime - 1 liters,107.0,green cola,1,1.0,3.0,2026-06-25
ze5b7f9598f1e7f19b064z,noon,beverages,soft drinks,monin premium sugar free vanilla flavored syrup for coffee and beverages - 700ml,107.0,monin,700,1.0,,2026-06-25
z96410e465b9753c49cf8z,noon,beverages,soft drinks,monin non-alcoholic bitter concentrated syrup for mocktails and beverages - 700ml,107.0,monin,700,1.0,,2026-06-25
zc3ab4c0d63712c9c5669z,noon,beverages,soft drinks,soft drink bottle 1.47l,107.0,pepsi,1,6.0,,2026-06-25
zae5cb78e7a642ddbe62ez,noon,beverages,soft drinks,monin premium green mint flavored syrup for mocktails and beverages - 1l,1111.0,monin,1,1.0,,2026-06-25
z5480f05e3ad5fefa9436z,noon,beverages,soft drinks,vitamin sparkling drink 100% natural flavors - pina colada,107.0,v7,300,12.0,201.0,2026-06-25
z832f8ed3011ccee937a4z,noon,beverages,soft drinks,monin premium yellow banana flavored syrup for coffee and beverages - 700ml,107.0,monin,700,40.0,,2026-06-25
z1ecc43fa400f065b0e55z,noon,beverages,soft drinks,alpro barista almond plant-based drink with calcium - 1l,107.0,alpro,1,1.0,,2026-06-25
zd74d2c9663cd6066b778z,noon,beverages,soft drinks,monin premium speculoos flavored syrup for coffee and beverages - 700ml,107.0,monin,700,1.0,,2026-06-25
z86f61d6503a6e0a74157z,noon,beverages,soft drinks,monin premium rose flavored syrup for mocktails and beverages - 700ml,107.0,monin,700,1.0,,2026-06-25
z21c20059967b33663866z,noon,beverages,soft drinks,naturally sweetened cola with monk fruit – 3 bottles,107.0,lakanto,400,3.0,,2026-06-25
z9e7e6ae6530abf27f494z,noon,beverages,soft drinks,calorie carbonated drink tangerine with no sugar 275ml,107.0,zee,275,1.0,,2026-06-25
z5492c485aae8eae5e245z,noon,beverages,soft drinks,monin premium irish cream flavored syrup for coffee and beverages - 1l,107.0,monin,1,1.0,,2026-06-25
ze3ec7feb3bf9343ad207z,noon,beverages,soft drinks,mogu mogu strawberry flavoured drink – 320ml pack of 3 | refreshing fruity beverage with chewy nata de coco bits,107.0,mogu mogu,320,3.0,,2026-06-25
zd207cab3e60d953c94b1z,noon,beverages,soft drinks,oronamin c japanese carbonated drink 120ml,107.0,oronamin c,120,1.0,,2026-06-25
zdc3a418c97efb226e70fz,noon,beverages,soft drinks,forever citron vert lime sleek drink 330 ml,107.0,perrier,330,1.0,,2026-06-25
za36b42fd36c6037b7b08z,noon,beverages,soft drinks,monin premium madagascar vanilla flavored syrup for coffee and beverages - 1l,107.0,monin,1,1.0,,2026-06-25
zea417466450e017cd6afz,noon,beverages,soft drinks,"rita mojito sparkling drink – citrus flavoured, carbonated | 240ml can, pack of 3 | refreshing fizzy beverage",107.0,rita,240,3.0,,2026-06-25
z3dfac0e4c959d76bd87cz,noon,beverages,soft drinks,monin premium coconut flavored syrup for coffee and beverages - 250ml,107.0,monin,250,1.0,,2026-06-25
n52422173a,noon,beverages,soft drinks,berry mix 275ml,107.0,freez,275,1.0,3.0,2026-06-25
zb13bf46e9db0fd3671dbz,noon,beverages,soft drinks,soft drink extra fizz 1.47 liters,107.0,pepsi,1,1.0,4.0,2026-06-25
z3a5bed86a1a85c8751e3z,noon,beverages,soft drinks,monin sugar free vanilla syrup 250ml - healthy & rich flavor for your daily coffee,107.0,monin,250,1.0,,2026-06-25
z4cf747ce3af8225abc3dz,noon,beverages,soft drinks,monin premium lime juice cordial syrup for mocktails and beverages - 1l,107.0,monin,1,1.0,,2026-06-25
za71699b9cf033c7da32dz,noon,beverages,soft drinks,monin lemon rantcho premium juice concentrate - 700ml,107.0,monin,700,1.0,,2026-06-25
zd50998f993a39c865fd9z,noon,beverages,soft drinks,monin premium pomegranate flavored syrup for mocktails and beverages - 700ml,107.0,monin,700,1.0,,2026-06-25
z9fd4952e7a39adabe1e1z,noon,beverages,soft drinks,monin premium raspberry flavored syrup for mocktails and beverages - 1l,107.0,monin,1,1.0,,2026-06-25
zf7fd40d33d9705062510z,noon,beverages,soft drinks,naturally sweetened true orange with monk fruit - 3 bottles,107.0,lakanto,400,1.0,,2026-06-25
zebcbe254c40c428431dbz,noon,beverages,soft drinks,monin premium chocolate cookie flavored syrup for coffee and beverages - 700ml,107.0,monin,700,1.0,,2026-06-25
zd7377ef2ffa2035d373bz,noon,beverages,soft drinks,monin sugar free caramel syrup 250ml - rich flavor perfect for coffee and drinks,107.0,monin,250,1.0,1.0,2026-06-25
ze68fb6740466b52311d8z,noon,beverages,soft drinks,monin premium ginger flavored syrup for mocktails and beverages - 700ml,107.0,monin,700,1.0,,2026-06-25
z2826a283b6a178ba309bz,noon,beverages,soft drinks,"rita sparkling berry drink | refreshing carbonated berry beverage | fruity & fizzy taste | perfect for parties, meals & refreshment pack of 2",107.0,rita,500,2.0,,2026-06-25
z087efa9915ffc74b48efz,noon,beverages,soft drinks,naturally sweetened lemon lime with monk fruit - 3 bottles,107.0,lakanto,400,1.0,,2026-06-25
n29340601a,noon,beverages,soft drinks,mirinda orange 250ml,107.0,mirinda,250,1.0,18.0,2026-06-25
z5152aed626f961388eb7z,noon,beverages,soft drinks,monin premium mojito mint flavored syrup for mocktails and beverages - 1l,107.0,monin,1,1.0,,2026-06-25
z3107e7ad69954c1348daz,noon,beverages,soft drinks,monin lime rantcho premium juice concentrate - 700ml,107.0,monin,700,1.0,,2026-06-25
z0b746c21f4848b2b17cfz,noon,beverages,soft drinks,monin premium blackberry flavored syrup for mocktails and beverages - 700ml,107.0,monin,700,1.0,,2026-06-25
zdf83d74c2e0b08872584z,noon,beverages,soft drinks,vimto,107.0,vimto,500,1.0,8.0,2026-06-25
zd87aa6b6e942031ecf8bz,noon,beverages,soft drinks,pepsi saudi – original cola soft drink in can – refreshing carbonated beverage pack of 2,107.0,pepsi,2,2.0,1.0,2026-06-25
zdb466a2093893d68c3ddz,noon,beverages,soft drinks,monin premium mojito mint flavored syrup for mocktails and beverages - 250ml,639.0,monin,250,1.0,,2026-06-25
n28991823a,noon,beverages,soft drinks,soft drink 400ml,234.0,7up,400,6.0,20.0,2026-06-25
z12a891449755e0f25bd1z,noon,beverages,soft drinks,orange-flavored soft drink 355ml,139.0,mirinda,355,1.0,,2026-06-25
zbafdf960735fd7aaf78dz,noon,beverages,soft drinks,sun top apple pack of 6 250ml,129.0,suntop,250,6.0,,2026-06-25
n28991824a,noon,beverages,soft drinks,lemon soda cans 240ml,234.0,7up,240,3.0,10.0,2026-06-25
z742d776e20f7d83f7ad8z,noon,beverages,soft drinks,soft drink with white grape flavor 250 ml,139.0,rauch,250,1.0,,2026-06-25
z90a1c3ebddb3600186c1z,noon,beverages,soft drinks,monin non-alcoholic caribbean rum flavored syrup for coffee and beverages - 700ml,255.0,monin,700,1.0,,2026-06-25
zc6a2e4b94204d4e73f61z,noon,beverages,soft drinks,monin premium brownie flavored syrup for coffee and beverages - 700ml,255.0,monin,700,1.0,,2026-06-25
z2839a80f1f83ac17211bz,noon,beverages,soft drinks,monin premium sugar free hazelnut flavored syrup for coffee and beverages - 250ml,639.0,monin,250,1.0,,2026-06-25
ze11e18f8a04d19d8f83cz,noon,beverages,soft drinks,monin premium peach flavored syrup for iced teas and beverages - 250ml,125.0,monin,250,1.0,,2026-06-25
z0ae1d1645f2fce1f1000z,noon,beverages,soft drinks,naturally sweetened lemon lime with monk fruit - 5 bottles + 1 free,129.99,lakanto,400,1.0,,2026-06-25
z6f0cd6061cde7483ab93z,noon,beverages,soft drinks,lipton ice tea peach flavor – refreshing non-carbonated drink – 2 x 320ml cans twin pack,125.0,lipton,320,2.0,,2026-06-25
n28991845a,noon,beverages,soft drinks,soft drink 400ml,139.0,pepsi,400,1.0,27.0,2026-06-25
z29693f4dba9d79f42f0dz,noon,beverages,soft drinks,monin popcorn premium flavored syrup - 700ml,110.0,monin,700,1.0,,2026-06-25
z9fdae749a698af95c44fz,noon,beverages,soft drinks,monin premium lavender flavored syrup for coffee and beverages - 700ml,140.0,monin,700,1.0,,2026-06-25
z082a0fac387585a392e3z,noon,beverages,soft drinks,monin premium triple sec curaçao flavored syrup for mocktails and coffee - 1l,139.0,monin,1,1.0,,2026-06-25
z4bb0bc29d5f212c1256dz,noon,beverages,soft drinks,mountain dew spark 330ml,139.0,mountain dew,330,1.0,,2026-06-25
za206bd8b523d96e76b7bz,noon,beverages,soft drinks,monin premium blue curaçao flavored syrup for mocktails and beverages - 250ml,240.0,monin,250,1.0,,2026-06-25
z7e3d3c9b41307d8da78az,noon,beverages,soft drinks,7up 150ml (small size) saudi version,139.0,7 up,150,1.0,,2026-06-25
n28991813a,noon,beverages,soft drinks,soft drink cans 240ml,139.0,pepsi,240,1.0,34.0,2026-06-25
z956cc311c04270d55edez,noon,beverages,soft drinks,vitamin sparkling drink 100% natural flavors - pomegranate,240.0,v7,300,12.0,184.0,2026-06-25
zdc0d332a4cb94b70c33az,noon,beverages,soft drinks,monin sugar free caramel syrup 700ml - premium french café flavor,99.0,monin,700,1.0,,2026-06-25
z245359e428c09310baeaz,noon,beverages,soft drinks,lemon lime drink 0% sugar 330ml,129.99,green cola,330,1.0,5.0,2026-06-25
z534a8e827d182c1df36az,noon,beverages,soft drinks,2 coca-cola vanilla 330ml german,139.0,coca-cola,330,2.0,,2026-06-25
z379ac2b3258757e8ae2fz,noon,beverages,soft drinks,monin premium passion fruit flavored syrup for mocktails and beverages - 1l,140.0,monin,1,1.0,,2026-06-25
z683cad4993e1bbcf8a1cz,noon,beverages,soft drinks,calorie carbonated pina colada drink with no added sugar 275ml,139.0,zee,275,1.0,,2026-06-25
zf4b230de88501789efcez,noon,beverages,soft drinks,monin premium cranberry flavored syrup for mocktails and beverages - 700ml,240.0,monin,700,1.0,,2026-06-25
z4e20d75ca62a8462fb55z,noon,beverages,soft drinks,monin premium peach tea syrup for iced tea and refreshing beverages - 1l,125.0,monin,1,1.0,,2026-06-25
z4e79e19681a0174dbc9fz,noon,beverages,soft drinks,"kinza cola soft drink, 300 ml – pack of 3 | classic carbonated cola beverage | refreshing & fizzy taste",284.95,kinza,300,3.0,1.0,2026-06-25
z4eac8f5d2572ec01f166z,noon,beverages,soft drinks,red bull power drink 250 ml*4 pack,139.0,red bull,250,24.0,,2026-06-25
n47874272a,noon,beverages,soft drinks,cherry flavor 330ml,139.0,green cola,330,1.0,29.0,2026-06-25
z46c882fcd445a8934badz,noon,beverages,soft drinks,monin premium blue curaçao flavored syrup for mocktails and beverages - 1l,139.0,monin,1,1.0,,2026-06-25
z211598405b1221035694z,noon,beverages,soft drinks,monin premium toffee nut flavored syrup for coffee and beverages - 1l,240.0,monin,1,1.0,,2026-06-25
zf44ca9c3fa706c0de66dz,noon,beverages,soft drinks,مشروب باشن فروت خالي من السكر 330ml,110.0,جرين كولا,330,2.0,4.0,2026-06-25
z4ceaef3d318de7b3f37ez,noon,beverages,soft drinks,monin hazelnut premium flavored syrup - 700ml,1111.0,monin,700,1.0,,2026-06-25
z88e0447f8522a0215348z,noon,beverages,soft drinks,monin premium cloudy lemonade base syrup for mocktails and beverages - 1l,139.0,monin,1,1.0,,2026-06-25
z09aa4d4ae3c620175a7dz,noon,grocery,tea,milk bubble tea 235 ml,107.0,wow,235,1.0,,2026-06-25
n27673313a,noon,grocery,tea,instant premix cardamom karak tea 14grams pack of 10,107.0,karak tea,14,10.0,9.0,2026-06-25
zefa1a862f7bfbc43dbc5z,noon,grocery,tea,vinur organic hibiscus & rose herbal tea – 20 pyramidal tea bags,107.0,vinur,500,20.0,21.0,2026-06-25
zaf642a9edf3534934bdcz,noon,grocery,tea,st john's herbal tea 18 filter,107.0,imtenan,500,12.0,37.0,2026-06-25
z45a638da6786d1623ba2z,noon,grocery,tea,"instant karak chai tea with creamer, sugar & cardamom, 8 x 25gm sachets",107.0,tea break,25,12.0,9.0,2026-06-25
zd27846a174d3d9b4fc99z,noon,grocery,tea,rabea extra strong tea - fine loose black tea - 250g,107.0,rabea,250,12.0,2.0,2026-06-25
z18a210f5ccebfb7e0747z,noon,grocery,tea,lavender and chamomile herbal tea 18 filters,107.0,imtenan,500,18.0,73.0,2026-06-25
zbd5784a9587948b6783cz,noon,grocery,tea,mood karak - karak tea- cardamom - 8 sachets,107.0,mood karak,500,6.0,,2026-06-25
za547accaeb6711044c30z,noon,grocery,tea,diet herbal tea 18 filters,107.0,imtenan,500,12.0,56.0,2026-06-25
z553f9710e99f7876328az,noon,grocery,tea,ahmad tea london raspberry & pomegranate green tea – 20 foil tea bags,107.0,ahmad tea,500,20.0,13.0,2026-06-25
z9f8eb049bd5df104a183z,noon,grocery,tea,whole leaf black tea (100% pure ceylon )400g,107.0,alwazah tea,400,1.0,3.0,2026-06-25
n34622899a,noon,grocery,tea,red label tea 225grams,107.0,brooke bond,225,1.0,291.0,2026-06-25
n52381924a,noon,grocery,tea,blackberry & raspberry infusion tea 40 gmliters pack of 20,107.0,taylors of harrogate,40,20.0,8.0,2026-06-25
n35187596a,noon,grocery,tea,black tea 50 tea bags 100g,107.0,lipton,100,50.0,395.0,2026-06-25
zd7ce8acd2b5cb208bd22z,noon,grocery,tea,japanese matcha tea with strawberry antioxidant for weight loss and fat burning - 20 bags,107.0,matcha,500,20.0,10.0,2026-06-25
z7f0eaed49753da39480az,noon,grocery,tea,parsley and celery herbal tea 18 filters,107.0,imtenan,500,18.0,572.0,2026-06-25
n30684966a,noon,grocery,tea,"black tea with sun dried tea leaves, loose, for a rich natural taste, 40grams",107.0,lipton,40,1.0,142.0,2026-06-25
zf182f0d0c936157aeb31z,noon,grocery,tea,cinnamon and ginger herbal tea k 18 filter,107.0,imtenan,500,18.0,30.0,2026-06-25
n47017561a,noon,grocery,tea,green tea pack of 25,107.0,royal,500,25.0,31.0,2026-06-25
z09e090c3a61dd597d50bz,noon,grocery,tea,karak tea sachets 300 grams,107.0,mazaq,300,24.0,11.0,2026-06-25
z1beb93fcc673857f3271z,noon,grocery,tea,relaxing herbal tea 18 filters,107.0,imtenan,500,18.0,70.0,2026-06-25
n29782432a,noon,grocery,tea,green tea 50 filter,107.0,isis,500,12.0,13.0,2026-06-25
n35108140a,noon,grocery,tea,chamomile 12 filter,107.0,isis,500,12.0,38.0,2026-06-25
z877b73e6e912cb30ac49z,noon,grocery,tea,jasmine green tea 100 gm,107.0,zary,100,1.0,32.0,2026-06-25
z3eb262690fe56e027f96z,noon,grocery,tea,breastfeeding herbal tea 18 filters,107.0,imtenan,500,18.0,40.0,2026-06-25
z78fb041019306279e006z,noon,grocery,tea,tea break instant karak chai with cardamom - 8 sachets x 25g - natural flavor & rich aroma,107.0,tea break,25,8.0,41.0,2026-06-25
n39019023a,noon,grocery,tea,natural herbal tea - 50 teabags 100grams,107.0,sekem,100,12.0,28.0,2026-06-25
ze1dbafa62a813772c6bfz,noon,grocery,tea,"tea 250g, whole leaf black tea (finest ceylon tea)",107.0,alghazaleen,250,1.0,21.0,2026-06-25
z14269305b97f08979a54z,noon,grocery,tea,royal tea for regime – 50 tea bags,107.0,royal regime,500,50.0,3.0,2026-06-25
n35187598a,noon,grocery,tea,black tea 100 tea bags 200g,107.0,lipton,200,100.0,799.0,2026-06-25
n44900080a,noon,grocery,tea,green tea refreshing mint 25 tea bags,107.0,lipton,500,6.0,550.0,2026-06-25
z78b8a4aba2b7fe93058ez,noon,grocery,tea,black tea english breakfast for bold taste & intense aroma 25 teabags,107.0,lipton,500,25.0,89.0,2026-06-25
zb6ed664e32f84c7ade92z,noon,grocery,tea,"ahmad tea london rosehip, hibiscus & cherry herbal infusion tea bags – 20 foil wrapped tea bags – fruity herbal tea with rosehip, hibiscus flowers & cherry flavor – refreshing caffeine free natural fruit infusion drink",107.0,ahmad tea,500,20.0,14.0,2026-06-25
n48663854a,noon,grocery,tea,infuso lemon & ginger tea 75grams,107.0,twinings,75,12.0,1.0,2026-06-25
z0051e7e3e1330638606ez,noon,grocery,tea,al-ghazaleen tea 250g traditional ceylon tea.,107.0,alghazaleen tea,250,1.0,3.0,2026-06-25
zda62d3a5ebebed7f838bz,noon,grocery,tea,karak tea 12 sachets,107.0,mazaq,500,12.0,45.0,2026-06-25
z052658c9357623a5cf41z,noon,grocery,tea,black dust kenyan tea 500gm,107.0,chay sanaa,500,1.0,252.0,2026-06-25
n52490746a,noon,grocery,tea,detox 20 filters,107.0,isis,500,20.0,20.0,2026-06-25
z3a5810b915c82a7088e3z,noon,grocery,tea,black tea peach pack of 20,107.0,royal,500,20.0,36.0,2026-06-25
zd6afbe21659504452ff4z,noon,grocery,tea,ahmad tea evening tea decaffeinated 20 bags | smooth & relaxing flavor | perfect for evening enjoyment,107.0,ahmedtea,500,20.0,16.0,2026-06-25
n28851916a,noon,grocery,tea,extra strong tea 2g 25 teabags,107.0,rabea tea,2,25.0,16.0,2026-06-25
n12280622a,noon,grocery,tea,english breakfast black tea 100grams,107.0,twinings,100,1.0,18.0,2026-06-25
n51736589a,noon,grocery,tea,pure green tea 100 pcs 200grams,107.0,twinings,200,100.0,7.0,2026-06-25
z1a1914d859171bf1216ez,noon,grocery,tea,regime with cinnamon- pack of 50,107.0,royal herbs,500,50.0,15.0,2026-06-25
z749187aea966538f7f52z,noon,grocery,tea,imtenan parsely and celery tea- 18 bags,107.0,imtenan,500,18.0,18.0,2026-06-25
z381ec15aec5299666293z,noon,grocery,tea,black tea 500g,299.94,lipton,500,6.0,2413.0,2026-06-25
z2cf8f5106ff6e0d994acz,noon,grocery,tea,rabea tea original taste - black tea bags - 100 bags,107.0,rabea,500,100.0,1.0,2026-06-25
n40027238a,noon,grocery,tea,karak tea 23grams pack of 12,145.0,mazaq,23,12.0,114.0,2026-06-25
z1dfc0360b9e07de07128z,noon,grocery,tea,abu jabal whole leaf tea – premium rich flavor black tea – golden color – 200g,129.0,abu jabal,200,1.0,,2026-06-25
ze83c5e646d3dc1c93378z,noon,grocery,tea,black tea raspberry pack of 20,120.0,royal herbs,35,20.0,64.0,2026-06-25
z6498418b1a539791e45dz,noon,grocery,tea,pure matcha green tea powder premium grade - 50 gm,126.0,dhyaan house,50,1.0,44.0,2026-06-25
n25262927a,noon,grocery,water,prestige mineral water medium 500ml pack of 6,119.0,evian,500,6.0,9.0,2026-06-25
n52155536a,noon,grocery,water,prestige sparkling water 250ml,126.0,san benedetto,250,1.0,,2026-06-25
zab482ec81544dbb493b7z,noon,grocery,water,peach flavoured sparkling water - 350 ml,120.0,elisha,350,20.0,,2026-06-25
z8019570dec2270b44bbaz,noon,grocery,water,2 evian natural mineral water - 500 ml,126.0,evian,500,12.0,,2026-06-25
zdb578b950b7afdf241e9z,noon,grocery,water,مياه زمزم الأصلية – عبوة كرتون 5 لتر معتمدة للطيران – بباركود وملصق أصلي – بطانة داخلية آمنة للتخزين – من identity store,120.0,ماء زمزم,5,20.0,5.0,2026-06-25
zc8e960a3a3684ae283d7z,noon,grocery,water,perrier sparkling water rosellini 250 ml,120.0,maison perrier,250,20.0,,2026-06-25
n12277234a,noon,grocery,water,glass bottle sparkling mineral water 330ml pack of 4,340.0,perrier,330,4.0,3.0,2026-06-25
z14a83d92f018c701613fz,noon,grocery,water,orange flavored sparkling drink,120.0,elisha,350,20.0,,2026-06-25
zd30b1c0a8c3bf6ad02cdz,noon,grocery,water,perrier sparkling water citron 500 ml,120.0,maison perrier,500,20.0,,2026-06-25
ze3ccbbaf39d3c3ea02eez,noon,grocery,water,2 evian natural mineral water - 500 ml,120.0,evian,500,20.0,,2026-06-25
ze52c2b647403552329f5z,noon,grocery,water,orange flavoured sparkling drink - 350 ml,120.0,elisha,350,20.0,4.0,2026-06-25
ze3ac7234688091a4d908z,noon,grocery,water,ماء زمزم 5 لتر,120.0,ماء زمزم,5,20.0,6.0,2026-06-25
z95ec37df891ac539fa5ez,noon,grocery,water,waterkind sparkling water cans multipack – 4 pieces (250ml each),126.0,waterkind,250,4.0,,2026-06-25
ze18ff976cb337012ac60z,noon,grocery,water,pineapple flavored sparkling drink 350ml,120.0,okf,350,20.0,1.0,2026-06-25
n50711370a,noon,grocery,water,blossom water - 250ml,120.0,choice,250,20.0,12.0,2026-06-25
z396e3680a918ea75abecz,noon,grocery,water,rose water - 250 ml,120.0,sun garden,250,20.0,10.0,2026-06-25
z775491766edac0daa0c9z,noon,grocery,water,sparkling water 250 ml,120.0,aquafina,250,20.0,4.0,2026-06-25
z3d347aba2832e1a10c73z,noon,grocery,water,evian naturally filtered mineral water 500ml bottles made by nature box of 24 bottles,126.0,evian,500,6.0,5.0,2026-06-25
n35958681a,noon,grocery,water,rose water 250ml,120.0,dobella,250,20.0,20.0,2026-06-25
z1fda8fa80e4c7813e94dz,noon,grocery,water,dr pepper soft drink can cherry 330 ml,126.0,dr pepper,330,6.0,,2026-06-25
zcce7006c69e7ba73e54bz,noon,grocery,water,peach sparkling water 250ml,120.0,maison perrier,250,20.0,,2026-06-25
za42f3b9418e7cec14c41z,noon,grocery,water,sparkling water with lemon & guava flavor,120.0,perrier,330,20.0,,2026-06-25
z8d4d2620a0bacf15b7c4z,noon,grocery,water,carbonated mineral water 0.50l,126.0,san benedetto,0,1.0,3.0,2026-06-25
z1b35114c2f02e8f167c9z,noon,grocery,water,natural rose water from star,120.0,star diet,1,20.0,,2026-06-25
zd9087189f9aafe21aea2z,noon,grocery,water,natural mineral drinking water packing may vary 500ml,107.0,evian,500,1.0,2.0,2026-06-25
z51c72f2f522bc95b1c40z,noon,grocery,water,nestlé pure life natural drinking water - 1 liter - 12 bottles,107.0,nestle,1,1.0,,2026-06-25
z68855d3e1ef71440d3f2z,noon,grocery,water,natural drinking water- 1.5 liters pack of 6,107.0,elano,1,6.0,13.0,2026-06-25
zf488b0da0b74e5976342z,noon,grocery,water,"evian mineral water, pack of 24 bottles, 500 ml",1550.0,evian,500,24.0,9.0,2026-06-25
z7958e694f7dba203f837z,noon,grocery,water,gallon 18.9l,107.0,elano,18,1.0,35.0,2026-06-25
z2395eda0bb7992fcdc50z,noon,grocery,water,natural mineral water 500ml,107.0,san benedetto,500,1.0,1.0,2026-06-25
zff39f57afc6e957c963dz,noon,grocery,water,sparkling water 330ml (carton of 24 bottles),107.0,perrier,330,1.0,1.0,2026-06-25
z7b34b9d0553076d0d588z,noon,grocery,water,forever lemon citron sparkling water - 330 ml,107.0,maison perrier,330,1.0,1.0,2026-06-25
n52381921a,noon,grocery,water,prestige natural mineral water -glass bottle 500ml,107.0,san benedetto,500,1.0,3.0,2026-06-25
n52381923a,noon,grocery,water,prestige still water - glass bottle 500ml,107.0,san benedetto,500,1.0,2.0,2026-06-25
z8a47686d79c657fdde61z,noon,grocery,water,green apple flavoured sparkling drink - 350 ml,107.0,elisha,350,1.0,1.0,2026-06-25
za24d76b7f4b680ca5142z,noon,grocery,water,natural drinking water- 600 ml pack of 12,107.0,elano,600,12.0,21.0,2026-06-25
zad440aef119c54d140e1z,noon,grocery,water,cherry flavoured sparkling drink - 350 ml,107.0,elisha,350,1.0,3.0,2026-06-25
n35958682a,noon,grocery,water,orange blossom water 250ml,107.0,dobella,250,1.0,12.0,2026-06-25
n12281275a,noon,grocery,water,rose water 750ml,107.0,yamama,750,1.0,16.0,2026-06-25
z7367f3b83922360dd142z,noon,grocery,water,original zamzam water pure & blessed - 5l (pack of 2 - total 10l),107.0,zamzam water,5,2.0,,2026-06-25
n44291604a,noon,grocery,water,natural drinking water 1.5liters pack of 12,107.0,elano,1,12.0,409.0,2026-06-25
za6db65874a9f52c370edz,noon,grocery,water,sparkling gold apple flavor drink 350ml,107.0,okf,350,1.0,,2026-06-25
zdc435835cf6116d7a25ez,noon,grocery,water,perrier sparkling water citron & goyave 330 ml,107.0,maison perrier,330,1.0,,2026-06-25
z55126cd72dc103007c07z,noon,grocery,water,natural sparkling mineral water - 8 x 200ml glass bottles pack,107.0,perrier,200,1.0,3.0,2026-06-25
za733726f9b4dd8e9fd69z,noon,grocery,water,blossom water with 250 ml,107.0,sun garden,250,1.0,6.0,2026-06-25
n12281276a,noon,grocery,water,rose water 300ml,107.0,yamama,300,1.0,15.0,2026-06-25
zfe26fa3390510955e63dz,noon,grocery,water,zamzam water 330ml – pure holy water from mecca | single bottle for daily drinking & travel 2 pcs,107.0,zamzam,330,2.0,9.0,2026-06-25
ze1bfea3b82c0cf5c6b6ez,noon,grocery,water,sparkling natural mineral water glass bottle 330ml,107.0,evian,330,1.0,,2026-06-25
z812ee2b57b33db2edfabz,noon,grocery,water,sparkling water with peach & cherry,107.0,perrier,330,1.0,,2026-06-25
zdab89681b076a04cb0a9z,noon,grocery,water,water gallon 18.9 liters,107.0,isis,18,6.0,,2026-06-25
