sku,source,category,sub_category,product_type,product_name,brand,price,price_per_unit,number_of_items,item_weight_grams,date
N28853935A,noon,Grocery,Dairy Cheese and Eggs,Milk,"Full cream milk powder 15 grams, pack of 20 pieces",Miro,147.25,7.3625,20.0,15.0,2026-05-25
N28853944A,noon,Grocery,Dairy Cheese and Eggs,Milk,"Instant full fat milk powder, 700 grams",Tambo,191.75,95.875,2.0,700.0,2026-05-25
Z9D48D86C44595540A820Z,noon,Grocery,Dairy Cheese and Eggs,Milk,"Full-fat carton, 1 liter width, 6 packs",Juhayna,274.95,45.825,6.0,1000.0,2026-05-25
N28727613A,noon,Grocery,Dairy Cheese and Eggs,Milk,"Whole milk set 1.5 liters, pack of 8 pieces",Juhayna,578.0,72.25,8.0,1500.0,2026-05-25
Z8F86FFF2B04741C5C60EZ,noon,Grocery,Dairy Cheese and Eggs,Milk,"Saudia Yoghurt – Pack of 3 | Fresh and nutritious milk with a rich taste for daily use, drinking and cooking",Saudi Arabia,198.0,66.0,3.0,500.0,2026-05-25
N29469525A,noon,Grocery,Dairy Cheese and Eggs,Milk,Full cream evaporated milk 410 g,Bonnie,155.0,77.5,2.0,410.0,2026-05-25
N43087760A,noon,Grocery,Dairy Cheese and Eggs,Milk,Professional coconut milk 1 litre,Alpro,263.25,32.9062,8.0,1000.0,2026-05-25
N28727620A,noon,Grocery,Dairy Cheese and Eggs,Milk,"Full cream milk, 1 liter, pack of 12 pieces",Juhayna,607.0,50.5833,12.0,1000.0,2026-05-25
N48320869A,noon,Grocery,Dairy Cheese and Eggs,Milk,Coconut milk N&G,Juhayna,583.0,97.1667,6.0,1000.0,2026-05-25
ZEC6325824599CF83D9AFZ,noon,Grocery,Dairy Cheese and Eggs,Milk,"Long Life Skim Milk, 1 Liter, Pack of 12",The Milk Man,570.0,47.5,12.0,1.0,2026-05-25
N28853941A,noon,Grocery,Dairy Cheese and Eggs,Milk,"Instant milk with banana flavor, 30 grams, pack of 12 pieces",Miro,126.0,10.5,12.0,30.0,2026-05-25
N28853939A,noon,Grocery,Dairy Cheese and Eggs,Milk,Chocolate Flavor Instant Milk 336g (30gx12 Piece) Pack of 12,Miro,156.25,13.0208,12.0,,2026-05-25
N28853938A,noon,Grocery,Dairy Cheese and Eggs,Milk,"Skimmed milk powder 20 grams, pack of 20 pieces",Miro,162.5,8.125,20.0,20.0,2026-05-25
ZAC002C75253979CA0EADZ,noon,Grocery,Dairy Cheese and Eggs,Milk,Powdered milk 100 grams,Nido,50.0,7.1429,7.0,100.0,2026-05-25
N40871216A,noon,Grocery,Dairy Cheese and Eggs,Milk,"Skimmed milk 200 milliliters, pack of 27 pieces",Juhayna,312.0,11.5556,27.0,200.0,2026-05-25
ZD882E5B9ED6E88857555Z,noon,Grocery,Dairy Cheese and Eggs,Milk,Juhayna Long Life Full Cream Milk (UHT) - Saver Pack (6 x 1 L),Juhayna,500.0,83.3333,6.0,1000.0,2026-05-25
ZE539E9E9F187FAA7042EZ,noon,Grocery,Dairy Cheese and Eggs,Milk,Almarai - Natural Skimmed Cow's Milk - Economy Pack (4 x 1 Liter),Pastures,360.0,90.0,4.0,1000.0,2026-05-25
N28853934A,noon,Grocery,Dairy Cheese and Eggs,Milk,Full cream milk powder 100 grams,Miro,52.0,26.0,2.0,100.0,2026-05-25
ZF5D5F5F2CBC64762ADA4Z,noon,Grocery,Dairy Cheese and Eggs,Milk,Full cream milk powder 1600 grams,Maura,733.0,366.5,2.0,1600.0,2026-05-25
Z5A856B0BDDAEDE278BF0Z,noon,Grocery,Dairy Cheese and Eggs,Milk,2 Puck sterilized white cream 160 grams,Book,320.0,160.0,2.0,160.0,2026-05-25
N35900974A,noon,Grocery,Dairy Cheese and Eggs,Milk,Golden milk powder 300 grams,Maura,213.0,106.5,2.0,300.0,2026-05-25
ZE3244B158CAD51EC3168Z,noon,Grocery,Tea,Tea,Rabea Al-Aqwa soft black tea 100 grams,Rabea tea,55.0,4.5833,12.0,100.0,2026-05-25
ZF071A2C56342FC5ED811Z,noon,Grocery,Tea,Tea,Ahmed Tea green tea with mint leaves 250 grams,Thank you!,269.0,13.45,20.0,250.0,2026-05-25
Z562DE90A73CDC375D5B5Z,noon,Grocery,Tea,Tea,"English black tea No. 1 from Ahmed Tea, 25 bags",Thank you!,95.0,3.8,25.0,500.0,2026-05-25
Z932ED73C014148F4695FZ,noon,Grocery,Tea,Tea,"Ahmed Tea English Tea No. 1, unbranded, 100 bags",Thank you!,199.0,1.99,100.0,500.0,2026-05-25
ZB9E25220AF086710DBB7Z,noon,Grocery,Tea,Tea,Ahmed Tea Decaf Evening Tea - 20 bags,Thank you!,169.0,8.45,20.0,500.0,2026-05-25
N28853933A,noon,Grocery,Dairy Cheese and Eggs,Milk,Full cream milk powder 250 grams,Miro,98.5,49.25,2.0,250.0,2026-05-25
Z46A47C84E70A5E2589A0Z,noon,Grocery,Dairy Cheese and Eggs,Milk,Full cream milk powder 1600 grams,Maura,733.0,366.5,2.0,1600.0,2026-05-25
ZFA86081FB5D65F44F560Z,noon,Grocery,Dairy Cheese and Eggs,Milk,Full cream milk powder 1600 grams,cream,733.0,366.5,2.0,1600.0,2026-05-25
ZF6F785E0AF0E7A3CE77CZ,noon,Grocery,Dairy Cheese and Eggs,Milk,"Saudia Strawberry Flavored Milk, Creamy and Sweet UHT Drink, Multi Pack of 3 Pieces (200 ml each supposedly)",Saudi Arabia,267.0,89.0,3.0,200.0,2026-05-25
ZAFEC7C236F2ED7EFC366Z,noon,Grocery,Dairy Cheese and Eggs,Milk,Juhayna Long Life Full Cream Milk (UHT) - 2 Saver Packs (6 x 1 L),Juhayna,890.0,445.0,2.0,1000.0,2026-05-25
ZD295C23294B309765A98Z,noon,Grocery,Dairy Cheese and Eggs,Milk,"Luna Milk Replacement – ​​159 ml (Pack of 3) | Creamy texture, ideal for coffee, tea and cooking",Luna,209.95,104.975,2.0,159.0,2026-05-25
N28853943A,noon,Grocery,Dairy Cheese and Eggs,Milk,"Instant full-fat milk powder, 1.5 kg",Tambo,408.95,204.475,2.0,1500.0,2026-05-25
ZBAC340917C723DBE0F61Z,noon,Grocery,Dairy Cheese and Eggs,Milk,"Marble sweetened condensed milk, 390 grams",Marble,165.0,82.5,2.0,390.0,2026-05-25
Z9517CA1F7E1BF50FFD82Z,noon,Grocery,Dairy Cheese and Eggs,Milk,"Puck Original Cream – rich and delicious creamy texture, ideal for desserts and cooking – 170g",Book,230.0,115.0,2.0,170.0,2026-05-25
ZD5A9331ACD941033C67DZ,noon,Grocery,Dairy Cheese and Eggs,Milk,Powdered milk 15g (pack of 3),Maura,35.0,11.6667,3.0,15.0,2026-05-25
N28853945A,noon,Grocery,Dairy Cheese and Eggs,Milk,"Vegetable milk powder, 250 grams",Tambo,75.5,37.75,2.0,250.0,2026-05-25
ZC94F5F444A44A62E8EFCZ,noon,Grocery,Dairy Cheese and Eggs,Milk,Full cream milk 300 grams,Maura,250.0,125.0,2.0,300.0,2026-05-25
Z713040E906E7D6177304Z,noon,Grocery,Tea,Tea,Grasso natural herbal tea,Laperva,700.0,7.0,100.0,200.0,2026-05-25
ZAB779F99273A5E084979Z,noon,Grocery,Tea,Tea,Twinings English breakfast tea 25 bags,Twinings of London,489.9,19.596,25.0,500.0,2026-05-25
Z8A0DA9F078B15A3D8843Z,noon,Grocery,Tea,Tea,Karak tea with cardamom,Karak tea,480.0,48.0,10.0,500.0,2026-05-25
ZFFA9A036537FFF300840Z,noon,Grocery,Tea,Tea,Rabea Original tea Bags - 25 bags,Rabea Tea,59.0,2.36,25.0,500.0,2026-05-25
Z4EEA67A1B17CAE7CF264Z,noon,Grocery,Tea,Tea,"Karak tea with saffron 200 grams, 10 pieces",Karak tea,480.0,48.0,10.0,200.0,2026-05-25
Z6BD9804BF2A8AC5D0B60Z,noon,Grocery,Tea,Tea,Twinings Earl Gray tea 25 bags,Twinings of London,489.9,19.596,25.0,500.0,2026-05-25
ZDB9BD5DA0B55A5B57810Z,noon,Grocery,Tea,Tea,Twinings green tea with mint 25 bags,Twinings of London,539.9,26.995,20.0,500.0,2026-05-25
Z432F2B3FCC721E50F83DZ,noon,Grocery,Tea,Tea,Perfect Tea - 45 tea bags,Laperva,900.0,20.0,45.0,500.0,2026-05-25
ZDC90B64328F711690172Z,noon,Grocery,Tea,Tea,Ahmed London Blend Tea Luxury Strong Tea 100g,Thank you!,119.0,59.5,2.0,100.0,2026-05-25
ZC6D85BD4A861F2B97BF0Z,noon,Grocery,Tea,Tea,Ahmed Tea English Breakfast Tea 100 bags,Thank you!,259.0,2.59,100.0,500.0,2026-05-25
Z0A8D6D70817ADEA1E7D8Z,noon,Grocery,Tea,Tea,Trocopapa pomegranate drink - 300g,Turko daddy,750.0,37.5,20.0,300.0,2026-05-25
Z0685956FAF58495E1CFAZ,noon,Grocery,Tea,Tea,Ahmed Tea London Blend Mint Tea - 200 gm,Thank you!,189.0,9.45,20.0,200.0,2026-05-25
ZE4D4FF0C48FBA516E831Z,noon,Grocery,Tea,Oils,Ahmed Tea Tea Bag Citrus Mix 20 Foil,Thank you!,135.0,6.75,20.0,500.0,2026-05-25
N28853946A,noon,Grocery,Dairy Cheese and Eggs,Milk,"Instant full fat milk powder, 20 grams, pack of 20 pieces",Tambo,153.5,7.675,20.0,20.0,2026-05-25
Z61D709ED3D9067B1A63EZ,noon,Grocery,Dairy Cheese and Eggs,Milk,Powdered milk cream - 1600 grams,cream,810.0,405.0,2.0,1600.0,2026-05-25
Z37BF99A16AA2F86207D9Z,noon,Grocery,Dairy Cheese and Eggs,Milk,Golden Milk Powder 15g (Pack of 3),Maura,32.0,10.6667,3.0,15.0,2026-05-25
Z557BC3B28CB6CDFDA571Z,noon,Grocery,Dairy Cheese and Eggs,Milk,Powdered milk cream - 500 grams,cream,370.0,185.0,2.0,500.0,2026-05-25
Z8C0ED0B0041A97A27250Z,noon,Grocery,Dairy Cheese and Eggs,Cheese,Puck Spreadable Processed Cream Cheese in a 500g Jar,Book,900.0,225.0,4.0,500.0,2026-05-25
Z07277B46D005D2C531AFZ,noon,Grocery,Dairy Cheese and Eggs,Milk,"Instant full-fat milk powder, 110 grams",cream,52.0,26.0,2.0,110.0,2026-05-25
ZD7B319F5D9CA9E8CEFBFZ,noon,Grocery,Dairy Cheese and Eggs,Milk,Mora instant full cream milk powder 800 grams,Maura,350.0,175.0,2.0,800.0,2026-05-25
Z8CF0C50C1482BBF21BDAZ,noon,Grocery,Dairy Cheese and Eggs,Milk,"Instant full-fat milk powder, 300 grams",Maura,135.0,67.5,2.0,300.0,2026-05-25
Z13AD6D77F72431FBDFC5Z,noon,Grocery,Dairy Cheese and Eggs,Milk,Full cream milk powder 800 grams,cream,350.0,175.0,2.0,800.0,2026-05-25
Z3CE10663D337EB7CB482Z,noon,Grocery,Dairy Cheese and Eggs,Milk,"Long Life Whole Milk, 1 Liter, Pack of 12",The Milk Man,663.0,55.25,12.0,1.0,2026-05-25
Z571F30D5BFBADB9EFAFBZ,noon,Grocery,Dairy Cheese and Eggs,Milk,"Banana flavored milk from Saudi Arabia, 200 ml x 6 packs | A creamy and delicious milky drink that is ready to drink",Saudi Arabia,299.95,99.9833,3.0,200.0,2026-05-25
Z2D6476C738BC77D26A33Z,noon,Grocery,Dairy Cheese and Eggs,Milk,Full cream milk powder 800 grams,Maura,592.0,49.3333,12.0,800.0,2026-05-25
Z869154B79D1C7834F442Z,noon,Grocery,Dairy Cheese and Eggs,Tea,"Abu Qus Cardamom Flavored Drink, 240 ml | A refreshing drink with the authentic taste of Arabic cardamom",Rainbow,228.99,28.6238,8.0,240.0,2026-05-25
Z74ACE782332567D02700Z,noon,Grocery,Dairy Cheese and Eggs,Milk,Full cream milk powder cream 300 grams,cream,135.0,67.5,2.0,300.0,2026-05-25
ZF20FAE468A48A0CC1D6BZ,noon,Grocery,Dairy Cheese and Eggs,Milk,Chocolate milk 250 ml,Kdd,299.0,99.6667,3.0,250.0,2026-05-25
Z86C933D1A861A8973D94Z,noon,Grocery,Dairy Cheese and Eggs,Milk,"Rainbow Lite Fresh Evaporated Milk, 170 ml",Rainbow,290.0,96.6667,3.0,170.0,2026-05-25
Z307915C9394330E85F43Z,noon,Grocery,Dairy Cheese and Eggs,Cheese,Puck spreadable cream cheese 240 grams,Book,450.0,37.5,12.0,240.0,2026-05-25
ZDE9175ED6EB76C976004Z,noon,Grocery,Tea,Tea,Trocopapa strawberry tea drink 300 g,Turko daddy,750.0,25.0,30.0,300.0,2026-05-25
ZF1EB71FBCF36BC94C0DAZ,noon,Grocery,Tea,Tea,Red Raspberry and Pomegranate Tea – (30 bags),Laperva,480.0,16.0,30.0,200.0,2026-05-25
Z8EE15913FCC67D75E14EZ,noon,Grocery,Tea,Tea,English Breakfast Tea - Loose Leaves 250g,Thank you!,255.0,127.5,2.0,250.0,2026-05-25
ZE2EF1194CF687D0A10B6Z,noon,Grocery,Tea,Tea,Pomegranate Tea - 30 tea bags,Laperva,470.0,15.6667,30.0,200.0,2026-05-25
ZBD65EC971DB57A2635BFZ,noon,Grocery,Tea,Tea,Ahmed Tea English Tea No. 1 - 100 packets,Thank you!,299.0,2.99,100.0,500.0,2026-05-25
Z4E66C5286B0B6ECE0B8DZ,noon,Grocery,Tea,Spices,Tea Break Aden Karak Instant Tea with Ginger – 8 bags,T break,175.0,21.875,8.0,500.0,2026-05-25
ZFDBA1A9BF20395D2F9B6Z,noon,Grocery,Tea,Spices,Ahmed Tea Infusion Lemon & Ginger 20 Tea bags,Ahmedtea,135.0,6.75,20.0,500.0,2026-05-25
Z72003D47573349F09578Z,noon,Grocery,Tea,Tea,Ahmed Tea green tea 100 bags,Thank you!,279.0,2.79,100.0,500.0,2026-05-25
ZA95C1B5765E65BA1E070Z,noon,Grocery,Tea,Spices,"Tea Break Karak Instant Masala Tea with Cinnamon, Cloves, Cardamom and Ginger – 8 bags",T break,175.0,21.875,8.0,500.0,2026-05-25
Z0AED594AA8CFDB6EFB48Z,noon,Grocery,Tea,Tea,"Instant green tea extract powder, 400 ml, sweetened with sucralose, dissolves immediately in hot or cold water, green tea drink rich in antioxidants and catechins, concentrated and quick to prepare.",Sockerdorf,307.0,17.0556,18.0,400.0,2026-05-25
Z221021FB5091F34692E9Z,noon,Grocery,Tea,Tea,Rabea Extra Strong Fine Black Tea Bags - 25 Bags,Rabea Tea,69.0,2.76,25.0,500.0,2026-05-25
Z7D79E652B11C19EC5CD2Z,noon,Grocery,Tea,Tea,Trocobaba rose soft drink 300 g,Turko daddy,663.08,33.154,20.0,300.0,2026-05-25
Z58C5E79AE8C11B212FDAZ,noon,Grocery,Tea,Tea,Twinings Green & Earl Gray Tea - 25 Tea Bags,Twinings,300.0,12.0,25.0,500.0,2026-05-25
ZB2C47E89BE696192941FZ,noon,Grocery,Dairy Cheese and Eggs,Milk,"Puck cream in sterilized container, 160 grams, white pack",Book,240.0,120.0,2.0,160.0,2026-05-25
ZC04C7FDFF6F3F87557C1Z,noon,Grocery,Dairy Cheese and Eggs,Milk,Full cream milk powder 110 grams,Maura,53.0,26.5,2.0,110.0,2026-05-25
Z44EF4693673A4CED1148Z,noon,Grocery,Dairy Cheese and Eggs,Milk,"Rainbow Evaporated Milk with Vitamin D, 6*170 g",Rainbow,699.0,116.5,6.0,170.0,2026-05-25
Z99E58E58103277DD1C11Z,noon,Grocery,Tea,Tea,Ahmed T. Earl Gray 100 filament,Ahmed T,479.9,4.799,100.0,500.0,2026-05-25
Z4D3FA4BF6A59ABBD565DZ,noon,Grocery,Tea,Tea,Nescafe Dolce Gusto Marrakesh Style Tea Capsules - 16 Capsules,Dulce Gusto,750.0,46.875,16.0,200.0,2026-05-25
ZDAB5F69BEABD293BD639Z,noon,Grocery,Tea,Tea,Ahmed green tea with berries and pomegranate 20 tea bags,Thank you!,144.0,7.2,20.0,200.0,2026-05-25
Z6F628ACCD03AF6243898Z,noon,Grocery,Tea,Tea,Extra Strong Fine Black Tea Bags - 100 Bags,Rabea Tea,175.0,1.75,100.0,500.0,2026-05-25
Z88C6CA5C938302187B38Z,noon,Grocery,Tea,Milk,Instant tea with milk 300 grams,Maura,103.0,10.3,10.0,300.0,2026-05-25
ZB55C38EAC0F518B499C3Z,noon,Grocery,Tea,Tea,Zadna Matcha Green Tea – 50 gm,Zadana,773.38,38.669,20.0,50.0,2026-05-25
Z0269E88FA4C7A0ED9C78Z,noon,Grocery,Tea,Tea,Ahmed Tea Caffeine Free Herbal Detox Sachets ~ 20 Bags,Thank you!,145.0,7.25,20.0,500.0,2026-05-25
Z0860B6D8027D17C12EC8Z,noon,Grocery,Tea,Tea,Ahmed Tea London Blend loose tea 200 grams,Thank you!,155.0,77.5,2.0,200.0,2026-05-25
ZDF103A66EDCF9DBBDE18Z,noon,Grocery,Tea,Milk,"Instant karak tea with creamer, sugar and cardamom, 8 bags x 25 g",Egypt Cafe,155.0,19.375,8.0,25.0,2026-05-25
Z099B3DC9AAB1B737230CZ,noon,Grocery,Tea,Tea,Ahmed Clove Tea - 20 bags,Thank you!,99.0,4.95,20.0,500.0,2026-05-25
Z7F58D69C7D3B798AF5EDZ,noon,Grocery,Tea,Tea,Al Arousa Tea – 40 gm x 24 packs,The bride,440.0,18.3333,24.0,40.0,2026-05-25
Z1673075FE53310606235Z,noon,Grocery,Tea,Tea,"Ahmed Tea black tea with clove flavor, 100 bags * 2 grams",Thank you!,279.0,2.79,100.0,2.0,2026-05-25
Z598DB129E133209981D6Z,noon,Grocery,Tea,Tea,Dilmah Luxury Ceylon Tea 25 Pieces * 2 Grams,Dilmah,99.0,3.96,25.0,2.0,2026-05-25
ZD0D20D45655A40432297Z,noon,Grocery,"Dried Beans, Grains and Rice",Rice,"Rice, sugar and spices",Sultanate,415.0,31.9231,13.0,500.0,2026-05-25
ZDAFAF9FA6C20C6C782A3Z,noon,Grocery,Tea,Tea,Slim Blend - herbal tea,Laperva,360.0,3.6,100.0,200.0,2026-05-25
Z9A7CDB3889C8AEFFD2D9Z,noon,Grocery,Tea,Tea,Ahmed London Blend Tea Premium Strong Tea 40g * 2pcs,Thank you!,155.0,77.5,2.0,40.0,2026-05-25
ZDBD222D0DE45A1C2F1DCZ,noon,Grocery,Tea,Tea,Vitality Lemon Tea Bags - 20 bags x 2g,Ahmed T,89.99,4.4995,20.0,2.0,2026-05-25
ZD6AFBE21659504452FF4Z,noon,Grocery,Tea,Tea,Ahmed Evening Decaf Tea 20 Bags | Calm and comforting flavour Perfect for relaxing before bed,Thank you!,139.99,6.9995,20.0,500.0,2026-05-25
ZE62DFFE5602B9850D151Z,noon,Grocery,Tea,Spices,Ahmed Tea Cinnamon Haze Black Tea with Cinnamon Pieces - 20 Bags,Ahmed T,122.0,6.1,20.0,500.0,2026-05-25
Z78FB041019306279E006Z,noon,Grocery,Tea,Tea,Tea Break instant karak tea with cardamom - 8 sachets x 25 grams - natural and original taste,T break,145.0,18.125,8.0,25.0,2026-05-25
Z82255010B8C6452A1F53Z,noon,Grocery,Tea,Tea,"With saffron, a package of 10 envelopes, 200 grams",Karak tea,229.9,22.99,10.0,200.0,2026-05-25
Z75F13A833E5DBB2DF439Z,noon,Grocery,Tea,Tea,Black tea 20 bags,Royal herbs,30.0,1.5,20.0,500.0,2026-05-25
ZF6FEBD5337656B989903Z,noon,Grocery,Tea,Tea,Instant karak tea with cardamom - quick and easy preparation - 8 bags,T break,210.0,26.25,8.0,200.0,2026-05-25
Z480E435012BB037A487CZ,noon,Grocery,Tea,Spices,Fenor Organic Cinnamon & Ginger Tea – 20 Pyramid Tea Bags,Feanor,70.0,3.5,20.0,500.0,2026-05-25
N29779160A,noon,Grocery,Tea,Tea,Ceylon Black Tea Mint Flavor - 20 Bags,Dilmah,89.0,4.45,20.0,500.0,2026-05-25
Z33BA03AD2CE6F04862BFZ,noon,Grocery,Tea,Tea,Al Rabie Original Black Tea - 50 bags,Rabea tea,95.0,1.9,50.0,500.0,2026-05-25
Z23C2C745B20148E82062Z,noon,Grocery,Tea,Tea,Ahmed Tea lemon flavor 20 bags,Ahmed T,199.95,9.9975,20.0,500.0,2026-05-25
Z839F94EAE64BB62721E2Z,noon,Grocery,Tea,Spices,"Ahmed T. Ribsos herbs and cinnamon, 20 foil rolls",Ahmed T,199.99,9.9995,20.0,200.0,2026-05-25
Z35C9980791FAEBDFA324Z,noon,Grocery,Tea,Tea,Ahmed green tea 25 bags,Thank you!,95.0,3.8,25.0,500.0,2026-05-25
Z4AB80D38BCCE6059CED0Z,noon,Grocery,Tea,Tea,Al Rabie Original Black Tea - 100 bags,Rabea tea,199.0,1.99,100.0,500.0,2026-05-25
ZB5043F0DF5C077632499Z,noon,Grocery,Tea,Tea,Karak tea with cardamom,Karak tea,480.0,48.0,10.0,500.0,2026-05-25
ZD6CD553E29A6F26B4FD2Z,noon,Grocery,Tea,Tea,AHmed tea Mango Magic Black Tea 20 tea bags,Ahmedtea,145.0,7.25,20.0,500.0,2026-05-25
Z0A0FB6516483AC458C44Z,noon,Grocery,Tea,Tea,MERI Indian Dust Black Tea with Free Spoon 250 g,Merigold,89.0,0.89,100.0,250.0,2026-05-25
ZF5AAF499AD99D84E0DFCZ,noon,Grocery,Tea,Tea,Tea Break Karak Instant Tea with Cardamom – 8 bags,T break,155.0,19.375,8.0,500.0,2026-05-25
ZA508E91EDA025C550443Z,noon,Grocery,Tea,Tea,Ahmed Tea Mint Green Tea 25 Tea Bags,Ahmedtea,97.0,3.88,25.0,200.0,2026-05-25
Z1DFC0360B9E07DE07128Z,noon,Grocery,Tea,Tea,"Abujabal tea, whole leaves - Iraq tea - rich flavor and golden color - 200 grams, imported",Abu Jabal,680.0,0.3542,1920.0,200.0,2026-05-25
Z7B061E539C6A4779E8A8Z,noon,Grocery,Tea,Tea,Venor Organic Herbal Tea Mix - 20 Assorted Pyramid Tea Bags,Feanor,68.0,3.4,20.0,500.0,2026-05-25
Z81DE2F044DCC7E1A325CZ,noon,Grocery,Tea,Tea,Ahmed London Green Tea Mango & Lychee Flavor – Sweet Tropical Blend with Fruit Pieces – 20 Bags,Ahmed T,130.0,6.5,20.0,500.0,2026-05-25
Z8E4E86E3B4ADE158349AZ,noon,Grocery,Tea,Tea,"Ahmed London Earl Gray Decaf Tea – Premium Black Tea with Natural Bergamot Flavor, 20 Individually Wrapped Bags, Great Taste Award Winner",Ahmed T,130.0,6.5,20.0,500.0,2026-05-25
ZDB718AC12559A2F99EBCZ,noon,Grocery,"Dried Beans, Grains and Rice",Rice,Egyptian rice Saba 1 kilo * 5,morning,175.0,35.0,5.0,5000.0,2026-05-25
Z23FDE73862F6182DBC17Z,noon,Grocery,Tea,Tea,"Rabea Tea, the strongest tea bags - 100 bags * 2 grams",Rabea tea,165.0,1.65,100.0,2.0,2026-05-25
N28992184A,noon,Grocery,Tea,Tea,Premium Premium Tea 100 Tea Bags,Dilmah,217.0,2.17,100.0,500.0,2026-05-25
N39768454A,noon,Grocery,Tea,Tea,Ceylon Black Tea Flavored 20 Tea Bags Lemon Lime,Dilmah,89.0,4.45,20.0,500.0,2026-05-25
N43087830A,noon,Grocery,Tea,Spices,Organic Lemon Ginger Tea 2g Pack of 20,Taylors of Harrogate,264.0,13.2,20.0,2.0,2026-05-25
ZF17572EFBF43CBB774CDZ,noon,Grocery,Tea,Tea,Cough relief tea 75 g,What about him?,94.0,0.94,100.0,75.0,2026-05-25
Z3AE86F53F484E3A44A9BZ,noon,Grocery,Tea,Tea,Rabea Strongest Tea - Ultra Concentrated Black Tea - 100 Bags,spring,200.0,2.0,100.0,500.0,2026-05-25
ZEE7EEA18F0EBD9A82F8FZ,noon,Grocery,Tea,Spices,Ahmed London Cinnamon Black Tea – A luxurious aromatic blend with cinnamon pieces – 20 foil-wrapped tea bags,Ahmed T,110.0,5.5,20.0,500.0,2026-05-25
N28992163A,noon,Grocery,Tea,Tea,Premium tea of ​​50 tea bags,Dilmah,104.0,2.08,50.0,500.0,2026-05-25
Z2AA435CFADCAD181FF15Z,noon,Grocery,Tea,Spices,Cinnamon flavored black tea with cinnamon pieces from Ahmed Tea - 20 bags,Ahmed T,199.95,9.9975,20.0,200.0,2026-05-25
ZC6CA21F7F5C9C1D67478Z,noon,Grocery,Tea,Tea,VINUR Organic Lemon & Mint Herbal Tea – 20 Pyramidal Tea Bags,Vinur,79.0,3.95,20.0,500.0,2026-05-25
ZE1F4AD811CC63517F9B8Z,noon,Grocery,Tea,Tea,Green tea 100 bags + 28 bags free from Ahmed Tea,Ahmed T,349.0,3.49,100.0,500.0,2026-05-25
N28992164A,noon,Grocery,Tea,Tea,Pure green tea bags of 20 bags,Dilmah,102.0,5.1,20.0,500.0,2026-05-25
N37433989A,noon,Grocery,Tea,Spices,Infuso Green Tea with Lemon and Ginger Pack of 20,Twinings,369.0,18.45,20.0,500.0,2026-05-25
Z21CC4917FEC46A7F53E5Z,noon,Grocery,Tea,Tea,Encapsulated black tea bags - 100 bags - 200 grams,Royal,124.0,1.24,100.0,200.0,2026-05-25
ZF5A6312496C1E1FE2CD1Z,noon,Grocery,Tea,Spices,Eden Instant Ginger Tea (Pack of 8),T break,139.0,17.375,8.0,500.0,2026-05-25
Z97C0D9AC9ECB12B11081Z,noon,Grocery,Tea,Tea,Ahmed Tea Mango Flavored Black Tea – 20 sachets,Thank you!,177.0,8.85,20.0,500.0,2026-05-25
Z07823E85CCC2C0F345B3Z,noon,Grocery,Tea,Tea,"English Breakfast Tea from Ahmed Tea, 25 bags",Ahmed T,149.95,5.998,25.0,500.0,2026-05-25
Z2F5E54F3B1D077AB47BAZ,noon,Grocery,Tea,Milk,Instant karak tea with cardamom – instant milk tea drink – 10 bags – authentic cardamom flavor – imported,5,422.0,42.2,10.0,500.0,2026-05-25
ZE59139E31416246F51B3Z,noon,Grocery,Tea,Tea,Original Khudair Tea - Premium Ceylon Black Tea - 100 Bags x 2g - Rich and Strong Taste,Numb tea,640.0,6.4,100.0,2.0,2026-05-25
Z70FCE083610DC4A25286Z,noon,Grocery,Tea,Tea,Ahmed Tea Green Tea Bags with Lemon - 20 x 2 grams,Ahmed T,199.95,9.9975,20.0,2.0,2026-05-25
Z4FD6F023C0C0A20CD9C2Z,noon,Grocery,Tea,Tea,Mystic Green Tea with Mint from Ahmed Tea - 20 bags,Ahmed T,199.95,9.9975,20.0,250.0,2026-05-25
Z6460E835C6727F4D6FFBZ,noon,Grocery,Tea,Spices,"Instant Karak tea with ginger, 10 sachets. Imported product",Karak tea,500.0,50.0,10.0,500.0,2026-05-25
Z0DF8B2A4281015953B32Z,noon,Grocery,"Dried Beans, Grains and Rice",Rice,Savings Box (Rehana Premium Rice 1 kg Rehana Jasmine Rice 1 kg Rehana Sugar 1 kg Rehana Fine Flour 1 kg Rehana Beans Tammis 500 gm Rehana Grits 500 gm Rehana Ground Red Pepper (Smoked Paprika) 20 gm Rehana Ground Black Pepper 20 gm Rehana Spices Blend Ground 20 gm Rayhana local chili powder Ground 20 gm Rayhana Ground cinnamon 20 gm Rayhana Melaha Far East spices Rayhana Malaha Chicken stock Rayhana Sunflower oil 0.7 liters Rayhana Natural vinegar 1 liter Regina Spaghetti pasta 400 g Regina Oven pasta (pen) 400 g Vermicelli Regina 400 g) 9.15 kg,Rihanna,584.95,32.4972,18.0,9150.0,2026-05-25
Z71C85FEB01ABFF713CA6Z,noon,Grocery,Tea,Milk,"Adani Instant Ginger Tea by Tea Break - (milk, tea, ginger, sugar) - 8 bags - 25 grams per bag",T break,180.0,22.5,8.0,25.0,2026-05-25
ZB6ED664E32F84C7ADE92Z,noon,Grocery,Tea,Tea,"Rosehip, hibiscus and cherry 20 wafers",Ahmed T,129.99,6.4995,20.0,250.0,2026-05-25
ZD941584A0A3EEF154552Z,noon,Grocery,Tea,Tea,Rabea Karak Saffron Tea - 10 Bags Pack | Rich and distinctive Karak tea,spring,1200.0,120.0,10.0,500.0,2026-05-25
ZDC30FF267CB343EC3DD5Z,noon,Grocery,Tea,Tea,"AAA Grade Ceremonial Matcha Powder 30g, Sourced from Shizuoka Japan, Ceremonial Matcha Tea, Vegan Ceremonial Matcha Tea | Premium ceremonial matcha tea with no artificial sweeteners",Hipwell,1999.0,19.99,100.0,30.0,2026-05-25
Z1488D9F92B6C6927B6D5Z,noon,Grocery,Tea,Tea,Rabea Whole Leaf Tea – Full Flavored Black Tea with Golden Color – High Quality – 450 gm Imported,spring,670.0,6.7,100.0,450.0,2026-05-25
N41532448A,noon,Grocery,Tea,Tea,Pure mint herbal tea bag 40 grams,Twinings,369.0,18.45,20.0,40.0,2026-05-25
Z54B6C353E2CC3E548447Z,noon,Grocery,Tea,Tea,"English breakfast tea from Ahmed Tea, pack of 100 bags + 28 bags for free",Ahmed T,349.95,3.4995,100.0,500.0,2026-05-25
N12280625A,noon,Grocery,Tea,Tea,Green tea with mint from United Kingdom Mint 75g,Twinings,717.0,14.34,50.0,75.0,2026-05-25
ZAD97A44B1A0C6C677EADZ,noon,Grocery,Tea,Tea,Ahmed Tea green with mint 100 threads,Ahmed T,251.0,2.51,100.0,500.0,2026-05-25
ZCB0B30E71B7D1D78F396Z,noon,Grocery,Tea,Tea,"10 sachets of Baby Calming Drink, 5g each (Pack of 2)",SEKEM,58.0,5.8,10.0,5.0,2026-05-25
Z32D1B8C79387372CD007Z,noon,Grocery,Tea,Tea,Lipton Phoenix Hibiscus 20 strands,Lipton,54.5,2.725,20.0,500.0,2026-05-25
ZB30F7B7959F2D5684AB1Z,noon,Grocery,Tea,Tea,"Green tea from Ahmed Tea - 20 pieces, 40 grams",Ahmed T,199.95,9.9975,20.0,40.0,2026-05-25
ZAF21EAF1C3622C6B8743Z,noon,Grocery,Tea,Tea,VINUR Organic Echinacea & Lemon Grass Herbal Tea – 20 Pyramidal Tea Bags,Vinur,82.0,4.1,20.0,500.0,2026-05-25
Z7B0EFC11AC312F124687Z,noon,Grocery,Tea,Tea,Rabea Original Tea - Soft Black Tea - 100 Bags,spring,213.0,2.13,100.0,500.0,2026-05-25
Z1B00E94F9A31182FB978Z,noon,Grocery,Tea,Tea,Imtenan Echinacea Herbal Tea Green Tea 18 Filters,Gratitude,70.0,3.8889,18.0,1000.0,2026-05-25
ZFA500B7CEE3DA9A3BE53Z,noon,Grocery,Tea,Tea,Imtenan Echinacea Herbal Tea 18 Filters,Gratitude,69.0,3.8333,18.0,500.0,2026-05-25
ZCF8D15A71637388703D0Z,noon,Grocery,Tea,Tea,Herbal Green Tea Pack of 12 Filters (Pack of 3),Royal,45.0,3.75,12.0,500.0,2026-05-25
Z28AAA3699C6A84C401FCZ,noon,Grocery,Tea,Tea,Black Tea 100 Tea Bags 200g (Pack of 2),Lipton,179.95,89.975,2.0,200.0,2026-05-25
ZD41DCC096EE24EA79ECBZ,noon,Grocery,Tea,Tea,Mora Karak Tea 300g,Mora,131.0,13.1,10.0,300.0,2026-05-25
Z382CF50E98916042F143Z,noon,Grocery,Tea,Tea,VINUR Organic Anise Herbal Tea – 20 Pyramidal Tea Bags,Vinur,75.0,3.75,20.0,500.0,2026-05-25
Z3E1738A2A53FE1FB14A4Z,noon,Grocery,Tea,Tea,"Ahmed Tea with apricot flavor, 20 leaves",Ahmed T,199.95,9.9975,20.0,500.0,2026-05-25
Z136F679DBF3051D47113Z,noon,Grocery,Tea,Tea,Gratitude Green Caffeine Herbal Tea 18 Filters,Gratitude,74.0,4.1111,18.0,500.0,2026-05-25
Z0F381313EED1AC399CB7Z,noon,Grocery,Tea,Oils,Ahmed Tea Green Selection 20 Thread Foil,Ahmed T,199.95,9.9975,20.0,500.0,2026-05-25
N36138689A,noon,Grocery,Tea,Tea,Classic Earl Gray Tea - 100 Bags,Twinings,1081.0,10.81,100.0,500.0,2026-05-25
ZDDD84CCC76684DFF269DZ,noon,Grocery,Tea,Tea,Comfort tea.. Shana,What about him?,86.0,4.7778,18.0,500.0,2026-05-25
N43087832A,noon,Grocery,Tea,Tea,Organic Chamomile Tea - 20 Labeled Tea Bags 30g,Taylors of Harrogate,247.0,12.35,20.0,30.0,2026-05-25
ZCF0DDFAFFFABEF6FDCA6Z,noon,Grocery,Tea,Oils,Ahmed T Detax Herbs 20 Thread Foil,Ahmed T,199.95,9.9975,20.0,500.0,2026-05-25
ZBE0043F976816C417352Z,noon,Grocery,Tea,Tea,"Rabea Karak Tea with Cardamom - 10 Bags Pack | Authentic Karak tea, rich in flavour",spring,1200.0,120.0,10.0,500.0,2026-05-25
Z22D615A5B1084C3D221FZ,noon,Grocery,Tea,Tea,"Ahmed Tea Black Grape Flavored Tea - 20 pieces, 40 gm",Ahmed T,199.99,9.9995,20.0,500.0,2026-05-25
ZB45BA66079EA035A3278Z,noon,Grocery,Tea,Tea,Nescafé Marrakesh Tea Pods 16 Un,Dolce Gusto,420.0,26.25,16.0,500.0,2026-05-25
N52381925A,noon,Grocery,Tea,Tea,"Jasmine green tea, pack of 20 pieces",Taylors of Harrogate,244.0,12.2,20.0,200.0,2026-05-25
Z0C8289C5077310DD14E9Z,noon,Grocery,Tea,Spices,Royal Diet Tea with Herbs and Cinnamon - 25 bags,Royal diet,52.0,2.08,25.0,500.0,2026-05-25
Z38657D710C2A4B42A60DZ,noon,Grocery,Tea,Tea,Bentleys Tea – 100 Premium Black Tea Bags,Bentleys,666.0,6.66,100.0,500.0,2026-05-25
Z4060A813B6BE72DBF200Z,noon,Grocery,Tea,Tea,"Ahmed Tea black tea with assorted fruits lemon, apple, strawberry and peach 20*2 grams",Thank you!,139.0,6.95,20.0,2.0,2026-05-25
N28909107A,noon,Grocery,Tea,Tea,Hibiscus tea 100 bags,Isis,144.75,1.4475,100.0,200.0,2026-05-25
Z8D5EBFA7C10BA5183BAEZ,noon,Grocery,Tea,Tea,"Ahmed Tea Jasmine Green Tea, 20 tea bags",Ahmed T,199.99,9.9995,20.0,200.0,2026-05-25
Z18C056CEC8435A9B1CF2Z,noon,Grocery,Tea,Tea,Chun Mee Green Tea 16 Filters,Gratitude,65.0,3.6111,18.0,500.0,2026-05-25
Z3548A9B9EBC316B40CA5Z,noon,Grocery,Tea,Tea,VINUR Organic Green Tea – 20 Pyramidal Tea Bags,Vinur,83.0,4.15,20.0,500.0,2026-05-25
ZE7C3967D93A436179B50Z,noon,Grocery,Tea,Tea,"Sun-Dried Black Tea, Loose, Rich Natural Taste, 40g (Pack of 3)",Lipton,38.0,12.6667,3.0,40.0,2026-05-25
Z1CAB29D62F6FB778CDEFZ,noon,Grocery,Tea,Tea,"Ahmed Tea Classic Black Tea, 100 Bags + 28 Bags Free",Ahmed T,251.0,2.51,100.0,500.0,2026-05-25
Z747BE29A928827C2B8ACZ,noon,Grocery,Tea,Tea,Dilmah Luxury Ceylon Tea 100 tea bags * 2 grams,Dilmah,299.0,2.99,100.0,,2026-05-25
Z444902E54307F18A8C1EZ,noon,Grocery,Tea,Tea,Echinacea herbal tea with green tea 18 filters,Gratitude,43.5,2.4167,18.0,200.0,2026-05-25
Z7AA39D1A2BD57E77D670Z,noon,Grocery,Tea,Tea,"Ahmed Tea Black Tea, Peach and Passion Fruit Flavor with Fruit Pieces, 20 Tea Bags",Ahmed T,199.95,9.9975,20.0,500.0,2026-05-25
ZFC61173508E48A550141Z,noon,Grocery,Tea,Tea,"“Iftar” tea from Ahmed Tea, 50 bags",Ahmed T,251.0,5.02,50.0,500.0,2026-05-25
Z5785FC3904AEFD0EFBCDZ,noon,Grocery,Tea,Tea,Black tea with cardamom 20 bags,Royal,50.0,2.5,20.0,250.0,2026-05-25
ZB3A717FEF76930C4F9EAZ,noon,Grocery,Tea,Tea,Diet tea with peach 25 bags,Royal,44.0,1.76,25.0,1000.0,2026-05-25
N44900093A,noon,Grocery,Tea,Tea,Express tea bags. Pack of 25 pieces,spring,38.0,1.52,25.0,500.0,2026-05-25
Z94D03B13B36A79456399Z,noon,Grocery,Tea,Tea,Black Tea Early Grey Pack of 20,Royal Herbs,52.0,2.6,20.0,200.0,2026-05-25
Z70C0C315FBB246D85120Z,noon,Grocery,Tea,Spices,VINUR Organic Lemon and Ginger Herbal Tea – 20 Pyramidal Tea Bags,Vinur,85.0,4.25,20.0,500.0,2026-05-25
Z9836A113F873EFC99E34Z,noon,Grocery,Tea,Tea,Al Arousa soft tea 2*250 grams,The bride,185.0,15.4167,12.0,250.0,2026-05-25
ZCC60793FB70898F3A8C3Z,noon,Grocery,Tea,Tea,Soft Kenyan black tea 250 grams,Sana tea,50.0,0.5,100.0,250.0,2026-05-25
N43087825A,noon,Grocery,Tea,Tea,Organic Green Tea with Lemon 2g Pack of 20 Pieces,Taylors of Harrogate,244.0,12.2,20.0,2.0,2026-05-25
ZFA38DB76DF840B55AEBEZ,noon,Grocery,Tea,Tea,Lipton Herbal Infusion Anise 20 threads,Lipton,47.75,2.3875,20.0,500.0,2026-05-25
N28851916A,noon,Grocery,Tea,Tea,"Strong flavored tea concentrate 2g, package contains 25 tea bags",Rabea tea,38.0,1.52,25.0,2.0,2026-05-25
ZEBA6B01344E3314ECB24Z,noon,Grocery,"Dried Beans, Grains and Rice",Rice,Abu Kas Mazza Basmati Rice – 2 kg First grade long grain Indian basmati rice for mandi and kabsa,Abukas,429.99,85.998,5.0,2000.0,2026-05-25
Z6D8FB2B8BD1A0784C1D2Z,noon,Grocery,Tea,Tea,Black Tea 500g Bundle,Lipton,179.95,29.9917,6.0,500.0,2026-05-25
ZC0829799CE85F17563CDZ,noon,Grocery,Tea,Tea,Ahmadti black tea with cranberry flavor - 20 bags,Thank you!,143.0,7.15,20.0,1000.0,2026-05-25
Z4DDE28A78C0F80AEA214Z,noon,Grocery,Tea,Spices,Ahmed Tea Lemon and Ginger Herbs 20 Thread Foil,Ahmed T,251.0,12.55,20.0,200.0,2026-05-25
ZD036798E73D6F12D78FAZ,noon,Grocery,Tea,Tea,"Tea Break instant karak tea, 8 bags",T break,380.0,47.5,8.0,250.0,2026-05-25
ZAB0CC3E1B99DA49B1026Z,noon,Grocery,Tea,Tea,Green Caffeine Herbal Tea 18 Filters,Gratitude,63.0,5.25,12.0,40.0,2026-05-25
Z50C01DFE1FD8AAD0F7CEZ,noon,Grocery,Tea,Tea,Ahmed Tea Earl Gray Soft Tea 250 grams,Thank you!,322.0,16.1,20.0,250.0,2026-05-25
Z76DEB9DEDB9EA97654AAZ,noon,Grocery,Tea,Tea,Al Arousa soft tea 250 grams * 4 pieces (1 kilogram),The bride,325.0,81.25,4.0,250.0,2026-05-25
Z0DEBE82A983A4C5A2758Z,noon,Grocery,Tea,Spices,Imtenan Ginger Aid Herbal Tea 18 Filters,Gratitude,70.0,5.8333,12.0,200.0,2026-05-25
Z3F2427AC21FC26CAC432Z,noon,Grocery,Tea,Tea,"Earl Gray tea from Ahmed Tea, 100 bags + 28 bags free from Ahmed Tea",Ahmed T,349.95,3.4995,100.0,500.0,2026-05-25
Z07DD90524C4ABCE711AAZ,noon,Grocery,Tea,Tea,Fenor Premium Black Tea – 20 Pyramid Tea Bags,Feanor,79.0,3.95,20.0,500.0,2026-05-25
ZA0BE4954112D6921FD86Z,noon,Grocery,Tea,Tea,Ahmed tea Green Tea Classic Blend 250g,Ahmedtea,189.0,9.45,20.0,250.0,2026-05-25
N12280628A,noon,Grocery,Tea,Tea,"Moroccan green tea with mint and cardamom 40 grams, pack of 25 pieces",Twinings,317.75,12.71,25.0,40.0,2026-05-25
ZE50680077DE46B956EC8Z,noon,Grocery,Tea,Tea,Green tea with mint from Ahmed Tea 100 grams,Ahmed T,199.95,16.6625,12.0,100.0,2026-05-25
Z472EC5CE8E734B711369Z,noon,Grocery,Tea,Tea,"Instant black karak tea, 10 bags, 20 g",Abu Ali tea,165.25,16.525,10.0,20.0,2026-05-25
ZC645BE9CF7AE4E7A5469Z,noon,Grocery,Tea,Tea,Diet tea with mint 25 bags,Royal herbs,35.0,1.4,25.0,500.0,2026-05-25
ZA6966ADCFA1F5BD536DCZ,noon,Grocery,Tea,Tea,Soft Kenyan black tea 100 grams,Sana tea,20.0,0.2,100.0,100.0,2026-05-25
Z3BE8C384687511FEDDDEZ,noon,Grocery,Tea,Tea,A Moment of Harmony Green Tea - 20 Tea Bags,Lipton,47.75,2.3875,20.0,200.0,2026-05-25
ZAAEC41F8AA76334302F0Z,noon,Grocery,Tea,Milk,Instant ginger milk tea 12 grams,Taste,127.5,10.625,12.0,12.0,2026-05-25
Z09AA4D4AE3C620175A7DZ,noon,Grocery,Tea,Milk,Boba milk tea 235 ml,wow,80.0,0.8,100.0,235.0,2026-05-25
ZCF83E2E96A6E2640D9DFZ,noon,Grocery,Tea,Tea,Lipton Phoenix Mint 20 wicks,Lipton,54.5,2.725,20.0,500.0,2026-05-25
ZA545E3475FD48028BFCCZ,noon,Grocery,Tea,Tea,Phoenix English Breakfast Tea Bags - Pack of 20,Lipton,47.75,2.3875,20.0,500.0,2026-05-25
Z91792CFA9A37E2CE94F6Z,noon,Grocery,Tea,Tea,Dilmah Luxury Ceylon Tea 50 Pieces * 2 Grams,Dilmah,199.0,3.98,50.0,2.0,2026-05-25
N51330258A,noon,Grocery,Tea,Tea,Guava Leaves Drink 20 Sachets,Isis,29.95,1.4975,20.0,200.0,2026-05-25
Z089E4F5491E9A478644FZ,noon,Grocery,Tea,Tea,Ahmed Tea Soothing Herbs with Chamomile and Lemongrass - 20 tea bags,Ahmed T,199.99,9.9995,20.0,200.0,2026-05-25
N32420937A,noon,Grocery,Tea,Tea,"Green tea, 25 sachets",SEKEM,38.0,1.52,25.0,500.0,2026-05-25
Z6D10ED1A220BF94DF7E0Z,noon,Grocery,Tea,Tea,"Rabea Instant Karak Tea with Cardamom, authentic and rich blend, one sachet",spring,157.55,157.55,1.0,250.0,2026-05-25
N29762176A,noon,Grocery,Tea,Tea,Hibiscus tea 12 bags,Isis,19.25,1.6042,12.0,350.0,2026-05-25
N35187596A,noon,Grocery,Tea,Tea,Black tea 50 tea bags 100 grams,Lipton,65.5,1.31,50.0,100.0,2026-05-25
Z8AD96CF21F9475D26049Z,noon,Grocery,Tea,Tea,Diet tea with peach 50 bags,Royal,80.0,1.6,50.0,100.0,2026-05-25
ZC788BCC88F920BD8E623Z,noon,Grocery,Tea,Tea,Rabea Karak Tea with Saffron - Package of 1 piece,spring,137.0,137.0,1.0,500.0,2026-05-25
ZB4F941F2E6806E7B7359Z,noon,Grocery,Tea,Tea,Black tea with sage 20 bags,Royal herbs,44.0,2.2,20.0,500.0,2026-05-25
Z3A5810B915C82A7088E3Z,noon,Grocery,Tea,Tea,Black tea with peach 20 bags,Royal,55.0,2.75,20.0,500.0,2026-05-25
Z535DD9D655910E5053A2Z,noon,Grocery,Tea,Tea,"Ahmed Tea English Breakfast Tea, 20 tea bags",Ahmed T,199.95,9.9975,20.0,500.0,2026-05-25
N52490727A,noon,Grocery,Tea,Spices,Cinnamon Diet Tea 20 Sachets,Isis,32.0,1.6,20.0,500.0,2026-05-25
Z9517637B43D51FCFC2A3Z,noon,Grocery,Tea,Tea,Venor Organic Chamomile & Lavender Tea – 20 Pyramid Tea Bags,Feanor,80.0,4.0,20.0,500.0,2026-05-25
ZB15DC0CDBEDA31200F6DZ,noon,Grocery,Tea,Oils,"Ahmed Tea herbs, sour flavor mixed with lemon, 20 foil threads",Ahmed T,199.95,9.9975,20.0,500.0,2026-05-25
N27673313A,noon,Grocery,Tea,Tea,"Instant Karak tea with cardamom, 14 grams, pack of 10 pieces",Karak tea,260.0,26.0,10.0,14.0,2026-05-25
N51330256A,noon,Grocery,Tea,Tea,Fennel Drink Pack of 20,Isis,35.0,1.75,20.0,50.0,2026-05-25
Z4F5D66C325C7312BDB4DZ,noon,Grocery,Tea,Tea,"Black tea with mango flavor from Ahmed Tea, 40 grams - 20 tea bags",Ahmed T,199.95,9.9975,20.0,40.0,2026-05-25
N44900102A,noon,Grocery,Tea,Tea,Rabea Express black tea. Pack of 50 pieces,spring,73.0,1.46,50.0,500.0,2026-05-25
Z0FEA4492F7F3FC1CAA23Z,noon,Grocery,Tea,Tea,Soft black tea 250 grams,The bride,95.0,0.95,100.0,250.0,2026-05-25
Z089C6A1085976AEA8F28Z,noon,Grocery,Tea,Tea,Chun mee green tea 100g,Gratitude,69.0,4.3125,16.0,100.0,2026-05-25
ZE0C24C7DF5447C25634AZ,noon,Grocery,Tea,Tea,Encapsulated black tea bags - 50 bags - 100 grams,Royal,69.0,1.38,50.0,100.0,2026-05-25
Z874458F54060FF273A6EZ,noon,Grocery,Tea,Tea,Gratitude Ginkgo Tea 18 Tea Leaves,Gratitude,80.0,4.4444,18.0,500.0,2026-05-25
ZB935B3FCCCC2E23BC640Z,noon,Grocery,Tea,Milk,Instant cinnamon milk tea 24 grams,Taste,150.0,12.5,12.0,24.0,2026-05-25
N43087826A,noon,Grocery,Tea,Spices,"Organic apple and cinnamon tea, pack of 20",Taylors of Harrogate,264.0,13.2,20.0,500.0,2026-05-25
ZB82024A1FC28EBD12AB1Z,noon,Grocery,Tea,Tea,Ginseng Kai Herbal Tea 18 Filters,Gratitude,160.5,8.9167,18.0,200.0,2026-05-25
Z5240E1E67BAD4396767FZ,noon,Grocery,Tea,Tea,Breakfast tea 40 grams - 20 sachets,Broadies,171.25,8.5625,20.0,40.0,2026-05-25
ZD459581BB81F1C50C595Z,noon,Grocery,Tea,Milk,"Misr Café Instant Karak Chai Tea with Creamer, Sugar and cardomom, 8 x 25g sachets",Tea Break,199.95,24.9938,8.0,25.0,2026-05-25
N28909126A,noon,Grocery,Tea,Tea,Premium mint green tea 20 filters,SEKEM,38.0,1.9,20.0,27.5,2026-05-25
ZACAA2B47F6BBDB84AF34Z,noon,Grocery,Tea,Tea,Chun Mee Green Tea 16 Filters,Gratitude,41.0,2.5625,16.0,200.0,2026-05-25
Z2CF8F5106FF6E0D994ACZ,noon,Grocery,Tea,Tea,Rabea Tea Original Taste - Black Tea Bags - 100 Bags,spring,200.0,2.0,100.0,500.0,2026-05-25
Z0AA004CBEDA1B6017A2BZ,noon,Grocery,Tea,Tea,Gratitude Ginseng Kai Herbal Tea 18 Filters,Gratitude,251.0,13.9444,18.0,147.0,2026-05-25
ZF3CC9C4A4E9E0C20084AZ,noon,Grocery,Tea,Tea,Ahmed Tea Black Tea with Red Raspberry Flavor - 20 sachets,Thank you!,177.0,8.85,20.0,500.0,2026-05-25
Z1B845E97EEE32B4EFD8FZ,noon,Grocery,Tea,Milk,"Instant karak tea with creamer, sugar and cardamom, 8 bags x 25 g",Egypt Cafe,179.5,22.4375,8.0,25.0,2026-05-25
ZAFD90B4069F4D816DE43Z,noon,Grocery,Tea,Spices,Diet tea with cinnamon 25 bags,Royal herbs,35.0,1.4,25.0,1000.0,2026-05-25
N35108144A,noon,Grocery,Tea,Tea,"Lemon tea for diet, 50 bags",Isis,61.0,1.22,50.0,500.0,2026-05-25
Z72E1F73C64779277CA12Z,noon,Grocery,Tea,Spices,"Black tea with fruits from Ahmed Tea | Flavored with vanilla, cinnamon and apple 20 tea bags",Ahmed T,199.95,9.9975,20.0,500.0,2026-05-25
Z2F456CE4949E97E386BAZ,noon,Grocery,Tea,Tea,Green tea with raspberry and pomegranate flavor from Ahmed Tea - 20 bags,Ahmed T,199.95,9.9975,20.0,500.0,2026-05-25
Z1BEB93FCC673857F3271Z,noon,Grocery,Tea,Tea,Relaxing herbal tea 18 filter,Gratitude,37.5,3.125,12.0,30.0,2026-05-25
Z7F7380750D79661736A2Z,noon,Grocery,Tea,Tea,Black tea with cloves 20 bags,Royal herbs,42.0,2.1,20.0,500.0,2026-05-25
Z6A73811E724A97D65C94Z,noon,Grocery,Tea,Tea,Karak tea box of 8 packets,T break,170.0,21.25,8.0,250.0,2026-05-25
Z81E9A262EDB3BFD581F0Z,noon,Grocery,Tea,Tea,"Herbal tea to relieve cough, 18 filters",Gratitude,31.95,2.6625,12.0,30.0,2026-05-25
ZC78B059830A91F665EE1Z,noon,Grocery,Tea,Tea,Ginkgo herbal tea 18 filter,Gratitude,49.95,2.775,18.0,200.0,2026-05-25
N29595476A,noon,Grocery,Tea,Spices,Diet tea with cinnamon 50 bags,Isis,61.0,1.22,50.0,17.0,2026-05-25
N28909097A,noon,Grocery,Tea,Tea,They forget 100 bags,Isis,127.75,1.2775,100.0,1000.0,2026-05-25
Z09E090C3A61DD597D50BZ,noon,Grocery,Tea,Tea,Karak tea 300 grams,Taste,120.0,5.0,24.0,300.0,2026-05-25
ZCE5C0D3A164EBEC9494BZ,noon,Grocery,Tea,Tea,"Ahmed Tea Set of 4 Black Fruit Teas, 20 Tea Bags",Ahmed T,199.99,9.9995,20.0,500.0,2026-05-25
Z6D18CBAE47DDC7C9FF9BZ,noon,Grocery,Tea,Tea,"Indian masala tea, 8 packets",T break,170.0,21.25,8.0,200.0,2026-05-25
ZD27846A174D3D9B4FC99Z,noon,Grocery,Tea,Tea,Rabea Stronger Tea - Fine Black Tea (Loose) - 250 g,spring,150.0,3.0,50.0,250.0,2026-05-25
N48069417A,noon,Grocery,Pasta and Noodles,Pasta,Spaghetti pasta 400 grams,Venice,22.95,5.7375,4.0,400.0,2026-05-25
Z59505E54B452EE88FC66Z,noon,Grocery,Pasta and Noodles,Noodles,Indomie Saudi Arabia - spicy and spicy fried noodles - 5 x 60 grams package | Quick meal preparation Distinctive spicy taste,Indomie,344.99,68.998,5.0,60.0,2026-05-25
Z4B83C4EB9651271773B6Z,noon,Grocery,Tea,Tea,Green tea kai 100g,Gratitude,102.0,1.02,100.0,100.0,2026-05-25
N12280624A,noon,Grocery,Tea,Tea,Pure green tea 50 grams,Twinings,382.0,3.82,100.0,50.0,2026-05-25
N12280621A,noon,Grocery,Tea,Tea,Classic Earl Gray Tea 100g,Twinings,652.0,13.04,50.0,100.0,2026-05-25
ZE47BF674245B5161DC50Z,noon,Grocery,Tea,Tea,Encapsulated Tea Bags - Pack of 100,Lipton,148.5,1.485,100.0,500.0,2026-05-25
ZAFDFB5C6764345EBBECFZ,noon,Grocery,Tea,Tea,Lipton black tea 100 bags with Al Ahly mug,Lipton,122.0,1.22,100.0,500.0,2026-05-25
ZBD5784A9587948B6783CZ,noon,Grocery,Tea,Tea,Mood Karak - Karak Tea - Cardamom - 8 bags,Maud Karak,170.0,21.25,8.0,500.0,2026-05-25
Z37B19A001AFD39A78202Z,noon,Grocery,Tea,Tea,"Luxury Al-Kbous Black Tea, 250 g, since 1948",The nightmare,305.0,30.5,10.0,250.0,2026-05-25
N30684966A,noon,Grocery,Tea,Tea,"Lipton Black Tea with Dried Tea Leaves, Smooth, for a Rich Natural Taste, Value Pack 40g",Lipton,20.0,1.6667,12.0,40.0,2026-05-25
N28992179A,noon,Grocery,Tea,Tea,100 piece super tea set,Dilmah,335.0,3.35,100.0,500.0,2026-05-25
ZDEEE4448851B619AE870Z,noon,Grocery,Tea,Tea,"Black tea with strawberry flavor from Ahmed Tea, 20 tea bags",Ahmed T,251.0,12.55,20.0,500.0,2026-05-25
Z87EF31BBEA2C254DF64BZ,noon,Grocery,Tea,Tea,Chicory & Artichoke Herbal Tea 18 Filters,Gratitude,38.5,2.1389,18.0,500.0,2026-05-25
N35108140A,noon,Grocery,Tea,Tea,Chamomile from 12 filtered bags,Isis,19.95,1.6625,12.0,200.0,2026-05-25
ZA1CF8C8538942A57BA55Z,noon,Grocery,Tea,Tea,Mood Karak - Karak Tea - Saffron - 8 bags,Maud Karak,170.0,21.25,8.0,500.0,2026-05-25
ZCEF860B229A518A0E893Z,noon,Grocery,Tea,Tea,Karak tea with saffron and rose 20 grams,Sino,24.0,2.4,10.0,20.0,2026-05-25
Z9AD28DCF281034A4A344Z,noon,Grocery,Pasta and Noodles,Pasta,Oven pasta 1 kilo,Venice,67.75,8.4688,8.0,1.0,2026-05-25
ZAC52C56B7318A0CE573DZ,noon,Grocery,Pasta and Noodles,Cheese,Buldak Quattro Cheese Spicy Korean Ramen - 145 grams,With a rooster,202.0,40.4,5.0,145.0,2026-05-25
Z1823E7393B2F62351705Z,noon,Grocery,Pasta and Noodles,Cheese,Samyang Buldak – Spicy Chicken Noodles with Quattro Cheese Flavor – 140g | Instant Korean ramen | Rich spicy and cheesy taste,Samyang,150.0,30.0,5.0,140.0,2026-05-25
Z8C72EF5B55C168B83228Z,noon,Grocery,Pasta and Noodles,Milk,Baldo Volcano Creamy Chicken Carbonara Noodles - 130g - 2 Pack,Baldo,253.0,50.6,5.0,130.0,2026-05-25
ZAB0EA6417F4E4F864F8CZ,noon,Grocery,Pasta and Noodles,Noodles,Indomie Saudi Arabia - Chicken Curry Flavor Instant Noodles - Authentic Spicy Chicken Curry Taste Pack of 5 Pieces,Indomie,258.5,51.7,5.0,140.0,2026-05-25
ZDBFE7536AB27C27C2A73Z,noon,Grocery,Tea,Tea,Lipton soft tea 250 grams,Lipton,71.5,0.715,100.0,250.0,2026-05-25
N52490745A,noon,Grocery,Tea,Tea,Pomegrante Herbal Tea 20 filters,Isis,35.0,1.75,20.0,500.0,2026-05-25
N28851986A,noon,Grocery,Tea,Tea,Tea with a sharp taste,Rabea tea,135.0,15.0,9.0,200.0,2026-05-25
ZAF642A9EDF3534934BDCZ,noon,Grocery,Tea,Tea,Saint John herbal tea 18 filter,Gratitude,75.0,4.1667,18.0,500.0,2026-05-25
N52381924A,noon,Grocery,Tea,Tea,Raspberry and Blackberry Flavored Tea 40 gm liters pack of 20 pieces,Taylors of Harrogate,264.0,13.2,20.0,40.0,2026-05-25
N44900125A,noon,Grocery,Tea,Tea,Express tea bags. Pack of 100 pieces,spring,135.0,1.35,100.0,500.0,2026-05-25
Z45A638DA6786D1623BA2Z,noon,Grocery,Tea,Milk,"Instant karak tea with cream, sugar and cardamom, 8 bags x 25 g",T break,170.0,21.25,8.0,25.0,2026-05-25
N47017561A,noon,Grocery,Tea,Tea,Green tea,Royal,37.0,1.48,25.0,250.0,2026-05-25
N12280623A,noon,Grocery,Tea,Tea,"Green tea with mint, 25 bags, 37.5 grams, mint 37.5 grams",Twinings,317.75,12.71,25.0,37.5,2026-05-25
Z1A1914D859171BF1216EZ,noon,Grocery,Tea,Spices,Diet tea with cinnamon 50 bags,Royal herbs,63.0,1.26,50.0,350.0,2026-05-25
ZF07A506A431E6A310377Z,noon,Grocery,Tea,Tea,English Breakfast Tea Bags - Pack of 25,Lipton,86.95,3.478,25.0,500.0,2026-05-25
Z1576C880D7CA7DD4E80DZ,noon,Grocery,Tea,Tea,Soft Kenyan black tea 40 grams,Sana tea,10.0,1.6667,6.0,40.0,2026-05-25
N12280617A,noon,Grocery,Tea,Tea,Traditional Earl Gray Scented Bergamot Black Tea Mix Bags 50g,Twinings,350.0,8.75,40.0,50.0,2026-05-25
N43087828A,noon,Grocery,Tea,Tea,Organic English Breakfast Tea Pack of 20,Taylors of Harrogate,199.0,9.95,20.0,500.0,2026-05-25
N45822157A,noon,Grocery,Pasta and Noodles,Pasta,Penne pasta 1 kg,Egyptian cuisine,41.0,5.125,8.0,1000.0,2026-05-25
N48088352A,noon,Grocery,Pasta and Noodles,Pasta,Crescent pasta 400 grams,For our nation,11.95,1.4938,8.0,400.0,2026-05-25
ZB10E0B810882E64B4697Z,noon,Grocery,Pasta and Noodles,Noodles,Indomie Saudi Arabia Vegetable Flavor – Pack of 5 x 60 grams | A quick and easy meal to prepare The original taste of Saudi Indomie,Indomie,333.99,66.798,5.0,60.0,2026-05-25
Z877B73E6E912CB30AC49Z,noon,Grocery,Tea,Tea,Jasmine Green Tea 100 gm,Zary,55.0,0.55,100.0,100.0,2026-05-25
ZF182F0D0C936157AEB31Z,noon,Grocery,Tea,Spices,Herbal tea cinnamon and ginger kay 18 filter,Gratitude,49.25,4.1042,12.0,500.0,2026-05-25
Z3EB262690FE56E027F96Z,noon,Grocery,Tea,Tea,"Herbal tea for breastfeeding, 18 filters",Gratitude,41.5,2.3056,18.0,500.0,2026-05-25
ZEFA1A862F7BFBC43DBC5Z,noon,Grocery,Tea,Tea,Fenor Organic Hibiscus & Rose Tea – 20 Pyramid Tea Bags,Feanor,85.0,4.25,20.0,500.0,2026-05-25
Z9883E42B620C3F630A65Z,noon,Grocery,Tea,Tea,Gratitude Parsley and Celery Herbal Tea 50 Filters,Gratitude,199.95,3.999,50.0,1000.0,2026-05-25
N12280626A,noon,Grocery,Tea,Tea,Pure green tea from China 100g,Twinings,653.0,13.06,50.0,100.0,2026-05-25
N35108146A,noon,Grocery,Tea,Tea,Green tea with mint,Isis,74.75,1.495,50.0,180.0,2026-05-25
Z14269305B97F08979A54Z,noon,Grocery,Tea,Tea,Royal Diet Tea - 50 bags,Royal diet,68.0,1.36,50.0,500.0,2026-05-25
Z926CC5DC5624CD0BCCD1Z,noon,Grocery,Tea,Tea,"Instant Karak Masala Tea, 10 tea bags, 20 grams",Abu Ali tea,165.25,16.525,10.0,20.0,2026-05-25
N51330259A,noon,Grocery,Tea,Tea,Sage Drink 20 Sachets,Isis,35.0,1.75,20.0,500.0,2026-05-25
Z78B8A4ABA2B7FE93058EZ,noon,Grocery,Tea,Tea,"English Breakfast Tea for a bold taste and intense aroma, 25 tea bags",Lipton,29.5,1.18,25.0,500.0,2026-05-25
Z3E01E8C753D60097D7FEZ,noon,Grocery,Tea,Tea,Boba tea with matcha 235 ml,wow,80.0,0.8,100.0,235.0,2026-05-25
Z43776FA6B6607CF20571Z,noon,Grocery,Pasta and Noodles,Noodles,"Samyang Korean Spicy Ramen (Black), Roasted Chicken Flavor Instant Noodles, Halal, 140g x 5pcs",Samyang,730.0,146.0,5.0,140.0,2026-05-25
Z3ADBE7E3D02F14F71B27Z,noon,Grocery,Pasta and Noodles,Noodles,Indomie Saudi Arabia - fried noodles - 5 x 60 grams package | Quick meal preparation Original and crunchy taste,Indomie,344.99,68.998,5.0,60.0,2026-05-25
Z9759040AC46EF33333A6Z,noon,Grocery,Pasta and Noodles,Noodles,Samyang Spicy Korean Chicken Noodles with Carbonara Flavor 140g *5,Samyang,799.0,133.1667,6.0,140.0,2026-05-25
Z0051E7E3E1330638606EZ,noon,Grocery,Tea,Tea,Al-ghazaleen Tea 250g Traditional Ceylon Tea.,Alghazaleen Tea,265.0,2.65,100.0,250.0,2026-05-25
N47017562A,noon,Grocery,Tea,Tea,Green tea with mint,Royal,37.0,1.48,25.0,250.0,2026-05-25
Z381EC15AEC5299666293Z,noon,Grocery,Tea,Tea,Black tea 500 grams,Lipton,89.95,0.8995,100.0,500.0,2026-05-25
Z7F0EAED49753DA39480AZ,noon,Grocery,Tea,Tea,Parsley and celery herbal tea 18 filter,Gratitude,36.0,2.0,18.0,500.0,2026-05-25
N35187598A,noon,Grocery,Tea,Tea,Black tea 100 tea bags 200 grams,Lipton,98.95,0.9895,100.0,200.0,2026-05-25
Z052658C9357623A5CF41Z,noon,Grocery,Tea,Tea,Soft Kenyan black tea 500 grams,Sana tea,80.0,13.3333,6.0,500.0,2026-05-25
N40027238A,noon,Grocery,Tea,Tea,"Karak tea 23 grams, pack of 12 pieces",Taste,110.5,9.2083,12.0,23.0,2026-05-25
ZE1DBAFA62A813772C6BFZ,noon,Grocery,Tea,Tea,"Alghazaleen tea 250 grams, whole leaf black tea (the finest types of Ceylon tea)",The spinners,225.0,75.0,3.0,250.0,2026-05-25
ZDA62D3A5EBEBED7F838BZ,noon,Grocery,Tea,Tea,Karak tea 12 bags,Taste,108.0,9.0,12.0,200.0,2026-05-25
Z6498418B1A539791E45DZ,noon,Grocery,Tea,Tea,Matcha Pure Green Tea Premium - 50 gm,Diane House,285.0,47.5,6.0,50.0,2026-05-25
N44154518A,noon,Grocery,Tea,Tea,Parsley and Celery Tea Pack of 18,Gratitude,91.0,5.0556,18.0,30.0,2026-05-25
ZD1EBC3B5E797FEED25C1Z,noon,Grocery,Tea,Tea,Parsley & Celery Tea 50 filters,Imtenan,119.0,9.9167,12.0,30.0,2026-05-25
ZD7CE8ACD2B5CB208BD22Z,noon,Grocery,Tea,Tea,"Japanese matcha tea with strawberries, antioxidant for weight loss and fat burning - 20 bags",Matcha,550.0,27.5,20.0,200.0,2026-05-25
Z749187AEA966538F7F52Z,noon,Grocery,Tea,Tea,Gratitude Parsley and Celery Herbal Tea 18 Filters,Gratitude,99.99,5.555,18.0,1000.0,2026-05-25
Z553F9710E99F7876328AZ,noon,Grocery,Tea,Tea,Ahmed London Green Tea with Raspberry and Pomegranate Flavor - 20 sachets,Ahmed T,99.99,4.9995,20.0,200.0,2026-05-25
N28863037A,noon,Grocery,Pasta and Noodles,Pasta,"Pasta in small rings, 400 grams",the queen,15.5,5.1667,3.0,400.0,2026-05-25
ZDE90061AF85F3FDD7341Z,noon,Grocery,Pasta and Noodles,Pasta,Gluten-free oat pasta - 250 grams,Lino,104.25,52.125,2.0,250.0,2026-05-25
ZC98B22DDDFA4FCB33207Z,noon,Grocery,Pasta and Noodles,Pasta,Marmara pasta 1 kilo,Venice,67.75,8.4688,8.0,1.0,2026-05-25
ZB01F23103119613D9A24Z,noon,Grocery,Pasta and Noodles,Noodles,Samyang Tangle Pasta with Garlic Oil - Premium Air Dried Korean Noodles - Rich in Protein (16g) and Fiber (6g) - Italian Flavor with a Korean Touch - Halal - 100g,Samyang,149.99,37.4975,4.0,16.0,2026-05-25
Z6D63B71D7642C392F889Z,noon,Grocery,Pasta and Noodles,Pasta,Spaghetti pasta 1 kilo,Venice,67.75,8.4688,8.0,1.0,2026-05-25
Z06449BB00284184AAE04Z,noon,Grocery,Pasta and Noodles,Noodles,Indomie Saudi Arabia - local chicken taste - 5 x 60 grams package | Quick meal preparation Original and delicious taste,Indomie,287.5,95.8333,3.0,60.0,2026-05-25
Z779936CF4F20F42E51F9Z,noon,Grocery,Pasta and Noodles,Noodles,Samyang Spicy Chicken Noodles (3x Spicy) – the highest level of heat and authentic Korean flavor – 140g pack (set of 2),Samyang,368.77,184.385,2.0,140.0,2026-05-25
Z7B7DE810B4AC8C40E9EEZ,noon,Grocery,Pasta and Noodles,Noodles,Indomie Saudi Arabia – fried noodles with green chili flavor – 5 x 60 grams package | Quick meal preparation Original and spicy taste,Indomie,344.99,114.9967,3.0,60.0,2026-05-25
Z18A210F5CCEBFB7E0747Z,noon,Grocery,Tea,Tea,Lavender and Chamomile Herbal Tea 18 Filters,Gratitude,45.75,3.8125,12.0,30.0,2026-05-25
ZE83C5E646D3DC1C93378Z,noon,Grocery,Tea,Tea,Black tea with berries 20 bags,Royal herbs,68.0,3.4,20.0,500.0,2026-05-25
ZCF140EE5B16C7E0B78DEZ,noon,Grocery,Pasta and Noodles,Pasta,Barilla pasta,Barilla,179.9,22.4875,8.0,500.0,2026-05-25
Z1330AC4A2177C8C6C4C9Z,noon,Grocery,Pasta and Noodles,Cheese,"Buldak Quattro Cheese Ramen with Spicy Chicken Flavor, 145 g x 5 pieces",Samyang,1350.0,270.0,5.0,145.0,2026-05-25
Z27790CBEBC3D6EFAE2A9Z,noon,Grocery,Pasta and Noodles,Cheese,Samyang Spicy Chicken and Buldak Cheese Korean Instant Ramen Noodles - 140g x 5pcs (Set of 5),Samyang,1320.0,264.0,5.0,140.0,2026-05-25
Z715FCE506C77F7CBDD80Z,noon,Grocery,Pasta and Noodles,Grains,Spinach Lasagna Pasta from Dr. Foods - 500 grams | Premium Pasta Slices | With whole wheat flour,Dr. Foods,110.0,11.0,10.0,500.0,2026-05-25
Z3E554BFD9EC28D066CE3Z,noon,Grocery,Pasta and Noodles,Noodles,Samyang Nolds Korean Instant Chicken Habanero Lemon 3*140g,Samyang,455.0,151.6667,3.0,140.0,2026-05-25
Z766F672EC62CE36A96B7Z,noon,Grocery,Pasta and Noodles,Noodles,Samyang Nolds Korean Instant Chicken Habanero Lemon 5*140g,Samyang,733.0,146.6,5.0,140.0,2026-05-25
Z3F30A8C5E4CCA86FC057Z,noon,Grocery,Pasta and Noodles,Noodles,Samyang Nolds Instant Korean Spicy Chicken Habanero Lemon 4*140 grams,Samyang,633.0,158.25,4.0,140.0,2026-05-25
Z83CA057954EAD4731939Z,noon,Grocery,Pasta and Noodles,Noodles,Baldo Noodles Seafood Flavor - 120 g - 2 bags,Baldo,240.0,60.0,4.0,120.0,2026-05-25
ZDF8116EC864D8B627E34Z,noon,Grocery,Pasta and Noodles,Noodles,"Indomie Saudi Arabia - instant noodles with special chicken flavor - delicious original flavor and quick to prepare, pack of five pieces",Indomie,340.0,113.3333,3.0,60.0,2026-05-25
Z47E60D8F54B903706A01Z,noon,Grocery,Pasta and Noodles,Pasta,Fusilli pasta 1 kilo,Venice,67.75,16.9375,4.0,1.0,2026-05-25
Z41ED77F79CA0598A0411Z,noon,Grocery,Pasta and Noodles,Noodles,Saming Nolds Korean Instant Pot Spicy Chicken Flavor Original Taste 140 Grams *3,Samyang,519.0,173.0,3.0,140.0,2026-05-25
ZB2150671AE17A38C6813Z,noon,Grocery,Pasta and Noodles,Milk,"Samyang Buldak Cream Carbonara Spicy Chicken Flavor, Fried Instant Ramen, 5 x 140g",Samyang,1300.0,433.3333,3.0,140.0,2026-05-25
Z117DDED81B4F78D99C58Z,noon,Grocery,Pasta and Noodles,Noodles,Samyang Spicy Korean Chicken Noodles with Carbonara Flavor 140g *3,Samyang,525.0,175.0,3.0,140.0,2026-05-25
Z20B509E9E23EC2718B88Z,noon,Grocery,Pasta and Noodles,Noodles,Baldo Hawa Ramyun Hot & Spicy Noodles - 120 grams,Baldo,128.0,32.0,4.0,120.0,2026-05-25
ZFAEA912F95B6C89741EFZ,noon,Grocery,Pasta and Noodles,Milk,"Samyang Tangle Instant Linguine Pasta with Mushroom and Cream Sauce - Premium ""Tangle"" Noodles, Rich in Protein (15g) and Fiber - 105g (1 Piece)",Samyang,149.99,37.4975,4.0,15.0,2026-05-25
ZE13D8E9C60D19377EABDZ,noon,Grocery,Pasta and Noodles,Pasta,Rich pasta rings diet 400 grams,Noon,54.91,13.7275,4.0,400.0,2026-05-25
Z2346CA0DB9314554DEE1Z,noon,Grocery,Pasta and Noodles,Eggs,Lasagna pasta with eggs 500 grams,Dobella,64.0,16.0,4.0,500.0,2026-05-25
Z57FBBC6035A81DD0D5B0Z,noon,Grocery,Pasta and Noodles,Noodles,Samyang Noodles Korean Instant Pot Spicy Chicken Flavor Carbonara - Stew - Lemon 3* 140 g,Samyang,477.0,159.0,3.0,140.0,2026-05-25
ZE5CD9BC42DD7E90EADF8Z,noon,Grocery,Pasta and Noodles,Noodles,Saming Nolds Korean Instant Pot Spicy Chicken Flavor Original Taste 140 Grams *5,Samyang,755.0,151.0,5.0,140.0,2026-05-25
Z6ED05D6A1BF66FCAB0B9Z,noon,Grocery,Pasta and Noodles,Pasta,Farfalle Pasta No. 65,Barilla,215.0,107.5,2.0,500.0,2026-05-25
Z1376CE06BBE6DF33B7AFZ,noon,Grocery,Pasta and Noodles,Lentils,Dr. Foods Lentil Pasta – 400g | High protein and fiber | Pen shape,Dr. Foods,110.0,13.75,8.0,400.0,2026-05-25
Z0457B8B27FDB9B714E4DZ,noon,Grocery,Pasta and Noodles,Pasta,Oat spaghetti with psyllium – 400 grams,Dr. Foods,120.0,15.0,8.0,400.0,2026-05-25
ZB3E1E562F02E82C67722Z,noon,Grocery,Pasta and Noodles,Beans,Dr. Foods Chickpea Pasta – 400g | Rich in fiber Source of protein | Vesili form | A healthy alternative to pasta,Dr. Foods,105.0,13.125,8.0,400.0,2026-05-25
ZC4EC807559C9C28D3EA1Z,noon,Grocery,Pasta and Noodles,Noodles,Samyang Spicy Korean Chicken Noodles Different Assortment 9*140 Grams,Samyang,1455.0,161.6667,9.0,140.0,2026-05-25
Z1EEA48EA1D28CAC65720Z,noon,Grocery,Pasta and Noodles,Grains,Dr. Foods Premium Pasta with Vegetables – 400g | Natural blend of vegetables | Healthy wheat flour,Dr. Foods,105.0,13.125,8.0,400.0,2026-05-25
Z141EF0DDBC9A4B9EA44AZ,noon,Grocery,Pasta and Noodles,Noodles,Baldo Cucumin Noodles Spicy Chicken Flavor - 120g - 2 Pack Offer,Baldo,221.0,55.25,4.0,120.0,2026-05-25
N45822159A,noon,Grocery,Pasta and Noodles,Pasta,Marmara pasta 1 kg,Egyptian cuisine,38.75,4.8438,8.0,1000.0,2026-05-25
N45822160A,noon,Grocery,Pasta and Noodles,Pasta,Spaghetti pasta 1 kg,Egyptian cuisine,41.0,5.125,8.0,1000.0,2026-05-25
Z367698832FB72ED68603Z,noon,Grocery,Pasta and Noodles,Pasta,Pasta lettuce 1 kilo,Venice,67.75,16.9375,4.0,1.0,2026-05-25
Z95C630B0B6BAD2D1CCACZ,noon,Grocery,Pasta and Noodles,Pasta,Pasta Rings 400g (Pack of 2),Venice,48.0,16.0,3.0,400.0,2026-05-25
ZC33A86414AAC6521EDA7Z,noon,Grocery,Pasta and Noodles,Pasta,Farfalli Tund 500g,Barilla,220.0,55.0,4.0,500.0,2026-05-25
N12278648A,noon,Grocery,Pasta and Noodles,Pasta,Spiral pasta 500 grams,Barilla,220.0,27.5,8.0,500.0,2026-05-25
Z15F2FCC5295A600726DCZ,noon,Grocery,Pasta and Noodles,Pasta,Rings pasta 1 kilo,Venice,67.75,16.9375,4.0,1.0,2026-05-25
ZFBBA11E5C4C2B2786CB8Z,noon,Grocery,Pasta and Noodles,Pasta,Elbow Pasta 400g (Pack of 3),the queen,53.0,17.6667,3.0,400.0,2026-05-25
Z69B7B0375C5DC18D940AZ,noon,Grocery,Pasta and Noodles,Beans,"Samyang Spicy Chicken Ramen with Jajang Flavor, Korean Stir-Fried Noodles with Black Bean Sauce, Halal, 140g x 5 Pieces",Samyang,715.0,143.0,5.0,140.0,2026-05-25
N28853930A,noon,Grocery,Dairy Cheese and Eggs,Milk,Full cream milk powder 700 grams,Miro,286.5,143.25,2.0,700.0,2026-05-25
ZBDC3906147DC7525F5FAZ,noon,Grocery,Dairy Cheese and Eggs,Milk,Powdered milk cream - 300 grams,cream,250.0,125.0,2.0,300.0,2026-05-25
N29779251A,noon,Grocery,Dairy Cheese and Eggs,Milk,Milk mixture,Juhayna,310.0,11.4815,27.0,200.0,2026-05-25
N28853937A,noon,Grocery,Dairy Cheese and Eggs,Milk,Skimmed milk powder 250 grams,Miro,84.95,42.475,2.0,250.0,2026-05-25
ZE354C3456CA500DC7236Z,noon,Grocery,Dairy Cheese and Eggs,Milk,"Instant melting full-fat milk powder cream, 1800 grams",cream,620.0,310.0,2.0,1800.0,2026-05-25
Z52DB7CEBCC0CBA66747DZ,noon,Grocery,Dairy Cheese and Eggs,Milk,Almarai long life full fat milk (4*1 liter),Pastures,375.0,31.25,12.0,1000.0,2026-05-25
Z815D836F4350E7317327Z,noon,Grocery,Dairy Cheese and Eggs,Milk,Original Rainbow Evaporated Milk - Rich and Creamy Taste for Tea and Coffee | High quality liquid milk for all uses,Rainbow,177.0,88.5,2.0,500.0,2026-05-25
ZDC03CEAB3A707D305711Z,noon,Grocery,Dairy Cheese and Eggs,Milk,Nestle Sweetened Condensed Milk - 370 grams,Nestle,178.0,89.0,2.0,370.0,2026-05-25
N28853940A,noon,Grocery,Dairy Cheese and Eggs,Milk,"Strawberry flavored instant milk, 30 grams, pack of 12 pieces",Miro,143.75,11.9792,12.0,30.0,2026-05-25
Z5E8CFEA225478986C246Z,noon,Grocery,Dairy Cheese and Eggs,Milk,Powdered milk cream - 800 grams,cream,592.0,296.0,2.0,800.0,2026-05-25
Z153FD8881F81B69E61FCZ,noon,Grocery,Dairy Cheese and Eggs,Milk,Almarai Treats Banana Milk - 200 ml (6 packs),Pastures,142.0,11.8333,12.0,200.0,2026-05-25
N28853942A,noon,Grocery,Dairy Cheese and Eggs,Milk,"Instant milk with vanilla biscuit flavor, 30 grams, pack of 12 pieces",Miro,112.25,9.3542,12.0,30.0,2026-05-25
N28968522A,noon,Grocery,Dairy Cheese and Eggs,Milk,Powder milk for growing children 288 grams,Nido,171.0,85.5,2.0,288.0,2026-05-25
N27719615A,noon,Grocery,"Dried Beans, Grains and Rice",Cheese,Egyptian lentils with cheese 500 grams,morn,58.5,58.5,1.0,500.0,2026-05-25
N52565770A,noon,Grocery,"Dried Beans, Grains and Rice",Rice,White rice,Always,275.0,275.0,1.0,5000.0,2026-05-25
N27665623A,noon,Grocery,"Dried Beans, Grains and Rice",Rice,"High quality Egyptian white rice, 5 kg individually",Zamzam,196.5,196.5,1.0,5000.0,2026-05-25
Z136A8CB2BF955E5CF3D4Z,noon,Grocery,"Dried Beans, Grains and Rice",Rice,Premium basmati rice 1 kilo,Two rivers,157.75,157.75,1.0,1000.0,2026-05-25
N28716824A,noon,Grocery,"Dried Beans, Grains and Rice",Rice,Egyptian white rice 1 kilogram,morn,41.0,41.0,1.0,1000.0,2026-05-25
N52891268A,noon,Grocery,"Dried Beans, Grains and Rice",Beans,Lupine seeds,The leader,49.0,49.0,1.0,500.0,2026-05-25
N29047421A,noon,Grocery,"Dried Beans, Grains and Rice",Rice,Rice 1 kg,The house,39.0,39.0,1.0,1000.0,2026-05-25
ZBDD5A9CB9D515533CE23Z,noon,Grocery,Tea,Tea,Luxurious authentic Ceylon Khadir tea – hand-picked whole leaves (OP1) – 200 grams – rich taste and superior Saudi quality,Numb tea,671.0,671.0,1.0,200.0,2026-05-25
ZF73285743FFF916B8CA0Z,noon,Grocery,Tea,Tea,Zadna Organic Matcha Tea – 100g,We increased,1324.88,1324.88,1.0,100.0,2026-05-25
Z6BFB10EB1B9FAE146542Z,noon,Grocery,Tea,Tea,Al Arosa Fine Tea – 250 gm x 4 packs (1 kg),The bride,440.0,440.0,1.0,250.0,2026-05-25
Z1026EE6AF343045D0CF0Z,noon,Grocery,Tea,Tea,"The finest premium golden Ceylon tea, 250 grams",The spinners,289.0,289.0,1.0,250.0,2026-05-25
ZFA75C8212154E5D1195DZ,noon,Grocery,Pasta and Noodles,Noodles,Paldo Volcano Spicy Chicken Noodles - 140g - 2 Pack,Baldo,254.0,254.0,1.0,140.0,2026-05-25
N27719621A,noon,Grocery,"Dried Beans, Grains and Rice",Beans,Chickpeas 500 grams,morn,114.0,114.0,1.0,500.0,2026-05-25
N29047428A,noon,Grocery,"Dried Beans, Grains and Rice",Rice,Rice 1 kg,As much as possible,34.0,34.0,1.0,1000.0,2026-05-25
Z3AD910762038F6A5FF6DZ,noon,Grocery,"Dried Beans, Grains and Rice",Rice,Indian Golden Sella Basmati Rice 2 kg,Sultanate,251.0,251.0,1.0,2000.0,2026-05-25
ZFB709435503206BA141BZ,noon,Grocery,"Dried Beans, Grains and Rice",Beans,Chickpeas 250 grams,Effendi,27.25,27.25,1.0,250.0,2026-05-25
N30522020A,noon,Grocery,"Dried Beans, Grains and Rice",Rice,Egyptian white rice 1 kilogram,Rihanna,42.0,42.0,1.0,1000.0,2026-05-25
Z29630643D8123AF6D6AEZ,noon,Grocery,"Dried Beans, Grains and Rice",Lentils,Yellow lentils 250 grams,Effendi,20.25,20.25,1.0,250.0,2026-05-25
Z0DFDA837FB94D4573A88Z,noon,Grocery,"Dried Beans, Grains and Rice",Rice,Egyptian white rice 1 kilo,Habooba,39.0,39.0,1.0,1000.0,2026-05-25
N29047429A,noon,Grocery,"Dried Beans, Grains and Rice",Rice,Rice 5 kg,As much as possible,166.0,166.0,1.0,5000.0,2026-05-25
N52406610A,noon,Grocery,"Dried Beans, Grains and Rice",Beans,Egyptian kidney beans 500 grams,Habooba,38.25,38.25,1.0,500.0,2026-05-25
N30522021A,noon,Grocery,"Dried Beans, Grains and Rice",Rice,Egyptian white rice 5 kg,Rihanna,174.5,174.5,1.0,5000.0,2026-05-25
Z98EDA4E56AFFC76473E9Z,noon,Grocery,Dairy Cheese and Eggs,Milk,3 Rainbow Evaporated Milk Lite - 50% less fat - 170 g,Rainbow,750.0,750.0,1.0,500.0,2026-05-25
ZDC4D345EBA8E5D3FD55CZ,noon,Grocery,Dairy Cheese and Eggs,Spreads,"Organic Cocoa Powder, 8.5 oz (240 g)",California Gold Nutrition,4211.0,4211.0,1.0,240.0,2026-05-25
Z442E406F02303E5A4CC4Z,noon,Grocery,Dairy Cheese and Eggs,Milk,Basic powdered milk 200 grams,Nido,69.5,69.5,1.0,200.0,2026-05-25
N28853932A,noon,Grocery,Dairy Cheese and Eggs,Milk,Full cream milk powder 250 grams,Miro,98.0,98.0,1.0,250.0,2026-05-25
ZCDD614EAFD37FCA993BAZ,noon,Grocery,Dairy Cheese and Eggs,Milk,Mora Gold low fat milk,Maura,109.0,109.0,1.0,300.0,2026-05-25
ZBE06C76266B7AC1782D1Z,noon,Grocery,Pasta and Noodles,Pasta,Milwaukee pasta large rings 400 grams,El Maleka,15.5,15.5,1.0,400.0,2026-05-25
Z533EF9E181E329A066A4Z,noon,Grocery,Pasta and Noodles,Pasta,Small Ring Pasta 400g (Pack of 2),Venice,47.0,47.0,1.0,400.0,2026-05-25
Z2AFE952FEE4DD5332C6EZ,noon,Grocery,Pasta and Noodles,Noodles,"Indomie Fried Noodles (Mi Goreng) in a Cup, BBQ Chicken Flavor, Quick and Easy Meal, 75g",Indomie,180.0,180.0,1.0,75.0,2026-05-25
Z00B633CDDDAF1458CE17Z,noon,Grocery,Pasta and Noodles,Noodles,Samyang Spicy Korean Chicken Noodles with Carbonara Flavor 140g *4,Samyang,678.0,678.0,1.0,140.0,2026-05-25
N45822158A,noon,Grocery,Pasta and Noodles,Pasta,Rings pasta 1 kg,Egyptian cuisine,41.0,41.0,1.0,1000.0,2026-05-25
Z7A7E2D63563FFBFBAB86Z,noon,Grocery,Pasta and Noodles,Eggs,Egg lasagna 500 grams,Granoro,211.0,211.0,1.0,500.0,2026-05-25
Z57039A488805A47AFFF5Z,noon,Grocery,"Dried Beans, Grains and Rice",Rice,White rice 5 kg,Haboba,185.0,185.0,1.0,5000.0,2026-05-25
ZFC022418777EB6958793Z,noon,Grocery,Pasta and Noodles,Pasta,Plain lasagna 500 grams,Granoro,171.0,171.0,1.0,500.0,2026-05-25
Z787F3302FFD33B48A9A2Z,noon,Grocery,"Dried Beans, Grains and Rice",Rice,Golden basmati rice 1 kilo,Mr. Food,83.95,83.95,1.0,1000.0,2026-05-25
Z34E7962DEFF4EEB59E41Z,noon,Grocery,"Dried Beans, Grains and Rice",Grains,Freekeh 500 grams,Ragab El Attar,50.0,50.0,1.0,500.0,2026-05-25
Z1391F75E3B44D059045EZ,noon,Grocery,Pasta and Noodles,Pasta,Penne Rigate Pasta 400g (Pack of 2),Venice,52.0,52.0,1.0,400.0,2026-05-25
Z1F40E0D3E019E465D282Z,noon,Grocery,Pasta and Noodles,Pasta,Pasta 500 grams,Granoro,82.0,82.0,1.0,500.0,2026-05-25
N29834271A,noon,Grocery,"Dried Beans, Grains and Rice",Rice,White rice 5 kg,delicious,194.95,194.95,1.0,5000.0,2026-05-25
Z2719A609B20CA8C76C7DZ,noon,Grocery,Pasta and Noodles,Noodles,Baldo Korean Noodles with Crab (Lobster) Flavor - 120 grams - 2 packages,Baldo,251.0,251.0,1.0,120.0,2026-05-25
ZBFFB917307DEAA5A2781Z,noon,Grocery,Pasta and Noodles,Pasta,Spirali Fantasia pasta colors 500 grams,Granoro,105.5,105.5,1.0,500.0,2026-05-25
Z92A5A08977931B488CEDZ,noon,Grocery,Pasta and Noodles,Pasta,Farfallone Dedicato Pasta 500g,Granoro,141.0,141.0,1.0,500.0,2026-05-25
ZDF765CF430F4900D3A32Z,noon,Grocery,Pasta and Noodles,Cheese,Samyang - Spicy Chicken Buldak Ramen - Cheese - 140g,Samyang,220.0,220.0,1.0,140.0,2026-05-25
Z67EA84230E2FC29CFA16Z,noon,Grocery,Pasta and Noodles,Pasta,Emirates Corny Pasta 400 g,The UAE,58.0,58.0,1.0,400.0,2026-05-25
Z1D842FC5C5F70460A43DZ,noon,Grocery,Pasta and Noodles,Noodles,Baldo Lobster Korean Noodles 120g,Baldo,185.0,185.0,1.0,120.0,2026-05-25
N48069418A,noon,Grocery,Pasta and Noodles,Pasta,Pasta rings 400 grams,Venice,22.95,22.95,1.0,400.0,2026-05-25
N43747423A,noon,Grocery,Pasta and Noodles,Pasta,Rings 1 kg,Italiano,54.95,54.95,1.0,1000.0,2026-05-25
Z7D02EEDC4D5229325862Z,noon,Grocery,Pasta and Noodles,Pasta,Lasagna pasta with spinach 500 grams,Dobella,64.0,64.0,1.0,500.0,2026-05-25
Z57308DFD075D6171A488Z,noon,Grocery,Pasta and Noodles,Pasta,"Pasta with oats, small rings, gluten-free - 250 grams",Lino,104.25,104.25,1.0,250.0,2026-05-25
Z695EDACB3F270E2856B0Z,noon,Grocery,Pasta and Noodles,Pasta,"Pasta with oats, large rings, gluten-free - 250 grams",Lino,104.25,104.25,1.0,250.0,2026-05-25
N48069416A,noon,Grocery,Pasta and Noodles,Pasta,Penne rigat pasta 400 grams,Venice,22.95,22.95,1.0,400.0,2026-05-25
Z3081CA8DCD45949CB29BZ,noon,Grocery,Pasta and Noodles,Pasta,Rigatoni pasta 500 grams,Granoro,101.0,101.0,1.0,500.0,2026-05-25
ZC455010521ED2E58986DZ,noon,Grocery,Pasta and Noodles,Pasta,Spaghetti Macaroni - 500 Gram,Pasta_Di_Martino,190.0,190.0,1.0,500.0,2026-05-25
ZED302FE428A1172A72FAZ,noon,Grocery,Pasta and Noodles,Pasta,Orzo pasta with oats - 250 grams,Lino,104.25,104.25,1.0,250.0,2026-05-25
Z94B7EAC69180F5F4AF2FZ,noon,Grocery,Pasta and Noodles,Noodles,Samyang Nolds Korean Instant Pot Spicy Chicken Flavor 3X 140g,Samyang,179.0,179.0,1.0,140.0,2026-05-25
Z4361744CD94B13D9C3ADZ,noon,Grocery,Pasta and Noodles,Pasta,Rigitoni pasta 500 grams,De Cico,186.0,186.0,1.0,500.0,2026-05-25
Z818AFE68C75FBF63F2B5Z,noon,Grocery,Pasta and Noodles,Pasta,Dr. Foods Premium Pasta with Oats and Psyllium - 400 grams | Rich in fiber A luxurious alternative to traditional pasta,Dr. Foods,110.0,110.0,1.0,400.0,2026-05-25
Z354B7798EC6EC17050F7Z,noon,Grocery,Pasta and Noodles,Noodles,Samyang Spicy Korean Chicken Noodles with Carbonara and Ginger Flavor 2*140 grams,Samyang,375.0,375.0,1.0,140.0,2026-05-25
Z7461614FAC599EFB8C7DZ,noon,Grocery,Pasta and Noodles,Pasta,Dr. Foods Spinach Pasta – 400g | Rich in botanical elements Vesili form,Dr. Foods,105.0,105.0,1.0,400.0,2026-05-25
Z993BDDCCB1B0902EC23CZ,noon,Grocery,"Dried Beans, Grains and Rice",Beans,Premium Crushed Beans- 500 grams,Haboba,28.0,28.0,1.0,500.0,2026-05-25
ZE66B784BD58018BC1639Z,noon,Grocery,Pasta and Noodles,Noodles,Saming Nolds Korean Instant Pot Spicy Chicken Flavor Original Taste 1* 140 grams,Samyang,179.0,179.0,1.0,140.0,2026-05-25
Z153992B5C5A2A0701A64Z,noon,Grocery,"Dried Beans, Grains and Rice",Rice,Premium Egyptian rice 5 kg,Sultanate,230.0,230.0,1.0,5000.0,2026-05-25
N38980532A,noon,Grocery,Pasta and Noodles,Pasta,Penne pasta 400 grams,Just a minute,19.0,19.0,1.0,400.0,2026-05-25
ZBED1A3F72106E003D74EZ,noon,Grocery,Pasta and Noodles,Noodles,Korean Djad Spicy Jajang Noodles 140 Grams,With a rooster,200.0,200.0,1.0,140.0,2026-05-25
N45822161A,noon,Grocery,Pasta and Noodles,Vermicelli,Vermicelli 1 kg,Egyptian cuisine,41.0,41.0,1.0,1000.0,2026-05-25
ZF15942632F56F8DC82AFZ,noon,Grocery,Pasta and Noodles,Noodles,Indomie Instant Noodles Cup - Vegetable Flavor - a quick meal with a natural vegetable flavor - 60 grams,Indomie,125.28,125.28,1.0,60.0,2026-05-25
ZA65D36C04DF80ACBE9ADZ,noon,Grocery,Pasta and Noodles,Cheese,Baldo Korean Noodles with Fromage Cheese Flavor - 111 grams - 2 packs,Baldo,261.0,261.0,1.0,111.0,2026-05-25
Z44C84718CBEC0BF77816Z,noon,Grocery,Pasta and Noodles,Noodles,Samyang Spicy Korean Chicken Noodles Carbonara 140g *2,Samyang,355.0,355.0,1.0,140.0,2026-05-25
ZF9353C4E9F4E185044C2Z,noon,Grocery,Pasta and Noodles,Pasta,Gluten-free oat pasta - 250 grams,Lino,104.25,104.25,1.0,250.0,2026-05-25
ZC55D50394A5A0B5AF24DZ,noon,Grocery,Pasta and Noodles,Noodles,Indomie Instant Noodles Cup - Curry Flavor - Quick Meal - Rich and Enjoyable Curry Taste - 60 grams,Indomie,112.0,112.0,1.0,60.0,2026-05-25
N27719598A,noon,Grocery,Pasta and Noodles,Pasta,Rings pasta 400 grams,morn,26.75,26.75,1.0,400.0,2026-05-25
Z1F3C97E7C21B7AB7C5B4Z,noon,Grocery,Pasta and Noodles,Noodles,Samyang Nolds Korean Instant Spicy Chicken 2X 140g,Samyang,179.0,179.0,1.0,140.0,2026-05-25
ZB3E70753F7BCB5474703Z,noon,Grocery,Pasta and Noodles,Pasta,Spaghetti pasta No. 500 grams,Granoro,82.25,82.25,1.0,500.0,2026-05-25
N52735702A,noon,Grocery,Pasta and Noodles,Pasta,Vermicelli pasta 1 kg,For our nation,27.25,27.25,1.0,1000.0,2026-05-25
Z0E9557BF625C054F7A6BZ,noon,Grocery,"Dried Beans, Grains and Rice",Beans,White beans 250 grams,Effendi,24.25,24.25,1.0,250.0,2026-05-25
Z6DA2E7906F8B87A46E7CZ,noon,Grocery,Pasta and Noodles,Pasta,Small paccheri pasta 500 grams,Granoro,154.0,154.0,1.0,500.0,2026-05-25
Z2FBFDFFD5B99B2C037A0Z,noon,Grocery,Pasta and Noodles,Noodles,"Saming Nolds Korean Instant Pot, Spicy Chicken Flavor, Original Taste, 140 grams *2",Samyang,345.0,345.0,1.0,140.0,2026-05-25
Z8741B1E4B5C782D6F960Z,noon,Grocery,Pasta and Noodles,Noodles,Buldak Carbonara Noodles with Spicy Chicken Flavor,Samyang,322.0,322.0,1.0,500.0,2026-05-25
Z66A56CA1C2AEFF1EE5D5Z,noon,Grocery,Pasta and Noodles,Cheese,Cheese Flavor Instant Noodles Noodles - 10 Bag Offer,Generic,127.0,12.7,10.0,200.0,2026-05-25
Z7DC37F92F35C3EA079E5Z,noon,Grocery,Pasta and Noodles,Noodles,Saming Nolds Korean Instant Pot Spicy Chicken Flavor Original Taste 140 Grams *4,Samyang,689.0,689.0,1.0,140.0,2026-05-25
N52406607A,noon,Grocery,"Dried Beans, Grains and Rice",Lentils,Yellow lentils 500 grams,Habooba,34.0,34.0,1.0,500.0,2026-05-25
ZA99DAC0ADFF853CF8235Z,noon,Grocery,Pasta and Noodles,Noodles,Samyang spicy Korean chicken noodles with carbonara and original taste 2*140 grams,Samyang,333.0,333.0,1.0,140.0,2026-05-25
Z49B47C94494488881093Z,noon,Grocery,Pasta and Noodles,Rice,Topokki cup instant rice noodles with sweet lemon flavor - 110 grams,Good Seoul,244.0,244.0,1.0,110.0,2026-05-25
Z3049F6A28D11EDEF1A38Z,noon,Grocery,Pasta and Noodles,Pasta,Languine pasta 500 grams,De Cico,187.0,187.0,1.0,500.0,2026-05-25
ZEB21F7EBA3ACC003B2DAZ,noon,Grocery,Pasta and Noodles,Noodles,Samyang Tangle Noodles in Garlic Oil 100g,Tangle,566.0,94.3333,6.0,100.0,2026-05-25
N35900975A,noon,Grocery,Dairy Cheese and Eggs,Milk,Powdered milk powder 15 grams,Maura,14.0,14.0,1.0,15.0,2026-05-25
Z9C2B9839E264467F3E17Z,noon,Grocery,Pasta and Noodles,Cheese,Samyang Spicy Chicken Ramen Noodles with Quattro Cheese 145g,Samyang,220.0,220.0,1.0,145.0,2026-05-25
Z760205D968B6008440EBZ,noon,Grocery,Pasta and Noodles,Cheese,Spicy chicken flavored ramen - quattro cheese,Samyang,198.0,198.0,1.0,500.0,2026-05-25
N28676074A,noon,Grocery,Dairy Cheese and Eggs,Milk,Coconut milk cream 400 grams,Rizzi World,116.0,116.0,1.0,400.0,2026-05-25
Z3C12BC5C07C1F0947324Z,noon,Grocery,Pasta and Noodles,Noodles,Buldak Spicy Ramen 3X – Korean instant noodles,Samyang,275.0,275.0,1.0,500.0,2026-05-25
N27719602A,noon,Grocery,Pasta and Noodles,Vermicelli,Vermicelli 400 grams,morn,30.0,30.0,1.0,400.0,2026-05-25
ZD1B7A83BBDD4020D4E34Z,noon,Grocery,Pasta and Noodles,Noodles,Samyang Buldak Gajang Spicy Chicken Flavor Ramen,Samyang,250.0,250.0,1.0,200.0,2026-05-25
Z22609FC57A5822663006Z,noon,Grocery,Pasta and Noodles,Noodles,Samyang Spicy Korean Chicken Noodles with Carbonara Flavor - 3X - Ginger 3*140 g,Samyang,455.0,455.0,1.0,140.0,2026-05-25
ZEF97B4DC66C5C6C00D2BZ,noon,Grocery,Pasta and Noodles,Noodles,Samyang Nolds Instant Korean Spicy Chicken Habanero Lemon 2*140g,Samyang,329.0,329.0,1.0,140.0,2026-05-25
Z067BD2A589B2565FCA67Z,noon,Grocery,Pasta and Noodles,Noodles,Paldo Tium Sai Ramen Noodles Extra Spicy - 120 g - 2 bags,Baldo,220.0,220.0,1.0,120.0,2026-05-25
Z0BBE79153ED64339EBA3Z,noon,Grocery,Pasta and Noodles,Noodles,"Indomie Fried Cup, Instant Noodles, Original Mi Goreng Flavor, 75 Grams Serving",Indomie,178.0,178.0,1.0,75.0,2026-05-25
Z81D8221309B3A150EF74Z,noon,Grocery,Pasta and Noodles,Noodles,Samyang Spicy Korean Chicken Noodles with Ginger Flavor 140 grams,Samyang,179.0,179.0,1.0,140.0,2026-05-25
Z76994119213EA76580C2Z,noon,Grocery,Pasta and Noodles,Noodles,Yoodles Instant Noodles with Spicy Shrimp Flavor - 10 Bag Offer,Generic,127.0,12.7,10.0,200.0,2026-05-25
Z24097101E0076E66B29EZ,noon,Grocery,Pasta and Noodles,Pasta,"Agnese Fusilli Pasta, 500g No. 78",Agnese,500.0,500.0,1.0,500.0,2026-05-25
Z8C7DF77628E83E128A41Z,noon,Grocery,Pasta and Noodles,Pasta,Spaghetti pasta 500 grams,De Cico,168.0,168.0,1.0,500.0,2026-05-25
Z5A2A0EF66864C270DB6DZ,noon,Grocery,Pasta and Noodles,Pasta,Agnese Farfalle Pasta No. 61. 500 grams. Italian pasta,Agnese,500.0,500.0,1.0,500.0,2026-05-25
Z2FFC9F164D930279B804Z,noon,Grocery,Pasta and Noodles,Pasta,"Agnesi N-87 Rigate Pasta, 500 grams",Agnese,500.0,500.0,1.0,500.0,2026-05-25
Z291EC18CF66EBC27BD20Z,noon,Grocery,Pasta and Noodles,Milk,Samyang Korean Spicy Chicken Noodles with Carbonara Cream Flavor 140 grams,Samyang,189.0,189.0,1.0,140.0,2026-05-25
Z558AFFDE4D06E9FBB73DZ,noon,Grocery,Pasta and Noodles,Cheese,Samyang Noodler Korean Spicy Chicken with Quattro Cheese Flavor 140 grams,Samyang,175.0,175.0,1.0,140.0,2026-05-25
Z86D49630A0AC0DA25C95Z,noon,Grocery,Pasta and Noodles,Pasta,Mac Pasta with Italian Sauce - 200 Gram,24,74.0,74.0,1.0,200.0,2026-05-25
ZC2E0B970C5A2C6516E70Z,noon,Grocery,Pasta and Noodles,Pasta,Agnese Pasta Linguine No. 10 500g,Agnese,500.0,500.0,1.0,500.0,2026-05-25
ZEB1A14C8BFE66E0D2053Z,noon,Grocery,Pasta and Noodles,Pasta,Barilla spaghetti pasta,Barilla,199.9,199.9,1.0,500.0,2026-05-25
N42369096A,noon,Grocery,Pasta and Noodles,Pasta,Sedano pasta medium 400 grams,Emirates Pasta,58.0,58.0,1.0,400.0,2026-05-25
Z43E70C7FDDAA76054A85Z,noon,Grocery,Pasta and Noodles,Grains,Lasagna pasta from Dr. Foods - 500 grams | Premium wheat | Excellent pasta slices | No additives,Dr. Foods,130.0,130.0,1.0,500.0,2026-05-25
ZEDCDB9A81ECD6B180451Z,noon,Grocery,Pasta and Noodles,Noodles,Baldo Pippimin Korean Noodles - 130g - 2 Pack,Baldo,218.0,218.0,1.0,130.0,2026-05-25
N38980536A,noon,Grocery,Pasta and Noodles,Pasta,Rings pasta 400 grams,Just a minute,19.0,19.0,1.0,400.0,2026-05-25
N27719601A,noon,Grocery,Pasta and Noodles,Pasta,Spaghetti pasta 400 grams,morn,30.0,30.0,1.0,400.0,2026-05-25
ZAC46A840F5B885453B1CZ,noon,Grocery,Pasta and Noodles,Pasta,Mini Chef Adventure Pasta 250 grams,morn,23.75,23.75,1.0,250.0,2026-05-25
N35958736A,noon,Grocery,Pasta and Noodles,Pasta,Lasagna 250 grams,Dobella,34.0,34.0,1.0,250.0,2026-05-25
Z5A2F913D2C8FE35F2505Z,noon,Grocery,Pasta and Noodles,Pasta,Milwaukee rissoni pasta 400g,the queen,15.5,15.5,1.0,400.0,2026-05-25
Z90DFE2FFE464EC832840Z,noon,Grocery,Pasta and Noodles,Pasta,Milwaukee penne pasta 400 grams,El Maleka,15.5,15.5,1.0,400.0,2026-05-25
ZEE19BAFE880D4A2BCCF4Z,noon,Grocery,Pasta and Noodles,Rice,Good Soul Original Rabuki Rice Cake - 132 grams,Good Seoul,253.0,253.0,1.0,132.0,2026-05-25
Z55A39A524E62919077ACZ,noon,Grocery,Pasta and Noodles,Noodles,Samyang Ramen Noodles Carbonara Spicy Chicken 130g,Samyang,200.0,200.0,1.0,130.0,2026-05-25
Z9F95E89E3E8D457E050DZ,noon,Grocery,Pasta and Noodles,Pasta,Penne pasta 500 grams,De Cico,154.25,154.25,1.0,500.0,2026-05-25
N48069414A,noon,Grocery,Pasta and Noodles,Pasta,Crescent pasta 400 grams,Brands guide,22.95,22.95,1.0,400.0,2026-05-25
Z7196D0DB4A19BE39FF84Z,noon,Grocery,Pasta and Noodles,Milk,Samyang - Buldak Ramen with Spicy Chicken and Carbonara Cream - 140g,Samyang,220.0,220.0,1.0,140.0,2026-05-25
Z3300D305E28FAE16F2CEZ,noon,Grocery,Pasta and Noodles,Pasta,Mac pasta with white mushroom sauce - 200 grams,24 The Fragrance,74.0,74.0,1.0,200.0,2026-05-25
N28863109A,noon,Grocery,Pasta and Noodles,Pasta,Lasagna 400 grams,Italiano,41.0,41.0,1.0,400.0,2026-05-25
N27719609A,noon,Grocery,Pasta and Noodles,Vermicelli,Vermicelli 400 grams,Egyptian cuisine,17.0,17.0,1.0,400.0,2026-05-25
N28863033A,noon,Grocery,Pasta and Noodles,Pasta,Crescent pasta 1 kg,the queen,35.75,35.75,1.0,1000.0,2026-05-25
Z477C0F8349E1B4E6353EZ,noon,Grocery,Pasta and Noodles,Noodles,Samyang Nolds Instant Korean Spicy Chicken Habanero Lemon 140g,Samyang,179.0,179.0,1.0,140.0,2026-05-25
ZCAAA822B5DACBABC6ABDZ,noon,Grocery,Pasta and Noodles,Pasta,Spiralli Grande Pasta 500g,Granoro,105.0,105.0,1.0,500.0,2026-05-25
N43440623A,noon,Grocery,Pasta and Noodles,Vermicelli,Vermicelli 1 kg,Italiano,54.95,54.95,1.0,1000.0,2026-05-25
Z907D5ED19A15291C3FB3Z,noon,Grocery,Pasta and Noodles,Eggs,"Rizzy World Wide Egg Noodles, perfect for soup, stir fry and cooking",Rizzi World,150.0,150.0,1.0,400.0,2026-05-25
N27719597A,noon,Grocery,Pasta and Noodles,Pasta,Oven pasta 400 grams,morn,30.0,30.0,1.0,400.0,2026-05-25
Z31923E06AF916EBEEE6AZ,noon,Grocery,Pasta and Noodles,Noodles,"Samyang Spicy Chicken Ramen Noodles (Buldak), Original Flavor, 140g Bag",Samyang,154.0,154.0,1.0,140.0,2026-05-25
N42369093A,noon,Grocery,Pasta and Noodles,Pasta,Spaghetti pasta 400 grams,Emirates Pasta,58.0,58.0,1.0,400.0,2026-05-25
Z7E0AE2B4A0AFFE4E8FAEZ,noon,Grocery,Pasta and Noodles,Cheese,Samyang Nolds Korean Spicy Chicken Cheese Flavor 140 Grams,Samyang,177.0,177.0,1.0,140.0,2026-05-25
N28992175A,noon,Grocery,Tea,Tea,Kharaz black tea 250 grams,Lipton,75.25,75.25,1.0,250.0,2026-05-25
N28863036A,noon,Grocery,Pasta and Noodles,Pasta,Marmara pasta 1 kg,the queen,35.75,35.75,1.0,1000.0,2026-05-25
Z56DFADCAAF42A368E02AZ,noon,Grocery,Pasta and Noodles,Pasta,Neddy pasta tagliatelle 500 grams,Granoro,154.0,154.0,1.0,500.0,2026-05-25
ZBC976A04499DAAD35ACCZ,noon,Grocery,Pasta and Noodles,Pasta,Fettuccine pasta 500 grams,Granoro,154.0,154.0,1.0,500.0,2026-05-25
N43747422A,noon,Grocery,Pasta and Noodles,Pasta,Small rings 1 kg,Italiano,54.95,54.95,1.0,1000.0,2026-05-25
Z0D4C39A4B4B576276CD5Z,noon,Grocery,Pasta and Noodles,Pasta,Penne rigati pasta 500 grams,Granoro,82.25,82.25,1.0,500.0,2026-05-25
N28863105A,noon,Grocery,Pasta and Noodles,Pasta,Spaghetti pasta 400 grams,Italiano,25.5,25.5,1.0,400.0,2026-05-25
N48069415A,noon,Grocery,Pasta and Noodles,Pasta,Orzo pasta 400 grams,Venice,22.95,22.95,1.0,400.0,2026-05-25
N28863035A,noon,Grocery,Pasta and Noodles,Pasta,Rings pasta 1 kg,the queen,35.75,35.75,1.0,1000.0,2026-05-25
Z73AB6DE768BFA015EF3DZ,noon,Grocery,Pasta and Noodles,Pasta,Crescent pasta 1 kilo,Venice,67.75,67.75,1.0,1.0,2026-05-25
Z270054D32474744D8B9CZ,noon,Grocery,Pasta and Noodles,Pasta,Rich pasta penne diet 400 grams,Rich Diet,54.91,54.91,1.0,400.0,2026-05-25
N28863038A,noon,Grocery,Pasta and Noodles,Pasta,Oven striped pasta 400 grams,the queen,15.5,15.5,1.0,400.0,2026-05-25
N47617082A,noon,Grocery,Pasta and Noodles,Pasta,"Family-sized quick-prepared koshari meal, 530 grams",Tick ​​tock,112.0,112.0,1.0,530.0,2026-05-25
N42369094A,noon,Grocery,Pasta and Noodles,Pasta,Penne pasta 400 grams,Emirates Pasta,58.0,58.0,1.0,400.0,2026-05-25
Z547663F0F0011AAA2962Z,noon,Grocery,Tea,Spices,"Karak Instant Ginger Tea, 10 bags, 20 g",Abu Ali tea,165.25,16.525,10.0,20.0,2026-05-25
N29595477A,noon,Grocery,Tea,Tea,High quality chamomile 25 sachets,SEKEM,38.0,1.52,25.0,,2026-05-25
N34622899A,noon,Grocery,Tea,Tea,Red Label tea 225 grams,Brooke Bond,36.95,36.95,1.0,225.0,2026-05-25
ZF6A5A5E0E29E5B1A851FZ,noon,Grocery,Tea,Tea,"Diet tea with mint, 50 bags",Royal diet,63.0,1.26,50.0,,2026-05-25
N28863102A,noon,Grocery,Pasta and Noodles,Pasta,Penne pasta 400 grams,Italiano,25.5,25.5,1.0,400.0,2026-05-25
N28863114A,noon,Grocery,Pasta and Noodles,Pasta,Ziti pasta 400 grams,Italiano,25.5,25.5,1.0,400.0,2026-05-25
Z232CA6E869888BF16306Z,noon,Grocery,Pasta and Noodles,Noodles,Offer of 2 packs of Buldak Spicy Korean Ramen with Chicken Flavor (2 x 140 grams),With a rooster,292.0,292.0,1.0,140.0,2026-05-25
ZAE40350667C9D550A212Z,noon,Grocery,Pasta and Noodles,Noodles,Baldo Korean Noodles with Spicy Soy Sauce - 130g - 2 Pack,Baldo,220.0,220.0,1.0,130.0,2026-05-25
ZF14ADC58C26A612F2EF6Z,noon,Grocery,Pasta and Noodles,Noodles,Samyang Spicy Korean Chicken Noodles with Carbonara Flavor 130 Grams,Samyang,199.0,199.0,1.0,130.0,2026-05-25
N29595588A,noon,Grocery,Pasta and Noodles,Pasta,Premium orzo 400 grams,Italiano,25.5,25.5,1.0,400.0,2026-05-25
Z6B7EEA186D137723B200Z,noon,Grocery,Pasta and Noodles,Pasta,Fusilli oat pasta - 400 grams,Organic Nation,110.0,110.0,1.0,400.0,2026-05-25
ZFD0680FB17ACEEB2A3CCZ,noon,Grocery,Pasta and Noodles,Noodles,"Pakistani Style Instant Noodles, Delicious Flavor, Quick Meal Solution, 3 x 150g Pack",Mehran,223.56,223.56,1.0,,2026-05-25
Z58F7326A6E3BD420F638Z,noon,Grocery,Pasta and Noodles,Pasta,Oat pasta - 400 grams,Organic Nation,110.0,110.0,1.0,400.0,2026-05-25
Z66C334D95AFE2D779D5EZ,noon,Grocery,Pasta and Noodles,Pasta,Vermicelli pasta 1 kilo,Venice,67.75,67.75,1.0,1.0,2026-05-25
N43747421A,noon,Grocery,Pasta and Noodles,Pasta,Penne pasta 1 kg,Italiano,54.95,54.95,1.0,1000.0,2026-05-25
N52735696A,noon,Grocery,Pasta and Noodles,Pasta,Small ring pasta 1 kg,For our nation,27.25,27.25,1.0,1000.0,2026-05-25
N48069412A,noon,Grocery,Pasta and Noodles,Pasta,Vermicelli pasta 400 grams,Venice,22.95,22.95,1.0,400.0,2026-05-25
Z19CC58491C8B5EC93AC0Z,noon,Grocery,Tea,Tea,Karak tea with cardamom without sugar 14 grams,Sino,24.0,24.0,1.0,14.0,2026-05-25
Z620C5E88B86E6CFFDC27Z,noon,Grocery,Tea,Tea,Ahmed Tea London Blend Tea - Fine 'Heavier & Stronger' Black Tea Premium Quality - 200g Pack,Ahmed T,99.0,99.0,1.0,200.0,2026-05-25
Z11D8187083046D00380AZ,noon,Grocery,Pasta and Noodles,Pasta,Ribbon pasta 1 kilo,Venice,67.75,67.75,1.0,1.0,2026-05-25
N48088350A,noon,Grocery,Pasta and Noodles,Pasta,Pasta small rings 400 grams,For our nation,11.95,11.95,1.0,400.0,2026-05-25
N52735695A,noon,Grocery,Pasta and Noodles,Pasta,Pasta rings 1 kg,For our nation,27.25,27.25,1.0,1000.0,2026-05-25
N43747341A,noon,Grocery,Pasta and Noodles,Pasta,Spaghetti pasta 1 kg,Italiano,54.95,54.95,1.0,1000.0,2026-05-25
N52735698A,noon,Grocery,Pasta and Noodles,Pasta,Spaghetti pasta 1 kg,For our nation,28.0,28.0,1.0,1000.0,2026-05-25
N52735699A,noon,Grocery,Pasta and Noodles,Pasta,Elbow pasta 1 kg,For our nation,27.25,27.25,1.0,1000.0,2026-05-25
N29047430A,noon,Grocery,Pasta and Noodles,Pasta,Crescent pasta 400 grams,the queen,15.5,15.5,1.0,400.0,2026-05-25
N48088348A,noon,Grocery,Pasta and Noodles,Pasta,Spaghetti pasta 400 grams,For our nation,12.5,12.5,1.0,400.0,2026-05-25
N48088351A,noon,Grocery,Pasta and Noodles,Pasta,Penne rigat pasta 400 grams,For our nation,11.95,11.95,1.0,400.0,2026-05-25
N48088349A,noon,Grocery,Pasta and Noodles,Pasta,Rings pasta 400 grams,For our nation,11.95,11.95,1.0,400.0,2026-05-25
N48088353A,noon,Grocery,Pasta and Noodles,Pasta,Vermicelli pasta 400 grams,For our nation,11.95,11.95,1.0,400.0,2026-05-25
Z22DFFA5B25315C7303CEZ,noon,Grocery,Tea,Tea,Al-Kbous fine black tea 100 grams.,The nightmare,140.0,140.0,1.0,100.0,2026-05-25
N28909117A,noon,Grocery,Tea,Tea,Mint tea for diet - 50 bags,Isis,58.75,1.175,50.0,,2026-05-25
Z311F963D01C6302E0B5CZ,noon,Grocery,Pasta and Noodles,Noodles,Offer of 2 packs of Buldak Jajang Spicy Korean Noodles (2 x 140 grams),With a rooster,291.0,291.0,1.0,140.0,2026-05-25
N28991947A,noon,Grocery,Pasta and Noodles,Vermicelli,Vermicelli 400 grams,the queen,15.5,15.5,1.0,400.0,2026-05-25
N52735701A,noon,Grocery,Pasta and Noodles,Pasta,Cannelloni pasta,For our nation,28.5,28.5,1.0,250.0,2026-05-25
N42868082A,noon,Grocery,Pasta and Noodles,Pasta,Instant koshari 188 grams,Tick ​​tock,47.0,47.0,1.0,188.0,2026-05-25
N28863034A,noon,Grocery,Pasta and Noodles,Pasta,Penne pasta 1 kg,the queen,35.75,35.75,1.0,1000.0,2026-05-25
N48088347A,noon,Grocery,Pasta and Noodles,Pasta,Rizzoni pasta 400 grams,For our nation,11.95,11.95,1.0,400.0,2026-05-25
N52735700A,noon,Grocery,Pasta and Noodles,Pasta,Penne pasta 1 kg,For our nation,27.25,27.25,1.0,1000.0,2026-05-25
Z30EC1B4783D91A93815CZ,noon,Grocery,Tea,Tea,"Tea, Hibiscus & Anise - Original Flavored Instant Drinks - Packets for up to 30 cups.",A feed,456.75,15.225,30.0,500.0,2026-05-25
ZD53EA0394CDAE5F28BF0Z,noon,Grocery,Tea,Tea,Premium Caroma Green Tea,Karoma,85.0,4.25,20.0,200.0,2026-05-25
Z11FA63C6B55282FDC010Z,noon,Grocery,Pasta and Noodles,Pasta,Farfalle Pasta No. 65,Barilla,255.0,255.0,1.0,500.0,2026-05-25
ZB1BEC0D37E55E4A747D9Z,noon,Grocery,Dairy Cheese and Eggs,Milk,Rainbow Capsules - Creamy Milk Flavor Candy | A sweet meal for children and adults,Rainbow,339.12,339.12,1.0,500.0,2026-05-25
Z958BDEAFB746AC1AC767Z,noon,Grocery,Dairy Cheese and Eggs,Milk,New Zealand full cream milk powder 500g,Rehan,315.0,315.0,1.0,500.0,2026-05-25
Z18E53B9F759CBE71171AZ,noon,Grocery,Dairy Cheese and Eggs,Milk,Coconut Milk - 400 ml,Sunbird,64.0,64.0,1.0,400.0,2026-05-25
Z6EF6C2ECA26D0B2B9DB5Z,noon,Grocery,Dairy Cheese and Eggs,Milk,Evaporated milk with vitamin D from Rainbow 2* 170 g,Rainbow,279.0,279.0,1.0,2.0,2026-05-25
ZD2ED30DBF010217F95BCZ,noon,Grocery,Tea,Tea,Lavender tea 75 g,What about him?,217.0,217.0,1.0,75.0,2026-05-25
Z5A58AA08C81812D53430Z,noon,Grocery,Tea,Milk,Instant Adani tea from Tea Break - Karak tea with milk and original Arabic spices - Rich and distinctive taste - A carton containing (select the number of sachets),Egypt Cafe,123.0,123.0,1.0,500.0,2026-05-25
Z7C71A69FB6BB3801FB31Z,noon,Grocery,Tea,Tea,Soft Kenyan black tea 500 grams,Sultanate,92.0,92.0,1.0,500.0,2026-05-25
ZA066B269A64A23F24B04Z,noon,Grocery,Dairy Cheese and Eggs,Milk,Juhayna full fat milk - 1 liter - 6 packs,Juhayna,570.0,570.0,1.0,1000.0,2026-05-25
Z811A279D17D903D8FDC5Z,noon,Grocery,Dairy Cheese and Eggs,Milk,Puck Natural Thick Cream - Promotional Pack 2 x 125 ml - Puck Cream for Desserts and Cooking - Rich and creamy texture for oriental sweets and kunafa,Book,235.73,235.73,1.0,125.0,2026-05-25
ZC9B3E5A545A3AA3509FAZ,noon,Grocery,Dairy Cheese and Eggs,Milk,Anchor full cream milk powder (powdered milk) – 400 grams package – natural New Zealand milk rich in vitamins and calcium,Anchor,1029.99,1029.99,1.0,400.0,2026-05-25
Z0830F4E68B2025916F72Z,noon,Grocery,Dairy Cheese and Eggs,Milk,"Nido milk 400 grams, fortified full-fat milk powder",Nido,940.0,940.0,1.0,400.0,2026-05-25
Z2544BC1C821D2A640996Z,noon,Grocery,"Dried Beans, Grains and Rice",Rice,"Shaalan Premium Rice – Long Grain White Rice, 5kg – Fresh and naturally peppery, perfect for everyday cooking and traditional Middle Eastern dishes",Al-Shaalan,1720.57,1720.57,1.0,5000.0,2026-05-25
Z1A66724E744D735400C9Z,noon,Grocery,"Dried Beans, Grains and Rice",Rice,Long grain golden rice 1kg bags,Marvel,119.0,119.0,1.0,500.0,2026-05-25
ZA8AFFD59681011B44DC1Z,noon,Grocery,"Dried Beans, Grains and Rice",Rice,Golden basmati rice 5 kg,Zari,685.0,685.0,1.0,5000.0,2026-05-25
ZA22BC45E5B7E5C03E1E8Z,noon,Grocery,"Dried Beans, Grains and Rice",Rice,Basmati Sella Rice Jar 1kg,Marvel,185.0,185.0,1.0,500.0,2026-05-25
Z7A1467F84C7B0245F885Z,noon,Grocery,"Dried Beans, Grains and Rice",Lentils,Lentil meal 500 grams,Greetings,51.0,51.0,1.0,500.0,2026-05-25
Z6B63B5D21723F592C4FEZ,noon,Grocery,"Dried Beans, Grains and Rice",Lentils,Lentil meal 500 grams,Mr. Food,37.5,37.5,1.0,500.0,2026-05-25
Z6F821FAB30C674DA6756Z,noon,Grocery,"Dried Beans, Grains and Rice",Beans,Beans - 500 grams,Mr. Food,49.95,49.95,1.0,500.0,2026-05-25
Z1140AFBC70C2B4ECD775Z,noon,Grocery,"Dried Beans, Grains and Rice",Beans,Madshoush fava beans 250 grams,Effendi,16.25,16.25,1.0,250.0,2026-05-25
ZE556CD3957AD4D5F5296Z,noon,Grocery,"Dried Beans, Grains and Rice",Rice,"Long grain golden rice, 1 kg jar",Marvel,139.0,139.0,1.0,500.0,2026-05-25
Z0F1FCDF509877D1F809BZ,noon,Grocery,"Dried Beans, Grains and Rice",Cereal,Pack of 3 types of cereals - 500 grams,Mr. Food,116.95,116.95,1.0,500.0,2026-05-25
N34418118A,noon,Grocery,"Dried Beans, Grains and Rice",Beans,Lupine 500 grams,dawn,51.95,51.95,1.0,500.0,2026-05-25
Z6B101AD4787B913C03DFZ,noon,Grocery,Dairy Cheese and Eggs,Milk,Luxury Golden Crown Cream - Rich and creamy texture for cooking and desserts - 95g box,The crown,183.0,183.0,1.0,200.0,2026-05-25
Z6A607248D8C5B877FA73Z,noon,Grocery,Tea,Tea,Boba tea with brown sugar 235 ml,wow,80.0,80.0,1.0,235.0,2026-05-25
Z35F6B36CCD57AC721840Z,noon,Grocery,Tea,Oils,"Ahmed Tea, pink and cherry herbs, 20 foil threads",Ahmed T,251.0,251.0,1.0,500.0,2026-05-25
Z221B73D0581BD4A14CFFZ,noon,Grocery,Tea,Tea,British Ahmed Earl Gray Tea - Loose Black Tea - Exclusive Blend with Refreshing Bergamot Aroma - 250g Pack,Ahmed T,225.0,225.0,1.0,250.0,2026-05-25
Z586165E177B000685DC8Z,noon,Grocery,Tea,Tea,Karak tea with cardamom 20 grams,Sino,24.0,24.0,1.0,20.0,2026-05-25
Z81330590F67E8C3EDECEZ,noon,Grocery,Dairy Cheese and Eggs,Milk,Puck Cream Cream – thick cream in 250 ml container – rich and creamy texture ideal for sweets and savory dishes,Book,222.99,222.99,1.0,250.0,2026-05-25
Z4485BE78D3BC6F22C623Z,noon,Grocery,Dairy Cheese and Eggs,Milk,Dr. Foods - 125 grams | A natural plant-based alternative to dairy | Rich and creamy,Dr. Foods,120.0,120.0,1.0,125.0,2026-05-25
ZDA2796FD6E7792B2079EZ,noon,Grocery,Dairy Cheese and Eggs,Milk,Almarai Barista Full Cream Milk - 1 Liter (2 Packs),Pastures,211.0,211.0,1.0,1000.0,2026-05-25
N28991890A,noon,Grocery,"Dried Beans, Grains and Rice",Lentils,Brown lentils 500 grams,delicious,54.25,54.25,1.0,500.0,2026-05-25
N46544493A,noon,Grocery,"Dried Beans, Grains and Rice",Rice,"Half-boiled basmati rice, 1 kg individual",507 gold,169.0,169.0,1.0,1000.0,2026-05-25
N27665637A,noon,Grocery,"Dried Beans, Grains and Rice",Beans,Black beans 500 grams,Zamzam,50.0,50.0,1.0,500.0,2026-05-25
N30522027A,noon,Grocery,"Dried Beans, Grains and Rice",Beans,White beans 500 grams,Rihanna,84.0,84.0,1.0,500.0,2026-05-25
ZEE30F570366694DA3917Z,noon,Grocery,"Dried Beans, Grains and Rice",Beans,Beans 500 grams,Haj Arafa,90.0,90.0,1.0,500.0,2026-05-25
N29595700A,noon,Grocery,"Dried Beans, Grains and Rice",Rice,Basmati rice 1 kg,delicious,144.5,144.5,1.0,1000.0,2026-05-25
Z1C1D5A9DBC6F8A335948Z,noon,Grocery,"Dried Beans, Grains and Rice",Beans,Tadmis Fava Beans Offer (2 Packs x 500 Grams),Mr. Food,79.95,79.95,1.0,500.0,2026-05-25
Z793CB860E3D225E0B541Z,noon,Grocery,"Dried Beans, Grains and Rice",Rice,"Long grain white rice, 1 kg jar",Marvel,139.0,139.0,1.0,500.0,2026-05-25
N28991957A,noon,Grocery,"Dried Beans, Grains and Rice",Beans,Dried beans 500 grams,delicious,103.25,103.25,1.0,500.0,2026-05-25
Z26166AE7431A8F1F5467Z,noon,Grocery,"Dried Beans, Grains and Rice",Rice,"Golden basmati rice, 2 kg jar",Marvel,295.0,295.0,1.0,500.0,2026-05-25
Z0A1DACB8D30730A29217Z,noon,Grocery,"Dried Beans, Grains and Rice",Rice,basmati rice,Ragab El Attar,130.0,130.0,1.0,500.0,2026-05-25
Z2FB477525B4D0C8A5708Z,noon,Grocery,"Dried Beans, Grains and Rice",Rice,"Long grain golden rice, 2 kg jar",Marvel,225.0,225.0,1.0,500.0,2026-05-25
N27719613A,noon,Grocery,"Dried Beans, Grains and Rice",Beans,Beans 500 grams,morn,99.0,99.0,1.0,500.0,2026-05-25
Z91D6498AD6AF64D93A8EZ,noon,Grocery,"Dried Beans, Grains and Rice",Beans,Beans 500 grams,Rajab Al-Attar,93.0,93.0,1.0,500.0,2026-05-25
N29595699A,noon,Grocery,"Dried Beans, Grains and Rice",Rice,White rice 1 kilogram,delicious,42.0,42.0,1.0,1000.0,2026-05-25
N30522028A,noon,Grocery,"Dried Beans, Grains and Rice",Pasta,Egyptian popia 500 grams,Rihanna,99.0,99.0,1.0,500.0,2026-05-25
ZCBBC807AE9ADE078BA46Z,noon,Grocery,"Dried Beans, Grains and Rice",Beans,White beans 500 grams,Haj Arafa,119.0,119.0,1.0,500.0,2026-05-25
N28991961A,noon,Grocery,"Dried Beans, Grains and Rice",Beans,Dried chickpeas 500 grams,delicious,82.25,82.25,1.0,500.0,2026-05-25
N27665634A,noon,Grocery,"Dried Beans, Grains and Rice",Beans,Ground beans 500 grams,Zamzam,36.5,36.5,1.0,500.0,2026-05-25
ZE7D709A532A3D1D434DBZ,noon,Grocery,"Dried Beans, Grains and Rice",Beans,Fava beans - 500 grams,Mr. Food,43.5,43.5,1.0,500.0,2026-05-25
ZCFBA81EF9B55DAD3436BZ,noon,Grocery,"Dried Beans, Grains and Rice",Rice,Long grain golden rice 5 kg,Zari,506.0,506.0,1.0,5000.0,2026-05-25
N29834275A,noon,Grocery,"Dried Beans, Grains and Rice",Rice,Golden rice 1 kg,delicious,93.25,93.25,1.0,1000.0,2026-05-25
Z491C3A5C32A8F88C5944Z,noon,Grocery,Dairy Cheese and Eggs,Beans,Ribal Sobia Powder - 600 grams,Ribal,188.0,9.4,20.0,600.0,2026-05-25
Z3A55959012E905B769F9Z,noon,Grocery,"Dried Beans, Grains and Rice",Rice,Jar Golden Basmati Rice 2 kg,Zary,300.0,300.0,1.0,2000.0,2026-05-25
N27719612A,noon,Grocery,"Dried Beans, Grains and Rice",Beans,Egyptian white beans 500 grams,morn,95.0,95.0,1.0,500.0,2026-05-25
N35900976A,noon,Grocery,Dairy Cheese and Eggs,Milk,Powdered milk powder 300 grams,Maura,223.0,223.0,1.0,300.0,2026-05-25
N52738735A,noon,Grocery,"Dried Beans, Grains and Rice",Beans,Fava beans,The leader,39.0,39.0,1.0,500.0,2026-05-25
N46544486A,noon,Grocery,"Dried Beans, Grains and Rice",Rice,Indian basmati rice 1 kg,507 gold,164.0,164.0,1.0,1000.0,2026-05-25
Z8B3CF3090BC76A2CE7E1Z,noon,Grocery,Tea,Tea,Green Tea With Lemon 40 grams - 20 Filter,Brodies,164.25,8.2125,20.0,40.0,2026-05-25
ZB67D48CB18ADE21121FEZ,noon,Grocery,Tea,Tea,Classic karak tea 20 grams,Sino,24.0,2.0,12.0,20.0,2026-05-25
ZD4C798B07488F4EECD02Z,noon,Grocery,Tea,Tea,Karak tea with saffron 20 grams,Sino,24.0,2.0,12.0,20.0,2026-05-25
N29834274A,noon,Grocery,"Dried Beans, Grains and Rice",Rice,Basmati rice 5 kg,delicious,730.0,730.0,1.0,5000.0,2026-05-25
Z84F12D77BBC5CDBDBA6AZ,noon,Grocery,"Dried Beans, Grains and Rice",Rice,Basmati Sella Rice 1kg Bags,Marvel,169.0,169.0,1.0,500.0,2026-05-25
Z14D23F843BF107EBAA0BZ,noon,Grocery,"Dried Beans, Grains and Rice",Rice,Golden Sella Basmati Rice 1kg,Zari,160.0,160.0,1.0,1000.0,2026-05-25
Z063AD472B52018F6B460Z,noon,Grocery,"Dried Beans, Grains and Rice",Lentils,Lentil meal 500 grams,Haj Arafa,73.0,73.0,1.0,500.0,2026-05-25
ZFE5FFFD78B7AF7A828BDZ,noon,Grocery,"Dried Beans, Grains and Rice",Rice,Indian Rice – High quality natural rice 900 grams,Healthy,195.0,195.0,1.0,900.0,2026-05-25
N29047423A,noon,Grocery,"Dried Beans, Grains and Rice",Rice,Rice 1 kg,Alia,42.0,42.0,1.0,1000.0,2026-05-25
N29762501A,noon,Grocery,"Dried Beans, Grains and Rice",Beans,"A bag of dried beans, 500 grams",delicious,45.25,45.25,1.0,500.0,2026-05-25
Z19FFCE9E0F1ECEA32F60Z,noon,Grocery,"Dried Beans, Grains and Rice",Lentils,Yellow lentils 500 grams,Haj Arafa,79.0,79.0,1.0,500.0,2026-05-25
Z7D03F5693E65E81ED265Z,noon,Grocery,Dairy Cheese and Eggs,Milk,Full cream milk powder 1600 grams,Mora,1182.0,1182.0,1.0,1600.0,2026-05-25
ZA3A7A22B4AF8F239BBBBZ,noon,Grocery,"Dried Beans, Grains and Rice",Rice,Jar of Thai Golden Long Grain Rice - 1 kg,Mr. Food,104.95,104.95,1.0,1000.0,2026-05-25
N52891265A,noon,Grocery,"Dried Beans, Grains and Rice",Beans,White beans,The leader,77.25,77.25,1.0,500.0,2026-05-25
Z0CA25B03799555F1B9A7Z,noon,Grocery,"Dried Beans, Grains and Rice",Beans,Hummus Al-Sham,Rajab Al-Attar,77.0,77.0,1.0,500.0,2026-05-25
N43752179A,noon,Grocery,"Dried Beans, Grains and Rice",Rice,Thai long grain dry white rice 1 kg individual,Daria,102.5,102.5,1.0,1000.0,2026-05-25
N49095960A,noon,Grocery,"Dried Beans, Grains and Rice",Rice,Pure basmati rice 2 kg,Dobella,338.0,338.0,1.0,2000.0,2026-05-25
Z7E5E7F68A2E8F4214AA7Z,noon,Grocery,"Dried Beans, Grains and Rice",Lentils,Brown Lentils 500 grams,Ragab El Attar,48.0,48.0,1.0,500.0,2026-05-25
Z16B2F492E4013EE20B28Z,noon,Grocery,Tea,Tea,"Tea, Hibiscus, Anise, and Coffee - Instant Drinks with Original Flavor - Packets for up to 30 cups.",A feed,320.25,10.675,30.0,500.0,2026-05-25
ZF06C4D422C98E4C95052Z,noon,Grocery,Tea,Tea,"Rabea Al-Aghwa Tea, fine black tea, 250 grams",spring,89.0,89.0,1.0,250.0,2026-05-25
Z1F55A7DC9BD5DA9F24ADZ,noon,Grocery,"Dried Beans, Grains and Rice",Rice,Carnaroli rice 1 kg,Reso Scotty,415.25,415.25,1.0,1000.0,2026-05-25
N51285874A,noon,Grocery,"Dried Beans, Grains and Rice",Rice,Egyptian rice 5 kg,Hospice,190.0,190.0,1.0,5000.0,2026-05-25
N52738734A,noon,Grocery,"Dried Beans, Grains and Rice",Rice,Raw rice,The leader,54.25,54.25,1.0,1000.0,2026-05-25
Z43B7759A1B7F79AD193FZ,noon,Grocery,"Dried Beans, Grains and Rice",Rice,Egyptian white rice 1 kg,Rajab Al-Attar,37.0,37.0,1.0,1000.0,2026-05-25
ZC693ECC99755E2C9940EZ,noon,Grocery,"Dried Beans, Grains and Rice",Rice,Basmati rice 1kg,Always,151.25,151.25,1.0,1000.0,2026-05-25
Z745CAF424A7744410115Z,noon,Grocery,"Dried Beans, Grains and Rice",Rice,Indian basmati rice 800 grams,Haj Arafa,117.75,117.75,1.0,800.0,2026-05-25
N29047424A,noon,Grocery,"Dried Beans, Grains and Rice",Rice,Rice 5 kg,Alia,209.0,209.0,1.0,5000.0,2026-05-25
N52891266A,noon,Grocery,"Dried Beans, Grains and Rice",Beans,Split the beans,The leader,42.75,42.75,1.0,500.0,2026-05-25
Z2AA06D426B2B9FEBC78EZ,noon,Grocery,"Dried Beans, Grains and Rice",Pasta,Grits - 500 grams,Mr. Food,54.95,54.95,1.0,500.0,2026-05-25
ZC7F52E672B0E783E6304Z,noon,Grocery,Dairy Cheese and Eggs,Milk,Powdered milk cream - 2500 grams,cream,1848.0,1848.0,1.0,2500.0,2026-05-25
N30522032A,noon,Grocery,"Dried Beans, Grains and Rice",Beans,Crushed beans 500 grams,Rihanna,41.95,41.95,1.0,500.0,2026-05-25
N52891263A,noon,Grocery,"Dried Beans, Grains and Rice",Beans,hummus,The leader,67.0,67.0,1.0,500.0,2026-05-25
Z96282C0EE3F0ED947247Z,noon,Grocery,"Dried Beans, Grains and Rice",Rice,Golden basmati rice 1kg jar,Marvel,185.0,185.0,1.0,500.0,2026-05-25
Z7DA91EF74D108E0F4298Z,noon,Grocery,Dairy Cheese and Eggs,Milk,Puck Cream - cooked and canned cream (160 grams),Book,250.0,250.0,1.0,160.0,2026-05-25
N30522030A,noon,Grocery,"Dried Beans, Grains and Rice",Lentils,Lentil meal 500 grams,Rihanna,52.0,52.0,1.0,500.0,2026-05-25
N28909125A,noon,Grocery,Tea,Tea,Premium mint filter 20,SEKEM,38.0,1.9,20.0,,2026-05-25
N32420935A,noon,Grocery,Tea,Tea,Organic Tilia tea,SEKEM,38.0,1.9,20.0,,2026-05-25
N47707267A,noon,Grocery,"Dried Beans, Grains and Rice",Rice,Golden basmati rice 5 kg,Daria,700.0,700.0,1.0,5000.0,2026-05-25
Z248484B4A4F0DBFCBD81Z,noon,Grocery,"Dried Beans, Grains and Rice",Rice,Alexandrian koshari rice 320 grams,morn,36.75,36.75,1.0,320.0,2026-05-25
N47944394A,noon,Grocery,"Dried Beans, Grains and Rice",Rice,White basmati rice 1 kg,Hospitality,103.95,103.95,1.0,1000.0,2026-05-25
Z70A7192C2FFDFE775492Z,noon,Grocery,Tea,Honey,"Arizona Green Tea with Ginseng and Honey, 680 ml",Arizona,480.0,24.0,20.0,680.0,2026-05-25
N35958676A,noon,Grocery,"Dried Beans, Grains and Rice",Rice,Golden basmati rice 1 kg,Dobella,155.75,155.75,1.0,1000.0,2026-05-25
Z492563BE9AC8760CEE8FZ,noon,Grocery,"Dried Beans, Grains and Rice",Rice,Rich brown rice cargo 500 grams,Rich,68.43,68.43,1.0,500.0,2026-05-25
ZBE8BBBCD5FCE77C44C69Z,noon,Grocery,"Dried Beans, Grains and Rice",Rice,White Basmati Rice 500g (Jar),Zari,90.0,90.0,1.0,500.0,2026-05-25
Z9212D2DCC73817429200Z,noon,Grocery,"Dried Beans, Grains and Rice",Rice,Egyptian white rice,Mr. Food,39.85,39.85,1.0,500.0,2026-05-25
Z6C5003818E5A13CCA42FZ,noon,Grocery,"Dried Beans, Grains and Rice",Beans,Fava beans 500 grams,Rajab Al-Attar,40.0,40.0,1.0,500.0,2026-05-25
ZADB13B4EC95A56C8F222Z,noon,Grocery,"Dried Beans, Grains and Rice",Rice,Golden Sella Basmati Rice 1kg (jar),Zari,160.0,160.0,1.0,1000.0,2026-05-25
Z79901027737C8BAC4940Z,noon,Grocery,Tea,Tea,Twinings pure green tea 25 bags,Generic,539.9,21.596,25.0,500.0,2026-05-25
ZC7FF670FABBF59645FE6Z,noon,Grocery,"Dried Beans, Grains and Rice",Rice,Egyptian white rice 1kg,Foodland,39.95,39.95,1.0,500.0,2026-05-25
N29047417A,noon,Grocery,"Dried Beans, Grains and Rice",Rice,Rice 1 kg,Karma,43.0,43.0,1.0,1000.0,2026-05-25
N52406598A,noon,Grocery,"Dried Beans, Grains and Rice",Rice,Egpytian White Rice 1kg,Habooba,44.0,44.0,1.0,1000.0,2026-05-25
ZCF33BAF1C7284495860CZ,noon,Grocery,"Dried Beans, Grains and Rice",Beans,Fava Beans 250g,Afandy,15.0,15.0,1.0,250.0,2026-05-25
N51204925A,noon,Grocery,"Dried Beans, Grains and Rice",Rice,Hearts of Palm Rice 227 grams,Balmini,148.0,148.0,1.0,227.0,2026-05-25
Z1911B730687975E0AE35Z,noon,Grocery,Tea,Tea,Premium Ceylon Tea 250g,Alghazaleen tea,225.0,15.0,15.0,250.0,2026-05-25
Z8F63A25AA44A1DB57D1CZ,noon,Grocery,Tea,Tea,Alghazaleen Super Pekoe Tea 400g,Alghazaleen tea,500.0,33.3333,15.0,400.0,2026-05-25
Z5BBE742BEB028478CDB3Z,noon,Grocery,Tea,Tea,Soft Rose Tea - 40g - 8 Pack Offer,Rose T,167.0,167.0,1.0,40.0,2026-05-25
Z4759662C2051C87B1D39Z,noon,Grocery,"Dried Beans, Grains and Rice",Beans,White beans - 500 grams,Mr. Food,49.95,49.95,1.0,500.0,2026-05-25
N29047422A,noon,Grocery,"Dried Beans, Grains and Rice",Rice,Rice 5 kg,The house,191.0,191.0,1.0,5000.0,2026-05-25
N28991888A,noon,Grocery,"Dried Beans, Grains and Rice",Lentils,Yellow lentils 500 grams,delicious,55.25,55.25,1.0,500.0,2026-05-25
Z8DC2C92FDC27E767E37DZ,noon,Grocery,"Dried Beans, Grains and Rice",Rice,Indian Basmati Rice 1Kg,Mr. Food,119.95,119.95,1.0,1000.0,2026-05-25
N52891269A,noon,Grocery,"Dried Beans, Grains and Rice",Beans,black eyed peas,The leader,67.0,67.0,1.0,500.0,2026-05-25
Z48DD2BD116A7A5A8C134Z,noon,Grocery,"Dried Beans, Grains and Rice",Rice,Egyptian white rice 5kg,Mexicana,172.95,172.95,1.0,5000.0,2026-05-25
N27719616A,noon,Grocery,"Dried Beans, Grains and Rice",Beans,Egyptian tammis beans 500 grams,morn,70.0,70.0,1.0,500.0,2026-05-25
Z407D5FD35DB39D18CEC6Z,noon,Grocery,"Dried Beans, Grains and Rice",Grains,Mr. Food Bulgur - 500g.,Mr. Food,33.95,33.95,1.0,500.0,2026-05-25
N30522029A,noon,Grocery,"Dried Beans, Grains and Rice",Lentils,Yellow lentils 500 grams,Rihanna,45.25,45.25,1.0,500.0,2026-05-25
Z825D50219A8D6BE4EAA1Z,noon,Grocery,"Dried Beans, Grains and Rice",Rice,"Abukas Lamaza Indian Basmati Rice, 1 kg | Premium Long Grain Rice | Fragrant and crunchy",Abukas,248.35,248.35,1.0,1000.0,2026-05-25
N30522033A,noon,Grocery,"Dried Beans, Grains and Rice",Beans,Levantine chickpeas 500 grams,Rihanna,98.0,98.0,1.0,500.0,2026-05-25
ZBF893E1018170FC7EC20Z,noon,Grocery,"Dried Beans, Grains and Rice",Rice,"Long grain white rice, 2 kg jar",Marvel,225.0,225.0,1.0,500.0,2026-05-25
N30522036A,noon,Grocery,"Dried Beans, Grains and Rice",Grains,Shredded wheat 500 grams,Rihanna,44.0,44.0,1.0,500.0,2026-05-25
Z1DA952F4DEC3852E9AB7Z,noon,Grocery,"Dried Beans, Grains and Rice",Rice,"A bag of brown rice, 750 grams",Gratitude,96.0,96.0,1.0,750.0,2026-05-25
N29047418A,noon,Grocery,"Dried Beans, Grains and Rice",Rice,Rice 5 kg,Karma,213.0,213.0,1.0,5000.0,2026-05-25
ZEB313D947272DA9CD809Z,noon,Grocery,"Dried Beans, Grains and Rice",Lentils,Yellow lentils 500 grams,Rajab Al-Attar,54.0,54.0,1.0,500.0,2026-05-25
Z9EF64CE63FCA28BD2FECZ,noon,Grocery,Tea,Tea,Luxury Chinese green tea for slimming – refreshing natural flavor – sealed metal package – supports fat burning and weight loss – 300 grams – imported,Chinese green diet tea,550.0,550.0,1.0,300.0,2026-05-25
Z62A8FB10D8F3D5D133E5Z,noon,Grocery,Tea,Spices,Karak tea with ginger 20 grams,Sino,24.0,3.0,8.0,20.0,2026-05-25
N49095961A,noon,Grocery,"Dried Beans, Grains and Rice",Rice,Pure basmati rice 2 kg,Dobella,338.0,338.0,1.0,2000.0,2026-05-25
N52891267A,noon,Grocery,"Dried Beans, Grains and Rice",Lentils,Yellow lentils,The leader,50.0,50.0,1.0,500.0,2026-05-25
N52406611A,noon,Grocery,"Dried Beans, Grains and Rice",Rice,Egyptian white rice,Habooba,220.0,220.0,1.0,5000.0,2026-05-25
Z4146F11E68B547FFE96DZ,noon,Grocery,"Dried Beans, Grains and Rice",Rice,Sella white basmati rice 2kg (jar),Zari,300.0,300.0,1.0,2000.0,2026-05-25
Z3A6BABDCAD431EB8735EZ,noon,Grocery,"Dried Beans, Grains and Rice",Rice,Premium Egyptian Rice 1kg,Mexicana,36.95,36.95,1.0,1000.0,2026-05-25
N47874315A,noon,Grocery,"Dried Beans, Grains and Rice",Rice,Golden basmati rice 1 kg,Daria,157.75,157.75,1.0,1000.0,2026-05-25
ZCAD5454FD3A0DDAEF560Z,noon,Grocery,"Dried Beans, Grains and Rice",Rice,Long grain white rice 1kg bags,Marvel,119.0,119.0,1.0,500.0,2026-05-25
N42868089A,noon,Grocery,"Dried Beans, Grains and Rice",Rice,Brown rice 500 grams,The spike of the Euphrates,71.0,71.0,1.0,500.0,2026-05-25
Z73A16C683DA260B84C9CZ,noon,Grocery,"Dried Beans, Grains and Rice",Lentils,Lentil meal 250 grams,Effendi,17.25,17.25,1.0,250.0,2026-05-25
N27665638A,noon,Grocery,"Dried Beans, Grains and Rice",Beans,White beans 500 grams,Zamzam,52.25,52.25,1.0,500.0,2026-05-25
N51065327A,noon,Grocery,"Dried Beans, Grains and Rice",Rice,White Egyptian rice,Always,59.25,59.25,1.0,1000.0,2026-05-25
Z7B5FEA6D473C4C76919FZ,noon,Grocery,"Dried Beans, Grains and Rice",Rice,White basmati rice 1 kg,Dobella,163.0,163.0,1.0,1000.0,2026-05-25
ZB400750227F6810FB0C1Z,noon,Grocery,"Dried Beans, Grains and Rice",Rice,White Basmati Rice 5kg (box),Zari,690.0,690.0,1.0,500.0,2026-05-25
N35958677A,noon,Grocery,"Dried Beans, Grains and Rice",Rice,White basmati rice 1 kg,Dobella,175.0,175.0,1.0,1000.0,2026-05-25
ZD28DFFED2840A870AC05Z,noon,Grocery,Tea,Spices,Green tea with ginger 240 ml,Flute,35.25,35.25,1.0,240.0,2026-05-25
Z78ABF0595C0D9AB656CAZ,noon,Grocery,Tea,Tea,Mint tea 40 grams - 20 sachets,Broadies,188.25,9.4125,20.0,40.0,2026-05-25
ZB03B668D73DCBBDDDB1AZ,noon,Grocery,Tea,Tea,Bindu Black Tea - 25 tea bags,Lifestyle for you,25.0,1.0,25.0,200.0,2026-05-25
ZF2A7A9E7D3DC3436EDC3Z,noon,Grocery,Tea,Rice,Licorice Herbal Tea 75g,Shana,58.0,58.0,1.0,75.0,2026-05-25
N48663854A,noon,Grocery,Tea,Spices,Infuso tea with lemon and ginger,Twinings,719.0,719.0,1.0,500.0,2026-05-25
N29762495A,noon,Grocery,Tea,Spices,Premium Cinnamon 20 Filter,SEKEM,38.0,1.9,20.0,,2026-05-25
Z2E5D37556C0B99FEF322Z,noon,Grocery,Tea,Tea,Ahmed Tea English Breakfast (English Breakfast) – 250g – Premium English Quality Loose Black Tea (Kharaz),Ahmed T,184.99,184.99,1.0,250.0,2026-05-25
Z5638D75AF091DBF373DDZ,noon,Grocery,Tea,Tea,Caruama Garcinia Cambogia Tea,Karoma,125.0,6.25,20.0,200.0,2026-05-25
Z0C0F06F8F939A7429802Z,noon,Grocery,Dairy Cheese and Eggs,Milk,Powdered milk - full fat - instant 1 kg,Poranna,682.0,682.0,1.0,1000.0,2026-05-25
N27719617A,noon,Grocery,"Dried Beans, Grains and Rice",Beans,Madshoush beans 500 grams,morn,68.0,68.0,1.0,500.0,2026-05-25
N30522022A,noon,Grocery,"Dried Beans, Grains and Rice",Rice,Golden basmati rice 1 kg,Rihanna,105.0,105.0,1.0,1000.0,2026-05-25
Z8DD641A8912E8513E004Z,noon,Grocery,"Dried Beans, Grains and Rice",Beans,Canned thermos 500gm,Always,62.0,62.0,1.0,500.0,2026-05-25
ZC1B1AE7BE06C1AE9D969Z,noon,Grocery,"Dried Beans, Grains and Rice",Rice,Rich high-protein diet rice 500 grams,Steamed rice,64.1,64.1,1.0,500.0,2026-05-25
Z822361E120FB853ABBEDZ,noon,Grocery,"Dried Beans, Grains and Rice",Rice,Indian basmati rice 1 kg,The leader,106.25,106.25,1.0,1000.0,2026-05-25
Z1CDD18776EBDC50DEC96Z,noon,Grocery,"Dried Beans, Grains and Rice",Rice,"Savoria Golden Basmati Rice – Premium Long Grain, Aromatic Flavor – 1 kg",Savoria,120.0,120.0,1.0,1000.0,2026-05-25
Z4207B330A208C7D8827EZ,noon,Grocery,"Dried Beans, Grains and Rice",Rice,Rice 5 kg + sugar 5 kg,Sultanate,400.0,400.0,1.0,10.0,2026-05-25
ZB7483787AC06973C20DAZ,noon,Grocery,"Dried Beans, Grains and Rice",Rice,Long grain golden rice 1 kg,Zari,104.0,104.0,1.0,1000.0,2026-05-25
N35958741A,noon,Grocery,Dairy Cheese and Eggs,Milk,Coconut milk drink with mango pieces 290 milliliters,Dobella,77.25,77.25,1.0,290.0,2026-05-25
N52406602A,noon,Grocery,"Dried Beans, Grains and Rice",Beans,Egyptian chickpeas 500 grams,Habooba,43.25,43.25,1.0,500.0,2026-05-25
N30522031A,noon,Grocery,"Dried Beans, Grains and Rice",Beans,Egyptian tammis beans 500 grams,Rihanna,53.0,53.0,1.0,500.0,2026-05-25
N38705930A,noon,Grocery,"Dried Beans, Grains and Rice",Grains,Bulgur 500 grams,Rihanna,55.0,55.0,1.0,500.0,2026-05-25
N52738732A,noon,Grocery,"Dried Beans, Grains and Rice",Rice,Raw rice,The leader,268.0,268.0,1.0,5000.0,2026-05-25
Z14B8E75685213BFEB5DDZ,noon,Grocery,Tea,Tea,Alwazah Al Sawan Tea – Pure Ceylon Black Tea – Packed in Sri Lanka – Premium Quality – Imported,The goose,680.0,680.0,1.0,500.0,2026-05-25
Z43D48E5C83AB67E54236Z,noon,Grocery,"Dried Beans, Grains and Rice",Rice,Egyptian rice 5 kg + golden sella basmati rice 2 kg,Sultanate,420.0,420.0,1.0,5000.0,2026-05-25
Z793BBF70FA9907687AB9Z,noon,Grocery,"Dried Beans, Grains and Rice",Rice,Golden basmati rice 1 kilo,Rajab Al-Attar,100.0,100.0,1.0,1000.0,2026-05-25
Z2210F8FAED12B52F63BEZ,noon,Grocery,"Dried Beans, Grains and Rice",Rice,Kabsa rice 336 grams,morn,65.0,65.0,1.0,336.0,2026-05-25
N38705928A,noon,Grocery,"Dried Beans, Grains and Rice",Rice,Indian long grain basmati rice 1 kg,Rihanna,139.95,139.95,1.0,1000.0,2026-05-25
N52406613A,noon,Grocery,"Dried Beans, Grains and Rice",Beans,White beans 500 grams,Habooba,40.25,40.25,1.0,500.0,2026-05-25
ZE27A0FD6417417EA4B1EZ,noon,Grocery,"Dried Beans, Grains and Rice",Rice,Egyptian white rice 900 grams,Xford,30.95,30.95,1.0,900.0,2026-05-25
N27719622A,noon,Grocery,"Dried Beans, Grains and Rice",Beans,Lupine 500 grams,morn,73.0,73.0,1.0,500.0,2026-05-25
N51285875A,noon,Grocery,"Dried Beans, Grains and Rice",Rice,Egyptian rice 1 kg individual,Hospice,38.0,38.0,1.0,1000.0,2026-05-25
Z2DF3B7F128D8F2807254Z,noon,Grocery,"Dried Beans, Grains and Rice",Beans,Can of red beans 380 grams,Luna,47.5,47.5,1.0,380.0,2026-05-25
N52891264A,noon,Grocery,"Dried Beans, Grains and Rice",Lentils,Brown Lentils 500grams,The leader,46.25,46.25,1.0,500.0,2026-05-25
ZD703613B6F758386FF96Z,noon,Grocery,"Dried Beans, Grains and Rice",Beans,Red beans- 400 grams,I saw,69.0,69.0,1.0,400.0,2026-05-25
Z4671C397F3EE4771328BZ,noon,Grocery,"Dried Beans, Grains and Rice",Rice,Hunza Premium Indian Brown Basmati Rice 1kg - Whole Grain | Rich in fiber Provides constant energy Ideal for weight loss and athletes | 100% natural,Hunza,138.0,138.0,1.0,1000.0,2026-05-25
N47874316A,noon,Grocery,"Dried Beans, Grains and Rice",Rice,Golden basmati rice 2 kg,Daria,302.5,302.5,1.0,2000.0,2026-05-25
Z00BB8A26C27DF123AAE3Z,noon,Grocery,"Dried Beans, Grains and Rice",Rice,Basmati Sella Rice (Indian),Mexicana,99.95,99.95,1.0,1000.0,2026-05-25
N35900973A,noon,Grocery,Dairy Cheese and Eggs,Milk,Golden milk powder 15 grams,Maura,12.0,12.0,1.0,15.0,2026-05-25
Z89FFBF02FE83A450ADAEZ,noon,Grocery,"Dried Beans, Grains and Rice",Rice,Egyptian white rice 5 kg,Mr. Food,179.95,179.95,1.0,5000.0,2026-05-25
Z7CE62D17411F5A6FDD42Z,noon,Grocery,Tea,Tea,Luxury Khadir Ceylon Mountain Black Tea – Authentic Ceylon tea leaves – 200 grams – Rich taste and stunning golden colour.,Numb tea,671.0,671.0,1.0,200.0,2026-05-25
Z5DBF23E34AFC8A659540Z,noon,Grocery,Tea,Tea,"Alghazaleen Tea, High Ceylon Tea (cardamom flavour) 200 grams",Alghazaleen tea,450.0,45.0,10.0,200.0,2026-05-25
ZCC409F89635924EEA53DZ,noon,Grocery,Tea,Tea,Iced tea flavored with green lemon and mint,Lipton,99.0,99.0,1.0,500.0,2026-05-25
Z10C8203EA7A5D07C95E6Z,noon,Grocery,Tea,Tea,Instant karak tea latte with cardamom 300 grams,Taste,204.95,204.95,1.0,300.0,2026-05-25
ZA1B816F56892BABC7759Z,noon,Grocery,Tea,Tea,Pure Ceylon Alwazah Green Tea – Premium Tea in a Tin Can – Healthy and Refreshing Drink – 300g,Alwaza tea,782.27,782.27,1.0,300.0,2026-05-25
Z8DD25E6DAA0877624783Z,noon,Grocery,Dairy Cheese and Eggs,Milk,Purity and natural taste! Almarai full fat milk 1.5 liters,Almaraae,170.0,9.4444,18.0,1500.0,2026-05-25
ZF8131BF6D7DDA4EC1643Z,noon,Grocery,Pasta and Noodles,Pasta,Fusilli Macaroni - 500 Gram,Pasta_Di_Martino,190.0,190.0,1.0,500.0,2026-05-25
Z488C229F501ABDB20220Z,noon,Grocery,Pasta and Noodles,Pasta,Paccheri Macaroni - 500 Gram,Pasta_Di_Martino,325.25,325.25,1.0,500.0,2026-05-25
ZFCECE62B45C059D6793BZ,noon,Grocery,Pasta and Noodles,Pasta,Penne Mezzani Rigate Macaroni - 500 Gram,Pasta_Di_Martino,190.0,190.0,1.0,500.0,2026-05-25
ZF5DED13BE1A2379B47EDZ,noon,Grocery,Pasta and Noodles,Pasta,Iltalian Alfabeto Macaroni - 500 Gram,Pasta_Di_Martino,190.0,190.0,1.0,500.0,2026-05-25
Z9009D939508265CB48C4Z,noon,Grocery,Pasta and Noodles,Noodles,Ubuki Halal Cup Tobuki Carbonara 120g,Yupaki,480.0,480.0,1.0,120.0,2026-05-25
Z2C9DB9352225AE042C0AZ,noon,Grocery,Pasta and Noodles,Noodles,Ubuki halal hot tobuki 120g,Yupaki,399.0,399.0,1.0,120.0,2026-05-25
ZAE963ABC61B735FF4B15Z,noon,Grocery,Pasta and Noodles,Noodles,Indomie Instant Noodles Chicken Flavor – Cup – Pack of 2,Indomie cup,224.0,112.0,2.0,200.0,2026-05-25
Z335C68333F64406BD888Z,noon,Grocery,Pasta and Noodles,Noodles,Hot and Spiced Ubuki Rabuki Cup 145g,Yupaki,550.0,550.0,1.0,145.0,2026-05-25
Z600DC7022F9EE5739E4FZ,noon,Grocery,Pasta and Noodles,Noodles,Yubuki Tobuki Jiajang Cup 120g,Yupaki,480.0,480.0,1.0,120.0,2026-05-25
ZC969E6FA296A5FC90462Z,noon,Grocery,Pasta and Noodles,Milk,Samyang Tangle Noodles with Cream and Mushroom 105g,Tangle,546.0,546.0,1.0,105.0,2026-05-25
ZC2B251BC84BDEC9B6F47Z,noon,Grocery,Pasta and Noodles,Noodles,Ubuki Halal Tobuki (Original) 120g,Yupaki,480.0,480.0,1.0,120.0,2026-05-25
Z877D8B8F2BF5D20C5E0AZ,noon,Grocery,Pasta and Noodles,Cheese,A cup of Ubuki Tobuki cheese 120 grams,Yupaki,480.0,480.0,1.0,120.0,2026-05-25
Z1006BF80CB695D77AEA6Z,noon,Grocery,Pasta and Noodles,Cheese,Youngpong Yubuki Rabuki Instant Preparation - Cheese Flavor 145 g,Yupaki,660.0,660.0,1.0,145.0,2026-05-25
Z91E44A89FC2043C49E6AZ,noon,Grocery,Pasta and Noodles,Noodles,Ubuki Tobuki Rose Spicy Cup 120g,Yupaki,480.0,480.0,1.0,120.0,2026-05-25
Z063C5F567A34DF3D940CZ,noon,Grocery,Pasta and Noodles,Rice,Ubuki cup rice cake and ramen jajang 145g,Yupaki,660.0,660.0,1.0,145.0,2026-05-25
Z43F3C18300F67485319AZ,noon,Grocery,Pasta and Noodles,Beans,"Lungkou Glass Noodles - Chinese mung bean noodles for soup, stir-fry and Asian cooking",Long Co,170.0,170.0,1.0,250.0,2026-05-25
Z31971F08157240AA5299Z,noon,Grocery,"Dried Beans, Grains and Rice",Rice,Family Offer - 12 packs of plain and salted rice cake for the price of 9 packs,The pearl,400.0,26.6667,15.0,500.0,2026-05-25
ZF9F327552FBA8AB1CF9EZ,noon,Grocery,Tea,Tea,Old Seb Hibiscus,Old Seb,299.9,299.9,1.0,500.0,2026-05-25
Z6337E16FD64114A7274DZ,noon,Grocery,"Dried Beans, Grains and Rice",Rice,"Ramadan box - 14 kilos, 24 pieces, including rice, pasta, sugar, flour, oil, ghee, beans, beans, sauce jar, tea, salt and meat stock.",Raw rice,830.0,34.5833,24.0,14000.0,2026-05-25
ZE68BA1C7F12049088357Z,noon,Grocery,Dairy Cheese and Eggs,Milk,Fresho sweetened condensed milk 390 grams,Fresho,159.0,79.5,2.0,390.0,2026-05-25
ZC558373089353ABF117FZ,noon,Grocery,Tea,Tea,Another tea,Another tea,35.5,35.5,1.0,500.0,2026-05-25
ZF7A8979F09481E16A863Z,noon,Grocery,"Dried Beans, Grains and Rice",Lentils,White beans 500 g - Yellow lentils 500 g - Fava beans 500 g,Not Secrets,198.0,66.0,3.0,500.0,2026-05-25
ZE30CC5986A14A75819ABZ,noon,Grocery,Tea,Tea,Karak Dallah Al-Azabiya tea - 10 bags - strong and rich flavor - ready and quick to prepare - imported,Dallah,500.0,50.0,10.0,500.0,2026-05-25
ZB178CF7E012E47DD964FZ,noon,Grocery,"Dried Beans, Grains and Rice",Rice,Set of 3 white rice 1kg,Pescara,99.95,33.3167,3.0,1000.0,2026-05-25
Z5F6C399EB2C9CEE73984Z,noon,Grocery,"Dried Beans, Grains and Rice",Rice,Savings offer: 6 packs of salted rice cake,The pearl,255.0,17.0,15.0,500.0,2026-05-25
ZFD31DFEE2BDBB27277D5Z,noon,Grocery,Tea,Tea,Al-Kbous Fine Black Tea - 227 gm - High quality since 1948 - Imported,Kaboos,350.0,3.5,100.0,227.0,2026-05-25
ZFA860BBC782ABF737254Z,noon,Grocery,Tea,Tea,Luxurious Shepherd's Leaves Tea - 200 grams | Excellent leaf tea with a rich taste and distinctive fragrance,the spring,799.0,31.96,25.0,200.0,2026-05-25
Z406744BDDE6035C94384Z,noon,Grocery,sauces,Sauces,Heinz Spicy Ketchup  Squeeze Pack 285g,Heinz,170.0,170.0,1.0,285.0,2026-05-25
ZBFBC72EA750963DD8D0CZ,noon,Grocery,sauces,Sauces,Harvest Tomato Paste  800g,Harvest,199.99,199.99,1.0,800.0,2026-05-25
Z5676B5B421B4A1D2A377Z,noon,Grocery,sauces,Eggs,"TABASCO Brand Original Red Pepper Hot Sauce, Medium Heat, Glass Bottle, Classic & Versatile Flavor, Three Simple Ingredients, Great for Dips, Tacos, Eggs, Pizza, Oysters & More, 2 Fl Oz (Pack of 1)",Tabasco,400.0,400.0,1.0,2.0,2026-05-25
Z5E29FA541C16799CA8D3Z,noon,Grocery,sauces,Milk,Harvest Sauce 30g Sachet - Carton of 24 pieces,Harvest,210.0,210.0,1.0,,2026-05-25
Z9D3DBAA96CE0B48A39BBZ,noon,Grocery,sauces,Cheese,"Cheddar Daddy , Smokey Jockey Burger & the great garlic butter 252 gm (Burger Boss Bundle)",Miam,252.0,252.0,1.0,730.0,2026-05-25
ZAD84799122F5D782877DZ,noon,Grocery,sauces,Cheese,RAGU Chunky Six Cheese Sauce 680g,Ragu,355.0,355.0,1.0,680.0,2026-05-25
Z21E9F3DBD0C91188B4F1Z,noon,Grocery,sauces,Sauces,HP SAUCE 255ML,Hp,350.0,350.0,1.0,255.0,2026-05-25
Z867888C00EF221597981Z,noon,Grocery,sauces,Sauces,MJ's Italian Pizza Sauce 410g,Mj'S,199.0,199.0,1.0,410.0,2026-05-25
Z83F4A85CA7012C1D92E4Z,noon,Grocery,sauces,Sauces,Heinz Original BBQ Sauce,Heinz,239.9,239.9,1.0,570.0,2026-05-25
Z2CEE97A9EE977B910FB8Z,noon,Grocery,sauces,Sauces,Saegh Mexican Sauce 280 gm,Saegh,57.0,57.0,1.0,260.0,2026-05-25
Z3610DDC267B59A3C0ED9Z,noon,Grocery,"Dried Beans, Grains and Rice",Rice,"5kg rice container, plastic storage box, made of food grade material, stackable design, dust and insect proof, easy to push and pull, large capacity (25cm wide / 20cm long / 15cm deep)",Raw rice,458.0,458.0,1.0,5000.0,2026-05-25
ZE41D9F815A68C8F64148Z,noon,Grocery,"Dried Beans, Grains and Rice",Rice,"Premium rice substitute with zucchini, chickpeas and broccoli from Dr. Foods - 250 grams | Vegetarian | A nutritious alternative to rice",Dr. Foods,290.0,290.0,1.0,250.0,2026-05-25
Z933693D5F2F7BF4DE1FBZ,noon,Grocery,"Dried Beans, Grains and Rice",Rice,"Al Walima Indian Sella Basmati Rice 5 kg – Premium long grain aged rice, aromatic and non-sticky, ideal for mandi, kabsa, biryani and everyday cooking – High quality Imported",The feast,1122.22,1122.22,1.0,5000.0,2026-05-25
ZD641EEEA5A1C48E5B0A3Z,noon,Grocery,"Dried Beans, Grains and Rice",Rice,"5kg rice container, plastic storage box, made of food grade material, stackable design, dust and insect proof, easy to push and pull, large capacity (25cm wide / 20cm long / 15cm deep)",Raw rice,1328.2,1328.2,1.0,5000.0,2026-05-25
ZEE5E29EC27FA59791FB5Z,noon,Grocery,"Dried Beans, Grains and Rice",Rice,Long Grain Basmati Rice - Golden 1kg,My guests,130.0,130.0,1.0,1000.0,2026-05-25
Z887CA681234D05F1BFC9Z,noon,Grocery,"Dried Beans, Grains and Rice",Rice,Imtenan Brown Rice - 750 grams (New),Gratitude,197.0,197.0,1.0,750.0,2026-05-25
Z02439F389656783ED50FZ,noon,Grocery,"Dried Beans, Grains and Rice",Rice,"Al Walima Basmati Rice 2 kg – Premium long grain – Non-sticky peppered texture – Ideal for Kabsa, Biryani and everyday cooking",The feast,622.66,622.66,1.0,2000.0,2026-05-25
Z281EC677661171D632E8Z,noon,Grocery,"Dried Beans, Grains and Rice",Beans,Thermos with glass jar - 360 grams,Gardenia,50.0,50.0,1.0,360.0,2026-05-25
Z41AA3396C924EB72D0FFZ,noon,Grocery,"Dried Beans, Grains and Rice",Lentils,Yellow lentils 500 grams,Greetings,55.0,55.0,1.0,500.0,2026-05-25
ZBAFAFEC4F1EDCDD6AB23Z,noon,Grocery,"Dried Beans, Grains and Rice",Lentils,Brown lentils 500 grams,Always,68.0,68.0,1.0,500.0,2026-05-25
ZD04C87D0F6E7867A7D86Z,noon,Grocery,"Dried Beans, Grains and Rice",Beans,White beans 500gm,Always,96.0,96.0,1.0,500.0,2026-05-25
ZECE038E6B2CD017EC3B6Z,noon,Grocery,"Dried Beans, Grains and Rice",Beans,Black Eyed Peas 500GM,Dayma,89.0,89.0,1.0,500.0,2026-05-25
Z908F192FA98009362A1DZ,noon,Grocery,"Dried Beans, Grains and Rice",Rice,Indian golden basmati rice 1 kg,Dobella,163.0,163.0,1.0,1000.0,2026-05-25
Z5FB6305008679E106B36Z,noon,Grocery,"Dried Beans, Grains and Rice",Rice,Indian Sella Basmati Rice 5 kg,Taj Mahal,697.0,697.0,1.0,5.0,2026-05-25
ZFD1F3F8515A083CB7E7CZ,noon,Grocery,"Dried Beans, Grains and Rice",Rice,Punjabi Al-Muhaidib Indian White Basmati Rice - 5 kg package - long and pure grain - premium basmati rice for Kabsa and Azamat - original taste and perfect texture,Punjabi Al-Muhaidib,1099.0,1099.0,1.0,,2026-05-25
Z3B5AB1938EB9DA836449Z,noon,Grocery,"Dried Beans, Grains and Rice",Rice,Egyptian white rice 900 grams (pack of 2),Raw rice,61.9,61.9,1.0,900.0,2026-05-25
ZE1484B74B5910F62AE22Z,noon,Grocery,"Dried Beans, Grains and Rice",Rice,Golden Indian Basmati Rice 1 kg,Mahnaz,119.25,119.25,1.0,1.0,2026-05-25
Z994061725CE76226DE73Z,noon,Grocery,"Dried Beans, Grains and Rice",Lentils,Red lentils 500 grams,Always,70.0,70.0,1.0,500.0,2026-05-25
Z84DB94CD17AFBE6DCB4EZ,noon,Grocery,"Dried Beans, Grains and Rice",Rice,Rehana Thai Jasmine Rice 1 kg,Rihanna,124.95,124.95,1.0,1000.0,2026-05-25
N29042934A,noon,Grocery,sauces,Sauces,Mustard Sauce 250grams,Mc Sauce,36.75,36.75,1.0,250.0,2026-05-25
ZABDEAA8F9BF82F214143Z,noon,Grocery,"Dried Beans, Grains and Rice",Rice,Indian Sella Basmati Rice 1kg,Taj Mahal,144.0,144.0,1.0,1.0,2026-05-25
Z8AFC050521AA8DB82488Z,noon,Grocery,"Dried Beans, Grains and Rice",Rice,Super XXXL basmati rice,Taj Mahal,719.0,719.0,1.0,5.0,2026-05-25
ZFA0DA7FFC2F8C75EB7EAZ,noon,Grocery,"Dried Beans, Grains and Rice",Rice,Super XXXL basmati rice,Taj Mahal,149.0,149.0,1.0,1.0,2026-05-25
Z160669AC9F6317461082Z,noon,Grocery,"creal,oats,Jams&Honey",Oats,Jumbo Oats Set - 300 Gram,Lino,66.0,66.0,1.0,300.0,2026-05-25
Z6511FE2550A2C24EBC3EZ,noon,Grocery,"creal,oats,Jams&Honey",Grains,Couscous - 700 g,Mr. Food,94.95,94.95,1.0,700.0,2026-05-25
N42906482A,noon,Grocery,"creal,oats,Jams&Honey",Oats,Premium Oat Flakes 500grams,Al Doha,82.75,82.75,1.0,500.0,2026-05-25
N28968489A,noon,Grocery,"creal,oats,Jams&Honey",Cereal,Nesquik Cereal 330grams,Nesquik,111.0,111.0,1.0,330.0,2026-05-25
ZAD890806A37EE3AE16B0Z,noon,Grocery,"creal,oats,Jams&Honey",Jams,Fig jam 650 grams,Al Bawadi,61.0,61.0,1.0,650.0,2026-05-25
N40074717A,noon,Grocery,"creal,oats,Jams&Honey",Honey,Black Honey 650grams,Al Bawadi,58.25,58.25,1.0,650.0,2026-05-25
ZB1BCCBE9B56DF5292D8CZ,noon,Grocery,"creal,oats,Jams&Honey",Butter,Maxtella White Spread Chocolate – Creamy Cocoa Butter Substitute – Sweet White Chocolate Flavor – 350g Jar,Maxtella,175.0,175.0,1.0,900.0,2026-05-25
Z57EDF6148520E2D85BE9Z,noon,Grocery,"creal,oats,Jams&Honey",Butter,"Maxtella - Soft Hazelnut Chocolate Spread with Cocoa Butter Substitutes, 200g",Maxtella,74.99,74.99,1.0,220.0,2026-05-25
Z8925E56E5B6129F00030Z,noon,Grocery,"creal,oats,Jams&Honey",Jams,"Alsham NEBRAS Apricot Jam – Premium Natural Fruit Spread, Authentic Taste, Golden Lid Jar, 450g",Alsham Nebras,89.99,89.99,1.0,450.0,2026-05-25
ZBA56042CF2DDC41D61EBZ,noon,Grocery,"creal,oats,Jams&Honey",Butter,High protein peanut butter 375g,Healthy & Tasty,365.0,365.0,1.0,375.0,2026-05-25
Z66E9B9E668328868283CZ,noon,Grocery,"creal,oats,Jams&Honey",Honey,"manuka honey 400mgo, 500g",Manuka Health,6999.0,6999.0,1.0,500.0,2026-05-25
ZA5E1CF2559A0D4861689Z,noon,Grocery,"creal,oats,Jams&Honey",Cereal,Chocolate Breakfast Cereal 330g,Kitkat,186.0,186.0,1.0,330.0,2026-05-25
Z5A5EBD6856CD9EB646A5Z,noon,Grocery,"creal,oats,Jams&Honey",Spreads,Nutella - Hazelnut Spread with Cocoa - Perfect for Breakfast and Baking (Pack size 600 gm),Nutella,565.0,565.0,1.0,600.0,2026-05-25
Z0DA9936E6902915A8164Z,noon,Grocery,"creal,oats,Jams&Honey",Spreads,Pistachio Crunchy Bites Spread 285g,El Bawadi,98.25,98.25,1.0,300.0,2026-05-25
Z50D7B3C01825D49ED1C0Z,noon,Grocery,"creal,oats,Jams&Honey",Honey,Clover honey 2 kg,Shana Nature House,399.0,399.0,1.0,2000.0,2026-05-25
N40074716A,noon,Grocery,"creal,oats,Jams&Honey",Honey,Black Honey 340grams,El Bawadi,27.0,27.0,1.0,340.0,2026-05-25
Z7795C871FD783C22D6F3Z,noon,Grocery,"creal,oats,Jams&Honey",Cereal,Granola - Coconut with Superseeds 350 Grams,Goodhands,152.9,152.9,1.0,350.0,2026-05-25
Z0566E605CFA30885CC9AZ,noon,Grocery,"creal,oats,Jams&Honey",Spreads,Healthy spread original chocolate 210 gm,Healthy Spread,123.25,123.25,1.0,210.0,2026-05-25
ZF99F016E373C23B9998EZ,noon,Grocery,"creal,oats,Jams&Honey",Jams,Fruit Preserve Light Diet 340gm Strawberry Jam,Halwani Bros,48.0,48.0,1.0,340.0,2026-05-25
N42868001A,noon,Grocery,"creal,oats,Jams&Honey",Cereal,Gold Granola With Nuts And Honey 300grams,Sante,181.0,181.0,1.0,300.0,2026-05-25
Z407E2DA785C73C7EC709Z,noon,Grocery,"creal,oats,Jams&Honey",Oats,oats 500 grams,Ragab El Attar,76.5,76.5,1.0,500.0,2026-05-25
Z43362AAA47EE5298908AZ,noon,Grocery,"creal,oats,Jams&Honey",Oats,Oat Flakes Quick Cooking-600G,Organic Nation,85.0,85.0,1.0,600.0,2026-05-25
ZE4DAAB162F53F36C1344Z,noon,Grocery,"creal,oats,Jams&Honey",Milk,Nutella Spread (350g)  Rich Cocoa and Hazelnut Cream,Nutella,370.0,370.0,1.0,350.0,2026-05-25
Z42828349552AA91BC511Z,noon,Grocery,"creal,oats,Jams&Honey",Spreads,"Maxtella Raw Chocolate – Premium Cocoa, Special Offer, Baking & Desserts",Maxtella,59.99,59.99,1.0,180.0,2026-05-25
N12280414A,noon,Grocery,"creal,oats,Jams&Honey",Butter,Peanut Butter Gronola Crispy Cereal Flakes 350grams,Sante,159.25,159.25,1.0,350.0,2026-05-25
Z061875817EC16B24A0FDZ,noon,Grocery,"creal,oats,Jams&Honey",Oats,Quaker White Oats – 100% Natural Whole Grain Oats – Heart Healthy & High Fiber – Perfect for Breakfast & Soup – 500g Pack,Quaker,320.0,320.0,1.0,500.0,2026-05-25
Z41C9F155199374C36B71Z,noon,Grocery,"creal,oats,Jams&Honey",Honey,Shira sweetener mixture of honey and natural fructose 3 kg - 60% natural from Uni Smart Group,Uni Smart Group,250.0,250.0,1.0,3000.0,2026-05-25
N39599812A,noon,Grocery,"creal,oats,Jams&Honey",Spreads,Lotus Biscoff spread 400grams,Lotus,441.0,441.0,1.0,400.0,2026-05-25
N39272815A,noon,Grocery,"creal,oats,Jams&Honey",Cereal,Cranberries And Raisins Granola 350grams,Abu Auf,195.25,195.25,1.0,350.0,2026-05-25
Z329942EF4AD9E4F898E6Z,noon,Grocery,"creal,oats,Jams&Honey",Spreads,Nutella chocolate with hazelnut - 350 gm (Assorted Packaging),Nutella,349.95,349.95,1.0,350.0,2026-05-25
Z6E7776360B944DDBD50EZ,noon,Grocery,"creal,oats,Jams&Honey",Oats,Oat Whole Grain 500G,Haj Arafa,57.0,57.0,1.0,500.0,2026-05-25
Z636C8E176E4441665B72Z,noon,Grocery,"creal,oats,Jams&Honey",Spreads,Dark Chocolate Spread Sweetened With Monkfruit - 250g,Lakanto,211.0,211.0,1.0,250.0,2026-05-25
Z30D5A2A3B3CD4528C8EFZ,noon,Grocery,"creal,oats,Jams&Honey",Spreads,Hazelnut Chocolate Spread Sweetened With Monkfruit - 250g,Lakanto,211.0,211.0,1.0,250.0,2026-05-25
Z2519ADEA5027508C785AZ,noon,Grocery,"creal,oats,Jams&Honey",Spreads,Hazelnut Spread Chocolate-350g,Milkato,144.0,144.0,1.0,350.0,2026-05-25
Z6CFB0EEDFE09E8E86096Z,noon,Grocery,"creal,oats,Jams&Honey",Honey,Saegh Alfalfa Blossom Honey 450 gm,Saegh,119.0,119.0,1.0,450.0,2026-05-25
N27747713A,noon,Grocery,"creal,oats,Jams&Honey",Oats,Crunchy Fruits Grain Oat Flake 350grams,Sante,149.0,149.0,1.0,350.0,2026-05-25
N12280413A,noon,Grocery,"creal,oats,Jams&Honey",Cereal,Granola Fruit 350grams,Sante,186.25,186.25,1.0,350.0,2026-05-25
Z2CDCA10C6CE1950E1C51Z,noon,Grocery,"creal,oats,Jams&Honey",Honey,Sezar honey - 12 sachets x 18 grams,Uni Smart Group,480.0,480.0,1.0,,2026-05-25
ZCD12CD88703751F4A0E7Z,noon,Grocery,"creal,oats,Jams&Honey",Honey,Saegh black Honey polyethylene 700 g,Saegh,68.0,68.0,1.0,700.0,2026-05-25
N48663892A,noon,Grocery,"creal,oats,Jams&Honey",Oats,High Protein Instant Oatmeal The Chocolate Mocha 300grams,Kayy,80.25,80.25,1.0,300.0,2026-05-25
N42868005A,noon,Grocery,"creal,oats,Jams&Honey",Cereal,Fit Granola Nuts And Cocoa - No Sugar Added 300grams,Sante,208.25,208.25,1.0,300.0,2026-05-25
Z579F028569FDA55A06D1Z,noon,Grocery,"creal,oats,Jams&Honey",Oats,Saegh Whole Grain Oats 400g,Saegh,80.0,80.0,1.0,400.0,2026-05-25
ZB375C232D32C8E5723CAZ,noon,Grocery,"creal,oats,Jams&Honey",Milk,Kind kids Spread Cream 350 gm,Asmacup,99.0,99.0,1.0,350.0,2026-05-25
Z7D5ADC5221BF351411D4Z,noon,Grocery,"creal,oats,Jams&Honey",Milk,Maxtella Chocolate Hazelnut Spread – 900 grams | Smooth hazelnut cocoa cream for breakfast and desserts,Max Tila,175.0,175.0,1.0,900.0,2026-05-25
N13710064A,noon,Grocery,"creal,oats,Jams&Honey",Cereal,Fruit Muesli 350grams,Sante,168.25,168.25,1.0,350.0,2026-05-25
Z343D67BF71B0822ADCC2Z,noon,Grocery,"creal,oats,Jams&Honey",Spices,Rotus Caramel and Cinnamon Biscuit Sauce - Dessert Topping & Syrup - 350g,Rotus,99.99,99.99,1.0,350.0,2026-05-25
Z3F874EBF1F408CB6907EZ,noon,Grocery,"creal,oats,Jams&Honey",Spreads,Peanut Protein Bar 70 grams,Imtenan,56.0,56.0,1.0,70.0,2026-05-25
N42868104A,noon,Grocery,"creal,oats,Jams&Honey",Pasta,Fruit Rings 250grams,Cornexi,36.0,36.0,1.0,250.0,2026-05-25
ZB63FEB5B966B98E7A90DZ,noon,Grocery,"creal,oats,Jams&Honey",Honey,Citrus Honey 2.2kg,Imtenan,687.0,687.0,1.0,2200.0,2026-05-25
N28548504A,noon,Grocery,"creal,oats,Jams&Honey",Oats,High Fibre Oats Flakes 500grams,Sante,133.0,133.0,1.0,500.0,2026-05-25
ZC61DF738357B6F3296C9Z,noon,Grocery,"creal,oats,Jams&Honey",Butter,Crunchy Peanut Butter 320g,Haj Arafa,112.0,112.0,1.0,320.0,2026-05-25
Z6A8CACC9AD838D13AC9EZ,noon,Grocery,"creal,oats,Jams&Honey",Spreads,Healthy Spread  Chocolate Original with Hazelnut 375 gm,Milkato,200.0,200.0,1.0,375.0,2026-05-25
ZFF638991D748CB593F57Z,noon,Grocery,"creal,oats,Jams&Honey",Spreads,"Chocolate spread from X Spread with natural hazelnut pieces, 350 g.",Mozn,90.0,90.0,1.0,350.0,2026-05-25
ZA31487989356E91E27EEZ,noon,Grocery,"creal,oats,Jams&Honey",Spreads,Speculoos Biscuits Spread 380 gm,Milkato,171.0,171.0,1.0,380.0,2026-05-25
N30328302A,noon,Grocery,"creal,oats,Jams&Honey",Oats,Whey Protein Oats 500grams,Kayy,105.0,105.0,1.0,500.0,2026-05-25
ZED330BB26A58F6584666Z,noon,Grocery,"creal,oats,Jams&Honey",Spreads,Healthy Spread Chocolate Extra Nuts with Hazelnut Pieces 375 gm,Milkato,216.0,216.0,1.0,375.0,2026-05-25
Z5D5E063D2FE1C5D29D54Z,noon,Grocery,"creal,oats,Jams&Honey",Honey,Saegh honey with nuts 250g,Saegh,137.0,137.0,1.0,250.0,2026-05-25
Z67E4983F4C7BB9BE04B1Z,noon,Grocery,"creal,oats,Jams&Honey",Milk,Maxtella Chocolate Hazelnut Spread – 450g Jar – Rich Creamy Chocolate with Premium Hazelnuts,Maxtella,94.99,94.99,1.0,450.0,2026-05-25
Z6BE59A081E5D6B7F1A38Z,noon,Grocery,"creal,oats,Jams&Honey",Spreads,Chocolate Hazelnut Crunchy Spread 300g,El Bawadi,106.0,106.0,1.0,300.0,2026-05-25
N42868058A,noon,Grocery,"creal,oats,Jams&Honey",Oats,Oat Flakes 500grams,Class A,72.0,72.0,1.0,500.0,2026-05-25
N29595074A,noon,Grocery,"creal,oats,Jams&Honey",Jams,Vitrac Fig Light Jam 220grams,Vitrac,40.25,40.25,1.0,220.0,2026-05-25
N12280411A,noon,Grocery,"creal,oats,Jams&Honey",Cereal,Tropical Flavour Muesli 350grams,Sante,136.0,136.0,1.0,350.0,2026-05-25
ZB252F3214C55179FD316Z,noon,Grocery,"creal,oats,Jams&Honey",Spreads,Arkan Halawa with Chocolate – 400g Sweet Sesame Dessert – Authentic Middle Eastern Confection,Arkan,105.0,105.0,1.0,300.0,2026-05-25
ZE5677A7D35E3C270D968Z,noon,Grocery,"creal,oats,Jams&Honey",Spreads,El Mordjene - Gourmet Hazelnut Spread - 700gm,El Mordjene,699.75,699.75,1.0,700.0,2026-05-25
Z7D8121EA1810BFD73D47Z,noon,Grocery,"creal,oats,Jams&Honey",Honey,Egyptian Mountain Sidr Honey 2.2kg,Imtenan,1676.0,1676.0,1.0,2200.0,2026-05-25
ZFBAA6308D770B54DA4EFZ,noon,Grocery,"creal,oats,Jams&Honey",Spreads,Luxury Coconut and Almond Chocolate Gift Box - 15 Pieces - 156g,Ferrero,690.0,690.0,1.0,156.0,2026-05-25
N35958675A,noon,Grocery,"creal,oats,Jams&Honey",Butter,Crunchy Peanut Butter 510grams,Dobella,126.0,126.0,1.0,510.0,2026-05-25
Z8EBDB4E55C3020B9E4EEZ,noon,Grocery,"creal,oats,Jams&Honey",Butter,"Abu Auf Peanut Butter No Added Sugar , 330 gm",Abu Auf,169.9,169.9,1.0,330.0,2026-05-25
N52906986A,noon,Grocery,"creal,oats,Jams&Honey",Honey,Greek Honey 455grams,Attiki,964.0,964.0,1.0,455.0,2026-05-25
Z02D1837EDABC2817543EZ,noon,Grocery,"creal,oats,Jams&Honey",Milk,Pistachio Spread Cream 1 KG,Asmacup,585.0,585.0,1.0,1000.0,2026-05-25
ZAD6B876D43B1D47C3F8CZ,noon,Grocery,"creal,oats,Jams&Honey",Milk,"Max tilla Hazelnut and Chocolate Spread Savings Bundle - 3 Packs x 900g (Total 2.7kg) - Rich Flavor & Creamy Texture, Perfect for Sandwiches, Crepes and Desserts",Maxtella,480.0,480.0,1.0,2700.0,2026-05-25
Z474CCC0F72DEAA126622Z,noon,Grocery,"creal,oats,Jams&Honey",Spreads,Chocolate Hazelnut Spread 350g,Asmacup,108.0,108.0,1.0,350.0,2026-05-25
Z44F7310633693BD7AD3DZ,noon,Grocery,"creal,oats,Jams&Honey",Spreads,Imported Ferrero Rocher Chocolate - 16 Pieces - 200g - Rich Hazelnut Flavour,Ferrero,495.0,495.0,1.0,200.0,2026-05-25
Z1DDAB03A25D4D659BE9FZ,noon,Grocery,"creal,oats,Jams&Honey",Milk,Gold Hazelnuts Cream 350 gm,Milkato,180.0,180.0,1.0,350.0,2026-05-25
N28727425A,noon,Grocery,"creal,oats,Jams&Honey",Butter,Peanut Butter With Dark Chocolate 330grams,Abu Auf,173.25,173.25,1.0,330.0,2026-05-25
N42868074A,noon,Grocery,"creal,oats,Jams&Honey",Oats,Oats Flour Gluten Free 500grams,Healthy Mill,143.25,143.25,1.0,500.0,2026-05-25
ZD6A2986B2E7A18A67CD2Z,noon,Grocery,"creal,oats,Jams&Honey",Butter,Asmacup peanut butter Spread 900 gm,Asmacup,211.5,211.5,1.0,900.0,2026-05-25
N29595072A,noon,Grocery,"creal,oats,Jams&Honey",Jams,Strawberry Light Jam 220grams,Vitrac,40.25,40.25,1.0,220.0,2026-05-25
ZE3E1CD3F48950B0F6608Z,noon,Grocery,"creal,oats,Jams&Honey",Cereal,Healthy Matcha Granola 275G,Greenuts,239.0,239.0,1.0,275.0,2026-05-25
N35958674A,noon,Grocery,"creal,oats,Jams&Honey",Butter,Creamy Peanut Butter 510grams,Dobella,126.0,126.0,1.0,510.0,2026-05-25
Z3EC07756F9105745FAB9Z,noon,Grocery,"creal,oats,Jams&Honey",Honey,Squeez Honey 1000g,Saegh,230.0,230.0,1.0,1000.0,2026-05-25
N42868004A,noon,Grocery,"creal,oats,Jams&Honey",Cereal,Fit Granola Strawberry And Cherry 300grams,Sante,208.25,208.25,1.0,300.0,2026-05-25
Z4BA27EF7129F14D5CBC5Z,noon,Grocery,"creal,oats,Jams&Honey",Spreads,Maxtella Chocolate Hazelnut Spread - 320g,Maxtella,99.99,99.99,1.0,320.0,2026-05-25
Z1ACFB0C3E83A7BF8B5E2Z,noon,Grocery,"creal,oats,Jams&Honey",Spreads,Pistachio spread 200 grams,Fishes,179.1,179.1,1.0,200.0,2026-05-25
Z8F11FD8CFB38F18461BBZ,noon,Grocery,"creal,oats,Jams&Honey",Milk,Rocher spread Cream  Irresistible Luxurious Rocher Goodness 350 gm,Asmacup,162.0,162.0,1.0,350.0,2026-05-25
N42868072A,noon,Grocery,"creal,oats,Jams&Honey",Oats,Gluten Free Whole Grain Oats 500grams,Healthy Mill,146.75,146.75,1.0,500.0,2026-05-25
ZA70C3813CDAB9E571AC3Z,noon,Grocery,"creal,oats,Jams&Honey",Milk,Rotus Spread Cream – Cinnamon & Caramel Flavor – Smooth & Creamy Dessert Filling – Family Snack – 350g,Rotus,95.0,95.0,1.0,350.0,2026-05-25
N12280412A,noon,Grocery,"creal,oats,Jams&Honey",Cereal,Crunchy Classic Crispy Cereal Flakes 350grams,Sante,121.0,121.0,1.0,350.0,2026-05-25
ZEA15FD7AA5FE5BC44BFEZ,noon,Grocery,"creal,oats,Jams&Honey",Butter,Creamy Peanut Butter 320g,Haj Arafa,112.0,112.0,1.0,320.0,2026-05-25
Z494C85084FCD5952D8E5Z,noon,Grocery,"creal,oats,Jams&Honey",Milk,Max Tella Hazelnut and Cocoa Chocolate Spread - Rich Creamy Texture for Breakfast & Desserts - Value Pack 900g,Maxtella,175.0,175.0,1.0,1800.0,2026-05-25
ZB8E7C8AF706E781CD731Z,noon,Grocery,"creal,oats,Jams&Honey",Spreads,Hazelnut Chocolate Spread 900g,Asmacup,179.1,179.1,1.0,900.0,2026-05-25
ZE10514430A1B47023A5EZ,noon,Grocery,"creal,oats,Jams&Honey",Tea,Pomegranate Molasses  540 Gram,Dobella,77.0,77.0,1.0,540.0,2026-05-25
N28548501A,noon,Grocery,"creal,oats,Jams&Honey",Spreads,Crunchy Banana With Chocolate 350grams,Sante,149.0,149.0,1.0,350.0,2026-05-25
Z44A8181C9AC111A8AAFCZ,noon,Grocery,"creal,oats,Jams&Honey",Spreads,asmacup White Chocolate Oreo Spread 900 gm,Asmacup,202.5,202.5,1.0,900.0,2026-05-25
ZC750D224D5CF2F421655Z,noon,Grocery,"creal,oats,Jams&Honey",Spreads,Keto Coconut Chocolate Bar 60 grams,Healthy & Tasty,100.0,100.0,1.0,60.0,2026-05-25
N35958663A,noon,Grocery,"creal,oats,Jams&Honey",Oats,Oat Flakes 500grams,Mega Foods,72.0,72.0,1.0,500.0,2026-05-25
N52490743A,noon,Grocery,"creal,oats,Jams&Honey",Honey,Pure Honey Squeeze 450g,Isis,152.0,152.0,1.0,500.0,2026-05-25
N35958764A,noon,Grocery,"creal,oats,Jams&Honey",Spreads,Chocolate Topping 250grams,Solo,61.0,61.0,1.0,250.0,2026-05-25
Z972669CC840EB3544899Z,noon,Grocery,"creal,oats,Jams&Honey",Grains,Greenuts Bran Flakes High-Fiber Breakfast Cereal 250g – Healthy Wheat Bran Flakes for Digestive Support,Greenuts,99.0,99.0,1.0,250.0,2026-05-25
N44900122A,noon,Grocery,"creal,oats,Jams&Honey",Milk,Marroni Chestnut Cream 340grams,Menz&Gasser,138.0,138.0,1.0,340.0,2026-05-25
Z95782E5C2ECA73E3A8D6Z,noon,Grocery,"creal,oats,Jams&Honey",Honey,Pure Black Seed Honey – Kidney Support & Natural Protection 200g,Wadyan,166.5,166.5,1.0,200.0,2026-05-25
Z1E2A9A99EFBB2BB80B37Z,noon,Grocery,"creal,oats,Jams&Honey",Butter,Protein Bar Peanut Butter 70 gm,Abu Auf,61.0,61.0,1.0,70.0,2026-05-25
N28992059A,noon,Grocery,"creal,oats,Jams&Honey",Honey,Pure Honey 250grams,Isis,94.0,94.0,1.0,250.0,2026-05-25
Z92F2187B0188A9587163Z,noon,Grocery,"creal,oats,Jams&Honey",Spreads,Pistachio Spread 350 gm ( Premium Quality ),Milkato,324.0,324.0,1.0,350.0,2026-05-25
N42868000A,noon,Grocery,"creal,oats,Jams&Honey",Cereal,Gold Granola With Chocolate And Orange 300grams,Sante,228.0,228.0,1.0,300.0,2026-05-25
ZF1AA20DF3DAFAAB8DE62Z,noon,Grocery,"creal,oats,Jams&Honey",Honey,Bee Immunity Honey Propolis 170 grams,Imtenan,296.5,296.5,1.0,170.0,2026-05-25
ZBAC47AFBE9D043CC1535Z,noon,Grocery,"creal,oats,Jams&Honey",Spreads,Classic Chocolate Spread With hazelnut 900g,Milkato,270.0,270.0,1.0,900.0,2026-05-25
Z3D684EC7B8F717AB7B3CZ,noon,Grocery,"creal,oats,Jams&Honey",Honey,Nawara honey with honey 450 g,Shana Nature House,126.0,126.0,1.0,470.0,2026-05-25
ZBB71302CCE11CDD170BDZ,noon,Grocery,"creal,oats,Jams&Honey",Butter,"Max Tella - Smooth Hazelnut Chocolate Cream - Rich Cocoa Butter & Hazelnut Spread - Family Pack (Specify Weight, e.g., 1kg)",Maxtella,175.0,175.0,1.0,900.0,2026-05-25
N52422171A,noon,Grocery,"creal,oats,Jams&Honey",Honey,Clover Honey 500ml,Al Shifa,134.0,134.0,1.0,500.0,2026-05-25
Z36C57E37CA4AC2B6E7D1Z,noon,Grocery,"creal,oats,Jams&Honey",Honey,Citrus Blossom Honey 950g,Shana Nature House,254.0,254.0,1.0,950.0,2026-05-25
N42652944A,noon,Grocery,"creal,oats,Jams&Honey",Milk,Coconut And Milk Chocolate Protein Vitamin Bar 50grams,Sante,75.0,75.0,1.0,50.0,2026-05-25
N29595052A,noon,Grocery,"creal,oats,Jams&Honey",Jams,Vitrac Mix Starwberry and Raspberry Jam - 430grams,Vitrac,54.5,54.5,1.0,430.0,2026-05-25
N29153210A,noon,Grocery,"creal,oats,Jams&Honey",Oats,Oats + Turmeric And Ginger 500grams,Kayy,87.0,87.0,1.0,500.0,2026-05-25
Z9C154494B856CF817029Z,noon,Grocery,"creal,oats,Jams&Honey",Cereal,Cereal Bars Strawberry Flavor - 168 Gram,Lino,97.0,97.0,1.0,2352.0,2026-05-25
ZCD8411394F6385FDF8D7Z,noon,Grocery,"creal,oats,Jams&Honey",Honey,Spring Flowers Honey Squeezed 450grams,Imtenan,118.0,118.0,1.0,450.0,2026-05-25
Z7200C73618FAC873CB34Z,noon,Grocery,"creal,oats,Jams&Honey",Spreads,Plain Date Spread 230g,Abu Auf,113.0,113.0,1.0,230.0,2026-05-25
N40201453A,noon,Grocery,"creal,oats,Jams&Honey",Oats,High Protein Instant Apple Oat Meal 300grams,Kayy,70.25,70.25,1.0,300.0,2026-05-25
N29595061A,noon,Grocery,"creal,oats,Jams&Honey",Jams,Vitrac Fig Jam 850grams,Vitrac,107.0,107.0,1.0,850.0,2026-05-25
ZFAD04B16FAF5E34F0A38Z,noon,Grocery,"creal,oats,Jams&Honey",Milk,Tasbera Crunchy Hazelnuts Cream with Cocoa 350 gm,Milkato,180.0,180.0,1.0,350.0,2026-05-25
N28727408A,noon,Grocery,"creal,oats,Jams&Honey",Butter,Peanut Butter 330grams,Abu Auf,162.25,162.25,1.0,330.0,2026-05-25
Z5659E8A4B6070A5B0D7AZ,noon,Grocery,"creal,oats,Jams&Honey",Spreads,Nutella Food Service - Hazelnut Spread with Cocoa - Professional & Bulk Size 3 kg,Nutella,3100.0,3100.0,1.0,3000.0,2026-05-25
Z4AD066C7E02648C47170Z,noon,Grocery,"creal,oats,Jams&Honey",Honey,Nawara Clover Honey Hexagonal 250grams,Imtenan,71.75,71.75,1.0,250.0,2026-05-25
Z840D6CC4BDB7B7743AF8Z,noon,Grocery,"creal,oats,Jams&Honey",Honey,Citrus Honey 420 grams,El Bawadi,108.25,108.25,1.0,420.0,2026-05-25
Z90FDA044BD6F5D1B53C9Z,noon,Grocery,"creal,oats,Jams&Honey",Jams,Strawberry Jam 650 grams,Al Bawadi,54.25,54.25,1.0,650.0,2026-05-25
Z106AF01A51A49A519394Z,noon,Grocery,"creal,oats,Jams&Honey",Butter,Coconut butter 375g,Healthy & Tasty,340.0,340.0,1.0,375.0,2026-05-25
Z87A88CD2BFDAB9905D67Z,noon,Grocery,"creal,oats,Jams&Honey",Honey,Clover Blossom Honey- 225 grams,Royal,70.0,70.0,1.0,225.0,2026-05-25
Z57CB71403CA460DF2253Z,noon,Grocery,"creal,oats,Jams&Honey",Pasta,Protein Fruits Rings 250g,Real,76.0,76.0,1.0,250.0,2026-05-25
ZCBB36BCFEE2D3A11C2ABZ,noon,Grocery,"creal,oats,Jams&Honey",Honey,Clover Blossom Honey Squeeze 450grams,Imtenan,118.0,118.0,1.0,450.0,2026-05-25
Z30AF572D625DB3703994Z,noon,Grocery,"creal,oats,Jams&Honey",Butter,Peanut butter -350G,Organic Nation,140.0,140.0,1.0,350.0,2026-05-25
N52103812A,noon,Grocery,"creal,oats,Jams&Honey",Honey,Honey with nuts 250g,Isis,226.0,226.0,1.0,250.0,2026-05-25
Z16E8C5535FEE9C98C912Z,noon,Grocery,"creal,oats,Jams&Honey",Spreads,Dreem Chocolate Spread with Natural Hazelnut - 900G,Dreem,337.0,337.0,1.0,900.0,2026-05-25
Z193C56116DDAEE8AC6F6Z,noon,Grocery,"creal,oats,Jams&Honey",Spreads,Peanut Bites 225g,Real,82.0,82.0,1.0,225.0,2026-05-25
Z204C6436FDAB96E54501Z,noon,Grocery,"creal,oats,Jams&Honey",Honey,Wild herbs wonder bee honey 950gm,Wonder Bee Honey,188.0,188.0,1.0,950.0,2026-05-25
Z20CBF2374920CD18088AZ,noon,Grocery,"creal,oats,Jams&Honey",Milk,Hazelnut Milk Chocolate Spread With No Added Sugar 320g,Haj Arafa,201.0,201.0,1.0,320.0,2026-05-25
N30344944A,noon,Grocery,"creal,oats,Jams&Honey",Oats,Oats With Chia 500grams,Healthy Mill,69.0,69.0,1.0,500.0,2026-05-25
Z1FFC8A07D20F957C3EFDZ,noon,Grocery,"creal,oats,Jams&Honey",Spreads,Chewy Bar With Chocolate Chips Flavor - 144 Gram Pack of 6,Lino,81.0,81.0,1.0,1152.0,2026-05-25
Z0504D0D52699454DF1D2Z,noon,Grocery,"creal,oats,Jams&Honey",Butter,Delicia Peanut Butter No Added Sugar 300gm,Hero,136.25,136.25,1.0,300.0,2026-05-25
Z70BB90F84A0B0D28EA5BZ,noon,Grocery,"creal,oats,Jams&Honey",Honey,Clover Flower Honey 780 grams,El Bawadi,217.0,217.0,1.0,780.0,2026-05-25
N35958657A,noon,Grocery,"creal,oats,Jams&Honey",Oats,Oat Flakes Bag 500grams,Dobella,73.0,73.0,1.0,500.0,2026-05-25
N40201455A,noon,Grocery,"creal,oats,Jams&Honey",Oats,High Protein Instant Blueberry Oat Meal 300grams,Kayy,70.25,70.25,1.0,300.0,2026-05-25
ZCDC7AA0A4395934A9142Z,noon,Grocery,"creal,oats,Jams&Honey",Butter,Abu Auf Almond Butter 180 gm,Abu Auf,299.95,299.95,1.0,180.0,2026-05-25
ZF01A4AD64B95D0921A15Z,noon,Grocery,"creal,oats,Jams&Honey",Honey,Hadrami Mountain Sidr Honey 2.25kg,Imtenan,4752.0,4752.0,1.0,2250.0,2026-05-25
Z300054146D1116E474AEZ,noon,Grocery,"creal,oats,Jams&Honey",Jams,Fruit Preserve Fig Jam Glass Jar 340 grams,Halwani Bros,41.0,41.0,1.0,380.0,2026-05-25
Z0D5D29476479C54C88F2Z,noon,Grocery,"creal,oats,Jams&Honey",Honey,Spring Blossom Honey 780 grams,El Bawadi,193.25,193.25,1.0,780.0,2026-05-25
Z1B4F71F11E39A188B54BZ,noon,Grocery,"creal,oats,Jams&Honey",Spreads,Sesame Halawa With Chocolate 530g,Halwani Bros,95.0,95.0,1.0,530.0,2026-05-25
N47961266A,noon,Grocery,"creal,oats,Jams&Honey",Spreads,Spread Chocolate With Mint 475grams,Lavida,125.0,125.0,1.0,475.0,2026-05-25
N35958670A,noon,Grocery,"creal,oats,Jams&Honey",Butter,Creamy Peanut Butter 340grams,Dobella,96.0,96.0,1.0,340.0,2026-05-25
N44807102A,noon,Grocery,"creal,oats,Jams&Honey",Jams,Black Cherry Jam Mini Jar - 28.3grams,Hero,18.0,18.0,1.0,28.3,2026-05-25
ZEAC6F66419662190BE3DZ,noon,Grocery,"creal,oats,Jams&Honey",Honey,Natural Citrus Honey 500g,Haj Arafa,195.0,195.0,1.0,500.0,2026-05-25
ZDB0A4A2B5B2DBFFDDD6BZ,noon,Grocery,"creal,oats,Jams&Honey",Butter,Natural Peanut Butter with Honey — 350 g,Asmacup,126.0,126.0,1.0,350.0,2026-05-25
N30344946A,noon,Grocery,"creal,oats,Jams&Honey",Honey,Advanced Protein Bar - Coconut And Honey 70grams,Asn,45.0,45.0,1.0,70.0,2026-05-25
Z53AE791D18FC1EFFE59EZ,noon,Grocery,"creal,oats,Jams&Honey",Spreads,Guilt Free Chocolate Spread High Protein-370G,Organic Nation,350.0,350.0,1.0,370.0,2026-05-25
N29762167A,noon,Grocery,"creal,oats,Jams&Honey",Butter,Delicia Peanut Butter Creamy - 300grams,Hero,136.25,136.25,1.0,300.0,2026-05-25
N28907202A,noon,Grocery,"creal,oats,Jams&Honey",Oats,Jumbo Oats Can 500grams,Lino,123.0,123.0,1.0,500.0,2026-05-25
Z1265D3E3F576F578F874Z,noon,Grocery,"creal,oats,Jams&Honey",Spreads,Keto Double Chocolate Bar 60 grams,Healthy & Tasty,100.0,100.0,1.0,60.0,2026-05-25
Z6DD80919207A0F22FF46Z,noon,Grocery,"creal,oats,Jams&Honey",Spreads,Date Spread With Hazelnut 230g,Imtenan,140.75,140.75,1.0,230.0,2026-05-25
N52490737A,noon,Grocery,"creal,oats,Jams&Honey",Honey,Pure Black Seed Honey - 450grams,Isis,158.75,158.75,1.0,450.0,2026-05-25
ZB1EBB9F63CE069D383CEZ,noon,Grocery,"creal,oats,Jams&Honey",Spreads,Maxtella Chocolate Hazelnut Spread - 900 Gm,Maxtella,157.5,157.5,1.0,900.0,2026-05-25
N34912219A,noon,Grocery,"creal,oats,Jams&Honey",Oats,Chocolate Puffs With Oats 375grams,Lino,104.0,104.0,1.0,375.0,2026-05-25
N52188264A,noon,Grocery,"creal,oats,Jams&Honey",Butter,Delicia Crunchy Peanut Butter - 300grams,Hero,136.25,136.25,1.0,300.0,2026-05-25
N28548502A,noon,Grocery,"creal,oats,Jams&Honey",Cereal,Fruit Muesli 1kg,Sante,337.0,337.0,1.0,1000.0,2026-05-25
N51893766A,noon,Grocery,"creal,oats,Jams&Honey",Oats,Cooking oats 450grams,Abu Auf,88.25,88.25,1.0,450.0,2026-05-25
Z4BCF2C8B9BB7684D8F8DZ,noon,Grocery,"creal,oats,Jams&Honey",Butter,Chocolate peanut butter 375g,Healthy & Tasty,340.0,340.0,1.0,375.0,2026-05-25
N28852319A,noon,Grocery,"creal,oats,Jams&Honey",Cereal,Muesli Choclate And Hazelunt 375grams,Lino,157.0,157.0,1.0,375.0,2026-05-25
N29595078A,noon,Grocery,"creal,oats,Jams&Honey",Jams,Vitrac Strawberry Jam 230grams,Vitrac,35.0,35.0,1.0,230.0,2026-05-25
Z89D8E02BC3947A4D2F4CZ,noon,Grocery,"creal,oats,Jams&Honey",Honey,Citrus Honey 1kg,Imtenan,344.0,344.0,1.0,1000.0,2026-05-25
Z225CA5CD6423415B34AFZ,noon,Grocery,"creal,oats,Jams&Honey",Spreads,Arkan Chocolate Halawa 300g – Premium Egyptian Sesame Sweet with Chocolate Swirls | Traditional Halva Dessert,Arkan,99.99,99.99,1.0,300.0,2026-05-25
ZD1B3A6318F79D4FF8EE9Z,noon,Grocery,"creal,oats,Jams&Honey",Milk,Apricot Creamy Jam- 350 Gram,El Bawadi,40.0,40.0,1.0,365.0,2026-05-25
Z5C1CAA79693645379F4AZ,noon,Grocery,"creal,oats,Jams&Honey",Honey,Tahina 115g + Black Honey 335 grams,El Bawadi,65.25,65.25,1.0,350.0,2026-05-25
N48663602A,noon,Grocery,"creal,oats,Jams&Honey",Oats,Breakfast Cereals with Oats 500grams,Lino,95.0,95.0,1.0,500.0,2026-05-25
Z608E0BF2AD0E16783B7DZ,noon,Grocery,"creal,oats,Jams&Honey",Spreads,Plain Date Spread 230g,Imtenan,92.5,92.5,1.0,230.0,2026-05-25
N28940007A,noon,Grocery,"creal,oats,Jams&Honey",Jams,Strawberry Fruit Jam 284grams,St.Dalfour,310.0,310.0,1.0,284.0,2026-05-25
Z60340007EC39DC70BC45Z,noon,Grocery,"creal,oats,Jams&Honey",Milk,biscuit Spread Cream 200 Gm,Asmacup,81.0,81.0,1.0,200.0,2026-05-25
ZDBA75E2F0D2782F53A15Z,noon,Grocery,"creal,oats,Jams&Honey",Spreads,Nutella Original Hazelnut & Cocoa Spread – 1000g,Nutella,1200.0,1200.0,1.0,1000.0,2026-05-25
ZE6568F9C9EEB2C485A41Z,noon,Grocery,"creal,oats,Jams&Honey",Honey,Egyptian Mountain Sidr Honey 500 grams,Imtenan,538.5,538.5,1.0,500.0,2026-05-25
N28675993A,noon,Grocery,"creal,oats,Jams&Honey",Butter,Peanut Butter Crunchy - 300grams,Class,98.25,98.25,1.0,300.0,2026-05-25
Z927579C8E3ABEE29D113Z,noon,Grocery,"creal,oats,Jams&Honey",Salt,Nuts Bar Salted Pretzel & Almond Nut 40 grams,Abu Auf,46.0,46.0,1.0,40.0,2026-05-25
ZAE98C63D39DE642433B8Z,noon,Grocery,"creal,oats,Jams&Honey",Butter,Pistachio butter 210g,Healthy & Tasty,440.0,440.0,1.0,210.0,2026-05-25
Z93E5E82262505BF633F0Z,noon,Grocery,"creal,oats,Jams&Honey",Cheese,Secrets Protein Bar-70G-Blueberry Cheese Cake,Organic Nation,75.0,75.0,1.0,70.0,2026-05-25
Z2EAB4EF9E583BE0A8478Z,noon,Grocery,"creal,oats,Jams&Honey",Spreads,Nutella Hazelnut Spread with Cocoa 350g,Nutella,321.0,321.0,1.0,180.0,2026-05-25
ZE3E72499D682525398BFZ,noon,Grocery,"creal,oats,Jams&Honey",Jams,Apricot jam 190 grams,El Bawadi,28.25,28.25,1.0,190.0,2026-05-25
N48663850A,noon,Grocery,"creal,oats,Jams&Honey",Jams,Blackberry Jam Spread 284grams,St.Dalfour,310.0,310.0,1.0,284.0,2026-05-25
N48663851A,noon,Grocery,"creal,oats,Jams&Honey",Jams,Four Fruits Jam Spread 284grams,St.Dalfour,310.0,310.0,1.0,284.0,2026-05-25
N44807100A,noon,Grocery,"creal,oats,Jams&Honey",Jams,Raspberry Jam Mini Jar - 28.3grams,Hero,18.0,18.0,1.0,28.3,2026-05-25
Z3877A6798C29C6FD5E82Z,noon,Grocery,"creal,oats,Jams&Honey",Milk,"Mix Chocolate & Cream Spread — 350 g | Double Flavor Cocoa & Vanilla Swirl | Smooth Texture, Rich Taste, No Palm Oil",Asmacup,126.0,126.0,1.0,350.0,2026-05-25
ZD4EBF3BE2DF8814A069AZ,noon,Grocery,"creal,oats,Jams&Honey",Jams,Fruit Preserve Strawberry Jam Glass Jar 700 grams,Halwani Bros,79.25,79.25,1.0,750.0,2026-05-25
ZF1B4DB1D58BE548C2F0CZ,noon,Grocery,"creal,oats,Jams&Honey",Oats,"Greenuts Pistachio Matcha Granola 300g – Crunchy Oats with Japanese Matcha & Roasted Pistachios, High Fiber Natural Breakfast Cereal",Greenuts,229.0,229.0,1.0,300.0,2026-05-25
Z3B81BFF10B097BC8AA4CZ,noon,Grocery,"creal,oats,Jams&Honey",Honey,Clover Honey 1kg,Imtenan,315.0,315.0,1.0,1000.0,2026-05-25
Z19E93885F59F34985277Z,noon,Grocery,"creal,oats,Jams&Honey",Honey,Honey Nuts 350grams,Imtenan,321.0,321.0,1.0,350.0,2026-05-25
ZF8AB106DAA2F7F26E9A8Z,noon,Grocery,"creal,oats,Jams&Honey",Honey,Wildflower Honey 1kg,Imtenan,332.0,332.0,1.0,1000.0,2026-05-25
N29598752A,noon,Grocery,"creal,oats,Jams&Honey",Jams,Strawberry Jam 340grams,Prima Frutta,160.0,160.0,1.0,340.0,2026-05-25
ZA6189E51D31876991243Z,noon,Grocery,"creal,oats,Jams&Honey",Spreads,Ferrero Nutella Chocolate 600 gm,Nutella,499.95,499.95,1.0,600.0,2026-05-25
N25262586A,noon,Grocery,"creal,oats,Jams&Honey",Jams,Jam With Strawberry Flavor - Light - 320grams,Hero,81.0,81.0,1.0,320.0,2026-05-25
ZEB59A17295F29E4721C2Z,noon,Grocery,"creal,oats,Jams&Honey",Oats,Quick Cooking Oats Set - 300 Gram,Lino,75.25,75.25,1.0,300.0,2026-05-25
Z96387ADE9E475811B05DZ,noon,Grocery,"creal,oats,Jams&Honey",Honey,Nawara Honey 980 grams - 100% natural from Uni Smart Group,Uni Smart Group,200.0,200.0,1.0,980.0,2026-05-25
N29012954A,noon,Grocery,"creal,oats,Jams&Honey",Honey,Clover Honey 750grams,Al Shifa,196.0,196.0,1.0,750.0,2026-05-25
ZA9B3C40B9462B6AC3AF0Z,noon,Grocery,"creal,oats,Jams&Honey",Spreads,Yummies Caramel With Coffee Spread 300g,El Bawadi,75.0,75.0,1.0,300.0,2026-05-25
Z2A5563836B42FDE39755Z,noon,Grocery,"creal,oats,Jams&Honey",Honey,Honey Clover-400G,Organic Nation,140.0,140.0,1.0,400.0,2026-05-25
Z57B46F3A67F08ED1B903Z,noon,Grocery,"creal,oats,Jams&Honey",Butter,Creamy Peanut Butter 360g,Shana,142.0,142.0,1.0,360.0,2026-05-25
N33801898A,noon,Grocery,"creal,oats,Jams&Honey",Honey,Black Seed Honey 400grams,Organic Nation,140.0,140.0,1.0,400.0,2026-05-25
N42554195A,noon,Grocery,"creal,oats,Jams&Honey",Honey,Natural Honey- 225grams,Hero,72.0,72.0,1.0,225.0,2026-05-25
Z7A1301E80FCBD731CFD8Z,noon,Grocery,"creal,oats,Jams&Honey",Honey,Ginger honey 350 grams - 100% natural from Uni Smart Group,Uni Smart Group,110.0,110.0,1.0,350.0,2026-05-25
Z0D8780DC047CAF9EB807Z,noon,Grocery,"creal,oats,Jams&Honey",Honey,Saegh black honey  1200 gm,Saegh,102.0,102.0,1.0,1200.0,2026-05-25
Z300A1F0347FBFBCE998CZ,noon,Grocery,"creal,oats,Jams&Honey",Spreads,Date Spread with Cinnamon 230g,Abu Auf,106.25,106.25,1.0,230.0,2026-05-25
Z6549FFFC3083E464A24AZ,noon,Grocery,"creal,oats,Jams&Honey",Butter,Sokradorf Healthy Roasted Almond Butter – Zero Added Sugar – Natural Almond Spread – 300g,Sokradorf,450.0,450.0,1.0,300.0,2026-05-25
Z04C063AF7520C2DCA56BZ,noon,Grocery,"creal,oats,Jams&Honey",Milk,"Italian Choco Cream – Smooth & Rich Chocolate Spread | Pack of 12 | Perfect for Bread, Pastries & Desserts",Socado,273.75,273.75,1.0,,2026-05-25
Z2FBE6B9D42D3FF025869Z,noon,Grocery,"creal,oats,Jams&Honey",Honey,Thistle Honey Hexagonal 450grams,Imtenan,163.0,163.0,1.0,450.0,2026-05-25
ZD9D0A6CA7B496DA78385Z,noon,Grocery,"creal,oats,Jams&Honey",Honey,Blackseed Honey Hexagonal 250grams,Imtenan,93.5,93.5,1.0,250.0,2026-05-25
Z587C01396C25B3B2A9ACZ,noon,Grocery,"creal,oats,Jams&Honey",Milk,"Al-Jabli Russian White Creamed Honey (Manila Blossom) – Smooth Texture & Sweet Taste, Natural Sugar Alternative – 250 g",Algable,550.0,550.0,1.0,250.0,2026-05-25
Z8B3EF8B7745C02E46C22Z,noon,Grocery,"creal,oats,Jams&Honey",Honey,Al Maeda Honey Blend – Honey Substitute 800 g + 800 g,Saegh,169.0,169.0,1.0,1600.0,2026-05-25
ZF7AA1902B66599EC375CZ,noon,Grocery,"creal,oats,Jams&Honey",Honey,Honey With Beeswax 500g,Haj Arafa,155.0,155.0,1.0,500.0,2026-05-25
ZB6757E682251979B1515Z,noon,Grocery,"creal,oats,Jams&Honey",Milk,"El Mordjene Hazelnut Cream Spread – 700g Jar – Smooth & Creamy Chocolate Hazelnut Spread for Bread, Toast, Desserts, Baking & Sweet Snacks",El Mordjene,899.0,899.0,1.0,700.0,2026-05-25
N28548503A,noon,Grocery,"creal,oats,Jams&Honey",Oats,Oat Flakes 500grams,Sante,91.0,91.0,1.0,500.0,2026-05-25
ZC85B6E60E0C8FC0EF251Z,noon,Grocery,"creal,oats,Jams&Honey",Honey,Summer Flowers Honey 850 gm,Zary,250.0,250.0,1.0,850.0,2026-05-25
ZADB356E5ADE6375C7589Z,noon,Grocery,"creal,oats,Jams&Honey",Jams,Fig jam 350 grams,El Bawadi,43.0,43.0,1.0,350.0,2026-05-25
N28852323A,noon,Grocery,"creal,oats,Jams&Honey",Cereal,Cornflakes Chocolate Puffs 250grams,Lino,82.25,82.25,1.0,250.0,2026-05-25
Z5775D2E62AB16614B101Z,noon,Grocery,"creal,oats,Jams&Honey",Honey,Nawara Honey 344 grams - 100% natural from Uni Smart Group,Uni Smart Group,60.0,60.0,1.0,344.0,2026-05-25
N28907195A,noon,Grocery,"creal,oats,Jams&Honey",Pasta,Honey Rings With Oats 250grams,Lino,75.25,75.25,1.0,250.0,2026-05-25
N42307145A,noon,Grocery,"creal,oats,Jams&Honey",Spreads,Halawa Spread 285grams,El Bawadi,71.25,71.25,1.0,285.0,2026-05-25
ZC314ED96277B6AC2BA49Z,noon,Grocery,"creal,oats,Jams&Honey",Honey,Marjoram Natural Honey - 450 grams,Royal,138.0,138.0,1.0,450.0,2026-05-25
Z390CEFB240D8712B887FZ,noon,Grocery,"creal,oats,Jams&Honey",Honey,Marjoram Natural Honey - 450 grams,Royal,138.0,138.0,1.0,450.0,2026-05-25
Z6C823F146EAA49E0BB62Z,noon,Grocery,"creal,oats,Jams&Honey",Oats,Instant White Oats 500 gm,Zary,77.0,77.0,1.0,500.0,2026-05-25
Z5F1F72F8A87A1268A9C1Z,noon,Grocery,"creal,oats,Jams&Honey",Honey,Honey with nuts 500 grams - 100% natural from Uni Smart Group,Uni Smart Group,200.0,200.0,1.0,500.0,2026-05-25
ZFAA6AFE1AD53F6BDC1A4Z,noon,Grocery,"creal,oats,Jams&Honey",Spreads,Halawah Spread Keto - Diet - Zero Sugar - 350 gram,Keto Rockets,425.0,425.0,1.0,350.0,2026-05-25
N49538578A,noon,Grocery,"creal,oats,Jams&Honey",Butter,Peanut Butter Crunchy Diet m 340grams,Dobella,98.0,98.0,1.0,340.0,2026-05-25
ZCC6B577C6F820F638F8FZ,noon,Grocery,"creal,oats,Jams&Honey",Milk,Hazelnut And Cocoa Cream Spreads 300- 315 Gram,Boboo,115.0,115.0,1.0,315.0,2026-05-25
N29779382A,noon,Grocery,"creal,oats,Jams&Honey",Jams,Blueberry Jam 340grams,Prima Frutta,185.0,185.0,1.0,340.0,2026-05-25
Z014B432297C03B0E2E51Z,noon,Grocery,"creal,oats,Jams&Honey",Honey,Citrus Blossom Honey- 125 grams,Royal,63.0,63.0,1.0,125.0,2026-05-25
N29762006A,noon,Grocery,"creal,oats,Jams&Honey",Jams,Vitrac Strawberry Jam - 430grams,Vitrac,58.75,58.75,1.0,430.0,2026-05-25
N28907189A,noon,Grocery,"creal,oats,Jams&Honey",Butter,Creamy Peanut Butter 340grams,Lino,153.0,153.0,1.0,340.0,2026-05-25
N30856912A,noon,Grocery,"creal,oats,Jams&Honey",Jams,Apricot Jam 360grams,Add-Me,36.0,36.0,1.0,360.0,2026-05-25
N27747763A,noon,Grocery,"creal,oats,Jams&Honey",Oats,Crispy Bar Granola Chocolate & Oats 40grams,Sante,32.0,32.0,1.0,40.0,2026-05-25
Z1B3232449080167F5776Z,noon,Grocery,"creal,oats,Jams&Honey",Butter,Peanut butter with honey -350G,Organic Nation,120.0,120.0,1.0,350.0,2026-05-25
Z6A7F08F668705F929DF5Z,noon,Grocery,"creal,oats,Jams&Honey",Butter,Creamy Peanut Butter - 340 grams,Ruparel'S,162.0,162.0,1.0,340.0,2026-05-25
ZF0EC57FBB2013037A24DZ,noon,Grocery,"creal,oats,Jams&Honey",Honey,Squeeze Citrus Blossom Honey 450grams,Imtenan,138.0,138.0,1.0,450.0,2026-05-25
N52087646A,noon,Grocery,"creal,oats,Jams&Honey",Honey,Honey Pure +Free Honey Pure 750+250grams,Isis,270.25,270.25,1.0,100.0,2026-05-25
ZC802F59B84A0C4FD32BAZ,noon,Grocery,"creal,oats,Jams&Honey",Butter,Peanut butter 375g,Healthy & Tasty,300.0,300.0,1.0,375.0,2026-05-25
ZF77C0AD2F4278187555FZ,noon,Grocery,"creal,oats,Jams&Honey",Jams,Strawberry Zero Sugar Jam  300 grams,Florentine Foods,198.0,198.0,1.0,300.0,2026-05-25
N27747729A,noon,Grocery,"creal,oats,Jams&Honey",Spreads,Crunchy Plum Chocolate Bar 40grams,Sante,28.0,28.0,1.0,40.0,2026-05-25
N30328249A,noon,Grocery,"creal,oats,Jams&Honey",Butter,Peanut Butter Soft 300grams,Class A,99.0,99.0,1.0,300.0,2026-05-25
Z1BD86CCFB33E2F6292E6Z,noon,Grocery,"creal,oats,Jams&Honey",Honey,"Egyptian Royal Clover Honey, 100% Natural Bee Honey - 450g",Egyptian Royal Honey,139.99,139.99,1.0,450.0,2026-05-25
Z5EAE413FF2DC89648A78Z,noon,Grocery,"creal,oats,Jams&Honey",Honey,Marjoram Natural Honey - 125 grams,Royal,50.0,50.0,1.0,125.0,2026-05-25
ZBBDAF9A2445009052FEBZ,noon,Grocery,"creal,oats,Jams&Honey",Honey,Clover Flower Honey 420 grams,El Bawadi,108.25,108.25,1.0,420.0,2026-05-25
N29595073A,noon,Grocery,"creal,oats,Jams&Honey",Jams,Apricot Light Jam 220grams,Vitrac,44.25,44.25,1.0,220.0,2026-05-25
N52103813A,noon,Grocery,"creal,oats,Jams&Honey",Honey,walnuts honey 250grams,Isis,154.0,154.0,1.0,250.0,2026-05-25
Z6DBE11659E1A74BA43D1Z,noon,Grocery,"creal,oats,Jams&Honey",Spreads,Kunafa Crunchy Halva Spread 300g,El Bawadi,75.0,75.0,1.0,300.0,2026-05-25
ZE81DFC6C7E97AD64F005Z,noon,Grocery,"creal,oats,Jams&Honey",Honey,Nawara Al Clover Honey 750 g - 100% Natural from Uni Smart Group,Uni Smart Group,150.0,150.0,1.0,750.0,2026-05-25
ZE09D101DE46BC0A5A403Z,noon,Grocery,"creal,oats,Jams&Honey",Honey,"Imtenan Super Immune Honey with Vanilla for Immune Support, 380g",Imtenan,251.0,251.0,1.0,380.0,2026-05-25
Z949EBF1FC49CF7EEEF25Z,noon,Grocery,"creal,oats,Jams&Honey",Honey,Super Immune Honey Chocolate falvor 380grams,Imtenan,178.0,178.0,1.0,380.0,2026-05-25
Z49A1EB88C0682E02ABD9Z,noon,Grocery,"creal,oats,Jams&Honey",Spices,Rotus Caramel and Cinnamon Biscuit Topping Sauce - 350g,Rotus,99.99,99.99,1.0,350.0,2026-05-25
ZE29265BE959BFAC84A66Z,noon,Grocery,"creal,oats,Jams&Honey",Spreads,Nuts Bar Cocoa & Hazelnut 40 grams,Abu Auf,63.0,63.0,1.0,40.0,2026-05-25
N33801899A,noon,Grocery,"creal,oats,Jams&Honey",Honey,Citrus Honey 400grams,Organic Nation,140.0,140.0,1.0,400.0,2026-05-25
Z1A1AE525F6D0937A997BZ,noon,Grocery,"creal,oats,Jams&Honey",Honey,Mariam honey - 15 sachets x 15 grams - from Uni Smart Group,Uni Smart Group,350.0,350.0,1.0,,2026-05-25
N51029376A,noon,Grocery,"creal,oats,Jams&Honey",Oats,High Protein Oats With Pumpkin Spice Latte 300grams,Kayy,86.0,86.0,1.0,300.0,2026-05-25
Z0B0DEB17D996C9EEFF4FZ,noon,Grocery,"creal,oats,Jams&Honey",Spreads,gotella Dark Chocolate Spread 425 gm,Gotella Chocolate,225.0,225.0,1.0,425.0,2026-05-25
ZD5E785018BE5ADCDA9BCZ,noon,Grocery,"creal,oats,Jams&Honey",Spreads,"Chocolate spread from X Spread with natural hazelnut pieces, 850 g",Mozn,170.0,170.0,1.0,850.0,2026-05-25
ZDCA9E83A99EF2A61D19EZ,noon,Grocery,"creal,oats,Jams&Honey",Butter,Crunchy Peanut Butter 340g,Ruparel'S,148.5,148.5,1.0,340.0,2026-05-25
Z1856E9003057B2FE7494Z,noon,Grocery,"creal,oats,Jams&Honey",Honey,Curcumin honey 350 grams - 100% natural from Uni Smart Group,Uni Smart Group,110.0,110.0,1.0,350.0,2026-05-25
ZE0B95FC4F2337246F2ECZ,noon,Grocery,"creal,oats,Jams&Honey",Yogurt,"B.LABAN Spread Cream Hazelnut Chocolate ,80gm  Pack of 2",B.Laban,108.0,108.0,1.0,160.0,2026-05-25
N27747730A,noon,Grocery,"creal,oats,Jams&Honey",Cereal,Crunchy Cranberry & Raspberry muesli Bar 40grams,Sante,38.0,38.0,1.0,40.0,2026-05-25
ZA6BC5E9956A35BDB010AZ,noon,Grocery,"creal,oats,Jams&Honey",Milk,Mix Strawberry & Cream Spread — 350 g,Asmacup,99.0,99.0,1.0,350.0,2026-05-25
N43878351A,noon,Grocery,"creal,oats,Jams&Honey",Honey,Marjoram Honey 400grams,Organic Nation,160.0,160.0,1.0,400.0,2026-05-25
Z795BCD78E06015767242Z,noon,Grocery,"creal,oats,Jams&Honey",Honey,Clover Flower Honey 225 grams,El Bawadi,57.25,57.25,1.0,225.0,2026-05-25
Z8B35BBBBFB3853AFD847Z,noon,Grocery,"creal,oats,Jams&Honey",Spreads,Date Spread with Coconut 230g,Abu Auf,119.0,119.0,1.0,230.0,2026-05-25
ZA83F170A908FACFBDB61Z,noon,Grocery,"creal,oats,Jams&Honey",Spreads,White Chocolate Squeeze 480 Gm Squeeze Bottle,Asmacup,126.0,126.0,1.0,480.0,2026-05-25
Z232E04EECF1D71FE0550Z,noon,Grocery,"creal,oats,Jams&Honey",Jams,Strawberry Jam 350 grams,Al Bawadi,38.25,38.25,1.0,350.0,2026-05-25
Z2802E012377F7F84EE01Z,noon,Grocery,"creal,oats,Jams&Honey",Honey,Blackseed Honey Hexagonal 450grams,Imtenan,194.0,194.0,1.0,450.0,2026-05-25
N27682640A,noon,Grocery,"creal,oats,Jams&Honey",Jams,Jam With Forest Berry Flavor- Light- 320grams,Hero,136.25,136.25,1.0,320.0,2026-05-25
Z613B56747548FDBAD3E8Z,noon,Grocery,"creal,oats,Jams&Honey",Butter,Chewy Bar With Peanut Butter & Chocolate Chipflavor - 144 Gram Pack of 8,Lino,81.0,81.0,1.0,1152.0,2026-05-25
N52490741A,noon,Grocery,"creal,oats,Jams&Honey",Honey,Wax Honey 250 gm 250grams,Isis,105.75,105.75,1.0,250.0,2026-05-25
Z5313FD71E0F916098976Z,noon,Grocery,"creal,oats,Jams&Honey",Butter,Abu Auf Peanut Butter with Chocolate 330 gm,Abu Auf,199.75,199.75,1.0,330.0,2026-05-25
N35958662A,noon,Grocery,"creal,oats,Jams&Honey",Oats,Oats Quick Cooking 500grams,Mega Foods,72.0,72.0,1.0,500.0,2026-05-25
N39272816A,noon,Grocery,"creal,oats,Jams&Honey",Cereal,Crispy Granola Nuts 350grams,Abu Auf,267.75,267.75,1.0,350.0,2026-05-25
N13421849A,noon,Grocery,"creal,oats,Jams&Honey",Cereal,Caramel And Chocolate Breakfast Cereal 400grams,Nestle,148.0,148.0,1.0,400.0,2026-05-25
ZDACF5E5A566C4C71C543Z,noon,Grocery,"creal,oats,Jams&Honey",Honey,Kashmiri Mountain Sidr Honey 180grams,Imtenan,406.0,406.0,1.0,180.0,2026-05-25
N15224305A,noon,Grocery,"creal,oats,Jams&Honey",Jams,Jam With Blueberry Flavor - 350grams,Hero,107.0,107.0,1.0,350.0,2026-05-25
ZBCB52C38F865DB5C1C22Z,noon,Grocery,"creal,oats,Jams&Honey",Cereal,Cereal Bar With Blue Berry Flavor - 168 Gram,Lino,97.0,97.0,1.0,2352.0,2026-05-25
ZD97BF534F9A9B8957E9DZ,noon,Grocery,"creal,oats,Jams&Honey",Spreads,Raffaello Chocolate Spread 900 gm,Asmacup,198.0,198.0,1.0,900.0,2026-05-25
ZF7E9CDCFB65F90A82D69Z,noon,Grocery,"creal,oats,Jams&Honey",Spreads,Protein Bar Cocoa 70 grams,Imtenan,56.0,56.0,1.0,70.0,2026-05-25
Z1EC67EF950BD8C09E195Z,noon,Grocery,"creal,oats,Jams&Honey",Honey,Citrus Blossom Honey 2 kg,Shana Nature House,428.0,428.0,1.0,2000.0,2026-05-25
Z8A35FF76F33228FF157EZ,noon,Grocery,"creal,oats,Jams&Honey",Cereal,Granola Bar Choclate And Hazelnut,Lino,43.0,43.0,1.0,40.0,2026-05-25
N44807098A,noon,Grocery,"creal,oats,Jams&Honey",Honey,Honey Mini Jar - 28.3grams,Hero,19.0,19.0,1.0,28.3,2026-05-25
N29594932A,noon,Grocery,"creal,oats,Jams&Honey",Milk,Fig Creamy Jam- 350 Gram,El Bawadi,37.0,37.0,1.0,365.0,2026-05-25
Z5BB8C97B1AD937178EFCZ,noon,Grocery,"creal,oats,Jams&Honey",Milk,Fig Creamy Jam- 350 Gram,El Bawadi,37.0,37.0,1.0,365.0,2026-05-25
N27682641A,noon,Grocery,"creal,oats,Jams&Honey",Jams,Hero Jam With Raspberry Flavor- Light - 320grams,Hero,120.0,120.0,1.0,320.0,2026-05-25
ZB0C1004FEED69FE879CEZ,noon,Grocery,"creal,oats,Jams&Honey",Jams,Fruit Preserve Light Diet Orange Jam Glass Jar 340g,Halwani Bros,70.0,70.0,1.0,340.0,2026-05-25
Z196D6B067D87D76EBAADZ,noon,Grocery,"creal,oats,Jams&Honey",Honey,Honey With Nigella Sativa Extract 180grams,Imtenan,93.5,93.5,1.0,180.0,2026-05-25
N29779468A,noon,Grocery,"creal,oats,Jams&Honey",Jams,Vitrac Mango Jam - 430grams,Vitrac,55.0,55.0,1.0,430.0,2026-05-25
N52834422A,noon,Grocery,"creal,oats,Jams&Honey",Jams,Bitter Orange Marmalade Jam Mini Jar - 28.3grams  Single,Hero,15.0,15.0,1.0,28.3,2026-05-25
N40074715A,noon,Grocery,"creal,oats,Jams&Honey",Sugar,Natural Sweetener Molasses 180grams,El Bawadi,19.0,19.0,1.0,180.0,2026-05-25
ZE64BD5CA00592301BF76Z,noon,Grocery,"creal,oats,Jams&Honey",Sauces,Pistachio Premium Sauce 225 Gm,Asmacup,159.3,159.3,1.0,225.0,2026-05-25
ZF589D83E5A75214BBA76Z,noon,Grocery,"creal,oats,Jams&Honey",Milk,Strawberry Creamy Jam- 350Gram,El Bawadi,36.5,36.5,1.0,365.0,2026-05-25
Z171DE4231FF42B7AF25EZ,noon,Grocery,"creal,oats,Jams&Honey",Honey,Kids Blend – Natural Honey Immunity Booster for Kids  (500g),Kids Blend,295.0,295.0,1.0,500.0,2026-05-25
Z511E51177DBF20FC9F62Z,noon,Grocery,"creal,oats,Jams&Honey",Spreads,Chocolate Spread  Keto- Diet- Zero sugar - Healthy - 350 gram,Keto Rockets,435.0,435.0,1.0,350.0,2026-05-25
ZDD36F7F27643EF4986FEZ,noon,Grocery,"creal,oats,Jams&Honey",Honey,Kashmiri Mountain Sidr Honey 2.2kg,Imtenan,3302.0,3302.0,1.0,2200.0,2026-05-25
N44900123A,noon,Grocery,"creal,oats,Jams&Honey",Jams,50% Apricot Jam 340grams,Menz&Gasser,160.0,160.0,1.0,340.0,2026-05-25
Z1BECB4AB3B6E7F3B16B9Z,noon,Grocery,"creal,oats,Jams&Honey",Oats,Bar Oatmeal Protein Cookies 70g,Lino,54.0,54.0,1.0,70.0,2026-05-25
Z5F4EFEEB7EEF55CAF8D2Z,noon,Grocery,"creal,oats,Jams&Honey",Spreads,Chocolate Spread Halawa 150 grams,El Bawadi,40.25,40.25,1.0,150.0,2026-05-25
Z66EC7B1C436B90B1BBECZ,noon,Grocery,"creal,oats,Jams&Honey",Milk,Guilt free Cashew Spread -200G-Cookies N'Cream,Organic Nation,250.0,250.0,1.0,200.0,2026-05-25
N15224494A,noon,Grocery,"creal,oats,Jams&Honey",Jams,Hero Jam With Apricot Flavor- Light - 320grams,Hero,98.75,98.75,1.0,320.0,2026-05-25
N29762539A,noon,Grocery,"creal,oats,Jams&Honey",Jams,Vitrac Blueberry Jam - 430grams,Vitrac,73.0,73.0,1.0,430.0,2026-05-25
N34912220A,noon,Grocery,"creal,oats,Jams&Honey",Pasta,Honey Rings With Oats 375grams,Lino,104.0,104.0,1.0,375.0,2026-05-25
ZDA6625B6071BE8F2500AZ,noon,Grocery,"creal,oats,Jams&Honey",Jams,Apricot jam 650 grams,El Bawadi,63.25,63.25,1.0,650.0,2026-05-25
N29595053A,noon,Grocery,"creal,oats,Jams&Honey",Milk,Vitrac Creamy Strawberry Jam - 430grams,Vitrac,63.0,63.0,1.0,430.0,2026-05-25
ZF30B961149B6EFED69C0Z,noon,Grocery,"creal,oats,Jams&Honey",Spreads,Guilt Free Chocolate Spread High Protein-200G,Organic Nation,225.0,225.0,1.0,200.0,2026-05-25
ZCC38A1758B68877678FAZ,noon,Grocery,"creal,oats,Jams&Honey",Spreads,Guilt Free Chocolate Spread-370G,Organic Nation,275.0,275.0,1.0,370.0,2026-05-25
N29779381A,noon,Grocery,"creal,oats,Jams&Honey",Jams,Blackberries Jam 340grams,Prima Frutta,185.0,185.0,1.0,340.0,2026-05-25
ZC432CED9CA870FFB70F0Z,noon,Grocery,"creal,oats,Jams&Honey",Milk,chocolate sifted roasted hazelnut cream 750 g,Asmacup,359.1,359.1,1.0,750.0,2026-05-25
Z8F39522280136AFAADC0Z,noon,Grocery,"creal,oats,Jams&Honey",Honey,Spring Flower Honey Hexagon 250grams,Imtenan,68.0,68.0,1.0,250.0,2026-05-25
Z612119B1BC0E37CFFF95Z,noon,Grocery,"creal,oats,Jams&Honey",Honey,Hadrami Mountain Sidr Honey 500 grams,Imtenan,1428.0,1428.0,1.0,500.0,2026-05-25
N12280415A,noon,Grocery,"creal,oats,Jams&Honey",Cereal,Granola Crispy Cereal Flakes Chocolate 350grams,Sante,209.0,209.0,1.0,350.0,2026-05-25
Z6FA87E9807890E34956DZ,noon,Grocery,"creal,oats,Jams&Honey",Spreads,Luxury Ferrero Rocher Chocolate Box - 30 Pieces - 375g - The Perfect Gift,Ferrero,1100.0,1100.0,1.0,375.0,2026-05-25
Z356E1CBABDE16381DD70Z,noon,Grocery,"creal,oats,Jams&Honey",Milk,Al Murjan Hazelnut Cream with Cocoa Spread 700 gm,Almarjan,649.0,649.0,1.0,700.0,2026-05-25
N42868017A,noon,Grocery,"creal,oats,Jams&Honey",Cereal,Protein Granola Nuts 300grams,Go On,293.0,293.0,1.0,300.0,2026-05-25
Z55AA474769F4643CC19EZ,noon,Grocery,"creal,oats,Jams&Honey",Milk,Tasbera Crunchy Hazelnuts Cream 350 gm,Milkato,216.0,216.0,1.0,350.0,2026-05-25
ZD89077084214D4A88AD2Z,noon,Grocery,"creal,oats,Jams&Honey",Honey,Clover Honey 2.2kg,Imtenan,657.5,657.5,1.0,2200.0,2026-05-25
N44807103A,noon,Grocery,"creal,oats,Jams&Honey",Jams,Fig Jam Mini Jar - 28.3grams,Hero,15.0,15.0,1.0,28.3,2026-05-25
Z908C151DB5D09AAC001BZ,noon,Grocery,"creal,oats,Jams&Honey",Spreads,Date Spread with Hazelnut 230g,Abu Auf,114.0,114.0,1.0,230.0,2026-05-25
N29598753A,noon,Grocery,"creal,oats,Jams&Honey",Jams,Prima Frutta Mixed Fruit Jam 340grams,Menz&Gasser,172.0,172.0,1.0,340.0,2026-05-25
N29595060A,noon,Grocery,"creal,oats,Jams&Honey",Jams,Vitrac Apricot Jam 850grams,Vitrac,103.0,103.0,1.0,850.0,2026-05-25
N29595079A,noon,Grocery,"creal,oats,Jams&Honey",Jams,Vitrac Apricot Jam 230grams,Vitrac,38.0,38.0,1.0,230.0,2026-05-25
N35958672A,noon,Grocery,"creal,oats,Jams&Honey",Butter,Honey Peanut Butter 340grams,Dobella,173.0,173.0,1.0,340.0,2026-05-25
ZA1EC4843E8A2657ECCDBZ,noon,Grocery,"creal,oats,Jams&Honey",Milk,Sokradorf Peanut Cream with Chocolate 300g  No Added Sugar Creamy Peanut & Cocoa Spread with Coconut Oil,Sokradorf,300.0,300.0,1.0,300.0,2026-05-25
Z908065878B39BA6D893DZ,noon,Grocery,"creal,oats,Jams&Honey",Spreads,Sesame Halawa with Chocolate 250gm,Halwani Bros,61.0,61.0,1.0,250.0,2026-05-25
Z1E794254B56057FD3668Z,noon,Grocery,"creal,oats,Jams&Honey",Jams,Apricot jam 350 grams,Al Bawadi,42.25,42.25,1.0,350.0,2026-05-25
N35958671A,noon,Grocery,"creal,oats,Jams&Honey",Butter,Crunchy Peanut Butter 340grams,Dobella,150.0,150.0,1.0,340.0,2026-05-25
N52103811A,noon,Grocery,"creal,oats,Jams&Honey",Honey,Honey with Almonds 250g,Isis,138.0,138.0,1.0,250.0,2026-05-25
ZA0A2CB8AAA04743196C1Z,noon,Grocery,"creal,oats,Jams&Honey",Honey,Marjoram Honey Hexagon 450grams,Imtenan,129.0,129.0,1.0,450.0,2026-05-25
ZBEC581A5E5910D75414DZ,noon,Grocery,"creal,oats,Jams&Honey",Spreads,Original Ferrero Rocher Chocolate - 8 Pieces - Small Luxury Gift,Ferrero,460.0,460.0,1.0,,2026-05-25
Z809D7213F9064DDE342BZ,noon,Grocery,"creal,oats,Jams&Honey",Butter,Diet Peanut Butter 220g,Shana,112.0,112.0,1.0,220.0,2026-05-25
N27747725A,noon,Grocery,"creal,oats,Jams&Honey",Spreads,Protein Go On Coccoa And Inulin Chocolate Bar 50grams,Sante,75.0,75.0,1.0,50.0,2026-05-25
ZD75B2A666965F8C58013Z,noon,Grocery,"creal,oats,Jams&Honey",Butter,Bar Protein Peanut Butter 70g,Lino,59.0,59.0,1.0,70.0,2026-05-25
Z4D9637C730F22B8CFB6AZ,noon,Grocery,"creal,oats,Jams&Honey",Spreads,"Dobeln Chocolate Dubai Kunafa Filling Spread (1kg, Kunafa Mint)",Cgs,594.0,594.0,1.0,1000.0,2026-05-25
N27682637A,noon,Grocery,"creal,oats,Jams&Honey",Jams,Jam With Black Cherry Flavor - 350grams,Hero,107.0,107.0,1.0,350.0,2026-05-25
Z02067CA0681C4FE3A7DEZ,noon,Grocery,"creal,oats,Jams&Honey",Spreads,Guilt free Cashew Spread -200G-Vanilla Birthday Cake,Organic Nation,250.0,250.0,1.0,200.0,2026-05-25
Z0D1FC96B8EC769C3B387Z,noon,Grocery,"creal,oats,Jams&Honey",Honey,Citrus Honey 225 grams,El Bawadi,57.25,57.25,1.0,225.0,2026-05-25
Z1ADB847E2B7D7430EC2CZ,noon,Grocery,"creal,oats,Jams&Honey",Honey,Natural Clover Honey 400g,Dr. Baby,163.0,163.0,1.0,400.0,2026-05-25
N29762538A,noon,Grocery,"creal,oats,Jams&Honey",Jams,Vitrac Bitter Orange Jam - 430grams,Vitrac,63.25,63.25,1.0,430.0,2026-05-25
N44900107A,noon,Grocery,"creal,oats,Jams&Honey",Jams,50% Cherry  Jam 340grams,Menz&Gasser,172.0,172.0,1.0,340.0,2026-05-25
N29595359A,noon,Grocery,"creal,oats,Jams&Honey",Honey,Extra Honey 250g,Isis,358.0,358.0,1.0,250.0,2026-05-25
N15224306A,noon,Grocery,"creal,oats,Jams&Honey",Jams,Hero Jam With Raspberry Flavor - 350grams,Hero,107.0,107.0,1.0,350.0,2026-05-25
N30856910A,noon,Grocery,"creal,oats,Jams&Honey",Jams,Strawberry Jam 360grams,Add-Me,39.0,39.0,1.0,360.0,2026-05-25
Z4A18CB31F3BB4938DB60Z,noon,Grocery,"creal,oats,Jams&Honey",Honey,Citrus Honey Squeeze 450 grams,Hero,178.0,178.0,1.0,450.0,2026-05-25
ZEFB5D86616CF560C77A7Z,noon,Grocery,"creal,oats,Jams&Honey",Spreads,Nutella Biscuits - Tube Filled with Hazelnut Spread with Cocoa (166g),Nutella,430.0,430.0,1.0,1992.0,2026-05-25
Z326276C63623C7DC5D3FZ,noon,Grocery,"creal,oats,Jams&Honey",Honey,Orange Honey Hexagonal 450grams,Imtenan,138.0,138.0,1.0,450.0,2026-05-25
Z26BC234FAB25773BB351Z,noon,Grocery,"creal,oats,Jams&Honey",Honey,Marjoram Natural Honey - 225 grams,Royal,84.0,84.0,1.0,225.0,2026-05-25
ZDEE62053A4C2BD23E578Z,noon,Grocery,"creal,oats,Jams&Honey",Cereal,Tropical Granola – Pineapple & Coconut – 300g,Greenuts,200.0,200.0,1.0,300.0,2026-05-25
Z4AE18C04FBD616F392B0Z,noon,Grocery,"creal,oats,Jams&Honey",Oats,"Greenuts Tropical Granola Pineapple & Coconut 300g – Crunchy Oats Granola with Real Dried Pineapple & Coconut Flakes, High Fiber Breakfast Cereal",Greenuts,190.0,190.0,1.0,300.0,2026-05-25
N52569753A,noon,Grocery,"creal,oats,Jams&Honey",Spreads,Protein Vanilla Inuli Chocolate Bar 50grams,Go On,75.0,75.0,1.0,50.0,2026-05-25
ZF4F5357C945E030DC476Z,noon,Grocery,"creal,oats,Jams&Honey",Jams,Fruit Preserve Apricot 700gm Jam,Halwani Bros,66.0,66.0,1.0,750.0,2026-05-25
N29779470A,noon,Grocery,"creal,oats,Jams&Honey",Jams,Vitrac Apricot Jam - 430grams,Vitrac,61.0,61.0,1.0,430.0,2026-05-25
N48045637A,noon,Grocery,"creal,oats,Jams&Honey",Oats,Oat Flakes 500grams,Daria,69.0,69.0,1.0,500.0,2026-05-25
N28852316A,noon,Grocery,"creal,oats,Jams&Honey",Cereal,Granola Bar Cocount And Almond 40grams Pack of 4,Lino,207.0,207.0,1.0,160.0,2026-05-25
ZDFBF25BC286D258A64E1Z,noon,Grocery,"creal,oats,Jams&Honey",Spreads,gotella Chocolate Spread With Hazelnut 350 gm,Gotella Chocolate,95.0,95.0,1.0,350.0,2026-05-25
Z48A60ED86A2778CC252DZ,noon,Grocery,"creal,oats,Jams&Honey",Spreads,Halawa Spread With Caramel 150 grams,El Bawadi,39.25,39.25,1.0,150.0,2026-05-25
Z47031864ACF3F6DF7CBCZ,noon,Grocery,"creal,oats,Jams&Honey",Spreads,Yummies Cherry Spread 300g,El Bawadi,75.0,75.0,1.0,300.0,2026-05-25
Z9CCD48197340FA07A214Z,noon,Grocery,"creal,oats,Jams&Honey",Spreads,Halawa Spread With Caramel 285 grams,El Bawadi,74.0,74.0,1.0,285.0,2026-05-25
Z093B5603D4674758ECFCZ,noon,Grocery,"creal,oats,Jams&Honey",Spreads,gotella Bisky Lava White Chocolate Spread With Crunchy Biscuits 60 gm pack 12 pieces,Gotella Chocolate,195.0,195.0,1.0,720.0,2026-05-25
N42554197A,noon,Grocery,"creal,oats,Jams&Honey",Honey,Delicia Spring Blossom Honey - 225grams,Hero,72.0,72.0,1.0,225.0,2026-05-25
Z2235554A2EE1AEADD34FZ,noon,Grocery,"creal,oats,Jams&Honey",Butter,Coconut butter 375g Bundle,Healthy & Tasty,970.0,970.0,1.0,375.0,2026-05-25
Z1C183D2D0500C3715C42Z,noon,Grocery,"creal,oats,Jams&Honey",Honey,Manuka Health-Manuka Honey MGO 115+ 250g,Manuka Health New Zealand Ltd,2299.0,2299.0,1.0,250.0,2026-05-25
Z48758B3F2CA2E7D2EEEFZ,noon,Grocery,"creal,oats,Jams&Honey",Honey,Beeswax Honey With Nuts 500g,Haj Arafa,312.0,312.0,1.0,500.0,2026-05-25
ZBF2328CDF0A41794C5F9Z,noon,Grocery,"creal,oats,Jams&Honey",Honey,Clover Honey 450g,Shana Nature House,122.0,122.0,1.0,450.0,2026-05-25
Z411BEC597614085D203BZ,noon,Grocery,"creal,oats,Jams&Honey",Honey,Ginkgo Honey Hexagonal 450grams,Imtenan,145.0,145.0,1.0,450.0,2026-05-25
ZED520F3ED156ADF29D43Z,noon,Grocery,"creal,oats,Jams&Honey",Honey,Honey With Echinacea Extract 180grams,Imtenan,107.0,107.0,1.0,180.0,2026-05-25
N27682639A,noon,Grocery,"creal,oats,Jams&Honey",Jams,Hero Jam With Black Cherry Flavor - Light - 320grams,Hero,136.0,136.0,1.0,320.0,2026-05-25
N28907187A,noon,Grocery,"creal,oats,Jams&Honey",Butter,High Protein Peanut Butter 340grams,Lino,324.25,324.25,1.0,340.0,2026-05-25
Z75D8E22AB01CFC620485Z,noon,Grocery,"creal,oats,Jams&Honey",Butter,Peanut Butter premium Sauce 750 gm,Asmacup,169.2,169.2,1.0,750.0,2026-05-25
N29598755A,noon,Grocery,"creal,oats,Jams&Honey",Jams,Fichi Fig Jam 340grams,Prima Frutta,160.0,160.0,1.0,340.0,2026-05-25
ZF0A5934A0F1CF47407F7Z,noon,Grocery,"creal,oats,Jams&Honey",Honey,Clover Blossom Honey 250 gm,Imtenan,95.0,95.0,1.0,250.0,2026-05-25
ZA89E8E7D6D3EB7E10B38Z,noon,Grocery,"creal,oats,Jams&Honey",Spreads,"Spread White Chocolate , 1kg",Lavida,178.0,178.0,1.0,1000.0,2026-05-25
N34912208A,noon,Grocery,"creal,oats,Jams&Honey",Oats,Oat Bran Stars 250grams,Lino,76.0,76.0,1.0,250.0,2026-05-25
N33801900A,noon,Grocery,"creal,oats,Jams&Honey",Honey,Sidr Mountain Kashmir Honey 400grams,Organic Nation,750.0,750.0,1.0,400.0,2026-05-25
ZEF2C1E26A57AD9400783Z,noon,Grocery,"creal,oats,Jams&Honey",Honey,Natural Marjoram Honey 500g,Haj Arafa,195.0,195.0,1.0,500.0,2026-05-25
Z2D1D1CE7BA8F5A8CBAE4Z,noon,Grocery,"creal,oats,Jams&Honey",Honey,Energy Honey 500g,Haj Arafa,342.0,342.0,1.0,500.0,2026-05-25
N48663849A,noon,Grocery,"creal,oats,Jams&Honey",Jams,Blackcurrant Jam Spread 284grams,St.Dalfour,310.0,310.0,1.0,284.0,2026-05-25
N52490736A,noon,Grocery,"creal,oats,Jams&Honey",Honey,Pure Honey - 450g,Isis,148.25,148.25,1.0,450.0,2026-05-25
ZAEF2B27047B5DD4C4D87Z,noon,Grocery,"creal,oats,Jams&Honey",Spreads,Lotus Biscoff Spread 400g,Lotus,576.0,576.0,1.0,400.0,2026-05-25
Z3549A169ACBBC335D888Z,noon,Grocery,"creal,oats,Jams&Honey",Butter,Guilt free Hazelnut butter with dark chocolate 200G,Organic Nation,350.0,350.0,1.0,200.0,2026-05-25
N27747728A,noon,Grocery,"creal,oats,Jams&Honey",Spreads,Crunchy Banana Chocolate Bar 40grams,Sante,38.0,38.0,1.0,40.0,2026-05-25
ZC8CC6EE34D58AF3F10EFZ,noon,Grocery,"creal,oats,Jams&Honey",Honey,Saegh black Honey polyethylene 350 g,Saegh,44.0,44.0,1.0,350.0,2026-05-25
ZADD964D14D2C9177BD80Z,noon,Grocery,"creal,oats,Jams&Honey",Spreads,Original chocolate spread 375 grams,Healthy & Tasty,300.0,300.0,1.0,375.0,2026-05-25
N52834424A,noon,Grocery,"creal,oats,Jams&Honey",Jams,Carrot Jam 430grams  Single,Vitrac,55.0,55.0,1.0,430.0,2026-05-25
ZDB5CB324901CD73D317AZ,noon,Grocery,"creal,oats,Jams&Honey",Spreads,Guilt free Almond Spread -200G-Espresso Creme,Organic Nation,250.0,250.0,1.0,200.0,2026-05-25
ZF20A9EB5C8A29EA58EC1Z,noon,Grocery,"creal,oats,Jams&Honey",Butter,"Extra Crunchy Peanut Butter, 454g",Jeff,324.0,324.0,1.0,454.0,2026-05-25
Z9C48B3CFFAEB1845E750Z,noon,Grocery,"creal,oats,Jams&Honey",Spreads,gotella Fun Chocolate Spread With hazelnut 100 gm pack 12 pieces,Gotella Chocolate,295.0,295.0,1.0,1200.0,2026-05-25
N27675268A,noon,Grocery,"creal,oats,Jams&Honey",Jams,Jam With Orange Flavor - 350grams,Hero,73.0,73.0,1.0,350.0,2026-05-25
N52490739A,noon,Grocery,"creal,oats,Jams&Honey",Honey,Pure Marjoram Honey - 250grams,Isis,111.0,111.0,1.0,250.0,2026-05-25
Z3882461DD0F3B7F43EC7Z,noon,Grocery,"creal,oats,Jams&Honey",Spreads,Yummies Ginger And Lemon Spread 300g,El Bawadi,75.0,75.0,1.0,300.0,2026-05-25
Z2A4970DF5D11A95FA992Z,noon,Grocery,"creal,oats,Jams&Honey",Honey,Natural Clover Honey 500g,Haj Arafa,157.0,157.0,1.0,500.0,2026-05-25
N29595082A,noon,Grocery,"creal,oats,Jams&Honey",Honey,Hero Clover Honey - 650grams,Hero,219.0,219.0,1.0,650.0,2026-05-25
N29595083A,noon,Grocery,"creal,oats,Jams&Honey",Honey,Citrus Honey - 650grams,Hero,219.0,219.0,1.0,650.0,2026-05-25
Z8FED04449815361DD037Z,noon,Grocery,"creal,oats,Jams&Honey",Honey,Citrus Blossom Bee Honey 950g,Herbistice,190.0,190.0,1.0,950.0,2026-05-25
N28909707A,noon,Grocery,"creal,oats,Jams&Honey",Oats,White Oats 500grams,Green'S,115.0,115.0,1.0,500.0,2026-05-25
N29761996A,noon,Grocery,"creal,oats,Jams&Honey",Jams,Vitrac Raspberry Jam - 430grams,Vitrac,73.0,73.0,1.0,430.0,2026-05-25
N28940009A,noon,Grocery,"creal,oats,Jams&Honey",Jams,Orange Fruit Jam 284grams,St.Dalfour,310.0,310.0,1.0,284.0,2026-05-25
ZA7ED371762D8C7D40E84Z,noon,Grocery,"creal,oats,Jams&Honey",Spreads,gotella Mini Mango Chocolate Spread 30 gm pack 24 pieces,Gotella Chocolate,195.0,195.0,1.0,720.0,2026-05-25
Z8A5B6FF8DE5765CAC29BZ,noon,Grocery,"creal,oats,Jams&Honey",Jams,Fig jam 190 grams,El Bawadi,29.0,29.0,1.0,190.0,2026-05-25
N48663603A,noon,Grocery,"creal,oats,Jams&Honey",Oats,Breakfast Cereals with Oats 375grams,Lino,104.0,104.0,1.0,375.0,2026-05-25
Z5EA66725E647A6124DA2Z,noon,Grocery,"creal,oats,Jams&Honey",Honey,Al-Nawara honey 500 grams - 100% natural from Uni Smart Group,Uni Smart Group,120.0,120.0,1.0,500.0,2026-05-25
N28907196A,noon,Grocery,"creal,oats,Jams&Honey",Oats,Fruit Puffs Breakfast Cereals With Oats 250grams,Lino,76.0,76.0,1.0,250.0,2026-05-25
N43765118A,noon,Grocery,"creal,oats,Jams&Honey",Jams,Strawberry  Jam 1kg,Add-Me,93.75,93.75,1.0,1000.0,2026-05-25
Z153C20433BD5D2A6FF97Z,noon,Grocery,"creal,oats,Jams&Honey",Honey,Wildflower Honey Hexagonal 450grams,Imtenan,138.0,138.0,1.0,450.0,2026-05-25
Z81AC19207E23742AB3F5Z,noon,Grocery,"creal,oats,Jams&Honey",Spreads,Orange Crispy Spread 300g,El Bawadi,75.0,75.0,1.0,300.0,2026-05-25
ZB407BC855EA597551478Z,noon,Grocery,"creal,oats,Jams&Honey",Honey,Egyptian Sidr Mountain Honey 500g,Haj Arafa,484.95,484.95,1.0,500.0,2026-05-25
ZD4A90268019395F2837BZ,noon,Grocery,"creal,oats,Jams&Honey",Honey,Egyptian Sidr Mountain Honey 500g,Haj Arafa,484.95,484.95,1.0,500.0,2026-05-25
N27675266A,noon,Grocery,"creal,oats,Jams&Honey",Jams,Jam With Strawberry Flavor - 350grams,Hero,73.0,73.0,1.0,350.0,2026-05-25
Z14D5620893A689D35C41Z,noon,Grocery,"creal,oats,Jams&Honey",Spreads,gotella Vegan Chocolate Spread With Hazelnut  425 gm,Gotella Chocolate,95.0,95.0,1.0,425.0,2026-05-25
Z20F40B3311D4C3C046A6Z,noon,Grocery,"creal,oats,Jams&Honey",Spreads,"Spread Strawberry Chocolate , 1kg",Lavida,167.0,167.0,1.0,1000.0,2026-05-25
N28909118A,noon,Grocery,"creal,oats,Jams&Honey",Honey,Royal Jelly Honey 250grams,Isis,330.0,330.0,1.0,250.0,2026-05-25
N28940006A,noon,Grocery,"creal,oats,Jams&Honey",Jams,Black Cherry Fruit Jam 284grams,St.Dalfour,239.0,239.0,1.0,284.0,2026-05-25
Z7205C02B096C71C7E5D3Z,noon,Grocery,"creal,oats,Jams&Honey",Cereal,Granola Bar Apple And Cinnamon 40g,Lino,41.0,41.0,1.0,40.0,2026-05-25
N28909106A,noon,Grocery,"creal,oats,Jams&Honey",Honey,Ginesing Honey 250g,Isis,291.25,291.25,1.0,250.0,2026-05-25
ZE55BAFFFDF1FEC4D6488Z,noon,Grocery,"creal,oats,Jams&Honey",Honey,Pack of 2 White Honey With Glass Jar - 1 kg,Sun Garden,205.0,205.0,1.0,2000.0,2026-05-25
Z41346AB824DF7D75C586Z,noon,Grocery,"creal,oats,Jams&Honey",Spreads,Cashew Spread -275G.-Lotus,Organic Nation,295.0,295.0,1.0,275.0,2026-05-25
Z31399F454202D9FF74FFZ,noon,Grocery,"creal,oats,Jams&Honey",Honey,Herb Flower (Anise) Honey 850 gm,Zary,265.0,265.0,1.0,850.0,2026-05-25
N29469995A,noon,Grocery,"creal,oats,Jams&Honey",Jams,Apricot Jam 284grams,St.Dalfour,310.0,310.0,1.0,284.0,2026-05-25
Z1043F437742F6454ECD6Z,noon,Grocery,"creal,oats,Jams&Honey",Honey,Spring Blossom Honey 420 grams,El Bawadi,108.25,108.25,1.0,420.0,2026-05-25
Z25DADB19C11C8CE5DBDCZ,noon,Grocery,"creal,oats,Jams&Honey",Butter,Chocolate peanut butter 375g Bundle,Healthy & Tasty,970.0,970.0,1.0,375.0,2026-05-25
N34912209A,noon,Grocery,"creal,oats,Jams&Honey",Pasta,Oat Bran Rings 250grams,Lino,76.0,76.0,1.0,250.0,2026-05-25
N44900089A,noon,Grocery,"creal,oats,Jams&Honey",Honey,Honey Hunaja Cheerios 375grams,Nestle,156.0,156.0,1.0,375.0,2026-05-25
ZDC040CC16A63AFC8DDAFZ,noon,Grocery,"creal,oats,Jams&Honey",Spreads,Halawa Spread 150 grams,El Bawadi,37.25,37.25,1.0,150.0,2026-05-25
Z43CE1837892439778C2BZ,noon,Grocery,"creal,oats,Jams&Honey",Sugar,Sugarcane Serum 750 g - 100% Natural from Uni Smart Group,Unismart_Group,77.0,77.0,1.0,750.0,2026-05-25
N27747711A,noon,Grocery,"creal,oats,Jams&Honey",Cereal,Tropical Fruits Muesli 1kg,Sante,421.0,421.0,1.0,1000.0,2026-05-25
Z152FF23558C0F0E532D5Z,noon,Grocery,"creal,oats,Jams&Honey",Spreads,Yummies Hazelnut Spread 300g,El Bawadi,203.0,203.0,1.0,300.0,2026-05-25
N52490740A,noon,Grocery,"creal,oats,Jams&Honey",Honey,Pure Pollen Grain Honey – 250grams,Isis,97.75,97.75,1.0,250.0,2026-05-25
Z939DB65C8AE1550660EDZ,noon,Grocery,"creal,oats,Jams&Honey",Honey,Gum arabic honey 350 grams - 100% natural from Uni Smart Group,Uni Smart Group,85.0,85.0,1.0,350.0,2026-05-25
N28852314A,noon,Grocery,"creal,oats,Jams&Honey",Butter,Peanut Butter Crunchy 340grams,Lino,205.25,205.25,1.0,340.0,2026-05-25
N34912221A,noon,Grocery,"creal,oats,Jams&Honey",Oats,Fruit Puffs With Oats 375grams,Lino,104.0,104.0,1.0,375.0,2026-05-25
Z6C71181BAD3546DAE900Z,noon,Grocery,sauces,Sauces,Sriracha Hot Chili Sauce Extra Hot 740ml  Thai Spicy Sauce with Rich Chili Flavor,Mr.Hung,350.0,350.0,1.0,740.0,2026-05-25
N53320333A,noon,Grocery,sauces,Spices,Taco Topping Sauce Chili Pepper 230grams  Single,Poco Loco,129.5,129.5,1.0,230.0,2026-05-25
Z8E5A9E340165151686FAZ,noon,Grocery,sauces,Sauces,"Red Roaster Hot Sauce, 88ml | Spicy Chili Sauce for Cooking & Condiments | Pack of 1",Louisiana,177.0,177.0,1.0,88.0,2026-05-25
N38961002A,noon,Grocery,sauces,Sauces,Tomato Paste Tin 3kg,Wadi Food,248.0,248.0,1.0,3000.0,2026-05-25
Z9E2C994FFEDDE84E8BE7Z,noon,Grocery,sauces,Sauces,Heinz Dynamite Sauce  225ml,Heinz,233.0,233.0,1.0,225.0,2026-05-25
ZE6726E79667393360DC2Z,noon,Grocery,sauces,Sauces,"Sweet & Sour Sauce 700ml | Tangy Fruity Asian Sauce for Stir-Fry, Marinades & Dipping",Mr.Hung,350.0,350.0,1.0,700.0,2026-05-25
Z01B02F9E91ECC369A04DZ,noon,Grocery,sauces,Sauces,Hand crafted Hot Sauce Lemon 200 GM,Felfelaty,250.0,250.0,1.0,200.0,2026-05-25
Z3E9BD4C5517014C803A4Z,noon,Grocery,sauces,Noodles,"Wasabi Paste Sachets 2.5g Pack of 10 for Sushi, Sashimi, Seafood, Noodles and Meals",Generic,90.0,90.0,1.0,,2026-05-25
Z8A9A09988F18B7E47B38Z,noon,Grocery,sauces,Cheese,Cheddar Daddy Sauce 280 gm - pack of 3,Miam,288.36,288.36,1.0,840.0,2026-05-25
Z706905CEED03D3E6B607Z,noon,Grocery,"creal,oats,Jams&Honey",Spreads,gotella White Chocolate Spread 425 gm,Gotella Chocolate,95.0,95.0,1.0,425.0,2026-05-25
Z27703266F64B86E731C9Z,noon,Grocery,"creal,oats,Jams&Honey",Butter,High protein peanut butter 375g Bundle,Healthy & Tasty,1050.0,1050.0,1.0,250.0,2026-05-25
ZD0E6067724BB078B1CC9Z,noon,Grocery,"creal,oats,Jams&Honey",Honey,Herbistice Natural Bee Honey Citrus Flowers 500g,Herbistice,140.0,140.0,1.0,500.0,2026-05-25
Z1CF4FA91D85707ACCC14Z,noon,Grocery,"creal,oats,Jams&Honey",Honey,Black seed flower honey 950g,Shana Nature House,240.0,240.0,1.0,950.0,2026-05-25
Z4C36145082BFB39C9476Z,noon,Grocery,"creal,oats,Jams&Honey",Honey,Summer Flowers Honey 450 gm,Zary,145.0,145.0,1.0,450.0,2026-05-25
Z106C37C01956B74B52A3Z,noon,Grocery,"creal,oats,Jams&Honey",Honey,Herb Flower (Anise) Honey 450 gm,Zary,160.0,160.0,1.0,450.0,2026-05-25
Z006F12BE30AF90A52A55Z,noon,Grocery,"creal,oats,Jams&Honey",Honey,Arabian Wildflower Honey 850 gm,Zary,815.0,815.0,1.0,850.0,2026-05-25
N29779101A,noon,Grocery,"creal,oats,Jams&Honey",Honey,Greek Honey With Flora And Thyme 500grams,Attiki,1225.0,1225.0,1.0,500.0,2026-05-25
Z0938A8958AB556028D99Z,noon,Grocery,"creal,oats,Jams&Honey",Honey,Anise Honey 500 grams - 100% Natural from Uni Smart Group,Uni Smart Group,130.0,130.0,1.0,500.0,2026-05-25
N29779181A,noon,Grocery,"creal,oats,Jams&Honey",Honey,Greek Forest Honey 500grams,Fino,1021.0,1021.0,1.0,500.0,2026-05-25
N15224304A,noon,Grocery,"creal,oats,Jams&Honey",Jams,Hero Jam With Fig Flavor - 350grams,Hero,73.0,73.0,1.0,350.0,2026-05-25
Z2C24713AF3DC43E68F93Z,noon,Grocery,"creal,oats,Jams&Honey",Honey,Marjoram Honey 500 grams - 100% Natural from Uni Smart Group,Uni Smart Group,122.0,122.0,1.0,500.0,2026-05-25
N29782476A,noon,Grocery,"creal,oats,Jams&Honey",Milk,Vitrac Creamy Fig Jam - 430grams,Vitrac,55.0,55.0,1.0,430.0,2026-05-25
N29595080A,noon,Grocery,"creal,oats,Jams&Honey",Honey,Hero Clover Honey - 365grams,Hero,114.0,114.0,1.0,365.0,2026-05-25
Z2E4EC66F35A0F6C92B35Z,noon,Grocery,"creal,oats,Jams&Honey",Butter,CREAMY PEANUT BUTTER454g,Jif,480.0,480.0,1.0,454.0,2026-05-25
N25262585A,noon,Grocery,"creal,oats,Jams&Honey",Jams,Jam With Mixed Fruits Flavor - 350grams,Hero,73.0,73.0,1.0,350.0,2026-05-25
Z1541941C3E313BC2F9AFZ,noon,Grocery,"creal,oats,Jams&Honey",Honey,"Clover Blossom Honey from Ahla Seha - 865g - 100% Natural, Rich in Vitamins and Minerals",Ahla Seha,201.0,201.0,1.0,865.0,2026-05-25
N38731558A,noon,Grocery,"creal,oats,Jams&Honey",Jams,Strawberry Jams 370grams,Bonne Maman,365.0,365.0,1.0,370.0,2026-05-25
Z9AF95B545AAD05A6CF65Z,noon,Grocery,"creal,oats,Jams&Honey",Honey,Fenugreek Honey 350 g - 100% natural from Uni Smart Group,Uni Smart Group,100.0,100.0,1.0,350.0,2026-05-25
Z90814DAB508E00CE0895Z,noon,Grocery,"creal,oats,Jams&Honey",Spreads,Children's chocolate spread 375 grams Bundle,Healthy & Tasty,850.0,850.0,1.0,375.0,2026-05-25
N42554196A,noon,Grocery,"creal,oats,Jams&Honey",Honey,Hero Citrus Honey - 225grams,Hero,72.0,72.0,1.0,225.0,2026-05-25
ZD892C0855666516319F0Z,noon,Grocery,"creal,oats,Jams&Honey",Spreads,gotella Mango Chocolate Spread 425 gm,Gotella Chocolate,95.0,95.0,1.0,425.0,2026-05-25
ZA635298389A212A4B613Z,noon,Grocery,"creal,oats,Jams&Honey",Honey,ANISE WONDER BEE HONEY 950 GM,Wonder Bee Honey,185.0,185.0,1.0,950.0,2026-05-25
ZDA3EB1DD82ADEB9B92A4Z,noon,Grocery,"creal,oats,Jams&Honey",Honey,Natural Black Seed Bee Honey 500g,Herbistice,140.0,140.0,1.0,500.0,2026-05-25
Z4EF37BAECDAD510682DBZ,noon,Grocery,"creal,oats,Jams&Honey",Honey,Caesar Honey 350 grams - 100% natural from Uni Smart Group,Uni Smart Group,135.0,135.0,1.0,350.0,2026-05-25
N27747764A,noon,Grocery,"creal,oats,Jams&Honey",Oats,Crispy Oat & Honey Granola Bar 40grams,Sante,42.0,42.0,1.0,40.0,2026-05-25
N29594894A,noon,Grocery,"creal,oats,Jams&Honey",Honey,Greek Honey Jar 250grams,Attica,737.0,737.0,1.0,250.0,2026-05-25
Z45788582C91FD52E467EZ,noon,Grocery,"creal,oats,Jams&Honey",Honey,Manuka Health-Manuka Honey MGO 400+ 250g,Manuka Health New Zealand Ltd,3699.0,3699.0,1.0,250.0,2026-05-25
N28940008A,noon,Grocery,"creal,oats,Jams&Honey",Jams,Red Berries Fruit Jam 284grams,St.Dalfour,310.0,310.0,1.0,284.0,2026-05-25
N51181869A,noon,Grocery,"creal,oats,Jams&Honey",Honey,Honey  - Medium Squeeze 270grams,Fino,624.0,624.0,1.0,270.0,2026-05-25
ZEE7060668C69D909E59BZ,noon,Grocery,"creal,oats,Jams&Honey",Honey,Clover Flowers Honey 850 gm,Zary,250.0,250.0,1.0,850.0,2026-05-25
Z74B13A4A4E01DFA47368Z,noon,Grocery,"creal,oats,Jams&Honey",Jams,Premium Imported Royal Jelly (Grade A) - Superior Concentration & Guaranteed Purity to Boost Immunity & Vitality - Original Value Pack.,Oshba,275.0,275.0,1.0,400.0,2026-05-25
ZB7703574EC420B487AABZ,noon,Grocery,"creal,oats,Jams&Honey",Honey,Manuka Health - New Zealand Raw Manuka Honey - MGO 263+ - 500g,Manuka Health,2899.0,2899.0,1.0,500.0,2026-05-25
ZED11EBF27DFBFA5AFC5CZ,noon,Grocery,"creal,oats,Jams&Honey",Rice,"Al-Jabli Egyptian Sidr Honey – 100% Natural Honey, Excellent Quality & Economical Price – 250 g",Algable,370.0,370.0,1.0,250.0,2026-05-25
N29595081A,noon,Grocery,"creal,oats,Jams&Honey",Honey,Hero Citrus Honey - 365grams,Hero,104.0,104.0,1.0,365.0,2026-05-25
ZC44C1AEA991A2730E227Z,noon,Grocery,"creal,oats,Jams&Honey",Honey,Natural Black Seed Honey 500g,Haj Arafa,182.0,182.0,1.0,500.0,2026-05-25
ZDA02F03E4227FDBE3062Z,noon,Grocery,"creal,oats,Jams&Honey",Jams,Apricot jam 190 grams (Pack of 2),El Bawadi,50.0,50.0,1.0,190.0,2026-05-25
ZFD385EB022555DB39DD0Z,noon,Grocery,"creal,oats,Jams&Honey",Honey,"Clover Blossom Honey from Ahla Seha - 450g - 100% Natural, Rich in Vitamins and Minerals, Beneficial for Diabetics, Ideal for Healthy Sweetening and Snacks",Ahla Seha,121.0,121.0,1.0,450.0,2026-05-25
ZDC51FA1CFACCE7F51EDDZ,noon,Grocery,"creal,oats,Jams&Honey",Butter,Peanut butter 375g Bundle,Healthy & Tasty,850.0,850.0,1.0,375.0,2026-05-25
N29779246A,noon,Grocery,"creal,oats,Jams&Honey",Honey,Black Seed Honey 800g,Isis,288.25,288.25,1.0,800.0,2026-05-25
N52188263A,noon,Grocery,"creal,oats,Jams&Honey",Honey,Hero Spring Blossom Honey - 365grams,Hero,130.25,130.25,1.0,365.0,2026-05-25
N29779471A,noon,Grocery,"creal,oats,Jams&Honey",Jams,Fig Jam 230grams,Vitrac,35.0,35.0,1.0,230.0,2026-05-25
Z22F9E1452C8F553ABC9AZ,noon,Grocery,"creal,oats,Jams&Honey",Spreads,gotella Lava Mango Chocolate Spread With Crunchy Biscuits 60 gm pack 12 pieces,Gotella Chocolate,195.0,195.0,1.0,720.0,2026-05-25
N29012952A,noon,Grocery,"creal,oats,Jams&Honey",Honey,Clover Honey 250grams,Al Shifa,76.5,76.5,1.0,250.0,2026-05-25
ZD912451DDF231AF3A1BAZ,noon,Grocery,"creal,oats,Jams&Honey",Honey,Nutmeg Honey 350 g - 100% Natural from Uni Smart Group,Uni Smart Group,95.0,95.0,1.0,350.0,2026-05-25
N27747723A,noon,Grocery,"creal,oats,Jams&Honey",Spreads,Protein Go On Cranberry Chocolate Bar 50grams,Sante,75.0,75.0,1.0,50.0,2026-05-25
ZC9832886CD1CE4988212Z,noon,Grocery,"creal,oats,Jams&Honey",Honey,Citrus Honey 225 gm,Zary,90.0,90.0,1.0,225.0,2026-05-25
ZFE5D8B680E34435F2ADBZ,noon,Grocery,"creal,oats,Jams&Honey",Honey,Citrus Honey 450 gm,Zary,145.0,145.0,1.0,450.0,2026-05-25
N39272814A,noon,Grocery,"creal,oats,Jams&Honey",Cereal,Crispy Granola Original 350grams,Abu Auf,150.25,150.25,1.0,350.0,2026-05-25
ZEA8BDD434C2CCBC58429Z,noon,Grocery,"creal,oats,Jams&Honey",Honey,squeez marjoram honey 950 Grams,Sennara,187.0,187.0,1.0,950.0,2026-05-25
N29595054A,noon,Grocery,"creal,oats,Jams&Honey",Milk,Vitrac Creamy Apricot Jam - 430grams,Vitrac,69.25,69.25,1.0,430.0,2026-05-25
Z3D971716604AC0A0AB56Z,noon,Grocery,"creal,oats,Jams&Honey",Honey,WildFlower Honey 450 gm,Zary,433.0,433.0,1.0,450.0,2026-05-25
Z4146A409999467557CA9Z,noon,Grocery,"creal,oats,Jams&Honey",Honey,jar of honey with Vega men's food mix 400 grams,Zadna,460.0,460.0,1.0,400.0,2026-05-25
Z4E5BDAB34E329B317ECFZ,noon,Grocery,"creal,oats,Jams&Honey",Honey,(Black Seed) Nigella Sativa Honey 450 gm,Zary,133.0,133.0,1.0,450.0,2026-05-25
ZEF2D8C5232589BB2AA71Z,noon,Grocery,"creal,oats,Jams&Honey",Honey,clover honey 950sq,Sennara Honey,155.0,155.0,1.0,950.0,2026-05-25
Z8EE3D18402D8110765BDZ,noon,Grocery,"creal,oats,Jams&Honey",Honey,Manuka Health-Manuka Honey MGO 573+ 250g,Manuka Health New Zealand Ltd,4299.0,4299.0,1.0,250.0,2026-05-25
N29779226A,noon,Grocery,"creal,oats,Jams&Honey",Honey,Hero Spring Blossom Honey - 650grams,Hero,219.0,219.0,1.0,650.0,2026-05-25
Z293D1E8DF8254C606EE6Z,noon,Grocery,"creal,oats,Jams&Honey",Honey,Attiki Premium Greek Honey 455g,Attiki Pittas,960.0,960.0,1.0,455.0,2026-05-25
N29762533A,noon,Grocery,"creal,oats,Jams&Honey",Jams,Vitrac Fig Jam - 430grams,Vitrac,63.25,63.25,1.0,430.0,2026-05-25
N27675267A,noon,Grocery,"creal,oats,Jams&Honey",Jams,Jam With Apricot Flavor - 350grams,Hero,81.0,81.0,1.0,350.0,2026-05-25
N43406312A,noon,Grocery,"creal,oats,Jams&Honey",Honey,Easy Open Honey 455grams,Attiki,851.0,851.0,1.0,455.0,2026-05-25
N51181868A,noon,Grocery,"creal,oats,Jams&Honey",Honey,Greek Forest Honey 250grams,Fino,680.0,680.0,1.0,250.0,2026-05-25
Z85F8117B111A90BC5969Z,noon,Grocery,"creal,oats,Jams&Honey",Honey,Honey 450g,Saltana,126.0,126.0,1.0,450.0,2026-05-25
Z53CFDB9926890C31E0EAZ,noon,Grocery,"creal,oats,Jams&Honey",Honey,Clover Flowers Honey 450 gm,Zary,145.0,145.0,1.0,450.0,2026-05-25
Z8D952B9A0859AD3AF825Z,noon,Grocery,"creal,oats,Jams&Honey",Honey,Clover Flowers Honey 225 gm,Zary,90.0,90.0,1.0,225.0,2026-05-25
N28992073A,noon,Grocery,"creal,oats,Jams&Honey",Honey,Pure Greek Honey 270grams,Attiki,737.0,737.0,1.0,270.0,2026-05-25
Z8DD0B5337EF111CC9859Z,noon,Grocery,"creal,oats,Jams&Honey",Honey,black seeds wonder bee honey950gm,Wonder Bee Honey,189.0,189.0,1.0,950.0,2026-05-25
Z2D460629D3433F635D04Z,noon,Grocery,Herbs&spices,Spices,Herbs (cinnamon rosemary thyme ginger turmeric) 295gm,Saltana,190.0,190.0,1.0,285.0,2026-05-25
Z19521FDD183A421EA556Z,noon,Grocery,Herbs&spices,Sugar,Refined Stevia Sugar 150g,Shana,221.0,221.0,1.0,150.0,2026-05-25
Z1B3FB37849F87456D8A0Z,noon,Grocery,Herbs&spices,Spices,Milled Black Pepper 45g,Dayma,63.0,63.0,1.0,45.0,2026-05-25
Z6716C442C526309343D3Z,noon,Grocery,Herbs&spices,Spices,Cajun Seasoning - 40 grams,Al Doha,47.75,47.75,1.0,40.0,2026-05-25
Z78CABF2977903C233DC6Z,noon,Grocery,Herbs&spices,Spices,Black Pepper Powder 70g,Haj Arafa,70.75,70.75,1.0,70.0,2026-05-25
Z70F4099573230D66975BZ,noon,Grocery,Herbs&spices,Spices,Organic Cinnamon Sticks 70g,Imtenan,82.0,82.0,1.0,70.0,2026-05-25
Z91BE7F655EB0317430B5Z,noon,Grocery,"creal,oats,Jams&Honey",Spreads,Children's chocolate spread 375 grams,Healthy & Tasty,300.0,300.0,1.0,375.0,2026-05-25
N43406313A,noon,Grocery,"creal,oats,Jams&Honey",Honey,Dark Brown Honey - 500grams,Attiki,1225.0,1225.0,1.0,500.0,2026-05-25
Z46F6771DC59938EA2E89Z,noon,Grocery,"creal,oats,Jams&Honey",Honey,Herbistice Black Seed Bee Honey 950g,Herbistice,200.0,200.0,1.0,950.0,2026-05-25
ZBB9888F94FC5FF41C987Z,noon,Grocery,"creal,oats,Jams&Honey",Honey,Herb Flower (Anise) Honey 225 gm,Zary,100.0,100.0,1.0,225.0,2026-05-25
Z7719E6686ACD38F64523Z,noon,Grocery,"creal,oats,Jams&Honey",Pasta,Honey Rings 250 Gram,Kiddo,63.0,63.0,1.0,250.0,2026-05-25
Z9601864D5CAC80DC3816Z,noon,Grocery,"creal,oats,Jams&Honey",Spreads,Pistachio Spread  385 gm,Lavida,175.0,175.0,1.0,385.0,2026-05-25
Z7DB90F18FCB98BA0D629Z,noon,Grocery,"creal,oats,Jams&Honey",Pasta,Honey Rings - 250 grams,Tolo,61.0,61.0,1.0,250.0,2026-05-25
Z2B3612B53284CA0D8E78Z,noon,Grocery,Herbs&spices,Spices,"Savorya Fine Ground Cumin Powder – 200g | Natural Spice for Cooking, Seasoning & Middle Eastern Recipes",Savorya,99.99,99.99,1.0,200.0,2026-05-25
ZB64C2DF3F6DBC36637A1Z,noon,Grocery,Herbs&spices,Spices,Khairat AlSham Red Thyme – Authentic Levantine Za’atar Blend – 400g Pack,Khairat Al Sham Mill,105.0,105.0,1.0,400.0,2026-05-25
Z5A59AB4292E7E77AD06CZ,noon,Grocery,Herbs&spices,Spices,Savorya Natural Whole Black Pepper Corns - 100% Pure & Aromatic Spices - 200g Jar,Savorya,165.0,165.0,1.0,200.0,2026-05-25
ZAB1730ECB2E87C02D946Z,noon,Grocery,Herbs&spices,Rice,Rice Saffron Spices 100g,Saltana,60.0,60.0,1.0,100.0,2026-05-25
ZB9F6A9ECA9E74B436EA8Z,noon,Grocery,Herbs&spices,Spices,Chicken Shawerma Seasoning 30 grams,Al Doha,14.75,14.75,1.0,30.0,2026-05-25
ZBA1D061DE759FD7613F2Z,noon,Grocery,Herbs&spices,Spices,Cinnamon 60g,Haj Arafa,46.0,46.0,1.0,60.0,2026-05-25
ZDE9C2FF6E64918C4E859Z,noon,Grocery,Herbs&spices,Spices,Black pepper 100grams,Ragab El Attar,68.0,68.0,1.0,100.0,2026-05-25
Z2F92DB3D4FD3A493C13CZ,noon,Grocery,Herbs&spices,Spices,"Savorya Natural Whole Cumin Seeds - Pure & Aromatic Spices - Premium Quality Airtight Jar (Specify Weight, e.g., 200g)",Savorya,110.0,110.0,1.0,200.0,2026-05-25
N28727487A,noon,Grocery,Herbs&spices,Spices,Potato Spices 75grams,Abu Auf,47.25,47.25,1.0,75.0,2026-05-25
Z10758AFEC72FF621CA93Z,noon,Grocery,Herbs&spices,Tea,Wafery Chamomile 50 gm,Zary,45.0,45.0,1.0,50.0,2026-05-25
Z74668D7422AA2D0039BBZ,noon,Grocery,Herbs&spices,Spices,Chicken Spices 35g,Abu Auf,23.25,23.25,1.0,35.0,2026-05-25
ZF2C210CC1CCA1105CF3BZ,noon,Grocery,Herbs&spices,Tea,Cardamom seeds 60g,Shana,295.0,295.0,1.0,60.0,2026-05-25
Z4E5E0FF9A26C94FBD4C4Z,noon,Grocery,Herbs&spices,Spices,Thyme 150G,Haj Arafa,60.0,60.0,1.0,150.0,2026-05-25
Z91CFD0CF0971CDA944E9Z,noon,Grocery,Herbs&spices,Spices,Turkish Thyme (Oregano) 50 gm,Zary,57.0,57.0,1.0,50.0,2026-05-25
Z5DC8D2F789883F366B5FZ,noon,Grocery,Herbs&spices,Spices,Wafery Ground Black Pepper 250 gm,Zary,180.0,180.0,1.0,250.0,2026-05-25
Z08309C88BDFB9FF192E4Z,noon,Grocery,Herbs&spices,Spices,Rosemary 35 grams - Esnad,Esnad,195.0,195.0,1.0,35.0,2026-05-25
N49743396A,noon,Grocery,Herbs&spices,Cheese,Bechamel Mix Cheese 70grams,Maggi,14.25,14.25,1.0,70.0,2026-05-25
Z70912AB29E8E113284A2Z,noon,Grocery,Herbs&spices,Spices,Jalapeno Pepper Sliced ​​800g,Saegh,66.0,66.0,1.0,800.0,2026-05-25
N28849773A,noon,Grocery,Herbs&spices,Spices,Seven Spices 70grams,Abu Auf,45.25,45.25,1.0,70.0,2026-05-25
N28991780A,noon,Grocery,Herbs&spices,Spices,Cinnamon Ginger 20 Sachets,Isis,36.0,36.0,1.0,,2026-05-25
Z30E12F8B1CCF103374F8Z,noon,Grocery,Herbs&spices,Pasta,"Savoria Organic and Pure Cinnamon Sticks for Cooking, Baking, Drinks and Flavorings, 90g",Savorya,100.0,100.0,1.0,90.0,2026-05-25
ZD50818B2B3E0C5546E28Z,noon,Grocery,Herbs&spices,Salt,"""Natural Himalayan Pink Salt | 650g by Hunza""",Hunza,94.0,94.0,1.0,650.0,2026-05-25
Z99DB2BD514105E30B4F0Z,noon,Grocery,Herbs&spices,Salt,Himalayan Salt 500g.,Mr. Food,45.95,45.95,1.0,500.0,2026-05-25
Z47834B14BC756AA43BCAZ,noon,Grocery,Herbs&spices,Spices,basic spices 260 Pack of 4,Saltana,296.0,296.0,1.0,,2026-05-25
N28727399A,noon,Grocery,Herbs&spices,Spices,Ground Black Pepper 90grams,Abu Auf,119.0,119.0,1.0,90.0,2026-05-25
ZB1AA84A8510F12A5CF3DZ,noon,Grocery,Herbs&spices,Salt,Raw Lemon Salt Powder 150 grams,Magic Moments,39.0,39.0,1.0,150.0,2026-05-25
Z55D44A3A21B27F8E6ABEZ,noon,Grocery,Herbs&spices,Spices,Ginger Spices Bottle- 65 Gram,Imtenan,69.75,69.75,1.0,65.0,2026-05-25
ZF7D7BA7C873A213218B0Z,noon,Grocery,Herbs&spices,Spices,Yumart Monosodium Glutamate MSG 1kg – Food Seasoning Enhancer for Cooking (E621),Yumart,350.0,350.0,1.0,1000.0,2026-05-25
N28968477A,noon,Grocery,Herbs&spices,Spices,Bechamel Mix Spices 70grams,Maggi,14.0,14.0,1.0,70.0,2026-05-25
Z5972C3E8FF067B6894DDZ,noon,Grocery,Herbs&spices,Rice,"Mehran Biryani Spice Mix, 110g, a traditional blend of spices for meat and rice dishes, pack of 2.",Mehran,250.0,250.0,1.0,220.0,2026-05-25
ZDCDDFFAAF3EB3BDF6D48Z,noon,Grocery,Herbs&spices,Spices,"Mehran Curry Powder, Recipe and Seasoning Mix for Meat and Vegetables, 200g",Mehran,270.0,270.0,1.0,200.0,2026-05-25
Z519AE080CDC7008A5CD9Z,noon,Grocery,Herbs&spices,Spices,Khairat Al-Sham Premium Green Zaatar Blend - Authentic Syrian Thyme with Toasted Sesame - 400g Pouch,Generic,105.0,105.0,1.0,400.0,2026-05-25
ZBFFF1C66A4D65C9BB2ACZ,noon,Grocery,Herbs&spices,Tea,"Qassim Saffron Mixture for Arabic Coffee, 125g",Al Qassim,280.0,280.0,1.0,125.0,2026-05-25
Z52B43B6DE0B2462A6A76Z,noon,Grocery,Herbs&spices,Spices,Kabsa Seasoning 100g,Saltana,76.0,76.0,1.0,100.0,2026-05-25
N28968480A,noon,Grocery,Herbs&spices,Spices,Hawawshi Mix Spices 35grams,Maggi,13.25,13.25,1.0,35.0,2026-05-25
Z8D0183BCA6AC453C7F31Z,noon,Grocery,Herbs&spices,Spices,Mexican Pepper 1050g,Choice,60.25,60.25,1.0,1050.0,2026-05-25
ZBA0993A9116B4D384B31Z,noon,Grocery,Herbs&spices,Tea,fennel 250 gm,Saltana,70.0,70.0,1.0,250.0,2026-05-25
ZB17E94477A2E18DCB5D6Z,noon,Grocery,Herbs&spices,Spices,Thyme 100 gm,Zary,54.0,54.0,1.0,100.0,2026-05-25
N38731577A,noon,Grocery,Herbs&spices,Spices,All purpose Seasoning 250grams,Vegeta,160.0,160.0,1.0,250.0,2026-05-25
Z0476BC63CFAC3363EDC8Z,noon,Grocery,Herbs&spices,Spices,Fries Seasoning - 40 grams,Al Doha,41.75,41.75,1.0,40.0,2026-05-25
Z995C2AEE4352C0C9C14AZ,noon,Grocery,Herbs&spices,Milk,Milk thistle seeds 250g,Rehan,330.0,330.0,1.0,250.0,2026-05-25
Z0EB2C2FFAE4D61666672Z,noon,Grocery,Herbs&spices,Spices,Ginger 60g,Haj Arafa,47.75,47.75,1.0,60.0,2026-05-25
ZB17929BADF785FBE7DB1Z,noon,Grocery,Herbs&spices,Spices,Seven Spices 35g,Abu Auf,23.25,23.25,1.0,35.0,2026-05-25
ZDCAE8E33EAF1E88F2146Z,noon,Grocery,Herbs&spices,Spices,Oregano 20 grams (SPICEKICK),Spicekick,64.0,64.0,1.0,20.0,2026-05-25
N28727394A,noon,Grocery,Herbs&spices,Spices,Ground Cumin 75grams,Abu Auf,66.5,66.5,1.0,75.0,2026-05-25
Z3AEEF299158E3983E91EZ,noon,Grocery,Herbs&spices,Spices,Potato Spices 85g,Saltana,72.0,72.0,1.0,85.0,2026-05-25
Z632A49941407AA6D5065Z,noon,Grocery,Herbs&spices,Spices,"Seven Spice Chicken Stock Cubes, 48 ​​Cubes - Esnad",Esnad,290.0,290.0,1.0,,2026-05-25
N29595468A,noon,Grocery,Herbs&spices,Spices,Cinnamon With Ginger 12 Sachets,Isis,20.0,20.0,1.0,,2026-05-25
Z0794D8B3161C8ADA2E3DZ,noon,Grocery,Herbs&spices,Spices,Seven Spices 65g,Haj Arafa,35.75,35.75,1.0,65.0,2026-05-25
Z9D9C839D19FF75EF9D8FZ,noon,Grocery,Herbs&spices,Spices,Tandoori Spices 85G,Haj Arafa,41.75,41.75,1.0,85.0,2026-05-25
Z2B1C1272EF68C3965428Z,noon,Grocery,Herbs&spices,Spices,Fine black pepper 85 gm,Ragab El Attar,65.0,65.0,1.0,100.0,2026-05-25
N27719581A,noon,Grocery,Herbs&spices,Beans,Whole Beans Cardamom 40grams,Al Doha,141.75,141.75,1.0,40.0,2026-05-25
Z008B582AE563DE54DA7BZ,noon,Grocery,Herbs&spices,Spices,Wafery Turmeric 250 gm,Zary,77.0,77.0,1.0,250.0,2026-05-25
Z846DA92305A17732741FZ,noon,Grocery,Herbs&spices,Tea,Fennel 60g,Norica Food,160.0,160.0,1.0,240.0,2026-05-25
Z991A08303F9FE775E359Z,noon,Grocery,Herbs&spices,Spices,Chicken Spices 100 gm,Zary,63.0,63.0,1.0,100.0,2026-05-25
N27719577A,noon,Grocery,Herbs&spices,Spices,Milled Mixed Spices 70grams,Al Doha,82.75,82.75,1.0,70.0,2026-05-25
N29595522A,noon,Grocery,Herbs&spices,Tea,Green Cardamom 5grams,Al Doha,29.0,29.0,1.0,5.0,2026-05-25
Z05E937BD65FD0B53C9C0Z,noon,Grocery,Herbs&spices,Tea,Cardamom 50 gm,Zary,160.0,160.0,1.0,50.0,2026-05-25
Z46C096AAA844298F87CAZ,noon,Grocery,Herbs&spices,Spices,Peppermint Spices Bottle - 20 Gram,Imtenan,21.75,21.75,1.0,20.0,2026-05-25
ZCA44E8945C7181306D27Z,noon,Grocery,Herbs&spices,Salt,Himalayan Coarse Salt 250 grams,Imtenan,28.0,28.0,1.0,250.0,2026-05-25
N52511271A,noon,Grocery,Herbs&spices,Spices,Thyme Milled Jar 100grams,Dayma,125.25,125.25,1.0,100.0,2026-05-25
Z8BDECA9E5C6678675265Z,noon,Grocery,Herbs&spices,Spices,Wafery Rosemary 75 gm,Zary,52.0,52.0,1.0,75.0,2026-05-25
Z512FD357DAFBC5C0FEB4Z,noon,Grocery,Herbs&spices,Spices,Kofta Seasoning  20 grams,Al Doha,16.0,16.0,1.0,20.0,2026-05-25
Z5DC7E49162FF506B9CCEZ,noon,Grocery,Herbs&spices,Spices,Shish Tawook Seasoning 800 grams,Chefy Mix,226.5,226.5,1.0,800.0,2026-05-25
ZCB57001D5C1B02E76BEEZ,noon,Grocery,Herbs&spices,Salt,Himalaya Salt 1kg,Ragab El Attar,80.0,80.0,1.0,1000.0,2026-05-25
ZFE56E4B918BA11F97F7CZ,noon,Grocery,Herbs&spices,Spices,Potato Powder Spices 90 gm,Ragab El Attar,50.0,50.0,1.0,100.0,2026-05-25
N28727397A,noon,Grocery,Herbs&spices,Spices,Meat Spices 75grams,Abu Auf,50.25,50.25,1.0,75.0,2026-05-25
N30522047A,noon,Grocery,Herbs&spices,Spices,Thyme 15grams,Rehana,16.0,16.0,1.0,15.0,2026-05-25
N52511265A,noon,Grocery,Herbs&spices,Tea,Cardamom Shaker 30grams,Dayma,123.25,123.25,1.0,30.0,2026-05-25
ZC0FD9A3A8C66C0543918Z,noon,Grocery,Herbs&spices,Spices,Basil Spices Bottle - 20 Gram,Imtenan,48.95,48.95,1.0,20.0,2026-05-25
Z6D968B6995D484DAF1DDZ,noon,Grocery,Herbs&spices,Spices,Potato Spices 110g,Haj Arafa,47.75,47.75,1.0,110.0,2026-05-25
N52511268A,noon,Grocery,Herbs&spices,Spices,Cumin Milled Jar 170grams,Dayma,194.0,194.0,1.0,170.0,2026-05-25
N28727392A,noon,Grocery,Herbs&spices,Spices,Turmeric 80grams,Abu Auf,78.0,78.0,1.0,80.0,2026-05-25
Z0969ADBED4B32E30EDADZ,noon,Grocery,Herbs&spices,Spices,Taco Seasoning - 40 grams,Al Doha,55.0,55.0,1.0,40.0,2026-05-25
ZE2634930AE948A77FC4EZ,noon,Grocery,Herbs&spices,Spices,Turmeric Fine Powder 70 gm,Ragab El Attar,50.0,50.0,1.0,100.0,2026-05-25
ZCEEAE39D42D67337D199Z,noon,Grocery,Herbs&spices,Spices,Chicken Spices 65g,Haj Arafa,35.75,35.75,1.0,65.0,2026-05-25
Z33A3C5B8498320930BC0Z,noon,Grocery,Herbs&spices,Spices,Hot Broast Seasoning – 100g | Crispy Texture & Bold Spicy Flavor,Spicekick,135.0,135.0,1.0,100.0,2026-05-25
Z03BFFDBE9E0E24F927EFZ,noon,Grocery,Herbs&spices,Spices,Turmeric 85g,Haj Arafa,53.0,53.0,1.0,85.0,2026-05-25
Z6E2218F152466BCDEBBBZ,noon,Grocery,Herbs&spices,Spices,Cumin&BlackPepper&Hot Chili Powder Set 100g,Ragab El Attar,300.0,300.0,1.0,100.0,2026-05-25
ZE94A763388717897E558Z,noon,Grocery,Herbs&spices,Spices,Cubeb Pepper 100 gm,Zary,150.0,150.0,1.0,100.0,2026-05-25
ZBFC5DEB635B381C3B6BAZ,noon,Grocery,Herbs&spices,Salt,Himalayan Salt 165g,Haj Arafa,30.75,30.75,1.0,165.0,2026-05-25
Z56E2E5E1898F438D11C6Z,noon,Grocery,Herbs&spices,Spices,Far Eastern spice mix 70 grams - (Spice kick),Spicekick,65.0,65.0,1.0,70.0,2026-05-25
Z5F87B0F00607C5C0D52DZ,noon,Grocery,Herbs&spices,Spices,Powdered Rosemary 35gm,Al Doha,51.75,51.75,1.0,35.0,2026-05-25
ZB42AF41434E2B3E87E60Z,noon,Grocery,Herbs&spices,Spices,Parsley 20 grams - from (SPICEKICK),Spicekick,52.0,52.0,1.0,20.0,2026-05-25
N28727389A,noon,Grocery,Herbs&spices,Spices,Ground Cinnamon 70grams,Abu Auf,58.25,58.25,1.0,70.0,2026-05-25
N29595527A,noon,Grocery,Herbs&spices,Spices,Cumin Powder 220grams,Al Doha,210.25,210.25,1.0,220.0,2026-05-25
Z2C97357C068E23457D15Z,noon,Grocery,sauces,Sauces,Altayebat BBQ Sauce 250ml,Altayebat,54.99,54.99,1.0,250.0,2026-05-25
ZF987DDE72F1FE9FE78ACZ,noon,Grocery,sauces,Pasta,Pizza & Pasta Sauce - 340 gm,Easy Dip,75.0,75.0,1.0,340.0,2026-05-25
Z16EEA1B218918A3D1142Z,noon,Grocery,sauces,Sauces,Durra Tomato Paste  Premium Quality  Rich Natural Flavor  2.8 kg Family Size Can,Durra,270.0,270.0,1.0,2800.0,2026-05-25
Z3485BF79B5313F0429E1Z,noon,Grocery,sauces,Sauces,Al Tayebat Pro Sauce Cold Ketchup - 500 gm,Generic,49.99,49.99,1.0,500.0,2026-05-25
Z544387540FA5A18A3956Z,noon,Grocery,sauces,Sauces,Durra Tomato Paste Double Concentrate  4400g | Rich & Thick Tomato Paste for Cooking,Durra,425.0,425.0,1.0,4400.0,2026-05-25
Z94F8CCE6110E1A32B006Z,noon,Grocery,sauces,Sauces,Heinz Hot Tomato Ketchup - 285g - Pack of 2,Heinz,177.0,177.0,1.0,570.0,2026-05-25
ZB5667A1170CE0B21DBBCZ,noon,Grocery,sauces,Sauces,Rana Hot Sauce - 474 ML,Rana,288.0,288.0,1.0,474.0,2026-05-25
N29986070A,noon,Grocery,Herbs&spices,Spices,Black Pepper Powder 230grams,Al Doha,225.5,225.5,1.0,230.0,2026-05-25
Z1879509BE4886CDEAB61Z,noon,Grocery,Herbs&spices,Spices,Turmeric Spices Bottle - 75 Gram,Imtenan,71.5,71.5,1.0,75.0,2026-05-25
ZC22265253FAEF861ACAFZ,noon,Grocery,Herbs&spices,Spices,Black Seed Spices Bottle- 70 Gram,Imtenan,60.5,60.5,1.0,70.0,2026-05-25
Z13BC8348366EE481408DZ,noon,Grocery,Herbs&spices,Spices,Cumin Powder 75g,Haj Arafa,79.0,79.0,1.0,75.0,2026-05-25
N29986072A,noon,Grocery,Herbs&spices,Spices,Mixed Spices Grinder 220grams,Al Doha,184.75,184.75,1.0,220.0,2026-05-25
Z92F816D36700D40C6BDCZ,noon,Grocery,Herbs&spices,Spices,black pepper and cumin powder 240 gm,Saltana,190.0,190.0,1.0,240.0,2026-05-25
ZD1A8717F9BE5868659B1Z,noon,Grocery,Herbs&spices,Salt,Premium Grade Pink Himalayan Fine Salt-650G,Organic Nation,99.0,99.0,1.0,650.0,2026-05-25
Z956F5125583DA958987CZ,noon,Grocery,Herbs&spices,Spices,Whole Black Pepper 100 gm,Zary,110.0,110.0,1.0,100.0,2026-05-25
ZB16DB01CCD07557C79E6Z,noon,Grocery,Herbs&spices,Spices,Thyme 500 gm,Zary,130.0,130.0,1.0,500.0,2026-05-25
ZBA20D6D8205C24A150A9Z,noon,Grocery,Herbs&spices,Rice,Saffron Rice Spices 110g,Haj Arafa,47.75,47.75,1.0,110.0,2026-05-25
Z7B46AD82C6C55D29E796Z,noon,Grocery,Herbs&spices,Spices,Ground Black Pepper 35g,Abu Auf,39.25,39.25,1.0,35.0,2026-05-25
ZF53EFC26676425A7D2B1Z,noon,Grocery,Herbs&spices,Tea,Chamomile with lavender tea bag,Norica Food,120.0,120.0,1.0,,2026-05-25
ZCC2DFB999071AB64EDC8Z,noon,Grocery,Herbs&spices,Spices,Ground Ginger - 70 grams,Abu Auf,78.0,78.0,1.0,70.0,2026-05-25
ZE933E698AE9A355A8E22Z,noon,Grocery,Herbs&spices,Spices,Anise 110 grams of (SPICEKICK),Spicekick,59.0,59.0,1.0,110.0,2026-05-25
ZBB3AD3FED8AB567C4564Z,noon,Grocery,Herbs&spices,Spices,Cubeb Pepper Powder 100 gm,Zary,137.0,137.0,1.0,100.0,2026-05-25
Z2D444D47B53A5C169050Z,noon,Grocery,Herbs&spices,Spices,Salt & Cumin 100g,Tahbesha,35.25,35.25,1.0,100.0,2026-05-25
Z1D146F119F2728FBDA47Z,noon,Grocery,Herbs&spices,Spices,Biryani Spices 100g,Haj Arafa,40.0,40.0,1.0,100.0,2026-05-25
ZF36E87CAF6CDD2C9E938Z,noon,Grocery,Herbs&spices,Rice,Abazeer Authentic Kabsa Rice Spices - Saudi Spice Blend - 200g,Esnad,390.0,390.0,1.0,200.0,2026-05-25
Z8F21D263387C1C2AC3C7Z,noon,Grocery,Herbs&spices,Spices,Turmeric 100 gm,Zary,75.0,75.0,1.0,100.0,2026-05-25
Z9DC004426C2A5AF827D3Z,noon,Grocery,Herbs&spices,Spices,Rosemary 30 gm,Zary,40.0,40.0,1.0,30.0,2026-05-25
Z347B6C4FDD65F048EDC2Z,noon,Grocery,Herbs&spices,Spices,Cardamom Spices Bottle - 20 Gram,Imtenan,77.25,77.25,1.0,20.0,2026-05-25
ZF812E1F9B08D94A15194Z,noon,Grocery,Herbs&spices,Spices,Lemon And Dill Seasoning - 30 grams,Al Doha,48.0,48.0,1.0,30.0,2026-05-25
Z5DD732FCC7AD5B4A7EFAZ,noon,Grocery,Herbs&spices,Salt,Chinese Salt 1000 gm,Seco Salt,271.25,271.25,1.0,1000.0,2026-05-25
Z1CBFD2689D6F4F0B86A9Z,noon,Grocery,Herbs&spices,Spices,Paprika Spices Bottle - 65 Gram,Imtenan,65.75,65.75,1.0,65.0,2026-05-25
Z0E3D1646AEEAFFD3C2D9Z,noon,Grocery,Herbs&spices,Tea,Tea with Pineapple and Lemon Antioxidant for Weight Loss and Fat Burning - 20 Bags,Matcha Premium Japanese,525.0,525.0,1.0,,2026-05-25
Z9CA7EFFB6D78D314A1AEZ,noon,Grocery,Herbs&spices,Spices,Flaxseeds Spices Bottle - 75 Gram,Imtenan,32.95,32.95,1.0,75.0,2026-05-25
N28968479A,noon,Grocery,Herbs&spices,Spices,Burger Mix Spices 30grams,Maggi,14.0,14.0,1.0,30.0,2026-05-25
Z4DB1BB4FB88A019A9DE2Z,noon,Grocery,Herbs&spices,Spices,Fries Seasoning 25 grams,Al Doha,14.75,14.75,1.0,25.0,2026-05-25
ZC1F0CD20EF700C41F6DBZ,noon,Grocery,Herbs&spices,Spices,Mehran Biryani Masala 120g – Authentic Pakistani Spice Blend for Chicken & Meat Biryani – Traditional Aromatic Seasoning,Mehran,280.0,280.0,1.0,120.0,2026-05-25
Z937E754C1A699956CB77Z,noon,Grocery,Herbs&spices,Spices,Italian Spices 70 gm,Zary,54.0,54.0,1.0,70.0,2026-05-25
ZBDA7AFFE52FA6CAD7A2CZ,noon,Grocery,Herbs&spices,Spices,Smoked Barbika Spices Jar- 60 Gram,Rehana,74.0,74.0,1.0,60.0,2026-05-25
N52511263A,noon,Grocery,Herbs&spices,Spices,Ginger Milled Shaker 30grams,Dayma,37.0,37.0,1.0,30.0,2026-05-25
N52511262A,noon,Grocery,Herbs&spices,Spices,Cinnamon Milled Shaker 35grams,Dayma,37.0,37.0,1.0,35.0,2026-05-25
ZF9B068249DEAC85A913CZ,noon,Grocery,Herbs&spices,Tea,Lemongrass with mint tea bag,Norica Food,120.0,120.0,1.0,,2026-05-25
N28727400A,noon,Grocery,Herbs&spices,Spices,Chicken Spices 75grams,Abu Auf,47.25,47.25,1.0,75.0,2026-05-25
Z2AF129760F72E262F1ABZ,noon,Grocery,Herbs&spices,Spices,Ground Cumin 35g,Abu Auf,44.0,44.0,1.0,35.0,2026-05-25
Z30160DAD91B639190E3DZ,noon,Grocery,Herbs&spices,Spices,Himalayan Salt Spices Bottle - 130 Gram,Imtenan,28.5,28.5,1.0,130.0,2026-05-25
N28968476A,noon,Grocery,Herbs&spices,Spices,Shish Tawook Mix Spices 30grams,Maggi,14.0,14.0,1.0,30.0,2026-05-25
Z03DE5C06C02DF6A76474Z,noon,Grocery,Herbs&spices,Spices,Wafery Cinnamon 250 gm,Zary,83.0,83.0,1.0,250.0,2026-05-25
Z255962E8EB2687BFD52DZ,noon,Grocery,Herbs&spices,Salt,Chinese Salt 250 gm,Seco Salt,73.95,73.95,1.0,250.0,2026-05-25
Z21792090E4AF62A8E9F9Z,noon,Grocery,Herbs&spices,Tea,Hibiscus with rose tea bag,Norica Food,120.0,120.0,1.0,,2026-05-25
Z762BD6B9A713C1AC9608Z,noon,Grocery,Herbs&spices,Spices,Spicekick Chipotle Seasoning 110g – Smoky Mexican Flavor for Cooking & Grilling,Spicekick,115.0,115.0,1.0,110.0,2026-05-25
N29986062A,noon,Grocery,Herbs&spices,Spices,Black Pepper Powder 100grams,Al Doha,100.25,100.25,1.0,100.0,2026-05-25
Z13C79BA98E23F402A7C3Z,noon,Grocery,Herbs&spices,Spices,Meat Shawarma Seasoning 85g,Saltana,60.0,60.0,1.0,85.0,2026-05-25
Z50EF952C0C02CFC07BB1Z,noon,Grocery,Herbs&spices,Spices,Cumin Powder 65g,Saltana,78.0,78.0,1.0,65.0,2026-05-25
N28727405A,noon,Grocery,Herbs&spices,Spices,Fish Spices 75grams,Abu Auf,47.25,47.25,1.0,75.0,2026-05-25
Z414027E49DE6C3D3F12DZ,noon,Grocery,Herbs&spices,Spices,Cumin powder 30grmas,Ragab El Attar,18.0,18.0,1.0,30.0,2026-05-25
ZA4C90BA36107F2B2237EZ,noon,Grocery,Herbs&spices,Salt,Natural Pink Himalayan Salt 250 gm,Zary,47.0,47.0,1.0,250.0,2026-05-25
Z76D687475AA8F5C6C3DFZ,noon,Grocery,Herbs&spices,Spices,Mahshy Spices 100 gm,Zary,67.0,67.0,1.0,100.0,2026-05-25
Z3E66F9926A6649461A7BZ,noon,Grocery,Herbs&spices,Spices,Basil 25 gm,Zary,40.0,40.0,1.0,25.0,2026-05-25
N29779094A,noon,Grocery,Herbs&spices,Spices,Grounded Turmeric 70grams,Al Doha,60.75,60.75,1.0,70.0,2026-05-25
Z1E4EACBFC665346A378EZ,noon,Grocery,Herbs&spices,Spices,Mahshi Spices 85g,Saltana,65.0,65.0,1.0,85.0,2026-05-25
ZA75EC67F727C269B5D1BZ,noon,Grocery,Herbs&spices,Spices,cumin powder 250 gm,Saltana,180.0,180.0,1.0,250.0,2026-05-25
Z15B23D076B37DF1304F1Z,noon,Grocery,Herbs&spices,Spices,Ground cardamom 115 grams - from (SPICEKICK),Spicekick,365.0,365.0,1.0,115.0,2026-05-25
Z8D63224FA9DD2FA24146Z,noon,Grocery,Herbs&spices,Tea,Cardamom powder 45 g,Saltana,145.0,145.0,1.0,45.0,2026-05-25
Z3CA63C604526C88D07CAZ,noon,Grocery,Herbs&spices,Spices,Potatoes spices 30 grams,Ragab El Attar,18.0,18.0,1.0,30.0,2026-05-25
ZA1D66715C751D05AE063Z,noon,Grocery,Herbs&spices,Salt,Himalayan Pink Salt- 110g,Dayma,73.0,73.0,1.0,110.0,2026-05-25
Z82509543952C985FE3A1Z,noon,Grocery,Herbs&spices,Spices,Sausage Seasoning 85g,Saltana,66.0,66.0,1.0,85.0,2026-05-25
ZCF0D4A353B840A402342Z,noon,Grocery,Herbs&spices,Spices,Tikka Spices 90g,Haj Arafa,54.5,54.5,1.0,90.0,2026-05-25
Z49B55B4B65AE28AA1B5BZ,noon,Grocery,Herbs&spices,Tea,Wafery Sage Herb 50 gm,Zary,52.0,52.0,1.0,50.0,2026-05-25
Z1541E9400B8D944C7B9BZ,noon,Grocery,Herbs&spices,Spices,basic spices 265g Pack of 4,Saltana,251.0,251.0,1.0,1060.0,2026-05-25
ZC3BD76874E527424525FZ,noon,Grocery,Herbs&spices,Spices,chicken spice mixes 310g Pack of 4,Saltana,220.0,220.0,1.0,1240.0,2026-05-25
N29595519A,noon,Grocery,Herbs&spices,Spices,Black Pepper 20grams,Al Doha,28.75,28.75,1.0,20.0,2026-05-25
Z691748FB2CBE3DA51CB8Z,noon,Grocery,Herbs&spices,Rice,Rice Biryani Seasoning 100g,Saltana,70.0,70.0,1.0,100.0,2026-05-25
Z6B6EA2166E3452A7D1F6Z,noon,Grocery,Herbs&spices,Spices,Milled ginger 65 g,Saltana,72.0,72.0,1.0,65.0,2026-05-25
ZF08A9D95A1FA198B5731Z,noon,Grocery,Herbs&spices,Spices,Sauteed Vegatables Seasoning 100gm,Zary,55.0,55.0,1.0,100.0,2026-05-25
N29779091A,noon,Grocery,Herbs&spices,Spices,Whole Black Pepper 70grams,Al Doha,130.5,130.5,1.0,70.0,2026-05-25
Z3FAC2BDAB1CFA36ACB79Z,noon,Grocery,Herbs&spices,Spices,Black Pepper Powder 85g,Saltana,100.0,100.0,1.0,85.0,2026-05-25
ZAB3EB92EF42B708201ACZ,noon,Grocery,Herbs&spices,Spices,7 Spices Powder 65g,Saltana,76.0,76.0,1.0,65.0,2026-05-25
ZD0D746AB88D70C9C1DF6Z,noon,Grocery,Herbs&spices,Salt,Magic Moments Lemon Salt Powder 150g - Pack of 2,Magic Moments,166.0,166.0,1.0,300.0,2026-05-25
ZC3AA8CB101CB47142A84Z,noon,Grocery,Herbs&spices,Spices,Indian Curry Powder Spice Mix 85g,Saltana,60.0,60.0,1.0,85.0,2026-05-25
Z69C58D36B9FCAB634759Z,noon,Grocery,Herbs&spices,Spices,Meat Spices 65g,Haj Arafa,47.75,47.75,1.0,65.0,2026-05-25
Z6801BD3681345AB7202FZ,noon,Grocery,Herbs&spices,Spices,Thyme 50 g (SPICEKICK),Spicekick,53.0,53.0,1.0,50.0,2026-05-25
Z152FCCA808553910E244Z,noon,Grocery,Herbs&spices,Spices,Turkish Thyme (Oregano) 25 gm,Zary,50.0,50.0,1.0,25.0,2026-05-25
ZD718E0C0B39F792C060EZ,noon,Grocery,Herbs&spices,Spices,Curry Spices 75g,Haj Arafa,47.75,47.75,1.0,75.0,2026-05-25
N29762178A,noon,Grocery,Herbs&spices,Spices,Black Pepper 55g,Isis,84.0,84.0,1.0,55.0,2026-05-25
Z20176B188B72DF57629BZ,noon,Grocery,Herbs&spices,Spices,Ginger Fine Powder 65 gm,Ragab El Attar,50.0,50.0,1.0,100.0,2026-05-25
Z43A488A8E09C035BBED4Z,noon,Grocery,Herbs&spices,Tea,Hibiscus Flowers 70g,Norica Food,160.0,160.0,1.0,280.0,2026-05-25
N29986064A,noon,Grocery,Herbs&spices,Spices,Chili Pepper Grinder 20grams,Al Doha,27.0,27.0,1.0,20.0,2026-05-25
Z64B619E186CFE5434967Z,noon,Grocery,Herbs&spices,Spices,"Chinese cooking spices, 90 grams - Esnad",Esnad,205.0,205.0,1.0,90.0,2026-05-25
Z77636E7DABAEA924A74FZ,noon,Grocery,Herbs&spices,Spices,Biryani Spices Bottle - 65 Gram,Imtenan,53.25,53.25,1.0,65.0,2026-05-25
ZD9D9508B94B96DC8D548Z,noon,Grocery,Herbs&spices,Rice,Basmati Rice Mix Kabsa 40g – Pack of 6,Weals Food,90.0,90.0,1.0,240.0,2026-05-25
ZC05749862A9098921993Z,noon,Grocery,Herbs&spices,Milk,Creamy Bechamel 60g – Pack of 6,Weals Food,90.0,90.0,1.0,360.0,2026-05-25
Z7E9CA09906743F9BA553Z,noon,Grocery,Herbs&spices,Rice,Biryani Rice Mix 900 grams,Chefy Mix,212.95,212.95,1.0,900.0,2026-05-25
Z99C88D055F26B08A4C24Z,noon,Grocery,Herbs&spices,Spices,Meat spice mixes 395 Grams Pack Of 5,Saltana,210.0,210.0,1.0,1975.0,2026-05-25
Z641E08DB61B151C3C226Z,noon,Grocery,Herbs&spices,Spices,Hawawshi Seasoning 30 grams,Al Doha,14.75,14.75,1.0,30.0,2026-05-25
N45183941A,noon,Grocery,Herbs&spices,Spices,Mahshi Spices 75grams,Abu Auf,34.0,34.0,1.0,75.0,2026-05-25
Z0256BA97FEB90639DB45Z,noon,Grocery,Herbs&spices,Spices,Thyme Spices Bottle- 25 Gram,Imtenan,41.95,41.95,1.0,25.0,2026-05-25
Z04188F1946B02BDC0034Z,noon,Grocery,Herbs&spices,Spices,Ginger with lemongrass Tea Bag,Norica Food,120.0,120.0,1.0,,2026-05-25
N28849775A,noon,Grocery,Herbs&spices,Spices,Hawawshi Spices 75grams,Abu Auf,53.0,53.0,1.0,75.0,2026-05-25
Z1F96EEA2B50AF3EF2C1CZ,noon,Grocery,Herbs&spices,Spices,Kabsa Spices 100 gm,Zary,84.0,84.0,1.0,100.0,2026-05-25
Z283BD087306526D4F433Z,noon,Grocery,Herbs&spices,Spices,turmeric powder 75 gm,Saltana,67.0,67.0,1.0,75.0,2026-05-25
Z31B7B8C672E1AA53FB69Z,noon,Grocery,Herbs&spices,Spices,Sausage Seasoning 85g × 5,Saltana,150.0,150.0,1.0,425.0,2026-05-25
Z3FE3841CCF94BF242DBEZ,noon,Grocery,Herbs&spices,Spices,meat broth spices 85 gm,Saltana,62.0,62.0,1.0,85.0,2026-05-25
Z4B91878B9F84B0067DB0Z,noon,Grocery,Herbs&spices,Oils,Organic apple cider vinegar 250 ml,What about him?,102.0,102.0,1.0,250.0,2026-05-25
ZE8238FE62347CD15054AZ,noon,Grocery,Herbs&spices,Rice,Rice Kofta Mix 50g – Pack of 6,Weals Food,90.0,90.0,1.0,300.0,2026-05-25
Z2567299969F62A4C5004Z,noon,Grocery,Herbs&spices,Spices,Himalayan salt 280 grams (SPICEKICK),Spicekick,65.0,65.0,1.0,280.0,2026-05-25
Z9E363ADA086E503F2D7BZ,noon,Grocery,Herbs&spices,Spices,Biryani Spices 100 gm,Zary,80.0,80.0,1.0,100.0,2026-05-25
Z6BADC6D907B184EE69BCZ,noon,Grocery,Herbs&spices,Spices,Barbecue Seasoning 100 gm,Zary,71.0,71.0,1.0,100.0,2026-05-25
N44048489A,noon,Grocery,Herbs&spices,Spices,Thyme 30grams,Zamzam,26.0,26.0,1.0,30.0,2026-05-25
ZA8256B50FDD83C6BBA51Z,noon,Grocery,Herbs&spices,Spices,meat spices 100 grams,Ragab El Attar,100.0,100.0,1.0,100.0,2026-05-25
ZA95C09AB1FC96F572403Z,noon,Grocery,Herbs&spices,Spices,Chicken Seasoning 75 gm,Saltana,75.0,75.0,1.0,75.0,2026-05-25
N28727462A,noon,Grocery,Herbs&spices,Salt,Pink Himalayan Salt Crystals (Rocks) 400grams,Abu Auf,58.25,58.25,1.0,400.0,2026-05-25
N28727398A,noon,Grocery,Herbs&spices,Spices,Shawerma Spices 65grams,Abu Auf,45.25,45.25,1.0,65.0,2026-05-25
N52203789A,noon,Grocery,Herbs&spices,Spices,Milled Thyme 30grams,Rehana,47.0,47.0,1.0,30.0,2026-05-25
ZB4215B3CF1FA12B8141EZ,noon,Grocery,Herbs&spices,Tea,Cardamom Jumbo Seeds 45g,Saltana,175.0,175.0,1.0,45.0,2026-05-25
Z8652375495B47CE1CD30Z,noon,Grocery,Herbs&spices,Spices,Shawerma Spices 100 gm,Zary,63.0,63.0,1.0,100.0,2026-05-25
Z04A325DE40EFE7465D09Z,noon,Grocery,Herbs&spices,Spices,Elsand Maamoul & Desserts Spices 200g Special Seasoning Blend for Baking & Sweets Imported Product,Esnad,385.0,385.0,1.0,200.0,2026-05-25
Z20ECB8C1D892DBB7675CZ,noon,Grocery,Herbs&spices,Salt,Himalayan Salt 500g,Ragab El Attar,43.0,43.0,1.0,500.0,2026-05-25
N30522044A,noon,Grocery,Herbs&spices,Spices,Cinnamon Powder 20grams,Rehana,21.0,21.0,1.0,20.0,2026-05-25
Z4D0E3847F16C1C149EC8Z,noon,Grocery,Herbs&spices,Spices,Cumin stones 70 grams from (SPICEKICK),Spicekick,80.0,80.0,1.0,70.0,2026-05-25
Z3C785B1FCE369B64FE29Z,noon,Grocery,Herbs&spices,Spices,Shish Tauk Seasoning 100gm,Zary,77.0,77.0,1.0,100.0,2026-05-25
Z35B7AE3EC38BAF5D4F1DZ,noon,Grocery,Herbs&spices,Spices,Potato Spices 100 gm,Zary,63.0,63.0,1.0,100.0,2026-05-25
ZFDBE40A6193EA3CFB551Z,noon,Grocery,Herbs&spices,Spices,Beef Spices 100 gm,Zary,93.0,93.0,1.0,100.0,2026-05-25
N30522045A,noon,Grocery,Herbs&spices,Spices,Ginger Powder 20grams,Rehana,13.0,13.0,1.0,20.0,2026-05-25
ZF8EDA647768A3E1B329EZ,noon,Grocery,Herbs&spices,Spices,Cinnamon 100 gm,Zary,80.0,80.0,1.0,100.0,2026-05-25
Z1D11D18A5D08BB298ACAZ,noon,Grocery,Herbs&spices,Spices,French spices 140 grams (SPICEKICK),Spicekick,108.0,108.0,1.0,140.0,2026-05-25
Z9AE6A7BBCC4ED05D582CZ,noon,Grocery,Herbs&spices,Spices,Spices Chili 55g,Haj Arafa,33.0,33.0,1.0,55.0,2026-05-25
N28727490A,noon,Grocery,Herbs&spices,Spices,Kabsa Spices 75grams,Abu Auf,45.25,45.25,1.0,75.0,2026-05-25
N29761962A,noon,Grocery,Herbs&spices,Spices,Thyme Herbs 60grams,Al Doha,97.0,97.0,1.0,60.0,2026-05-25
Z43AE19FF762817857C78Z,noon,Grocery,Herbs&spices,Sugar,Fructose sugar 250 g,Shana,84.0,84.0,1.0,250.0,2026-05-25
Z197B02EAC2F840BC1CD5Z,noon,Grocery,Herbs&spices,Spices,Wafery Peppermint 25 gm,Zary,45.0,45.0,1.0,25.0,2026-05-25
Z2110B284711464F33D38Z,noon,Grocery,Herbs&spices,Rice,Sayadiyah Rice Mixture Jar - 100 Gram,Rehana,37.0,37.0,1.0,100.0,2026-05-25
ZD282324EC93F7F7C45CCZ,noon,Grocery,Herbs&spices,Tea,Chamomile 25 gm,Zary,53.0,53.0,1.0,25.0,2026-05-25
N32420918A,noon,Grocery,Herbs&spices,Spices,All Spices 35g,Isis,77.0,77.0,1.0,35.0,2026-05-25
ZEF51E6A33A937F3E72BCZ,noon,Grocery,Herbs&spices,Spices,Onion Slices Spices Bottle - 55 Gram,Imtenan,86.0,86.0,1.0,55.0,2026-05-25
N29762181A,noon,Grocery,Herbs&spices,Spices,Cumin 50g,Isis,70.0,70.0,1.0,50.0,2026-05-25
ZB15E9EC061440B96D4D1Z,noon,Grocery,Herbs&spices,Spices,The Seven Spices 100 gm,Zary,98.0,98.0,1.0,100.0,2026-05-25
Z719E03F9AF8C4F898A69Z,noon,Grocery,Herbs&spices,Spices,Meat Spices 35gm,Abu Auf,23.25,23.25,1.0,35.0,2026-05-25
N52203782A,noon,Grocery,Herbs&spices,Spices,Cumin Powder 65grams,Rehana,84.25,84.25,1.0,65.0,2026-05-25
Z288206D1793C03EC813DZ,noon,Grocery,Herbs&spices,Spices,Chicken Broast Seasoning 85g,Saltana,62.0,62.0,1.0,85.0,2026-05-25
Z504254D11FA9A64CAF38Z,noon,Grocery,sauces,Sauces,"Rana Original Chili Sauce, Authentic Saudi Spicy Sauce for Dipping & Cooking, 100ml Bottle",Rana,139.0,139.0,1.0,100.0,2026-05-25
Z5929ADC96D1EAAFBC4FAZ,noon,Grocery,sauces,Spices,"Rana Extra Hot Sauce 100g Pack of 2  Spicy Chili Pepper Sauce, Bold Flavor Hot Sauce for Pizza, Burgers, Shawarma & Snacks",Rana,199.98,199.98,1.0,200.0,2026-05-25
Z65E9C6CCC8F431186205Z,noon,Grocery,sauces,Honey,Honey mustard sauce 340 grams Bundle,Healthy & Tasty,600.0,600.0,1.0,266.0,2026-05-25
ZBE2AEE45F295EDEB14EFZ,noon,Grocery,sauces,Sauces,85% YELLOW GHOST sauce,Felfelaty,250.0,250.0,1.0,200.0,2026-05-25
Z5D155AE9FF69652ED439Z,noon,Grocery,sauces,Spices,"Rana Jalapeño Hot Sauce  Spicy Green Chili Sauce with Tangy Flavor | Pack of 3 Bottles | Perfect for Tacos, Burgers, Pizza & Grilled Foods | Authentic Hot Pepper Taste",Rana,288.0,288.0,1.0,,2026-05-25
Z7FDB4F87D0969100ACDBZ,noon,Grocery,sauces,Tea,Saegh pomegranate molasses 275 g,Saegh,62.0,62.0,1.0,275.0,2026-05-25
ZA42193B91D27B2B601DAZ,noon,Grocery,sauces,Sauces,Spicy BBQ Sauce - 5 kg,Naturesta,2304.0,2304.0,1.0,5000.0,2026-05-25
N29779225A,noon,Grocery,sauces,Sauces,Barbecue Sauce 570grams,Heinz,300.0,300.0,1.0,570.0,2026-05-25
Z938951F7C69D98CFFE43Z,noon,Grocery,sauces,Sauces,Durra Barbecue Sauce - 290g - Premium Smoky Flavor for Grilling and Dipping,Durra,65.0,65.0,1.0,290.0,2026-05-25
N43894902A,noon,Grocery,sauces,Eggs,Norma Pasta Sauce of Cherry Tomato And Eggplant 260grams,Agromonte,190.25,190.25,1.0,260.0,2026-05-25
ZA8A0834F42E90C38AAAFZ,noon,Grocery,sauces,Sauces,Sauce Wings and Buffalo Dip - 1 kg,Naturesta,908.0,908.0,1.0,1000.0,2026-05-25
ZCA09537277E47B922BF0Z,noon,Grocery,sauces,Sauces,BBQ Sauce Gold - 5 kg,Naturesta,2304.0,2304.0,1.0,5000.0,2026-05-25
N43894912A,noon,Grocery,sauces,Sauces,Green Olives Bruschetta Sauce 200grams,Agromonte,339.25,339.25,1.0,200.0,2026-05-25
N43406301A,noon,Grocery,sauces,Juices,Liquid Lemon Juice - 250ml,Choice,45.5,45.5,1.0,250.0,2026-05-25
ZB4B2A8F7A1C71FA18535Z,noon,Grocery,sauces,Sauces,Bbq Sauce Bucket - 5 kg,Add-Me,383.0,383.0,1.0,5000.0,2026-05-25
ZB0FDD91260C16617E247Z,noon,Grocery,Herbs&spices,Spices,Onion powder 150 grams (SPICEKICK),Spicekick,89.0,89.0,1.0,150.0,2026-05-25
Z4E21C90DDCE93799E601Z,noon,Grocery,Herbs&spices,Spices,Cinnamon Spices Bottle- 55 Gram,Imtenan,51.0,51.0,1.0,55.0,2026-05-25
ZA1F11487CEAA4CD6C4D8Z,noon,Grocery,Herbs&spices,Sugar,Sweetener substitute sugar 150g,Shana,110.0,110.0,1.0,150.0,2026-05-25
Z201DDB0A303BAC7ABFC3Z,noon,Grocery,Herbs&spices,Spices,Fish Spices 100 gm,Zary,63.0,63.0,1.0,100.0,2026-05-25
ZFD372AB46E97A8504BA3Z,noon,Grocery,Herbs&spices,Spices,Black Pepper Powder Suchet 40g,Brava,43.5,43.5,1.0,40.0,2026-05-25
Z6D4808DF9661D8EE0867Z,noon,Grocery,Herbs&spices,Spices,Meat Spices 30g,Ragab El Attar,18.0,18.0,1.0,30.0,2026-05-25
Z30F6B22D54D066768CA2Z,noon,Grocery,Herbs&spices,Spices,Meat Seasoning 75g,Saltana,72.0,72.0,1.0,75.0,2026-05-25
N27719585A,noon,Grocery,Herbs&spices,Beans,Whole Beans Cloves 40grams,Al Doha,82.75,82.75,1.0,40.0,2026-05-25
Z15026FB95FB9827208D9Z,noon,Grocery,Herbs&spices,Spices,Lemon Pepper Spices Bottle- 55 Gram,Imtenan,62.75,62.75,1.0,55.0,2026-05-25
Z759E4131D966FAC2ABDBZ,noon,Grocery,Herbs&spices,Spices,Far Eastern Spices Jar- 90 Gram,Rehana,44.0,44.0,1.0,90.0,2026-05-25
Z94C83E7C1BD934173348Z,noon,Grocery,Herbs&spices,Spices,Kabsa Spices 65g,Haj Arafa,34.0,34.0,1.0,65.0,2026-05-25
ZEF35AC140AB6CFE90F3CZ,noon,Grocery,Herbs&spices,Tea,Fennel 70 gm,Zary,53.0,53.0,1.0,70.0,2026-05-25
Z4F7F576EE0ED2F24CA51Z,noon,Grocery,Herbs&spices,Rice,Elsand Mandi Spices 108g Authentic Indian Seasoning Blend for Rice & Chicken Imported Product,Esnad,380.0,380.0,1.0,108.0,2026-05-25
Z1F140E47C6B6B150C3BCZ,noon,Grocery,Herbs&spices,Salt,Himalayan Salt (set of 2) 500g,Ragab El Attar,100.0,100.0,1.0,1000.0,2026-05-25
ZE2A89D2828A0AD970FA0Z,noon,Grocery,Herbs&spices,Spices,Dried mulberry leaves 100 grams from (Spice Kick),Spicekick,165.0,165.0,1.0,100.0,2026-05-25
Z6E32A9818A1F3C4CCBF2Z,noon,Grocery,Herbs&spices,Spices,Wafery Whole Black Pepper 250 gm,Zary,270.0,270.0,1.0,250.0,2026-05-25
Z0B1D25DB3E4D9B6D5FF7Z,noon,Grocery,Herbs&spices,Spices,Black Pepper Spices Bottle- 75 Gram,Imtenan,86.95,86.95,1.0,75.0,2026-05-25
Z21991BAD4BEF431210FBZ,noon,Grocery,Herbs&spices,Spices,Tandoori Seasoning 100 gm,Zary,81.0,81.0,1.0,100.0,2026-05-25
Z7865FD2CFE9A36E1EB3BZ,noon,Grocery,Herbs&spices,Spices,Maggi Double Mince Meat Seasoning Mix - 65g - Pack of 4,Maggi,180.0,180.0,1.0,260.0,2026-05-25
ZC6EDA94E2EB11860A736Z,noon,Grocery,Herbs&spices,Spices,Peri Peri Seasoning 100gm,Zary,65.0,65.0,1.0,100.0,2026-05-25
ZFBB241A2DFFAC0A0580CZ,noon,Grocery,Herbs&spices,Spices,Shish Tawook Seasoning 20 grams,Al Doha,13.75,13.75,1.0,20.0,2026-05-25
ZF2B6006ECE4863860894Z,noon,Grocery,Herbs&spices,Salt,120 grams of fine table salt,Spicekick,40.0,40.0,1.0,120.0,2026-05-25
ZFDE31FED0B6CB8E77CFFZ,noon,Grocery,Herbs&spices,Spices,Waffery Chicken Spices 250 gm,Zary,109.0,109.0,1.0,250.0,2026-05-25
Z8A2A0D947B147C075AB6Z,noon,Grocery,Herbs&spices,Spices,Greek Seasoning - 30 grams,Al Doha,43.75,43.75,1.0,30.0,2026-05-25
N29595471A,noon,Grocery,Herbs&spices,Spices,Ground Red Pepper Powder 35g,Isis,40.0,40.0,1.0,35.0,2026-05-25
Z8A3CDA732271F2D96AD2Z,noon,Grocery,Herbs&spices,Spices,Esnad Seven Spices 200g,Esnad,500.0,500.0,1.0,200.0,2026-05-25
Z9330999E52329F168791Z,noon,Grocery,Herbs&spices,Spices,Tandoori Powder Spices 75 gm,Ragab El Attar,65.0,65.0,1.0,100.0,2026-05-25
N27719583A,noon,Grocery,Herbs&spices,Spices,Milled Cinnamon Powder 65grams,Al Doha,66.75,66.75,1.0,65.0,2026-05-25
Z61FDA7E743E046D6E0F8Z,noon,Grocery,Herbs&spices,Tea,"Original Iranian Saffron, 1g | Premium Grade Pure Saffron Threads | Rich Aroma & Natural Color",Tamwenatelzekrayat,379.5,379.5,1.0,1.0,2026-05-25
Z2C0EE14C0D37F7DE2E99Z,noon,Grocery,Herbs&spices,Rice,Mehran Sindhi Biryani Masala - Authentic Rice Spice Blend - 60g,Mehran,385.0,385.0,1.0,60.0,2026-05-25
Z735B9B37F89C363FCC6BZ,noon,Grocery,Herbs&spices,Salt,Himalayan Salt Fine 400 gm,Ma Vie Food,75.0,75.0,1.0,400.0,2026-05-25
Z21D902A640092B8E82E4Z,noon,Grocery,Herbs&spices,Spices,Turmeric 135 grams (SPICEKICK),Spicekick,69.0,69.0,1.0,135.0,2026-05-25
Z92FA18ACF165C51E1105Z,noon,Grocery,Herbs&spices,Tea,chamomile tea bag,Norica Food,120.0,120.0,1.0,,2026-05-25
Z6DA2FAC32FF833CC1A42Z,noon,Grocery,Herbs&spices,Spices,Black Pepper 100 gm,Zary,148.0,148.0,1.0,100.0,2026-05-25
N52203786A,noon,Grocery,Herbs&spices,Spices,Turmeric Powder 70grams,Rehana,47.5,47.5,1.0,70.0,2026-05-25
Z697F8F1211ABA20EA6E7Z,noon,Grocery,Herbs&spices,Spices,Wafery Basil 75 gm,Zary,45.0,45.0,1.0,75.0,2026-05-25
ZAE986AFCAA71148E942BZ,noon,Grocery,Herbs&spices,Spices,Ginger Powder 35g,Haj Arafa,23.75,23.75,1.0,35.0,2026-05-25
N52511261A,noon,Grocery,Herbs&spices,Spices,Thyme Milled Shaker 20grams,Dayma,31.0,31.0,1.0,20.0,2026-05-25
Z014D686CBFB34DE61AA2Z,noon,Grocery,Herbs&spices,Spices,Fenugreek 170 grams (SPICEKICK),Spicekick,66.0,66.0,1.0,170.0,2026-05-25
ZF1F7BA6CAAF3283FC50AZ,noon,Grocery,Herbs&spices,Sugar,Brown sugar 100 packets,Shana,100.0,100.0,1.0,,2026-05-25
ZBF44CC86DA08988568A9Z,noon,Grocery,Herbs&spices,Spices,Rosemary 150 g,Saltana,70.0,70.0,1.0,150.0,2026-05-25
Z883311B9F93030BCB51EZ,noon,Grocery,Herbs&spices,Pasta,Pasta Spices 100 gm,Zary,70.0,70.0,1.0,100.0,2026-05-25
N52203781A,noon,Grocery,Herbs&spices,Spices,White pepper Powder 70grams,Rehana,89.75,89.75,1.0,70.0,2026-05-25
Z70AFBBEC53C2B15DE3AEZ,noon,Grocery,Herbs&spices,Spices,Cumin Powder Suchet 40g,Brava,41.5,41.5,1.0,,2026-05-25
Z73899A6F982A8607BFEAZ,noon,Grocery,Herbs&spices,Spices,Kofta Seasoning Mix 75g,Saltana,65.0,65.0,1.0,75.0,2026-05-25
Z78C541B3D1ABDAFA8B4CZ,noon,Grocery,Herbs&spices,Spices,Shawerma Spices 70g,Haj Arafa,41.0,41.0,1.0,70.0,2026-05-25
ZFAB7035EF01E7D51B5BFZ,noon,Grocery,Herbs&spices,Spices,Sausage Seasoning 100 gm,Zary,66.0,66.0,1.0,100.0,2026-05-25
Z433495A90F81DF70E9BEZ,noon,Grocery,Herbs&spices,Spices,Ground cinnamon 75gm,Saltana,55.0,55.0,1.0,65.0,2026-05-25
N28727470A,noon,Grocery,Herbs&spices,Salt,Pink Himalayan Salt Crystals 400grams,Abu Auf,54.25,54.25,1.0,400.0,2026-05-25
Z0C8F1226F0D4C14E33BBZ,noon,Grocery,Herbs&spices,Spices,Savorya 7 Spices - 100% Natural Middle Eastern Spice Blend for Cooking & Grilling - 200g Jar,Savorya,105.0,105.0,1.0,200.0,2026-05-25
N28727406A,noon,Grocery,Herbs&spices,Spices,Pane Spices 45grams,Abu Auf,44.0,44.0,1.0,45.0,2026-05-25
N29595520A,noon,Grocery,Herbs&spices,Spices,Milled Cumin 20grams,Al Doha,27.0,27.0,1.0,20.0,2026-05-25
N30522041A,noon,Grocery,Herbs&spices,Spices,Pod Pepper Powder 20grams,Rehana,22.0,22.0,1.0,20.0,2026-05-25
Z1AFF8242103D9782B308Z,noon,Grocery,Herbs&spices,Tea,Instant Carob Flavored Drink – 400g | Rich Taste & Natural Sweetness,Spicekick,120.0,120.0,1.0,400.0,2026-05-25
N52511256A,noon,Grocery,Herbs&spices,Spices,White Pepper Milled Shaker 50grams,Dayma,105.25,105.25,1.0,50.0,2026-05-25
ZC70E1360362E684F59B6Z,noon,Grocery,Herbs&spices,Tea,Savurya Black Seed (Nigella Sativa) – Premium Quality Herbal Seeds – 150g Jar for Natural Wellness & Immune Support,Savorya,100.0,100.0,1.0,150.0,2026-05-25
Z6E0E501CA8804936C2A7Z,noon,Grocery,Herbs&spices,Spices,Ginger 100 gm,Zary,90.0,90.0,1.0,100.0,2026-05-25
ZBD7F9A9CBBA8948C2276Z,noon,Grocery,Herbs&spices,Tea,Soft Cardamom 65g,Haj Arafa,204.75,204.75,1.0,65.0,2026-05-25
Z09A4ABC01D27D04C0E79Z,noon,Grocery,Herbs&spices,Spices,Italian pepper pickles 600g,Durra,77.0,77.0,1.0,600.0,2026-05-25
N27719579A,noon,Grocery,Herbs&spices,Spices,Thyme Powder 20grams,Al Doha,60.0,60.0,1.0,20.0,2026-05-25
ZC5058730FAD57926153CZ,noon,Grocery,Herbs&spices,Spices,Black Pepper Powder 200G,Haj Arafa,224.0,224.0,1.0,200.0,2026-05-25
Z543CF49092586059EC6BZ,noon,Grocery,Herbs&spices,Spices,Wafery Beef Spices 250 gm,Zary,139.0,139.0,1.0,250.0,2026-05-25
Z45A13E72FB20C781282CZ,noon,Grocery,Herbs&spices,Cheese,Cheese Bechamel Mix 200g,Haj Arafa,99.0,99.0,1.0,200.0,2026-05-25
ZDAD1F09569B4E43835AAZ,noon,Grocery,Herbs&spices,Spices,Potato Spices Bottle - 65 Gram,Imtenan,48.5,48.5,1.0,65.0,2026-05-25
ZE27FB171CC69ED96B1AAZ,noon,Grocery,Herbs&spices,Spices,Curry spices 60 grams (spicycake),Spicekick,60.0,60.0,1.0,60.0,2026-05-25
N52203779A,noon,Grocery,Herbs&spices,Spices,Black pepper Powder 70grams,Rehana,83.0,83.0,1.0,70.0,2026-05-25
Z1C47448FF64790088E21Z,noon,Grocery,Herbs&spices,Spices,Thyme Powder Turkish 50 g,Saltana,64.0,64.0,1.0,50.0,2026-05-25
Z01177C146F7A145546FEZ,noon,Grocery,Herbs&spices,Rice,Natural Licorice Root Herb – 280g | Naturally Sweet Flavor & Multi-Use,Spicekick,185.0,185.0,1.0,280.0,2026-05-25
Z6ECC70AF37F8CB06C14BZ,noon,Grocery,Herbs&spices,Spices,Kabsa Spices Bottle - 65 Gram,Imtenan,53.0,53.0,1.0,65.0,2026-05-25
N51327237A,noon,Grocery,Herbs&spices,Spices,Jar Jalapeno Peppers 680grams,Nile Garden,51.25,51.25,1.0,680.0,2026-05-25
N30522039A,noon,Grocery,Herbs&spices,Spices,Spices Mix 20grams,Rehana,20.0,20.0,1.0,20.0,2026-05-25
Z71AE3F716866CAE78BCAZ,noon,Grocery,Herbs&spices,Tea,Herbal Salt 125 grams,Imtenan,87.75,87.75,1.0,125.0,2026-05-25
Z3091BB80C5272FC756EAZ,noon,Grocery,Herbs&spices,Spices,7 Spices Jar - 180 Gram,Rehana,134.0,134.0,1.0,180.0,2026-05-25
Z92ACDAB6B1E7C617E858Z,noon,Grocery,Herbs&spices,Spices,Spices Flavy-Sogok 90gm For All Foods,Chefy Mix,45.25,45.25,1.0,90.0,2026-05-25
N37956061A,noon,Grocery,Herbs&spices,Spices,Burger Spices 75grams,Abu Auf,53.0,53.0,1.0,75.0,2026-05-25
Z26FBC3B92B304CDE77E1Z,noon,Grocery,Herbs&spices,Spices,liver spices 250 gm,Saltana,90.0,90.0,1.0,250.0,2026-05-25
Z949468AE2F949E96E455Z,noon,Grocery,Herbs&spices,Tea,Cardamom First Class 50g,Haj Arafa,178.0,178.0,1.0,50.0,2026-05-25
Z0BD41263A03256C7B807Z,noon,Grocery,Herbs&spices,Spices,Spicy Chicken Broast Seasoning 85g,Saltana,52.0,52.0,1.0,85.0,2026-05-25
Z793193D4012439B18D9AZ,noon,Grocery,Herbs&spices,Spices,Cumin Powder 35g,Haj Arafa,38.0,38.0,1.0,35.0,2026-05-25
N52511258A,noon,Grocery,Herbs&spices,Spices,Cumin Milled Shaker 40grams,Dayma,64.25,64.25,1.0,40.0,2026-05-25
N28849774A,noon,Grocery,Herbs&spices,Spices,Vegetables Spices 75grams,Abu Auf,47.25,47.25,1.0,75.0,2026-05-25
ZA5D9EAFC33F622B4DBA7Z,noon,Grocery,Herbs&spices,Spices,Fish Spices Bottle - 65 Gram,Imtenan,53.0,53.0,1.0,65.0,2026-05-25
N27719576A,noon,Grocery,Herbs&spices,Spices,Milled Cumin Powder 65grams,Al Doha,101.0,101.0,1.0,65.0,2026-05-25
ZC4FB46ACDD7FFA244B80Z,noon,Grocery,Herbs&spices,Spices,Dried Basil Spice 20g,Haj Arafa,54.5,54.5,1.0,20.0,2026-05-25
ZEC5AA41625994A4400D1Z,noon,Grocery,Herbs&spices,Spices,Rosemary 40g,Norica Food,220.0,220.0,1.0,160.0,2026-05-25
ZAC4B1C838EBD7504F47FZ,noon,Grocery,Herbs&spices,Tea,Star Anise Herbal Tea 75g,Shana,148.0,148.0,1.0,75.0,2026-05-25
ZA1A3EFBCCD60AB0493F0Z,noon,Grocery,Herbs&spices,Spices,cumin and black pepper powder 100g,Ragab El Attar,200.0,200.0,1.0,100.0,2026-05-25
ZCBB0FCCBC47923A75962Z,noon,Grocery,Herbs&spices,Tea,Cardamom Powder 100 gm,Zary,295.0,295.0,1.0,100.0,2026-05-25
ZB2C60E1F77FB481D97DAZ,noon,Grocery,Herbs&spices,Spices,Khaleeji Seasoning 100gm,Zary,58.0,58.0,1.0,100.0,2026-05-25
ZEEA5F31947F16BF91138Z,noon,Grocery,Herbs&spices,Spices,All Spices Bottle - 65 Gram,Imtenan,66.0,66.0,1.0,65.0,2026-05-25
N52203780A,noon,Grocery,Herbs&spices,Spices,Gravel Whole Black Pepper 70grams,Rehana,97.25,97.25,1.0,70.0,2026-05-25
Z1EFCF9226B129093BDC9Z,noon,Grocery,Herbs&spices,Spices,"Mehran Biryani Masala – 50g | Authentic Pakistani Biryani Spice Mix | Rich Aroma & Traditional Flavor | Perfect for Chicken, Beef & Vegetable Biryani",Mehran,306.65,306.65,1.0,50.0,2026-05-25
Z2CF99FAA3D5844062E14Z,noon,Grocery,Herbs&spices,Spices,White Pepper Powder 85g,Haj Arafa,145.0,145.0,1.0,85.0,2026-05-25
Z348D10E9BBBE83291E29Z,noon,Grocery,Herbs&spices,Spices,"Mehran Curry Powder, 400g – Authentic Blend of Spices for Rich Curry Flavor – Pack of 1",Mehran,499.0,499.0,1.0,400.0,2026-05-25
ZDEF3DBFF03D74E159360Z,noon,Grocery,Herbs&spices,Spices,Red Hot Chili Spices Bottle - 65 Gram,Imtenan,66.0,66.0,1.0,65.0,2026-05-25
Z4DF15208570AB156F513Z,noon,Grocery,Herbs&spices,Spices,Fennel spices from Zahrat 80 grams,Spicekick,78.0,78.0,1.0,80.0,2026-05-25
ZCB72F61B592EB62471BBZ,noon,Grocery,Herbs&spices,Spices,Spicy thyme seasoning with marjoram 110 grams,Spicekick,135.0,135.0,1.0,110.0,2026-05-25
Z774CF635247DED3674D8Z,noon,Grocery,Herbs&spices,Spices,Cumin Spices Bottle- 65 Gram,Imtenan,80.0,80.0,1.0,65.0,2026-05-25
Z8099B7132FA6D6C4B776Z,noon,Grocery,Herbs&spices,Spices,Fajita Seasoning - 40 grams,Al Doha,53.0,53.0,1.0,40.0,2026-05-25
ZDDDC0C4BF15A03055420Z,noon,Grocery,Herbs&spices,Spices,Coriander Spices Bottle - 65 Gram,Imtenan,83.0,83.0,1.0,65.0,2026-05-25
Z6B1D73A87667A47974BCZ,noon,Grocery,Herbs&spices,Tea,Chamomile with mint tea bag,Norica Food,120.0,120.0,1.0,,2026-05-25
ZE3E870C40D70D7BC3955Z,noon,Grocery,Herbs&spices,Spices,Thyme ground 35 g,Norica Food,160.0,160.0,1.0,140.0,2026-05-25
ZCFB162E63B3B3D23319FZ,noon,Grocery,Herbs&spices,Spices,Freshly French Fries Seasoning 142g - A unique blend with a taste similar to KFC French Fries Seasoning. Not available at KFC Egypt. Imported product.,Freshly,350.0,350.0,1.0,142.0,2026-05-25
ZD26E2ABE050745E86F73Z,noon,Grocery,Herbs&spices,Spices,chicken spices 360 gm,Saltana,170.0,170.0,1.0,360.0,2026-05-25
ZB1B86ED6CF2359EB137AZ,noon,Grocery,Herbs&spices,Salt,Himalayan salt 200g fine,Shana,65.0,65.0,1.0,200.0,2026-05-25
ZD76339D073F4587B99F9Z,noon,Grocery,Herbs&spices,Spices,Wafery Cumin Seeds 250 gm,Zary,185.0,185.0,1.0,250.0,2026-05-25
ZE15DB478E8E4002162B0Z,noon,Grocery,Herbs&spices,Spices,Wild Thyme 15 gm,Zary,47.0,47.0,1.0,15.0,2026-05-25
ZE3973BC8DF24AB2EF71AZ,noon,Grocery,Herbs&spices,Spices,Bundle Spices meat and chicken 100gm,Ragab El Attar,400.0,400.0,1.0,100.0,2026-05-25
Z9E0F937F5D7894FC64D0Z,noon,Grocery,Herbs&spices,Spices,Herbal Salt Spices Bottle - 80 Gram,Imtenan,62.75,62.75,1.0,80.0,2026-05-25
ZAAC6E2F4761BB51ADE8FZ,noon,Grocery,Herbs&spices,Spices,Wafery Wild Thyme 50 gm,Zary,60.0,60.0,1.0,50.0,2026-05-25
ZAE19A254B794585285AEZ,noon,Grocery,sauces,Sauces,Rana Hot Sauce  Pack of 2 Bottles  Rich Spicy Flavor for Cooking & Serving  Imported Product,Rana,240.0,240.0,1.0,,2026-05-25
ZF0804EFC8A2E91D3CED6Z,noon,Grocery,sauces,Sauces,Mayonnaise Classic 385gm,Lavida,100.0,100.0,1.0,385.0,2026-05-25
Z4D359546F9D94D584FE3Z,noon,Grocery,sauces,Sauces,Light Soy Sauce - 150 ml,Sun Garden,51.0,51.0,1.0,300.0,2026-05-25
ZECF7AB884C9E1C635E6AZ,noon,Grocery,sauces,Sauces,"Sweet Chili Sauce 700ml Tangy Spicy Asian Sauce for Stir-Fry, Dipping & Marinades",Mr.Hung,350.0,350.0,1.0,700.0,2026-05-25
N28676070A,noon,Grocery,sauces,Sauces,Soy Sauce 300ml,Yamama,164.0,164.0,1.0,300.0,2026-05-25
Z93F45665D0A13049A88BZ,noon,Grocery,sauces,Sauces,Green Hot Sauce - Diet Sauce 1 kg,Naturesta,631.0,631.0,1.0,1000.0,2026-05-25
N44423698A,noon,Grocery,sauces,Sauces,Sweet Chili Sauce 700ml  Single,Sunlee,226.0,226.0,1.0,700.0,2026-05-25
ZA067DB2DEF4DA51F971AZ,noon,Grocery,sauces,Sauces,Dark Soy Sauce - 150 ml,Sun Garden,51.0,51.0,1.0,150.0,2026-05-25
Z7963A2319BD1ED901A16Z,noon,Grocery,sauces,Sauces,Thai Sriracha Chili Sauce 430ml,Real Thai,240.0,240.0,1.0,430.0,2026-05-25
N42868023A,noon,Grocery,sauces,Sauces,Sriracha Green Chilli Sauce 200ml  Single,Flying Goose,182.0,182.0,1.0,200.0,2026-05-25
Z7A3D74D9D2A65D48976DZ,noon,Grocery,sauces,Sauces,Ketchup Sauce 340 grams,Chefy Mix,43.5,43.5,1.0,340.0,2026-05-25
ZC007A2D9ADAB26393B2FZ,noon,Grocery,sauces,Spices,Easy Dip Sriracha Sauce - 340g - Hot Chili All-Purpose Dipping & Seasoning Sauce,Easy Dip,79.9,79.9,1.0,340.0,2026-05-25
ZEE7A507D4273CCC2E080Z,noon,Grocery,sauces,Sauces,Superior Light Soy Sauce 500 ml,Royal Arm,163.0,163.0,1.0,70.0,2026-05-25
Z52EB06615C1EDBE25B11Z,noon,Grocery,sauces,Sauces,Super Hot Sauce - 180 Gram,Naturesta,195.0,195.0,1.0,180.0,2026-05-25
N29595820A,noon,Grocery,sauces,Sauces,BBQ Sauce 370grams,Heinz,246.0,246.0,1.0,370.0,2026-05-25
Z0BB1946D0F961AD9AD88Z,noon,Grocery,Herbs&spices,Tea,Lemongrass tea bag,Norica Food,120.0,120.0,1.0,,2026-05-25
Z010F7A2B0EBF4E7E5A5FZ,noon,Grocery,Herbs&spices,Spices,chicken pane spices 300 gm,Saltana,72.0,72.0,1.0,300.0,2026-05-25
Z1C3FF9BFD0D40935A830Z,noon,Grocery,Herbs&spices,Spices,Herb & Lime Seasoning 100gm,Zary,73.0,73.0,1.0,100.0,2026-05-25
N44048469A,noon,Grocery,Herbs&spices,Spices,Whole Black Pepper 70grams,Zamzam,59.25,59.25,1.0,70.0,2026-05-25
Z457412925607BEF13DEBZ,noon,Grocery,Herbs&spices,Spices,White Pepper 100 gm,Zary,150.0,150.0,1.0,100.0,2026-05-25
ZFE2948C95FDB93077F9CZ,noon,Grocery,Herbs&spices,Spices,Curry Spices Bottle - 65 Gram,Imtenan,58.95,58.95,1.0,65.0,2026-05-25
ZA5ED9DB8CB490FB8BD64Z,noon,Grocery,Herbs&spices,Spices,cumin powder 65 grams,Ragab El Attar,105.0,105.0,1.0,100.0,2026-05-25
Z87BB07562C6A70832D85Z,noon,Grocery,Herbs&spices,Spices,fish Seasoning 85 g,Saltana,66.0,66.0,1.0,85.0,2026-05-25
Z77D1732B5FEFB3560458Z,noon,Grocery,Herbs&spices,Spices,Shish Kebab Seasoning 100gm,Zary,73.0,73.0,1.0,100.0,2026-05-25
Z9B7C238BB27269FFF652Z,noon,Grocery,Herbs&spices,Spices,Mixgrill Seasoning 75g,Saltana,66.0,66.0,1.0,75.0,2026-05-25
ZCD87E5D8F9ED373ACC34Z,noon,Grocery,Herbs&spices,Spices,"Zahra dried chili seasoning, 20 grams",Spicekick,65.0,65.0,1.0,20.0,2026-05-25
Z4E6DB76CCA595A98173BZ,noon,Grocery,Herbs&spices,Spices,Turmeric 120 grams Al Zahra spices,Spicekick,110.0,110.0,1.0,120.0,2026-05-25
Z4B878344758A7201E8A3Z,noon,Grocery,Herbs&spices,Spices,Alwalimah Masala Mix – 300g | Authentic Indian Spice Blend for Flavorful Cooking,Al Walimah,449.99,449.99,1.0,300.0,2026-05-25
Z075CF35AD70956CB0FDFZ,noon,Grocery,Herbs&spices,Tea,Fennel tea bag,Norica Food,120.0,120.0,1.0,,2026-05-25
N29986066A,noon,Grocery,Herbs&spices,Spices,Cinnamon Powder 20grams,Al Doha,26.0,26.0,1.0,20.0,2026-05-25
ZE9E94F6800D0CC33C046Z,noon,Grocery,Herbs&spices,Spices,"Baharat Al Zahraa Natural Garlic Powder – 110g Pure & Rich Flavor – Perfect for Cooking, Seasoning & Marinades",Zahra,72.0,72.0,1.0,110.0,2026-05-25
Z3B470525C920AC42366AZ,noon,Grocery,Herbs&spices,Spices,Grill Spices 65g,Haj Arafa,41.0,41.0,1.0,65.0,2026-05-25
ZCB09460BA9A20E945470Z,noon,Grocery,Herbs&spices,Spices,Hot Chicken spices,Ragab El Attar,25.0,25.0,1.0,30.0,2026-05-25
Z0E23B6477F670D1AFE9EZ,noon,Grocery,Herbs&spices,Spices,Burger Spices 65g,Haj Arafa,41.0,41.0,1.0,65.0,2026-05-25
Z8DAFA9ECB29B14C43C04Z,noon,Grocery,Herbs&spices,Spices,Beef Spices Bottle - 65 Gram,Imtenan,66.0,66.0,1.0,65.0,2026-05-25
Z324D2BDA80572F08DFF5Z,noon,Grocery,Herbs&spices,Spices,Salted white pulp 150 grams of (SPICEKICK),Spicekick,120.0,120.0,1.0,150.0,2026-05-25
Z117C6C71F7DC750504B4Z,noon,Grocery,Herbs&spices,Spices,Kabsa spices 110 grams,Spicekick,119.0,119.0,1.0,110.0,2026-05-25
ZB360A240D8E46343FB38Z,noon,Grocery,Herbs&spices,Spices,B.B.Q. Seasoning 200 grams - Esnad,Esnad,400.0,400.0,1.0,200.0,2026-05-25
Z62A38391F0AF777E917FZ,noon,Grocery,Herbs&spices,Spices,Turmeric 60 grams (spice cake),Spicekick,50.0,50.0,1.0,60.0,2026-05-25
ZFD0664CA6246AD3B0B80Z,noon,Grocery,Herbs&spices,Spices,"Coarse cloves, flower spices, 60 grams",Spicekick,185.0,185.0,1.0,60.0,2026-05-25
Z03CB8FD3247CFC933A6CZ,noon,Grocery,Herbs&spices,Spices,Garlic powder 150 grams from (SPICEKICK),Spicekick,95.0,95.0,1.0,150.0,2026-05-25
Z7DC2C7CDF14FD644FD1EZ,noon,Grocery,Herbs&spices,Spices,"Dried Basil Leaves 15g – Premium Natural Basil Herb, Aromatic Flavor, Ideal for Cooking, Seasoning and Everyday Culinary Use",Spicekick,55.0,55.0,1.0,15.0,2026-05-25
N44048472A,noon,Grocery,Herbs&spices,Spices,Mix Of Spices 70grams,Zamzam,34.0,34.0,1.0,70.0,2026-05-25
Z977FB9D213753EDD72F2Z,noon,Grocery,Herbs&spices,Sugar,500g sugar cubes,Shana,114.0,114.0,1.0,500.0,2026-05-25
ZE24359B4664573031169Z,noon,Grocery,Herbs&spices,Salt,Salt & Garlic 100gm,Tahbesha,23.25,23.25,1.0,100.0,2026-05-25
ZF3A041208801F4CFB64AZ,noon,Grocery,Herbs&spices,Spices,Ginger tea bag,Norica Food,120.0,120.0,1.0,,2026-05-25
Z9517EAEF9112720E0EE6Z,noon,Grocery,Herbs&spices,Spices,Peppermint 10 gm,Zary,40.0,40.0,1.0,10.0,2026-05-25
ZE1D80AA8692E6C6EE8C2Z,noon,Grocery,Herbs&spices,Spices,Indian spices 100 grams of (SPICEKICK),Spicekick,108.0,108.0,1.0,100.0,2026-05-25
Z0813FCDEED27A526FDA7Z,noon,Grocery,Herbs&spices,Tea,"Instant drink with jujube flavor, 400 grams",Spicekick,120.0,120.0,1.0,400.0,2026-05-25
ZB50E09E26E92A21F3607Z,noon,Grocery,Herbs&spices,Spices,Stuffed spices 120 grams (SPICEKICK),Spicekick,92.0,92.0,1.0,120.0,2026-05-25
ZE663E69C9635567488F5Z,noon,Grocery,Herbs&spices,Spices,Cumin 100 gm,Zary,110.0,110.0,1.0,100.0,2026-05-25
N29761966A,noon,Grocery,Herbs&spices,Spices,Cumin Powder Pack May Vary 100grams,Al Doha,91.0,91.0,1.0,100.0,2026-05-25
Z4A38AC399373ED3B078AZ,noon,Grocery,Herbs&spices,Spices,"Spicecake ground carob, 200 grams",Spicekick,110.0,110.0,1.0,200.0,2026-05-25
ZE844978968784A462741Z,noon,Grocery,Herbs&spices,Tea,Hibiscus tea bag,Norica Food,120.0,120.0,1.0,,2026-05-25
ZA21170D51733560DBA9BZ,noon,Grocery,Herbs&spices,Tea,Chamomile with anise tea bag,Norica Food,120.0,120.0,1.0,,2026-05-25
N52203793A,noon,Grocery,Herbs&spices,Spices,Milled Ginger 70grams,Rehana,60.0,60.0,1.0,70.0,2026-05-25
ZA4A7DC18CEA6C2E89F83Z,noon,Grocery,Herbs&spices,Spices,Ground Cumin 70g,Norica Food,220.0,220.0,1.0,280.0,2026-05-25
ZF8590331C2F18465FE56Z,noon,Grocery,Herbs&spices,Spices,Cumin Jar 40gm,Alzaeem,49.0,49.0,1.0,40.0,2026-05-25
ZBB57E449CA02842DF0E2Z,noon,Grocery,Herbs&spices,Spices,120g sliced ​​dried onions (spice kick),Spicekick,135.0,135.0,1.0,120.0,2026-05-25
Z05038D7509D670AAD899Z,noon,Grocery,Herbs&spices,Spices,Liver spices 150 grams (SPICEKICK),Spicekick,92.0,92.0,1.0,150.0,2026-05-25
Z37CFD05824432F7F6B02Z,noon,Grocery,Herbs&spices,Tea,"Zahratein Cardamom 250 Grams , Premium Indian cardamom",Zahraten,950.0,950.0,1.0,250.0,2026-05-25
Z68109CBF420DA607D6DAZ,noon,Grocery,Herbs&spices,Spices,Whole Black Pepper 80g,Haj Arafa,95.25,95.25,1.0,80.0,2026-05-25
Z00F33FD47A759CD41315Z,noon,Grocery,Herbs&spices,Spices,ALLSPICE 85 GM ( SPICEKICK ),Spicekick,94.0,94.0,1.0,85.0,2026-05-25
Z6DEDE4A1F85A51C38155Z,noon,Grocery,Herbs&spices,Spices,Fish spices 135 grams (SPICEKICK),Spicekick,78.0,78.0,1.0,135.0,2026-05-25
ZF1C780CCABE6E8AA8F85Z,noon,Grocery,Herbs&spices,Spices,Caraway 110 grams (SPICEKICK),Spicekick,59.0,59.0,1.0,110.0,2026-05-25
ZB4CD9681021A28AF8B06Z,noon,Grocery,Herbs&spices,Spices,Whole cardamom 85 grams - from (SPICEKICK),Spicekick,235.0,235.0,1.0,85.0,2026-05-25
Z33421A51545AE6F17773Z,noon,Grocery,Herbs&spices,Spices,Falafel Spices Deluxe 85g,Saltana,56.0,56.0,1.0,65.0,2026-05-25
ZF5E4F1A69360F7E2EAA1Z,noon,Grocery,Herbs&spices,Spices,"French spices from Al Zahraa, 100 grams",Spicekick,115.0,115.0,1.0,100.0,2026-05-25
Z74CBED1F01910AC56C50Z,noon,Grocery,Herbs&spices,Spices,"Alwalimah Biryani Mix, Authentic Spice Blend for Traditional Biryani, Premium Quality, 300g",Al Walimah,638.44,638.44,1.0,300.0,2026-05-25
N45341764A,noon,Grocery,Herbs&spices,Tea,Cardamom 50grams,Abu Auf,184.25,184.25,1.0,50.0,2026-05-25
Z7FF064DE298BC4BFF2BDZ,noon,Grocery,Herbs&spices,Tea,Sage 25 gm,Zari,42.0,42.0,1.0,25.0,2026-05-25
Z3F44E5B0AE49D79635F2Z,noon,Grocery,Herbs&spices,Spices,Freshly Italian spices 34 grams Mixed cooking herbs. Imported product,Freshly,350.0,350.0,1.0,34.0,2026-05-25
Z040D38106DD1709B9246Z,noon,Grocery,Herbs&spices,Rice,Esnad Hot Curry Powder Imported Natural Spice Blend Rich Flavor for Chicken Rice and Meat,Esnad,400.0,400.0,1.0,400.0,2026-05-25
ZD335F1D518400D434E3DZ,noon,Grocery,Herbs&spices,Spices,White pulp without salt 185 grams of (SPICEKICK),Spicekick,111.0,111.0,1.0,185.0,2026-05-25
N27719624A,noon,Grocery,Herbs&spices,Spices,Milled White Pepper 70grams,Al Doha,116.0,116.0,1.0,70.0,2026-05-25
Z2C61EE4156CBF65A4C70Z,noon,Grocery,Herbs&spices,Spices,Milled Cumin 20grams (Pack of 2),Al Doha,42.0,42.0,1.0,30.0,2026-05-25
Z4E367757A00ADE5835BEZ,noon,Grocery,Herbs&spices,Rice,Rice spices 360 gm,Saltana,140.0,140.0,1.0,360.0,2026-05-25
ZFD7780AA10B3C2A100C1Z,noon,Grocery,Herbs&spices,Rice,Biryani Rice Mixture Jar - 100 Gram,Rehana,39.0,39.0,1.0,100.0,2026-05-25
Z67F5A658D8935BAFB683Z,noon,Grocery,Herbs&spices,Spices,Wafery Fish Spices 250 gm,Zary,111.0,111.0,1.0,250.0,2026-05-25
Z7FAC8B3038E7EDEBC1C2Z,noon,Grocery,Herbs&spices,Rice,Rice Mumbar Spices 85g,Saltana,66.0,66.0,1.0,85.0,2026-05-25
ZCF06F514E4CC2DCB283BZ,noon,Grocery,Herbs&spices,Spices,Wafery Cumin 250 gm,Zary,185.0,185.0,1.0,250.0,2026-05-25
N30522042A,noon,Grocery,Herbs&spices,Spices,Turmeric 20grams,Rehana,16.5,16.5,1.0,20.0,2026-05-25
ZFFBBCA59197E8B1C9D71Z,noon,Grocery,Herbs&spices,Rice,"Al Walimah Bukhari Rice Spice Mix, 300g | Authentic Middle Eastern Bukhari Seasoning | Perfect for Traditional Rice Dishes",Al Walimah,449.95,449.95,1.0,300.0,2026-05-25
ZE41ACCE1CB4AEFF9BB31Z,noon,Grocery,Herbs&spices,Pasta,Esnad Pizza Seasoning Imported Italian Style Natural Herbs & Spices Blend for Pizza and Pasta,Esnad,400.0,400.0,1.0,400.0,2026-05-25
Z860D133161F59EF8AD05Z,noon,Grocery,Herbs&spices,Tea,"Saffron, original plant, 1 gram, imported product",Plants,450.0,450.0,1.0,1.0,2026-05-25
Z3204BBEC2E71359C52E7Z,noon,Grocery,Herbs&spices,Salt,Lemon Salt 115g,Haj Arafa,35.75,35.75,1.0,165.0,2026-05-25
Z8BFF26FC1E3CC00EE492Z,noon,Grocery,Herbs&spices,Spices,Kofta Spices 65g,Haj Arafa,35.75,35.75,1.0,65.0,2026-05-25
ZAF2BC88E8C63F6FF780BZ,noon,Grocery,Herbs&spices,Spices,Nigella sativa 55 grams from Spicecake,Spacekick,65.0,65.0,1.0,55.0,2026-05-25
Z4DCF0AE5BF0D8C930006Z,noon,Grocery,Herbs&spices,Spices,Chicken spice powder 100 grams,Rajab Al-Attar,52.0,52.0,1.0,100.0,2026-05-25
ZBA49621F2A66CF7DB3FCZ,noon,Grocery,Herbs&spices,Spices,Fish Spices 65g,Haj Arafa,35.75,35.75,1.0,65.0,2026-05-25
ZB375B5F7FB6290B206CCZ,noon,Grocery,Herbs&spices,Spices,Hamburger Seasoning 75g,Saltana,62.0,62.0,1.0,75.0,2026-05-25
N44048474A,noon,Grocery,Herbs&spices,Spices,Ground Ginger 70grams,Zamzam,41.0,41.0,1.0,70.0,2026-05-25
Z5B7E222CE913159BAF0AZ,noon,Grocery,Herbs&spices,Rice,"Alwalimah Mandi Mix, Authentic Middle Eastern Seasoning Blend, Perfect for Rice & Meat, 300g",Al Walimah,541.0,541.0,1.0,300.0,2026-05-25
Z476E56DA380459EE46C0Z,noon,Grocery,Herbs&spices,Spices,Zahrat Seasoning - Thyme Mahog 100 grams of,Spicekick,135.0,135.0,1.0,100.0,2026-05-25
Z2287DFD10F964EC5CECCZ,noon,Grocery,Herbs&spices,Rice,Rice Kofta Seasoning 75g,Saltana,58.0,58.0,1.0,75.0,2026-05-25
Z52A4BED1D4F8B9668057Z,noon,Grocery,Herbs&spices,Rice,rice spices 460g Pack Of 5,Saltana,220.0,220.0,1.0,2300.0,2026-05-25
N44048488A,noon,Grocery,Herbs&spices,Tea,Cardamom 40grams,Zamzam,164.95,164.95,1.0,40.0,2026-05-25
Z71E6D572B1F13C887382Z,noon,Grocery,Herbs&spices,Spices,Esnad Saudi Seven Spices Blend - 200g Tub,Esnad,400.0,400.0,1.0,236.0,2026-05-25
ZD33583C327D713732DB7Z,noon,Grocery,Herbs&spices,Spices,Altahuna black pepper whole 80g,Altahunaa,95.0,95.0,1.0,80.0,2026-05-25
ZFE0B75DB764B018AD34EZ,noon,Grocery,Herbs&spices,Spices,Altahuna soft ginger 50g,Altahunaa,55.0,55.0,1.0,50.0,2026-05-25
ZA48C36F1A2CB87692169Z,noon,Grocery,Herbs&spices,Spices,Altahuna seven spices 65g,Altahunaa,99.0,99.0,1.0,65.0,2026-05-25
ZF21495481A79227D8306Z,noon,Grocery,Herbs&spices,Spices,White pepper whole 95 g,Altahunaa,128.0,128.0,1.0,95.0,2026-05-25
Z7FD052271521AA7E98FBZ,noon,Grocery,Herbs&spices,Tea,Norica Whole anise herb tea bage,Norica Food,120.0,120.0,1.0,70.0,2026-05-25
Z53448BC737DBAC1D63A9Z,noon,Grocery,Herbs&spices,Spices,Wafery Ginger 250 gm,Zary,145.0,145.0,1.0,250.0,2026-05-25
ZEBA18F5A2CB363B8449AZ,noon,Grocery,Herbs&spices,Spices,Rosemary 40 grams of Zahrat spices,Spicekick,85.0,85.0,1.0,40.0,2026-05-25
ZF26D1C00F389E4817212Z,noon,Grocery,Herbs&spices,Spices,Hawashi Meat Seasoning 75g,Saltana,42.0,42.0,1.0,75.0,2026-05-25
Z8E1A2D6C319B02D9EFAAZ,noon,Grocery,Herbs&spices,Spices,cumin 130g (SPICEKICK),Spicekick,110.0,110.0,1.0,130.0,2026-05-25
ZE07D8C259B7C651C3D41Z,noon,Grocery,Herbs&spices,Spices,Wafery Kabsa Spices 250 gm,Zary,111.0,111.0,1.0,250.0,2026-05-25
ZB50AA4E3D6F01641C492Z,noon,Grocery,Herbs&spices,Salt,"Dr. Foods Himalayan Pink Salt Block for Cooking, Grilling & Baking – 30 cm × 20 cm × 5 cm | Salt Cutting Board | Culinary Serving Stone",Dr. Foods,1500.0,1500.0,1.0,3000.0,2026-05-25
Z98F2258BC348831AF694Z,noon,Grocery,Herbs&spices,Spices,100% Natural Soft Ground Black Pepper - 250g,Herbs,220.0,220.0,1.0,250.0,2026-05-25
Z2A6BC45415C37FDB9688Z,noon,Grocery,Herbs&spices,Sauces,Truffle Paste 500 GR,La Corvinia,980.0,980.0,1.0,500.0,2026-05-25
ZDB126635614A0A930AC8Z,noon,Grocery,Herbs&spices,Spices,"100% natural fine ground cumin powder, 500 grams",Herbs,390.0,390.0,1.0,500.0,2026-05-25
ZEF8DB795487FE16AB359Z,noon,Grocery,Herbs&spices,Salt,Faifa Pink Himalayan Salt 500 gm,Fayfa,299.0,299.0,1.0,500.0,2026-05-25
ZB1CDC6696994F64A132BZ,noon,Grocery,Herbs&spices,Spices,Ground black pepper 80 grams,Norika Food,270.0,270.0,1.0,320.0,2026-05-25
ZC1D709627140644643E1Z,noon,Grocery,Herbs&spices,Spices,"Mixed spices, 4 types, 100 grams",Rajab Al-Attar,400.0,400.0,1.0,400.0,2026-05-25
ZE69D8D7D4354E6453F60Z,noon,Grocery,Herbs&spices,Oats,Hot Crispy Coating Mix 100 grams,Chefy Mix,25.0,25.0,1.0,100.0,2026-05-25
ZB9CDC457BA4071468B19Z,noon,Grocery,Herbs&spices,Spices,Chicken broth spices 85 gm,Saltana,58.0,58.0,1.0,85.0,2026-05-25
ZA55F7D9DE06B63691BEAZ,noon,Grocery,Herbs&spices,Spices,Thyme 250 g,Zari,74.0,74.0,1.0,250.0,2026-05-25
ZE8BC7BDBFA41BAFF9DD0Z,noon,Grocery,Herbs&spices,Milk,Natural Dried Milk Thistle Seeds (250 grames),Biochem,350.0,350.0,1.0,250.0,2026-05-25
Z1503C7D8C0E620C2E000Z,noon,Grocery,Herbs&spices,Spices,Zemoroda Fine Whole Cumin Pack 350G (V. Package) 10 bags,Generic,190.0,190.0,1.0,3500.0,2026-05-25
Z27D1A7D7EDDF48024C9CZ,noon,Grocery,Herbs&spices,Spices,Zemoroda Fine Turmeric Powder Pack 300G (V. Package) 5 bags,Generic,220.0,220.0,1.0,1500.0,2026-05-25
Z67D8086EA8B4FC127AC2Z,noon,Grocery,Herbs&spices,Spices,Roni Premium Fine Ground Black Pepper – 100% Natural Fresh Spice – Rich Aroma & Strong Flavor – 100g,Generic,162.0,162.0,1.0,100.0,2026-05-25
ZFD5425CF397B716D8B22Z,noon,Grocery,Herbs&spices,Spices,100% natural fine ground cinnamon - 500 grams - high quality and strong flavour,Herbs,420.0,420.0,1.0,500.0,2026-05-25
Z862CA1B064E2EB2AABADZ,noon,Grocery,Herbs&spices,Spices,Premium Turmeric Powder – Natural Golden Spice – Pack of 2 × 100g Airtight Packs,Tamwenatelzekrayat,253.98,253.98,1.0,200.0,2026-05-25
Z2C67F746230A059FC7D8Z,noon,Grocery,Herbs&spices,Spices,Fahita Seasoning 75g,Saltana,50.0,50.0,1.0,75.0,2026-05-25
Z9C74C5B498884773A9E6Z,noon,Grocery,Herbs&spices,Spices,basic spices 600,Saltana,295.0,295.0,1.0,600.0,2026-05-25
ZC3DFBEF6311BF76E5F55Z,noon,Grocery,Herbs&spices,Tea,Cardamom essence collection 90 grams,Sultanate,260.0,260.0,1.0,90.0,2026-05-25
Z6207C4EAF890F686EEFAZ,noon,Grocery,Herbs&spices,Spices,Crushed dum powder 150 grams from (Spicecake),Spacekick,115.0,115.0,1.0,150.0,2026-05-25
Z143F81E491D6467D9CC8Z,noon,Grocery,sauces,Sauces,BBQ Sauce 310g,Bubuzy,45.0,45.0,1.0,310.0,2026-05-25
ZBF8047C839CCE6FD404DZ,noon,Grocery,sauces,Sauces,Sweet Chili Sauce Bottle235ml,Real Thai,227.0,227.0,1.0,235.0,2026-05-25
ZF536E55F6094B83D803DZ,noon,Grocery,sauces,Sauces,Rana Hot Sauce  Pack of 3 Bottles  Strong Spicy Flavor for Daily Use  Imported Product,Rana,330.0,330.0,1.0,,2026-05-25
Z1F43ABC2D584DDA1D967Z,noon,Grocery,sauces,Sauces,Hot Sauce Chipotle - 180 Gram,Naturesta,195.0,195.0,1.0,180.0,2026-05-25
Z36957C2735EE0C48F32EZ,noon,Grocery,sauces,Milk,"KDD Bechamel Sauce (500ml)  Ready-to-Use Creamy White Sauce  Rich & Velvety Texture for Pasta Bechamel, Lasagna, and Gratins  Long-Life UHT Liquid Base",Kdd,369.75,369.75,1.0,500.0,2026-05-25
Z43EBBA8BCB41DB0EFC02Z,noon,Grocery,sauces,Sauces,SRIRACHA Hot Chili Sauce  Squeeze Bottle 220ml | Thai Spicy Sauce,Mr.Hung,200.0,200.0,1.0,220.0,2026-05-25
Z5C255BAC06A10D845B04Z,noon,Grocery,sauces,Sauces,Sweet Chili Sauce Bucket 3.5 kg,Add-Me,422.25,422.25,1.0,3500.0,2026-05-25
N52996297A,noon,Grocery,sauces,Oils,Sesame Oil 250ml  Single,Nabtah,280.0,280.0,1.0,250.0,2026-05-25
Z42B78141DC5A54E77A25Z,noon,Grocery,sauces,Sauces,"Sweet Chili Sauce with Pineapple 700ml  Asian Fruity Sauce for Stir Fry, Marinades & Dipping",Mr.Hung,350.0,350.0,1.0,700.0,2026-05-25
Z9B0501C09BAE743F9F8DZ,noon,Grocery,sauces,Sauces,Sweet chili sauce 900ml,Sun Garden,159.0,159.0,1.0,900.0,2026-05-25
Z3B1C059B340523524040Z,noon,Grocery,sauces,Spices,Puree Tomato Salt Pepper & Onion - 210 Gram,Naturesta,127.0,127.0,1.0,210.0,2026-05-25
Z5E81D654CB5A1603D68CZ,noon,Grocery,sauces,Sauces,Squeeze Bottle Mustard 300 GM,Bubuzy,47.75,47.75,1.0,300.0,2026-05-25
N38793020A,noon,Grocery,sauces,Sauces,Lebanese Cooking Sauce 360grams,Puidor,94.75,94.75,1.0,360.0,2026-05-25
ZD87A7FB20C3FF37DB0F6Z,noon,Grocery,sauces,Sauces,Mustard Sauce 5 kg,Chefy Mix,385.5,385.5,1.0,5000.0,2026-05-25
N38793018A,noon,Grocery,sauces,Pasta,Olive Pasta Sauce 360grams,Puidor,94.75,94.75,1.0,360.0,2026-05-25
Z6CCABAC98ECB845BC263Z,noon,Grocery,Herbs&spices,Spices,Zemoroda Ground Black Pepper 300G (Value Package) 5 bags,Generic,270.0,270.0,1.0,1500.0,2026-05-25
ZAB5B4743A95DDFB87482Z,noon,Grocery,Herbs&spices,Spices,Zemoroda bundle of 8 Spices (Super Saving Pack) 8 bags,Generic,238.0,238.0,1.0,2520.0,2026-05-25
Z006BCAA9DDA2F43D2BC6Z,noon,Grocery,Herbs&spices,Tea,Dried and ground natural pomegranate peel (100 grams).,Biochem,220.0,220.0,1.0,100.0,2026-05-25
Z848FEFB1582C32A1E6BCZ,noon,Grocery,Herbs&spices,Spices,Altahuna soft cumin 70g,Altahunaa,70.0,70.0,1.0,85.0,2026-05-25
ZE02D7F0C4BDF70509AE3Z,noon,Grocery,Herbs&spices,Spices,Altahuna turmeric 85g,Altahunaa,77.0,77.0,1.0,85.0,2026-05-25
Z1E418F33663E76493B81Z,noon,Grocery,Herbs&spices,Spices,Altahuna potato spices 100g,Altahunaa,78.0,78.0,1.0,100.0,2026-05-25
Z727316418DAE38C56C76Z,noon,Grocery,Herbs&spices,Spices,Seven Spices From Lazada (100g),Lazada,86.5,86.5,1.0,100.0,2026-05-25
Z2410AAEBF37475BBF990Z,noon,Grocery,Herbs&spices,Coffee,"Original Greek mastic, 10 grams, is used to treat stomach bacteria and is added to coffee and soup",basil,250.0,250.0,1.0,10.0,2026-05-25
Z59FD205B4D827EBCD793Z,noon,Grocery,Herbs&spices,Spices,Whole natural dried red hot pepper (chilli pods) – 250 grams,Herbs,280.0,280.0,1.0,250.0,2026-05-25
ZE6B9A5CC6D992582AE17Z,noon,Grocery,Herbs&spices,Tea,"Luxury Maghat from Rayhan, 100% natural drink, size 250 g",basil,350.0,350.0,1.0,250.0,2026-05-25
Z2531E133A929DB7A7622Z,noon,Grocery,Herbs&spices,Tea,Zemoroda Fine Cardamom 100G (Value Package) 5 bags,Generic,319.99,319.99,1.0,500.0,2026-05-25
ZF3E576D3432365D4A7E3Z,noon,Grocery,Herbs&spices,Tea,Zemoroda Fine Cardamom 100G (Value Package) 5 bags,Generic,320.0,320.0,1.0,,2026-05-25
Z006F3D47CFFF746529FEZ,noon,Grocery,Herbs&spices,Spices,Altahuna soft white pepper 80g,Altahunaa,129.0,129.0,1.0,80.0,2026-05-25
Z44BDCAACA2A2FF5E86A4Z,noon,Grocery,Herbs&spices,Tea,Zemoroda Fine Cardamom Pack 20G,Generic,75.0,75.0,1.0,20.0,2026-05-25
ZFC7801ED7286AF21E6B7Z,noon,Grocery,Herbs&spices,Spices,Zemoroda Fine Turmeric Powder Pack 60G,Generic,55.0,55.0,1.0,60.0,2026-05-25
ZEE785A7F7A21A4647AF2Z,noon,Grocery,Herbs&spices,Tea,"Premium Iranian Saffron 1g – 100% Pure Threads, Strong Aroma & Rich Color for Cooking & Drinks",Generic,315.0,315.0,1.0,1.0,2026-05-25
Z27B63D784AC623D48F31Z,noon,Grocery,Herbs&spices,Spices,Sir Al Tabkha Soft Black Pepper 50 gm,Generic,80.0,80.0,1.0,50.0,2026-05-25
Z129E7C12A51E4A067A88Z,noon,Grocery,Herbs&spices,Spices,Altahuna sweet curry spices 75g,Altahunaa,62.0,62.0,1.0,75.0,2026-05-25
ZD172E23A642DC91CA892Z,noon,Grocery,Herbs&spices,Spices,Chicken spices 75g,Altahunaa,71.0,71.0,1.0,75.0,2026-05-25
Z2CF16C6D5B4D085CE3BFZ,noon,Grocery,Herbs&spices,Spices,Altahuna soft black pepper 80g,Altahunaa,101.0,101.0,1.0,80.0,2026-05-25
Z3C1267A5BDFA21CAC8FCZ,noon,Grocery,Herbs&spices,Tea,Altahuna soft cardamom 70g,Altahunaa,315.0,315.0,1.0,65.0,2026-05-25
Z2303CAE5C0D26705F447Z,noon,Grocery,Herbs&spices,Spices,Altahuna soft cinnamon 70g,Altahunaa,63.0,63.0,1.0,70.0,2026-05-25
ZF4810E375EF75DAB2B8AZ,noon,Grocery,Herbs&spices,Spices,Altahuna chicken shawarma spices 70g,Altahunaa,68.0,68.0,1.0,70.0,2026-05-25
Z287C8C23FE97FA9DCBC3Z,noon,Grocery,Herbs&spices,Spices,"Dakket elMadina Traditional Middle Eastern Spice Blend, Authentic Seasoning, 100g Pack",Generic,365.32,365.32,1.0,100.0,2026-05-25
Z397E4EB408D1609C24E5Z,noon,Grocery,Herbs&spices,Spices,"Premium Whole Green Cardamom Pods, Aromatic & Handpicked Spice, 100g",Generic,862.75,862.75,1.0,100.0,2026-05-25
ZC48F534245AA190ED976Z,noon,Grocery,Herbs&spices,Spices,Roni Premium 7 Spices Blend – Mixed Arabic Seasoning – 100% Natural Fresh Spices – Rich Flavor & Aroma – 100g,Generic,148.0,148.0,1.0,100.0,2026-05-25
ZC6C915297C53AFE08F4FZ,noon,Grocery,Herbs&spices,Spices,Roni Premium Fine Ground Coriander – 100% Natural Fresh Spice – Mild Citrus Flavor & Aroma – 100g,Generic,107.0,107.0,1.0,100.0,2026-05-25
Z83DE71F333174C4EAC1EZ,noon,Beverages,juice,Juices,Sun Top Mixed Berry Juice - Pack of 6 - 250ml,Suntop,208.0,208.0,1.0,1500.0,2026-05-25
Z15E5C50906916E7F875EZ,noon,Beverages,juice,Tea,"MOGU MOGU Passion Fruit Drink with Nata De Coco, Refreshing Tropical Beverage with Chewy Coconut Bits, 320ml (Pack of 3)",Mogu Mogu,240.0,240.0,1.0,960.0,2026-05-25
N28727576A,noon,Beverages,juice,Juices,Pure Orange Juice 235ml,Juhayna,17.0,17.0,1.0,235.0,2026-05-25
N35958822A,noon,Beverages,juice,Juices,Gold Sparkling Fruit Juice Peach 750ml,May,196.25,196.25,1.0,750.0,2026-05-25
Z2485DB049DFA8BA37994Z,noon,Grocery,Herbs&spices,Spices,Zemoroda Fine Ground Cumin Powder Pack 350G (V. Package) 10 bags,Generic,190.0,190.0,1.0,3500.0,2026-05-25
Z69A6418BF5AD3B84B709Z,noon,Grocery,Herbs&spices,Spices,Zemoroda Ground Black Pepper 60G,Generic,55.0,55.0,1.0,60.0,2026-05-25
Z0B219EC00627C5AAF7F4Z,noon,Grocery,Herbs&spices,Spices,Zemoroda Fine Whole Cumin Pack 35G,Generic,75.0,75.0,1.0,35.0,2026-05-25
Z53C0B59902B50DABF7D8Z,noon,Grocery,Herbs&spices,Spices,Zemoroda Fine Ground Cumin Powder Pack 35G,Generic,75.0,75.0,1.0,35.0,2026-05-25
ZEE74C8E3577510BF87A6Z,noon,Grocery,Herbs&spices,Spices,100% natural fine ground cinnamon - weight 125 grams - high quality and strong flavour,Herbs,145.0,145.0,1.0,125.0,2026-05-25
N28727610A,noon,Beverages,juice,Juices,Red Grapes Juice Pure 235ml,Juhayna,17.0,17.0,1.0,235.0,2026-05-25
Z69A85B0469087BB9CB02Z,noon,Beverages,juice,Juices,Mango juice 300g,Bona,79.25,79.25,1.0,300.0,2026-05-25
Z355709EA194323376E6CZ,noon,Beverages,juice,Juices,Apple Juice 400 grams,Haj Arafa,79.0,79.0,1.0,400.0,2026-05-25
ZB284DAE4033E00AFE0FEZ,noon,Beverages,juice,Juices,Strawberry juice 300g,Bona,79.25,79.25,1.0,300.0,2026-05-25
Z2A1D790BD4A65322D797Z,noon,Beverages,juice,Juices,Orange juice 300g,Bona,79.25,79.25,1.0,300.0,2026-05-25
ZE0D2898FDDEFC3E27387Z,noon,Beverages,juice,Juices,Sun Top Mango Juice - Pack of 6 - 250ml,Suntop,164.0,164.0,1.0,1500.0,2026-05-25
Z3B7C1EEACD572BB4B512Z,noon,Beverages,juice,Juices,Qamar Al-Din Juice 300g,Bona,68.0,68.0,1.0,300.0,2026-05-25
ZDD426FE275FC9B147354Z,noon,Beverages,juice,Tea,Sun Top Guava Juice - Pack of 6 - 250ml,Suntop,164.0,164.0,1.0,1500.0,2026-05-25
N35958823A,noon,Beverages,juice,Juices,Gold Sparkling Fruit Cocktail Juice 750ml,May,196.25,196.25,1.0,750.0,2026-05-25
Z2A1206F1F0A2F572EA99Z,noon,Beverages,juice,Tea,Natch Pomegranate Natural fruit punch 40g,Chew Chew,25.0,25.0,1.0,40.0,2026-05-25
N29762175A,noon,Beverages,juice,Juices,Doum Juice 1Liters,Isis,71.75,71.75,1.0,1000.0,2026-05-25
Z0E67AE08E0F3E7249567Z,noon,Beverages,juice,Juices,Natch Strawberry Natural Juice Shots 40g,Chew Chew,25.0,25.0,1.0,40.0,2026-05-25
ZE47D0D9E3319DBBCFC13Z,noon,Beverages,juice,Juices,Mango Juice 400 grams,Haj Arafa,79.0,79.0,1.0,400.0,2026-05-25
N29595368A,noon,Beverages,juice,Juices,Mango Juice 1Liters,Juhayna,39.25,39.25,1.0,1000.0,2026-05-25
N35958785A,noon,Beverages,juice,Spices,Basil Seed Red Apple 290ml,Free Go,43.25,43.25,1.0,290.0,2026-05-25
N29762193A,noon,Beverages,juice,Juices,Juice Cocktail Flavour 1Liters,Juhayna,38.0,38.0,1.0,1000.0,2026-05-25
Z08F24FBDA79CF4F13DC1Z,noon,Beverages,juice,Juices,Orange Juice 400 grams,Haj Arafa,79.0,79.0,1.0,400.0,2026-05-25
Z2D2919186D6D66A7174FZ,noon,Beverages,juice,Juices,Concentrated Orange Juice Powder - 20 Sachets - 10 Gram,5 Minutes,113.0,113.0,1.0,,2026-05-25
Z0EBECC3801C1FC62B66CZ,noon,Beverages,juice,Juices,Peach Juice 400 grams,Haj Arafa,79.0,79.0,1.0,400.0,2026-05-25
N29595364A,noon,Beverages,juice,Juices,Classic Blend Tangerine Mandarin Juice 1Liters,Juhayna,36.75,36.75,1.0,1000.0,2026-05-25
ZF37592C34B99239F731AZ,noon,Beverages,juice,Tea,Mon Cherry Fruit Drink- 1 Liters,Juhayna,39.0,39.0,1.0,1000.0,2026-05-25
Z0CE43503CC18AEA4AF63Z,noon,Beverages,juice,Juices,Natural Tamarind Juice  250 ml,Isis,25.0,25.0,1.0,250.0,2026-05-25
Z3FD1B503CB5099593014Z,noon,Beverages,juice,Juices,Pineapple Juice 400 grams,Haj Arafa,79.0,79.0,1.0,400.0,2026-05-25
Z69CE931C4DDB8E43C267Z,noon,Beverages,juice,Juices,Gold Red Grape Sparkling Fruit Juice  250 ml,May,73.25,73.25,1.0,250.0,2026-05-25
Z6F735D8B52C2E5CBA189Z,noon,Beverages,juice,Tea,Alrabie Berry Mix Juice 120ml – Refreshing Fruit Beverage – Pack of 6,Alrabie,239.94,239.94,1.0,720.0,2026-05-25
N35958819A,noon,Beverages,juice,Tea,Gold Sparkling Fruit Juice Pomegranate 750ml,May,196.25,196.25,1.0,750.0,2026-05-25
N28727609A,noon,Beverages,juice,Tea,Pure Pomegranate Juice 235ml,Juhayna,18.25,18.25,1.0,235.0,2026-05-25
N28727596A,noon,Beverages,juice,Juices,Pure Apple Juice 235ml,Juhayna,17.0,17.0,1.0,235.0,2026-05-25
ZDA66B77CFA03A4F28210Z,noon,Grocery,sauces,Sauces,Dark Soy Sauce - 250 ml,Sun Garden,79.95,79.95,1.0,250.0,2026-05-25
Z0828C306AE7392603863Z,noon,Grocery,sauces,Milk,"KDD Béchamel Sauce 1L  Creamy White Cooking Sauce for Pasta, Lasagna & Baked Dishes  Ready to Use Cooking Sauce",Kdd,616.25,616.25,1.0,1000.0,2026-05-25
Z07A14DDFBA172669109DZ,noon,Grocery,sauces,Sauces,Hot Sauce Chipotle - 79 Gram,Naturesta,81.0,81.0,1.0,79.0,2026-05-25
Z0D87390CBBF5604449FFZ,noon,Grocery,sauces,Spices,"Crystal Original Hot Sauce, Authentic Cayenne Pepper Sauce, 88 ml Bottle",Crystal,129.0,129.0,1.0,88.0,2026-05-25
Z8BFE1EE691A9070AA87BZ,noon,Grocery,sauces,Spreads,Chocolate Dark Sauce Squeeze - 480 Gm,Asmacup,135.0,135.0,1.0,480.0,2026-05-25
Z7114C6C9F723F7FA0BB3Z,noon,Grocery,sauces,Sauces,Sweet Chili Sauce 340 grams,Healthy & Tasty,210.0,210.0,1.0,340.0,2026-05-25
N34976221A,noon,Grocery,sauces,Sauces,Hot Tomato Ketchup 320grams,Giardino,42.5,42.5,1.0,320.0,2026-05-25
N30328299A,noon,Grocery,sauces,Cheese,Cheddar Sauce 400grams,Good France,122.0,122.0,1.0,400.0,2026-05-25
ZD35485BA8F75CC87E9EAZ,noon,Grocery,sauces,Honey,Honey Mustard 340 g,Lavida,70.0,70.0,1.0,340.0,2026-05-25
N12281285A,noon,Grocery,sauces,Juices,Lemon Juice Substitute 1Liters,Yamama,113.75,113.75,1.0,1000.0,2026-05-25
Z0AAC88AFAD4FFA239BBCZ,noon,Grocery,sauces,Sauces,Light Mayonnaise - 400 ml,American Garden,211.95,211.95,1.0,400.0,2026-05-25
Z0C223B5ADE735B9C6147Z,noon,Grocery,sauces,Sauces,Burger sauce 380 g,Durra,167.0,167.0,1.0,380.0,2026-05-25
ZA11C7CD1A62765385B25Z,noon,Grocery,sauces,Spices,Rana Classic Hot Sauce with Aged Peppers and Lemon - 474g,Rana,350.0,350.0,1.0,474.0,2026-05-25
Z25960DB2B73CB90E6163Z,noon,Grocery,sauces,Sauces,Original Hot Sauce - Diet Sauce 1 kg,Naturesta,631.0,631.0,1.0,1000.0,2026-05-25
Z173B1893EDB2F8B1EB4AZ,noon,Beverages,juice,Beans,Sobia powder with added coconut essence and vanilla )800 grams(,Generic,200.0,200.0,1.0,2400.0,2026-05-25
Z4E45DCCCA8C47A116A22Z,noon,Beverages,juice,Milk,"Sun Top Orange Fruit Drink, High in Vitamin C, Refreshing, Pack of 6 Cartons",Generic,217.35,217.35,1.0,,2026-05-25
N35958818A,noon,Beverages,juice,Juices,Gold Sparkling Fruit Juice Red Grapes 750ml,May,196.25,196.25,1.0,750.0,2026-05-25
N29595370A,noon,Beverages,juice,Juices,Classic Apple Juice 1Liters,Juhayna,35.5,35.5,1.0,1000.0,2026-05-25
N28727575A,noon,Beverages,juice,Juices,Pure Pineapple Juice 1Liters,Juhayna,62.0,62.0,1.0,1000.0,2026-05-25
ZE99AA9E45B9FF23976B8Z,noon,Beverages,juice,Juices,Sun Top Orange Juice - Pack of 6 - 250ml,Suntop,164.0,164.0,1.0,1500.0,2026-05-25
N29762195A,noon,Beverages,juice,Juices,Classic Red Grapes Juice 1Liters,Juhayna,38.0,38.0,1.0,1000.0,2026-05-25
N29595369A,noon,Beverages,juice,Juices,Classic Pineapple Juice 1Liters,Juhayna,37.0,37.0,1.0,1000.0,2026-05-25
N28727597A,noon,Beverages,juice,Juices,Pure Orange Juice 1Liters,Juhayna,55.75,55.75,1.0,1000.0,2026-05-25
N29595365A,noon,Beverages,juice,Juices,Classic Blend Mixed Berries Juice 1Liters,Juhayna,37.0,37.0,1.0,1000.0,2026-05-25
N28727581A,noon,Beverages,juice,Juices,Classic Orange Juice 1Liters,Juhayna,38.0,38.0,1.0,1000.0,2026-05-25
N35958821A,noon,Beverages,juice,Juices,Gold Sparkling Fruit Juice Pineapple Flavour 750ml,May,196.25,196.25,1.0,750.0,2026-05-25
N29762191A,noon,Beverages,juice,Juices,Pure Cocktail Juice 1Liters,Juhayna,59.0,59.0,1.0,1000.0,2026-05-25
N35958816A,noon,Beverages,juice,Juices,Gold Sparkling Fruit Juice Apple 750ml,May,196.25,196.25,1.0,750.0,2026-05-25
ZC917F690A410B7FCAC88Z,noon,Beverages,juice,Juices,Tamarind Juice 300g,Bona,79.25,79.25,1.0,300.0,2026-05-25
N29595482A,noon,Beverages,juice,Juices,Carob Juice 1Liters,Isis,76.0,76.0,1.0,1000.0,2026-05-25
Z5D0A1EA662DA4D64709BZ,noon,Beverages,juice,Juices,"Joystick Apple Nectar 200ml × 27 – Natural Apple Juice. Rich in Vitamin C, Refreshing Taste",Joystick,324.0,324.0,1.0,5400.0,2026-05-25
ZE690A9B09A5EF94985D4Z,noon,Beverages,juice,Juices,"Joystick Orange Nectar 200ml x 27 – Natural Orange Juice, Rich in Vitamin C, Refreshing Taste",Joystick,324.0,324.0,1.0,5400.0,2026-05-25
Z181691E9F4D3195E396AZ,noon,Beverages,juice,Tea,Vimto Carbonated Drink Berries Flavor - 330 ML,Vimto,288.0,288.0,1.0,330.0,2026-05-25
Z7C2D066A8211FD4DFE3AZ,noon,Beverages,juice,Tea,Trokobaba Fine Apple Drink 300g,Turko Baba,663.08,663.08,1.0,300.0,2026-05-25
Z6073FB27DD6824E82070Z,noon,Beverages,juice,Tea,Trocobaba Smooth Pineapple Drink – 300g,Turko Baba,850.0,850.0,1.0,300.0,2026-05-25
ZB52FEDDAFF7639B274DBZ,noon,Beverages,juice,Juices,Thai Coco Coconut Juice With Pulp 520ml,Thai Coco,350.0,350.0,1.0,520.0,2026-05-25
ZF01B13830E6959C1DF8FZ,noon,Beverages,juice,Juices,Arizona Watermelon Fruit Juice Cocktail 650ml,Arizona,480.0,480.0,1.0,650.0,2026-05-25
Z206845D6D506BD784366Z,noon,Beverages,juice,Tea,Trocobaba Blackberry Drink – 300g,Turko Baba,850.0,850.0,1.0,300.0,2026-05-25
ZA4AE319C9D61137E2612Z,noon,Beverages,juice,Juices,Arizona Orangeade Fruit Juice Cocktail 650ml,Arizona,480.0,480.0,1.0,650.0,2026-05-25
ZCEB6D753C20834023C7AZ,noon,Beverages,juice,Juices,Arizona Mucho Mango Fruit Juice Cocktail (650ml),Arizona,480.0,480.0,1.0,650.0,2026-05-25
Z465341D35A1EAF834422Z,noon,Beverages,juice,Tea,"Al Rabie Juice Drink, Refreshing Kiwi and Lime Flavour, Pack of 3 x 185ml",Al Rabie,237.0,237.0,1.0,555.0,2026-05-25
Z454D7671B510A93C01BDZ,noon,Beverages,juice,Juices,Lemon Mint Juice 400 grams,Haj Arafa,79.0,79.0,1.0,400.0,2026-05-25
ZFC496B8699CB9FBC6D30Z,noon,Beverages,juice,Tea,Dreem Fruty Orange Flavor Soft Drink Powder - 750g,Dreem,154.0,154.0,1.0,750.0,2026-05-25
ZA600D6FAC903E983BD2AZ,noon,Beverages,juice,Juices,Natural Doum Juice,Isis,25.0,25.0,1.0,250.0,2026-05-25
ZDEE3EF3181500A7B35EBZ,noon,Beverages,juice,Juices,Pineapple juice 300g,Bona,85.0,85.0,1.0,300.0,2026-05-25
N28727594A,noon,Beverages,juice,Tea,Guava Cocktail Juice 1Liters,Juhayna,55.75,55.75,1.0,1000.0,2026-05-25
Z8501F624BF22C3F6A296Z,noon,Beverages,juice,Tea,Joystick Mixed Fruits Nectar Sugar Free 200ml x27 | Natural Fruit Juice Blend | No Added Sugar | Healthy Beverage Pack,Joystick,324.0,324.0,1.0,5400.0,2026-05-25
Z4362908594B53001996BZ,noon,Beverages,juice,Sauces,Ship Brand Original Tamarind Paste - Value Pack of 6 (6 x 150g) | Natural & Pure for Refreshing Drinks and Gourmet Recipes,Ship,198.0,198.0,1.0,900.0,2026-05-25
Z1A7A6E572D82EF8B50F1Z,noon,Beverages,juice,Juices,Gold Apple Sparkling Fruit Juice  250 ml,May,73.25,73.25,1.0,250.0,2026-05-25
Z124828718CFBFF47CF08Z,noon,Beverages,juice,Tea,"Joystick Guava Nectar 200ml × 27 – Natural Guava Juice, Rich in Vitamin C, Refreshing Taste",Joystick,324.0,324.0,1.0,5400.0,2026-05-25
N29595479A,noon,Beverages,juice,Tea,Hibiscus Juice 1Liters,Isis,76.0,76.0,1.0,1000.0,2026-05-25
Z5993F8820B2C0372B16DZ,noon,Beverages,juice,Juices,Gold White Grape Sparkling Fruit Juice  250 ml,May,73.25,73.25,1.0,250.0,2026-05-25
ZFA3E58A8926CED337226Z,noon,Beverages,juice,Tea,"MOGU MOGU Mango Flavored Drink With NATA DE COCO, Chewy Tropical Beverage, 3 x 320ml",Mogu Mogu,195.0,195.0,1.0,960.0,2026-05-25
Z7A705B434AB5AA45C1FDZ,noon,Grocery,oils,Oils,Natural Apple Vinegar - 300 Ml,Negmet El Zeitoun,35.0,35.0,1.0,300.0,2026-05-25
Z5FF076E252F2A23F84D4Z,noon,Grocery,oils,Oils,"Organic MCT Oil (C8 + C10 + C12), 16 fl oz (473 ml}",Sports Research,3999.0,3999.0,1.0,473.0,2026-05-25
N35958690A,noon,Grocery,oils,Oils,Apple Cider Vinegar 250ml,Dobella,35.25,35.25,1.0,250.0,2026-05-25
N42554208A,noon,Grocery,oils,Oils,Frying And Cooking Mixed Oil 0.7Liters,Hanady,74.0,74.0,1.0,700.0,2026-05-25
Z973893E1B21C4F518889Z,noon,Grocery,oils,Oils,Al Tayebat Pure Organic Apple Vinegar 330ml Raw Unfiltered,Altayebat,65.0,65.0,1.0,330.0,2026-05-25
Z4D0D05EB6261E2A979DBZ,noon,Grocery,oils,Oils,Natural Coconut Oil 500g,Elhawag,213.75,213.75,1.0,500.0,2026-05-25
ZE19D476916E9BA861DD3Z,noon,Grocery,oils,Oils,Organic Fermented Apple Cider Vinegar - 946 ml,California Egmont,173.0,173.0,1.0,946.0,2026-05-25
ZC549B0B2DC1F6A1C88B6Z,noon,Grocery,oils,Oils,Extra Virgan Olive Oil 1L,Nuri,730.0,730.0,1.0,1000.0,2026-05-25
N27711433A,noon,Grocery,oils,Oils,Mixed Oil 2.1Liters,Qaleya,171.0,171.0,1.0,2100.0,2026-05-25
ZE84796F2FD278046CE0AZ,noon,Grocery,oils,Butter,New Zealand Butter Flavored Ghee Super 1.5 kg,Ganna,174.95,174.95,1.0,1500.0,2026-05-25
Z6AD2D0A28A083E6A5031Z,noon,Grocery,oils,Oils,Organic Apple Cider Vinegar 250ml,Imtenan,102.95,102.95,1.0,250.0,2026-05-25
Z59C8C0ECFFE69B8BD0DFZ,noon,Grocery,oils,Oils,Organic Apple cider vinegar 295ml with the mothers,Bragg,445.0,445.0,1.0,295.0,2026-05-25
N28862998A,noon,Grocery,oils,Oils,Sunflower Oil 1.6Liters,Afia,173.75,173.75,1.0,1600.0,2026-05-25
N27711266A,noon,Grocery,oils,Oils,Sunflower Oil 1.6Liters,Crystal,161.0,161.0,1.0,1600.0,2026-05-25
N30522054A,noon,Grocery,oils,Oils,Natural Vinegar 1Liters,Rehana,18.0,18.0,1.0,1000.0,2026-05-25
Z59C7BE0562F2B1566CFBZ,noon,Grocery,oils,Oils,Greek Extra Virgin Olive Oil 1000 ml,Greek,999.0,999.0,1.0,1000.0,2026-05-25
N27711429A,noon,Grocery,oils,Oils,Mixed Oil 2.1Liters,Hedeya,170.5,170.5,1.0,2100.0,2026-05-25
N28863024A,noon,Grocery,oils,Oils,Corn Oil 2.2Liters,Crystal,260.0,260.0,1.0,2200.0,2026-05-25
N27711419A,noon,Grocery,oils,Oils,Sunflower Oil 2.25Liters,Al-Asil,212.0,212.0,1.0,2250.0,2026-05-25
Z241EFA3DA0F7E60594AEZ,noon,Grocery,oils,Oils,Virgin Olive Oil 1 L Bottle + Virgin Olive Oil 0.5 L Bottle,Wadi Food,1031.0,1031.0,1.0,1500.0,2026-05-25
N34324120A,noon,Grocery,oils,Butter,Pure Butter Oil 2kg,Sheraton,1273.0,1273.0,1.0,2000.0,2026-05-25
N44048417A,noon,Grocery,oils,Oils,Corn Oil 2.2Liters,Afia,269.95,269.95,1.0,2200.0,2026-05-25
N28863154A,noon,Grocery,oils,Oils,SunFlower Oil 1.5Liters,Slite,152.0,152.0,1.0,1500.0,2026-05-25
N34324123A,noon,Grocery,oils,Butter,Pure Butter Oil 400grams,Sheraton,279.95,279.95,1.0,400.0,2026-05-25
Z467544BD3CAC7AF7BACFZ,noon,Grocery,oils,Oils,Virgin coconut oil 450ml,Imtenan,493.95,493.95,1.0,450.0,2026-05-25
N29595411A,noon,Grocery,oils,Oils,Extra Virgin Olive Oil 500ml,Wadi Food,483.0,483.0,1.0,500.0,2026-05-25
N29980049A,noon,Grocery,oils,Oils,Mixed Oil 2.1Liters,Hanady,175.75,175.75,1.0,2100.0,2026-05-25
N42554206A,noon,Grocery,oils,Oils,Frying And Cooking Mixed Oil 700ml,Helwa,74.0,74.0,1.0,700.0,2026-05-25
N28863155A,noon,Grocery,oils,Oils,SunFlower Oil 2.1Liters,Slite,204.95,204.95,1.0,2250.0,2026-05-25
N42554207A,noon,Grocery,oils,Oils,Frying And Cooking Mixed Oil 1Liters,Helwa,97.0,97.0,1.0,1000.0,2026-05-25
ZBFC2421B010F07CCCACEZ,noon,Grocery,oils,Oils,Sunflower Oil 4.5L,Helwa,434.95,434.95,1.0,4500.0,2026-05-25
N48665691A,noon,Grocery,oils,Oils,Organic Apple Cider Vinegar 500ml,Varvello,177.0,177.0,1.0,500.0,2026-05-25
Z51A970CAAC55D23A4D20Z,noon,Grocery,oils,Oils,Organic Fermented Apple Cider Vinegar 946ml,California Egmont,199.0,199.0,1.0,946.0,2026-05-25
N27711434A,noon,Grocery,oils,Oils,Mixed Oil 4.5Liters,Qaleya,356.95,356.95,1.0,4500.0,2026-05-25
N28863020A,noon,Grocery,oils,Oils,Sunflower Oil 2.2Liters,Crystal,224.95,224.95,1.0,2200.0,2026-05-25
N33645784A,noon,Grocery,oils,Oils,Corn Oil 3.5Liters,Crystal,399.95,399.95,1.0,3500.0,2026-05-25
N27711426A,noon,Grocery,oils,Oils,Sunflower Oil 2.25Liters,Halla,214.5,214.5,1.0,2250.0,2026-05-25
N44940201A,noon,Grocery,oils,Oils,Corn Oil plus 2.2Liters,Afia,249.95,249.95,1.0,2200.0,2026-05-25
N27711428A,noon,Grocery,oils,Oils,Mixed Oil 1Liters,Hedeya,81.5,81.5,1.0,1000.0,2026-05-25
Z411AAE7523A0247A0FDEZ,noon,Grocery,oils,Oils,Saegh Organic apple cider vinegar 210 ml,Saegh,55.0,55.0,1.0,210.0,2026-05-25
Z8914844ABC9C3ED0E686Z,noon,Grocery,oils,Oils,Apple Cider Vinegar collection - Pack of 3 - 946 ml,California Egmont,425.0,425.0,1.0,2838.0,2026-05-25
N30429819A,noon,Grocery,oils,Oils,Corn Oil Spray 200ml,Crystal,35.0,35.0,1.0,200.0,2026-05-25
Z05C0C60B7729CABB84BAZ,noon,Grocery,oils,Oils,Corn Oil 970 ml,Katfa,133.0,133.0,1.0,970.0,2026-05-25
N49538586A,noon,Grocery,oils,Oils,Extra Virgin Olive Oil 500ml,La Pedriza,719.25,719.25,1.0,500.0,2026-05-25
N34324126A,noon,Grocery,oils,Butter,Natural Butter Ghee 800grams,Haloub Al Missalia,551.0,551.0,1.0,800.0,2026-05-25
Z9E6B4EA31007C3A7E642Z,noon,Grocery,oils,Oils,Sunflower Oil 700ml,Crystal,89.25,89.25,1.0,700.0,2026-05-25
N27711425A,noon,Grocery,oils,Oils,Sunflower Oil 1.5Liters,Halla,143.5,143.5,1.0,1500.0,2026-05-25
Z141DAD03EF00F6D66AF7Z,noon,Grocery,oils,Oils,White Vinegar 900ml - Pack of 3,Sun Garden,86.0,86.0,1.0,2700.0,2026-05-25
N51327240A,noon,Grocery,oils,Oils,Virgin Olive Oil 500ml,Nile Garden,440.25,440.25,1.0,500.0,2026-05-25
ZB84C98F9F1FE64E48B6DZ,noon,Grocery,oils,Oils,Apple Cider Vinegar collection Pack of 2 pieces*946 ml,California Egmont,325.0,325.0,1.0,1892.0,2026-05-25
N52406605A,noon,Grocery,oils,Oils,Frying And Cooking Mixed Oil 1Liters,Haboba,87.5,87.5,1.0,1000.0,2026-05-25
Z408AE587A89A54BA9A70Z,noon,Grocery,oils,Oils,Sokradorf Virgin Olive Oil 250ml  Rich Natural Flavor High Quality Food Grade Bottle,Sokradorf,225.0,225.0,1.0,250.0,2026-05-25
ZFAE47899427B98C5B9A5Z,noon,Grocery,oils,Oils,hot oil 210 ml,Saegh,65.0,65.0,1.0,210.0,2026-05-25
ZE87C4A18481AF768650AZ,noon,Grocery,oils,Rice,"Apple Cider Vinegar 473ml - Organic, unfiltered, with the mothers + Free pack of rice cake",Bragg,630.0,630.0,1.0,473.0,2026-05-25
N27711268A,noon,Grocery,oils,Oils,Sunflower Oil 5Liters,Crystal,484.95,484.95,1.0,5000.0,2026-05-25
N28863089A,noon,Grocery,oils,Oils,Mixed Oil 4.5Liters,Helwa,349.95,349.95,1.0,4500.0,2026-05-25
N44940200A,noon,Grocery,oils,Oils,Corn Oil plus 1.6Liters,Afia,189.95,189.95,1.0,1600.0,2026-05-25
Z94EC3BB8253C0A731FBAZ,noon,Grocery,oils,Oils,Extra Virgin Olive Oil |Perfect for Cooking healthy Antioxidant| Cold Pressed | 500ml,Olive,450.0,450.0,1.0,500.0,2026-05-25
Z45E187455DB22F6468D1Z,noon,Grocery,oils,Oils,Olive Oil 500 ml,Smart Value,165.0,165.0,1.0,500.0,2026-05-25
Z896FC05BE019401D70E7Z,noon,Grocery,oils,Oils,Apple Cider Vinegar collection Pack of 2 pieces*946 ml,California Egmont,299.0,299.0,1.0,1890.0,2026-05-25
N31387904A,noon,Grocery,oils,Oils,Mixed Oil 1Liters,El Momtaz,85.5,85.5,1.0,1000.0,2026-05-25
ZAC99B76F5538810B4480Z,noon,Grocery,oils,Spices,Organic Fermented Apple Cider Vinegar with Turmeric & Cinnamon  - 946ml,California Egmont,199.0,199.0,1.0,946.0,2026-05-25
N46494110A,noon,Grocery,oils,Oils,Extra Virgin Olive Oil 125ml,Borges,151.0,151.0,1.0,125.0,2026-05-25
Z346FB60E89AA2CD425F4Z,noon,Grocery,oils,Oils,Olive oil 250 ml,Time Food,120.0,120.0,1.0,250.0,2026-05-25
Z81D97BD22A1330A65A09Z,noon,Grocery,oils,Oils,Tunisian Extra Virgin Olive Oil 1000ml,Marvel,770.0,770.0,1.0,1000.0,2026-05-25
N12281281A,noon,Grocery,oils,Oils,Pure Apple Vinegar 750ml,Yamama,277.0,277.0,1.0,750.0,2026-05-25
Z7BAE0C3DA8D317EB410EZ,noon,Grocery,oils,Oils,Balsamic Vinegar Bottle 500ml,Ponti,255.25,255.25,1.0,500.0,2026-05-25
Z02160596F3B52FBDC2F8Z,noon,Grocery,oils,Oils,olive oil 30ml,Shana Nature House,100.0,100.0,1.0,30.0,2026-05-25
N34324121A,noon,Grocery,oils,Butter,Pure Butter Oil 1.5kg,Sheraton,1021.0,1021.0,1.0,1500.0,2026-05-25
N28909128A,noon,Grocery,oils,Oils,Organic Sesame Oil 250ml,Sekem,220.0,220.0,1.0,250.0,2026-05-25
N52406599A,noon,Grocery,oils,Oils,White Natural Vinegar 900ml,Haboba,15.25,15.25,1.0,900.0,2026-05-25
N27711263A,noon,Grocery,oils,Oils,Corn Oil 1.6Liters,Crystal,203.75,203.75,1.0,1600.0,2026-05-25
ZE881AFD1303665338802Z,noon,Grocery,oils,Oils,Organic Coconut Oil 250ml,Organic Nation,290.0,290.0,1.0,250.0,2026-05-25
N28863092A,noon,Grocery,oils,Oils,Olive Oil Extra Virgin 750ml,Iliada,889.75,889.75,1.0,750.0,2026-05-25
ZE667ACE40CB2BA66DF3BZ,noon,Grocery,oils,Oils,Apple Cider Vinegar Pack of 2 pieces*946 ml,California Egmont,325.0,325.0,1.0,1892.0,2026-05-25
N43406266A,noon,Grocery,oils,Oils,Extra Virgin Organic Olive Oil- 500ml,Iliada,675.0,675.0,1.0,500.0,2026-05-25
N29594889A,noon,Grocery,oils,Oils,Extra Virgin Kalamata Olive Oil Spray 200ml,Iliada,337.5,337.5,1.0,200.0,2026-05-25
N28863093A,noon,Grocery,oils,Oils,Extra Virgin Olive Oil 250ml,Iliada,337.5,337.5,1.0,250.0,2026-05-25
N51236802A,noon,Grocery,oils,Oils,Sunflower Oil 5Liters,Halla,479.95,479.95,1.0,5000.0,2026-05-25
ZB64B83A49AE4A5DAF24CZ,noon,Grocery,oils,Oils,Apple Cider Vinegar collection Pack of 2 pieces*946 ml /2litres,California Egmont,325.0,325.0,1.0,1890.0,2026-05-25
Z297693885951A308B0AAZ,noon,Grocery,oils,Oils,Apple Vinegar- 250ml,Themar,39.0,39.0,1.0,250.0,2026-05-25
Z90B2D5183A78B8B0E1E5Z,noon,Grocery,oils,Oils,Apple Cider Vinegar 250ml,Shana,62.0,62.0,1.0,250.0,2026-05-25
ZA0630836EB7DA77F347DZ,noon,Grocery,oils,Oils,Norica Olive Oil Extra Virgen 500 ML,Norica Food,370.0,370.0,1.0,500.0,2026-05-25
Z1E09DAB20CC3D174F45DZ,noon,Grocery,oils,Oils,Rotary Oil 1.500 Liters,Katfa,186.0,186.0,1.0,1500.0,2026-05-25
N28675996A,noon,Grocery,oils,Oils,Pure Apple Vinegar 500grams,Varvello,131.75,131.75,1.0,500.0,2026-05-25
ZC8478A82A1BD18D7B76BZ,noon,Grocery,oils,Oils,Sokradorf Virgin Olive Oil 1000ml Rich Natural Flavor High Quality Food Grade Bottle,Sokradorf,539.0,539.0,1.0,1000.0,2026-05-25
ZAEB9F83D8158CAFA95AEZ,noon,Grocery,oils,Oils,Herbal Vinegar With Glass Bottle - 250 ml,Gardenia,64.0,64.0,1.0,250.0,2026-05-25
Z1D643F4590CFA2435AF9Z,noon,Grocery,oils,Oils,"Garden of Life Dr. Formulated Brain Health 100% Organic Coconut MCT Oil 32 fl oz Unflavored, 13g MCTs, Keto & Paleo Diet Friendly Body & Brain Fuel, Certified Non-GMO Vegan & Gluten Free, Hexane-Free",Garden Of Life,4200.0,4200.0,1.0,32.0,2026-05-25
N34324124A,noon,Grocery,oils,Butter,Natural Butter Ghee 2kg,Haloub Al Missalia,1357.0,1357.0,1.0,2000.0,2026-05-25
Z8FD8E54DB393DA3B0CA1Z,noon,Grocery,oils,Oils,Nature white vinegar 1 liter,Durra,24.0,24.0,1.0,1000.0,2026-05-25
N28863008A,noon,Grocery,oils,Oils,"Olive Oil Classic For Cooking, Barbecue And Grill 750ml",Borges,611.75,611.75,1.0,750.0,2026-05-25
N29012995A,noon,Grocery,oils,Oils,Apple Vinegar 474ml,Rana,63.5,63.5,1.0,474.0,2026-05-25
ZA9FAA9DC6521B10A7812Z,noon,Grocery,oils,Oils,Organic Apple Cider Vinegar 250 ml,Elhawag,95.0,95.0,1.0,250.0,2026-05-25
ZD347C33193273B320574Z,noon,Grocery,oils,Oils,Premier Extra Virgin Olive Oil 250ml,Premier,169.0,169.0,1.0,250.0,2026-05-25
Z1F5EF64A8D25B15F9C3EZ,noon,Grocery,oils,Oils,Tunisian Extra Virgin Olive Oil 250ml,Marvel,250.0,250.0,1.0,250.0,2026-05-25
N26997311A,noon,Grocery,oils,Oils,Pure Coconut Oil 500ml,Parachute,449.0,449.0,1.0,500.0,2026-05-25
ZBA538FEA3760561418C9Z,noon,Grocery,oils,Oils,Apple Cider Vinegar collection Pack of 3 pieces*3litres,California Egmont,425.0,425.0,1.0,9000.0,2026-05-25
N28863007A,noon,Grocery,oils,Oils,"Classic Olive Oil For Cooking, Barbecue And Grill 500ml",Borges,529.0,529.0,1.0,500.0,2026-05-25
N28863099A,noon,Grocery,oils,Oils,Olive Oil Extra Virgin 750ml,Isis,785.0,785.0,1.0,750.0,2026-05-25
Z900E8A38559DEE08F931Z,noon,Grocery,oils,Oils,Apple Cider Vinegar collection Pack of 2 pieces*946 ml /2litres and  green tea250gram,California Egmont,450.0,450.0,1.0,1892.0,2026-05-25
N43406291A,noon,Grocery,oils,Oils,Sesame Oil 500ml,Choice,294.5,294.5,1.0,500.0,2026-05-25
Z3DDC4DFEF3510B62C77EZ,noon,Grocery,oils,Oils,Greek Extra Virgin Olive Oil 1000ml,Greek,999.0,999.0,1.0,1000.0,2026-05-25
Z6F2DF4425D9341453EE1Z,noon,Grocery,oils,Oils,Coconut Oil 500ml,Marvel,199.0,199.0,1.0,500.0,2026-05-25
Z2E6562435848E214782DZ,noon,Grocery,oils,Oils,Red Apple Vinegar Bottle 500ml,Ponti,113.0,113.0,1.0,500.0,2026-05-25
N28863006A,noon,Grocery,oils,Oils,"Olive Oil Classic For Cooking, Barbecue And Grill 250ml",Borges,282.0,282.0,1.0,250.0,2026-05-25
N46494112A,noon,Grocery,oils,Oils,Pure Canola Oil 1Liters,Borges,224.0,224.0,1.0,1000.0,2026-05-25
Z0E9B4C7D99461B09E75EZ,noon,Grocery,oils,Oils,Smart Value Olive Oil 250 ml,Smart Value,100.0,100.0,1.0,250.0,2026-05-25
N28909133A,noon,Grocery,oils,Oils,Virgin Olive Oil 1Liters,Wadi Food,825.0,825.0,1.0,1000.0,2026-05-25
Z367A81998C597BFADB20Z,noon,Grocery,oils,Oils,Extra Virgin Olive Oil 500ml,Premier,280.0,280.0,1.0,500.0,2026-05-25
Z47EEFD5C99F71BC0DE9DZ,noon,Grocery,oils,Oils,Greek Extra Virgin Olive Oil 500ml Tin,Greek,590.0,590.0,1.0,500.0,2026-05-25
ZC852F248AEDBF7670BA9Z,noon,Grocery,oils,Oils,Dates Vinegar - 946 ml,California Egmont,199.0,199.0,1.0,946.0,2026-05-25
N42921375A,noon,Grocery,oils,Oils,Virgin Olive Oil 2Liters,Wadi Food,1901.0,1901.0,1.0,2000.0,2026-05-25
N51327238A,noon,Grocery,oils,Oils,Extra Virgin Olive Oil 1000ml,Nile Garden,840.25,840.25,1.0,1000.0,2026-05-25
Z7007B229E03A0C9836A3Z,noon,Grocery,oils,Oils,Apple Cider Vinegar,California Egmont,325.0,325.0,1.0,,2026-05-25
ZE81006945472A0EE7B06Z,noon,Grocery,oils,Oils,Saegh virgin olive oil 250 ml,Saegh,195.0,195.0,1.0,250.0,2026-05-25
Z1D5FA75F0872930EA3F3Z,noon,Grocery,oils,Oils,Apple Cider Vinegar collection Pack of 3 pieces,California Egmont,425.0,425.0,1.0,,2026-05-25
N27711265A,noon,Grocery,oils,Oils,Sunflower Oil 1Liters,Crystal,120.0,120.0,1.0,900.0,2026-05-25
Z062DE5A3493B6F3B1384Z,noon,Grocery,oils,Oils,"Extra virgin olive oil, first cold press – 1000 ml (two bottles)",Deli,445.0,445.0,1.0,2000.0,2026-05-25
N46494111A,noon,Grocery,oils,Oils,Pure Canola Oil 2Liters,Borges,435.0,435.0,1.0,2000.0,2026-05-25
N41989346A,noon,Grocery,oils,Oils,Natural Red Vinegar 900ml,Negmet El Zeitoun,35.0,35.0,1.0,900.0,2026-05-25
N29779137A,noon,Grocery,oils,Oils,Extra Light Olive Oil 500ml,Borges,529.0,529.0,1.0,500.0,2026-05-25
ZBA35EA92DB7C7FA0F0B5Z,noon,Grocery,oils,Oils,Balsamic Vinegar - 250 ml,Sun Garden,60.0,60.0,1.0,500.0,2026-05-25
ZF4FF5D28F4E0F9F7E261Z,noon,Grocery,oils,Oils,Pure Corn Oil 100% - 700 ml,Afia,92.5,92.5,1.0,700.0,2026-05-25
ZD8A4056B65A28A5B93EDZ,noon,Grocery,oils,Oils,Rotary Oil 2.100 Liters,Katfa,257.0,257.0,1.0,2100.0,2026-05-25
N34276565A,noon,Grocery,oils,Oils,Sunflower Oil 700ml,Rehana,87.0,87.0,1.0,800.0,2026-05-25
ZBDE01AFF00C3130BDD5EZ,noon,Grocery,oils,Oils,Nuri Extra Virgin Olive Oil 500 ml,Nuri,418.0,418.0,1.0,500.0,2026-05-25
N27711430A,noon,Grocery,oils,Oils,Mixed Oil 4.5Liters,Hedeya,354.95,354.95,1.0,4500.0,2026-05-25
ZDC1355DE8AA1C9D9C2EEZ,noon,Grocery,oils,Oils,Corn Oil 0.7L,Crystal,92.75,92.75,1.0,700.0,2026-05-25
Z86302E6043CE0A56FAD7Z,noon,Grocery,oils,Spices,Fermented Organic Apple Cider Vinegar with Turmeric and Cloves - 946ml,California Egmont,199.0,199.0,1.0,946.0,2026-05-25
N42611598A,noon,Grocery,oils,Oils,Apple Cider Vinegar 500ml,Varvello,78.0,78.0,1.0,500.0,2026-05-25
N27711432A,noon,Grocery,oils,Oils,Mixed Oil 1Liters,Qaleya,85.5,85.5,1.0,1000.0,2026-05-25
Z820137101C07F94A3AABZ,noon,Grocery,oils,Oils,Pack of 2 Natural White Vinegar - 900 Ml +  Natural Red Vinegar 900ml,Negmet El Zeitoun,65.45,65.45,1.0,1800.0,2026-05-25
ZF202ECDD43709064559EZ,noon,Grocery,oils,Oils,Organic fermented balsamic vinegar 946ml,California Egmont,199.0,199.0,1.0,946.0,2026-05-25
N44809194A,noon,Grocery,oils,Oils,Apple Cider Vinegar 250ml,Fersan,93.0,93.0,1.0,250.0,2026-05-25
N28863091A,noon,Grocery,oils,Oils,Olive Oil Extra Virgin 500ml,Iliada,582.95,582.95,1.0,500.0,2026-05-25
ZE11AAED20079690025AAZ,noon,Grocery,oils,Oils,Apple Cider Vinegar collection Pack of 3 pieces*3litres,California Egmont,425.0,425.0,1.0,9000.0,2026-05-25
N40812852A,noon,Grocery,oils,Oils,Premium Organic Extra Virgin Olive Oil 500ml,Terra Delyssa,612.25,612.25,1.0,500.0,2026-05-25
N45012700A,noon,Grocery,oils,Oils,Grape Vinegar 500grams,Choice,82.75,82.75,1.0,500.0,2026-05-25
N27711427A,noon,Grocery,oils,Oils,Mixed Oil 0.7Liters,Hedeya,62.5,62.5,1.0,700.0,2026-05-25
N34976238A,noon,Grocery,oils,Oils,Natural Vinegar 1Liters,Giardino,24.5,24.5,1.0,1000.0,2026-05-25
ZA65AE0052342101DE763Z,noon,Grocery,oils,Oils,Sokradorf Refined Coconut Oil 500ml High Quality Cooking Oil Heat Stable & Naturally Solid in Cold Weather,Sokradorf,300.0,300.0,1.0,500.0,2026-05-25
N28675994A,noon,Grocery,oils,Oils,White Grape Vinegar 500ml,Varvello,113.0,113.0,1.0,500.0,2026-05-25
N28675997A,noon,Grocery,oils,Oils,Balsamic Vinegar 500ml,Varvello,177.0,177.0,1.0,500.0,2026-05-25
ZD9F5006659EA50527D51Z,noon,Grocery,oils,Oils,Sokradorf Coconut Oil 250ml  High Quality Cooking Oil Heat Stable & Naturally Solid in Cold Weather,Sokradorf,190.0,190.0,1.0,250.0,2026-05-25
ZC87C32332743EB7C0AD7Z,noon,Grocery,oils,Oils,Rotary Oil 5 Liter,Katfa,586.0,586.0,1.0,5000.0,2026-05-25
N28909130A,noon,Grocery,oils,Oils,Extra Virgin Olive Oil 250ml,Wadi Food,391.0,391.0,1.0,250.0,2026-05-25
ZEB910E23A24B59A758F0Z,noon,Grocery,oils,Oils,Proteina Refined Sunflower Oil – 4L Economy Pack – Pure & Light Cooking Oil for Healthy Meals,Proteina,499.99,499.99,1.0,4000.0,2026-05-25
ZDB74886EDA2922CB6925Z,noon,Grocery,oils,Grains,Wheat germ oil 30ml,Shana Nature House,98.0,98.0,1.0,30.0,2026-05-25
Z3E6693E6D7A9B7613453Z,noon,Grocery,oils,Oils,Greek Extra Virgin Olive Oil 250ml,Greek,299.0,299.0,1.0,250.0,2026-05-25
Z160D47E27A2FA7EC1645Z,noon,Grocery,oils,Oils,Flax seed oil,Ayurveda Egypt,227.0,227.0,1.0,250.0,2026-05-25
Z4B4574EA1B26E05978E4Z,noon,Grocery,oils,Oils,Oil Omega Plus 700ML,Afia,86.95,86.95,1.0,700.0,2026-05-25
N51661953A,noon,Grocery,oils,Oils,Virgin Olive Oil 250ml,Nile Garden,175.5,175.5,1.0,250.0,2026-05-25
N28909131A,noon,Grocery,oils,Oils,Natural Vinegar 1Liters,Wadi Food,19.0,19.0,1.0,1000.0,2026-05-25
ZAB4B99888603D99C9328Z,noon,Grocery,oils,Oils,Imtenan Virgin Sesame Oil - 250 ml,Imtenan,355.0,355.0,1.0,250.0,2026-05-25
ZD95C81F644F758FD9351Z,noon,Grocery,oils,Oils,Olive oil 500ml,Time Food,216.0,216.0,1.0,500.0,2026-05-25
Z332880007C39F0DB86F6Z,noon,Grocery,oils,Oils,Sports Research Organic MCT Oil from 100% Coconut - 473ml,Sports Research,3990.0,3990.0,1.0,473.0,2026-05-25
N53127674A,noon,Grocery,oils,Oils,Syrian Olive Oil 500ml,Daria,505.0,505.0,1.0,500.0,2026-05-25
Z5DF8FC692480C6A69B12Z,noon,Grocery,oils,Oils,Olive oil 1 liter,Time Food,445.0,445.0,1.0,1000.0,2026-05-25
N46494115A,noon,Grocery,oils,Oils,Apple Cider Vinegar 500ml,Fersan,151.0,151.0,1.0,500.0,2026-05-25
Z08F9BA93F06AA79A74DCZ,noon,Grocery,oils,Oils,Extra virgin Flaxseed oil 250 ml,Imtenan,130.5,130.5,1.0,250.0,2026-05-25
Z1EFA6ABBC420C69B7256Z,noon,Grocery,oils,Oils,Premier Extra Virgin Olive Oil 1000 ml,Premier,535.0,535.0,1.0,1000.0,2026-05-25
Z778E0519FBFE454152CFZ,noon,Grocery,oils,Oils,Gold Standard Olive Oil 500 Ml,Organic Nation,470.0,470.0,1.0,500.0,2026-05-25
N32652375A,noon,Grocery,oils,Oils,Sunflower Oil 700ml,Al-Asil,69.75,69.75,1.0,700.0,2026-05-25
N27711418A,noon,Grocery,oils,Oils,Sunflower Oil 1.5Liters,Al-Asil,142.95,142.95,1.0,1500.0,2026-05-25
Z6C6CBDA902E467D9AA95Z,noon,Grocery,oils,Oils,Al Araiq Apple Cider Vinegar 100% Natural GMO Free - 250 ml,Arekey,69.99,69.99,1.0,250.0,2026-05-25
Z12FB6AB67AA965811DAEZ,noon,Grocery,oils,Oils,Tunisian Extra Virgin Olive Oil 500ml,Marvel,405.0,405.0,1.0,500.0,2026-05-25
Z3F601EBAA39F9AA27AA6Z,noon,Grocery,oils,Oils,Corn oil 1.5 Kg,Katfa,220.0,220.0,1.0,1500.0,2026-05-25
N12281282A,noon,Grocery,oils,Oils,Apple Vinegar 300ml,Yamama,112.75,112.75,1.0,300.0,2026-05-25
Z378296018A044BAF6221Z,noon,Grocery,sauces,Spices,"Durra Hot Pepper Paste 370g  Authentic Middle Eastern Red Chili Paste, Rich Flavor & Spicy Taste, Premium Quality Paprika Paste for Cooking, Marinades & Sauces",Durra,80.0,80.0,1.0,370.0,2026-05-25
Z4980F831114C814EF59EZ,noon,Grocery,sauces,Sauces,Tomato Puree Sauce 800g,Saegh,95.0,95.0,1.0,800.0,2026-05-25
N30328293A,noon,Grocery,sauces,Sauces,Ketchup Mayo 400grams,Good France,72.75,72.75,1.0,400.0,2026-05-25
N47696700A,noon,Grocery,sauces,Sauces,BBQ Sauce-Chili Sauce 250ml,Remia,134.0,134.0,1.0,250.0,2026-05-25
N29595821A,noon,Grocery,sauces,Sauces,Classic Soya Sauce 150ml,Heinz,132.0,132.0,1.0,150.0,2026-05-25
N29595819A,noon,Grocery,sauces,Sauces,Superior Dark Soy Sauce 500ml,Heinz,263.0,263.0,1.0,500.0,2026-05-25
Z7EE1E7EA4D646098165CZ,noon,Grocery,sauces,Sauces,Sauce Wings and Buffalo Dip - 180 Gram,Naturesta,187.0,187.0,1.0,180.0,2026-05-25
Z195C789A23FB1640C2E0Z,noon,Grocery,sauces,Sauces,KDD Tomato Paste - Pack of 2 (135g each) | 100% Natural & No Added Salt | Premium Quality Puree,Kdd,199.95,199.95,1.0,270.0,2026-05-25
ZAD2DF559FBB28F76097AZ,noon,Grocery,sauces,Sauces,Ketchup Spicy - 5 kg,Naturesta,2185.0,2185.0,1.0,5000.0,2026-05-25
ZA77FF0D461E44A26C9E6Z,noon,Grocery,sauces,Sauces,Easy Dip Sweet & Sour Sauce - 310g Squeeze Bottle | Perfect for Dipping and Stir-fry,Easy Dip,79.9,79.9,1.0,310.0,2026-05-25
Z14E9DD62745A74F647DDZ,noon,Grocery,sauces,Sauces,"Durra Mustard Sauce Squeeze Bottle 290g  Premium Smooth Mustard for Sandwiches, Hot Dogs, Burgers & Fast Food  Rich Flavor, Ready to Use, Easy Squeeze Packaging",Durra,69.99,69.99,1.0,290.0,2026-05-25
N39019291A,noon,Grocery,sauces,Sauces,Soy Sauce 500ml,Heinz,263.0,263.0,1.0,500.0,2026-05-25
ZDA934863F0444AA9A108Z,noon,Grocery,sauces,Sauces,Hot Sriracha Sauce - Diet Sauce 1 kg,Naturesta,631.0,631.0,1.0,1000.0,2026-05-25
ZAB926239DA994A5676CAZ,noon,Grocery,sauces,Sauces,Hot Chili Sauce And Lemon - Diet Sauce 180 grams,Naturesta,187.0,187.0,1.0,180.0,2026-05-25
ZF6CFC9BAC2EEAC42B9E9Z,noon,Grocery,sauces,Sauces,Chili mayo mayonnaise sauce 380 g,Durra,116.0,116.0,1.0,380.0,2026-05-25
Z279EA842F3A52D9A5986Z,noon,Grocery,oils,Oils,Olive oil 500ml +150 gift,Gardenia,350.0,350.0,1.0,625.0,2026-05-25
N35958680A,noon,Grocery,oils,Oils,Olive Oil 1Liters,Dobella,480.0,480.0,1.0,1000.0,2026-05-25
Z24710F4BBAEE0B809385Z,noon,Grocery,oils,Oils,Nuri Extra Virgin Olive Oil 250 ml,Nuri,226.0,226.0,1.0,250.0,2026-05-25
Z8E8BD716692363AA1E4FZ,noon,Grocery,oils,Oils,Saegh virgin olive oil 500 ml,Saegh,315.0,315.0,1.0,500.0,2026-05-25
ZC4BA7909D622E25B9745Z,noon,Grocery,oils,Oils,Virgin Olive Oil - 125 ml,Gardenia,83.8,83.8,1.0,125.0,2026-05-25
Z739A92C104A983F26EC3Z,noon,Grocery,oils,Oils,California Egmont  Apple Cider Vinegar3 pieces*3litres with green tea250 gram,California Egmont,499.0,499.0,1.0,9000.0,2026-05-25
Z3D1F62A3A9DF7765D304Z,noon,Grocery,oils,Oils,Coconut Oil,Ayurveda Egypt,370.0,370.0,1.0,250.0,2026-05-25
Z3C089540D0930E616FC1Z,noon,Grocery,oils,Oils,Coconut Oil 1 Llitre,Marvel,349.0,349.0,1.0,1000.0,2026-05-25
Z2DEEC78CA86ED0B33907Z,noon,Grocery,oils,Oils,Premium Organic Extra Virgin Olive Oil Spray - 200 ml,Terra Delyssa,533.0,533.0,1.0,200.0,2026-05-25
ZC43EEEE1264865A8EB39Z,noon,Grocery,oils,Oils,Olive oil 750ml,Time Food,347.5,347.5,1.0,750.0,2026-05-25
N51661952A,noon,Grocery,oils,Oils,Virgin Olive Oil 500ml,Nile Garden,367.25,367.25,1.0,500.0,2026-05-25
N38961000A,noon,Grocery,oils,Oils,Domaine Natroun Extra Virgin Olive Oil Amphora 500ml,Wadi Food,1305.0,1305.0,1.0,500.0,2026-05-25
N52196835A,noon,Grocery,oils,Oils,Extra Virgin Olive Oil 500ml,Iliada,675.0,675.0,1.0,500.0,2026-05-25
Z3E15F76984743EF2FE1DZ,noon,Grocery,oils,Oils,Extra Virgin Olive Oil 250ML,Alnour,279.0,279.0,1.0,250.0,2026-05-25
Z159EBC07DBD41AFDA6E5Z,noon,Grocery,oils,Oils,Saegh natural vinegar 800 ml,Saegh,30.0,30.0,1.0,800.0,2026-05-25
ZDBE696956F5A3F9CFD6FZ,noon,Grocery,oils,Oils,Organic Fermented Apple Cider Vinegar (Blueberry and pomegranate) 946ml,California Egmont,199.0,199.0,1.0,946.0,2026-05-25
N32420943A,noon,Grocery,oils,Oils,Olive Oil 250ml,Sekem,298.5,298.5,1.0,250.0,2026-05-25
Z4CBFAEBD24D6CC1BE6C4Z,noon,Grocery,oils,Oils,Olive Oil 250g,Haj Arafa,269.95,269.95,1.0,250.0,2026-05-25
N32420944A,noon,Grocery,oils,Oils,Flax Seed Oil 250ml,Sekem,164.0,164.0,1.0,250.0,2026-05-25
ZB10819FB1E6E7618D965Z,noon,Grocery,oils,Oils,Organic Flax Seed Oil 250ml,Organic Nation,140.0,140.0,1.0,250.0,2026-05-25
Z65CB234F2AAB0CACE265Z,noon,Grocery,oils,Oils,Natural White Vinegar - 900 gm- Box,Negmet El Zeitoun,215.0,215.0,1.0,900.0,2026-05-25
N46494109A,noon,Grocery,oils,Oils,Classic Olive Oil For Cooking Barbecue And Grill 125ml,Borges,144.0,144.0,1.0,125.0,2026-05-25
ZCF6486AAFA4B00D49A42Z,noon,Grocery,oils,Oils,Saegh mixed virgin olive oil 250 ml,Saegh,220.0,220.0,1.0,210.0,2026-05-25
N43406260A,noon,Grocery,oils,Oils,Extra Virgin Olive Oil - 1Liters,Iliada,1104.0,1104.0,1.0,1000.0,2026-05-25
N34324125A,noon,Grocery,oils,Butter,Natural Butter Ghee 1.6kg,Haloub Al Missalia,1050.0,1050.0,1.0,1600.0,2026-05-25
N43406263A,noon,Grocery,oils,Oils,Gentle Extra Virgin Olive Oil - 500ml,Iliada,675.0,675.0,1.0,500.0,2026-05-25
N27711262A,noon,Grocery,oils,Oils,Corn Oil 1Liters,Crystal,155.0,155.0,1.0,900.0,2026-05-25
ZD49FE3A1702C7B230B59Z,noon,Grocery,oils,Oils,Rotary Oil 970 ml,Katfa,123.0,123.0,1.0,970.0,2026-05-25
Z0DB18D79832266D0E6BBZ,noon,Grocery,oils,Oils,Flaxseed Hot Oil - 250 ml,Gardenia,134.0,134.0,1.0,250.0,2026-05-25
Z00C4CD70A156AD28E8E9Z,noon,Grocery,oils,Oils,"Al Areka Virgin Olive Oil, 500ml - Glass Bottle",Arekey,289.99,289.99,1.0,500.0,2026-05-25
N29762543A,noon,Grocery,oils,Oils,Extra Virgin Olive Oil 500ml,Wadi Food,692.0,692.0,1.0,500.0,2026-05-25
ZAD28E7A2AD893AACB22DZ,noon,Grocery,oils,Oils,Dr. Foods Extra Virgin Coconut Oil – 500ml | Cold-Pressed | Glass Jar,Dr. Foods,480.0,480.0,1.0,500.0,2026-05-25
N43255566A,noon,Grocery,oils,Oils,Healthy Sesame Oil bottle 250ml,Dobella,190.0,190.0,1.0,250.0,2026-05-25
Z664E4DF26E9D4225C3B4Z,noon,Grocery,oils,Oils,Gold Standard Olive Oil 250 Ml,Organic Nation,275.0,275.0,1.0,250.0,2026-05-25
Z663FB4936DA4D898F738Z,noon,Grocery,oils,Oils,Saegh natural vinegar 1L,Saegh,32.0,32.0,1.0,1000.0,2026-05-25
N41989343A,noon,Grocery,oils,Oils,Natural Balsamic Grape Vinegar 300ml,Negmet El Zeitoun,45.0,45.0,1.0,300.0,2026-05-25
N40812850A,noon,Grocery,oils,Oils,Premium Extra Virgin Olive Oil 250ml,Terra Delyssa,398.0,398.0,1.0,250.0,2026-05-25
Z2BE654C2F0879AF1C5E2Z,noon,Grocery,oils,Oils,Imtenan Flaxseed Oil - 250ml,Imtenan,233.0,233.0,1.0,250.0,2026-05-25
N49538589A,noon,Grocery,oils,Oils,Virgin Olive Oil 1Liters,La Pedriza,1329.25,1329.25,1.0,1000.0,2026-05-25
N12281279A,noon,Grocery,oils,Oils,Natural White Vinegar 1Liters,Yamama,79.0,79.0,1.0,1000.0,2026-05-25
ZD1BB88C45828621EF268Z,noon,Grocery,oils,Oils,Flaxseed oil 150 ml,Shana,102.0,102.0,1.0,150.0,2026-05-25
Z75BEE50AD19C122C5F99Z,noon,Grocery,oils,Oils,Olive Oil Extra Version with Chili Flavor- 250 ml,Al Gahez,299.25,299.25,1.0,250.0,2026-05-25
N12281283A,noon,Grocery,oils,Oils,Red Grape Vinegar 750ml,Yamama,258.0,258.0,1.0,750.0,2026-05-25
Z6B55A6DF00C8F1199C3CZ,noon,Grocery,oils,Oils,Red Grape Vinegar - 250 ml,Gardenia,64.35,64.35,1.0,500.0,2026-05-25
N49538588A,noon,Grocery,oils,Oils,Virgin Olive Oil Espana 500ml,La Pedriza,686.25,686.25,1.0,500.0,2026-05-25
ZF2713590267B228FF5F6Z,noon,Grocery,oils,Oils,Sokradorf Virgin Olive Oil 500ml Rich Natural Flavor High Quality Food Grade Bottle,Sokradorf,370.0,370.0,1.0,500.0,2026-05-25
Z52DC340136230440C2ABZ,noon,Grocery,oils,Oils,Virgin olive oil 500ml,Sun Garden,500.0,500.0,1.0,500.0,2026-05-25
N38705934A,noon,Grocery,oils,Oils,Corn Oil 2.2Liters,Rehana,288.0,288.0,1.0,2350.0,2026-05-25
ZD48F377961D28208FDF6Z,noon,Grocery,oils,Oils,Flaxseed Oil 165ml,Marvel For Food,63.2,63.2,1.0,165.0,2026-05-25
Z897D387F0C7AA8325C21Z,noon,Grocery,oils,Spices,Ginger oil 30ml,Shana Nature House,100.0,100.0,1.0,30.0,2026-05-25
Z9688C44A392466828438Z,noon,Grocery,oils,Oils,Virgin olive oil 1 liter,Sun Garden,930.0,930.0,1.0,1000.0,2026-05-25
Z1033C3F0DC6D6B879731Z,noon,Grocery,oils,Oils,Extra vigin olive oil 750ml,Gardenia,542.5,542.5,1.0,750.0,2026-05-25
N53127673A,noon,Grocery,oils,Oils,Syrian Olive Oil 250ml,Daria,248.5,248.5,1.0,250.0,2026-05-25
N35958679A,noon,Grocery,oils,Oils,Olive Oil 500ml,Dobella,315.75,315.75,1.0,500.0,2026-05-25
Z9F7FB76BA1554001D6FEZ,noon,Grocery,oils,Oils,Apple Cider Vinegar collection Pack of 2 pieces*946 ml,California Egmont,325.0,325.0,1.0,1892.0,2026-05-25
ZE4C00B175CA0DF9D017BZ,noon,Grocery,oils,Oils,Virgin olive oil 125ml,Sun Garden,185.0,185.0,1.0,125.0,2026-05-25
ZCAC37F67EEAF5E96169AZ,noon,Grocery,oils,Oils,Red Grapes Vinegar 250ml,Organic Nation,140.0,140.0,1.0,250.0,2026-05-25
Z1813734F4ECD999377ECZ,noon,Grocery,oils,Oils,Olive Oil Extra Version with Garlic Flavor- 250 ml,Al Gahez,299.25,299.25,1.0,250.0,2026-05-25
Z88EEAE1D753EADDF0399Z,noon,Grocery,oils,Oils,Virgin olive oil 250ml,Sun Garden,265.0,265.0,1.0,250.0,2026-05-25
ZBE55DE6E82D09AC435AEZ,noon,Grocery,oils,Oils,Olive Oil Extra Version- 250 ml,Al Gahez,318.0,318.0,1.0,250.0,2026-05-25
Z80D23191DF9553EDF044Z,noon,Grocery,oils,Oils,Herbestec Extra Virgin Olive Oil 500ml,Herbistice,450.0,450.0,1.0,500.0,2026-05-25
N52996233A,noon,Grocery,oils,Oils,Extra Virgin Olive Oil 500grams  Single,Nabtah,370.0,370.0,1.0,500.0,2026-05-25
Z4E8367D2B9EBE752B47AZ,noon,Grocery,oils,Spices,Olive Oil Extra Version with Rosemary Flavor- 250 ml,Al Gahez,299.25,299.25,1.0,250.0,2026-05-25
N52149604A,noon,Grocery,oils,Oils,Real Red Grape Vinegar 500ml,Aceto,108.0,108.0,1.0,500.0,2026-05-25
Z017C2C82781E2A7AFFF6Z,noon,Grocery,oils,Oils,Natural Balsamic Vinegar - 300 Ml - pack of 12,Negmet El Zeitoun,450.0,450.0,1.0,3600.0,2026-05-25
N12281284A,noon,Grocery,oils,Oils,Grape Vinegar 300ml,Yamama,129.0,129.0,1.0,300.0,2026-05-25
Z425388F8C4A828DB2D00Z,noon,Grocery,oils,Oils,"California Gold Nutrition, Organic MCT Oil, 12 fl oz (355 ml)",California Gold Nutrition,5885.0,5885.0,1.0,355.0,2026-05-25
ZBD8E911EFF100A69E39FZ,noon,Grocery,oils,Oils,"Nature's Way USDA Organic Extra Virgin Coconut Oil- Pure, Cold-Pressed, Non-GMO, 16 Ounces",Nature'S Way,3685.0,3685.0,1.0,16.0,2026-05-25
Z2707DEB421048E876A75Z,noon,Grocery,oils,Oils,Dr. Foods Turbid Organic Apple Cider Vinegar – 500ml | Unfiltered | With the Mother,Dr. Foods,280.0,280.0,1.0,500.0,2026-05-25
N51661951A,noon,Grocery,oils,Oils,Virgin Olive Oil 1000ml,Nile Garden,832.5,832.5,1.0,1000.0,2026-05-25
Z157F833AE67A0DF0043EZ,noon,Grocery,oils,Oils,California Egmont Organic Fermented Apple Cider Vinegar with Strawberry 946ml,California Egmont,199.0,199.0,1.0,946.0,2026-05-25
ZE184F519710BB4509E18Z,noon,Grocery,oils,Oils,Natural Apple Vinegar - 300 Ml - Box,Negmet El Zeitoun,375.0,375.0,1.0,300.0,2026-05-25
Z9895B45F5CE2E507486BZ,noon,Grocery,oils,Oils,Apple Cider Vinegar collection Pack of 3 pieces*,California Egmont,425.0,425.0,1.0,9000.0,2026-05-25
N34276566A,noon,Grocery,oils,Oils,Corn Oil 700ml,Rehana,93.0,93.0,1.0,800.0,2026-05-25
Z4E480D8CBE18F3F2E957Z,noon,Grocery,oils,Oils,Virgin Olive Oil – Premium Cold Pressed – Natural Antioxidant-Rich Healthy Cooking Oil – 500ml Glass Bottle,Areeq,279.99,279.99,1.0,500.0,2026-05-25
N49538585A,noon,Grocery,oils,Oils,Extra Virgin Olive Oil 250ml,La Pedriza,457.0,457.0,1.0,250.0,2026-05-25
Z745FDD729D7133D3692EZ,noon,Grocery,oils,Oils,Natural Sesame Oil 250ml,Herbistice,230.0,230.0,1.0,250.0,2026-05-25
N34024008A,noon,Grocery,oils,Spreads,Peanut Oil 250ml,Sekem,187.0,187.0,1.0,250.0,2026-05-25
Z43F3A6C09AE2CEFBA4F5Z,noon,Grocery,oils,Oils,Natural Coconut Oil 500 ml,Elhawag,198.0,198.0,1.0,500.0,2026-05-25
ZDF9650563A70D0964FD7Z,noon,Grocery,oils,Oils,Virgin sesame oil 250 ml,Gratitude,241.5,241.5,1.0,250.0,2026-05-25
Z68EE7EE7DF88FBE68FEDZ,noon,Grocery,oils,Oils,Sesame oil 125 ml,Sun Garden,125.0,125.0,1.0,125.0,2026-05-25
Z61CAEC2DB460C3B8143BZ,noon,Grocery,oils,Oils,Orange oil 30 ml,What about him?,125.0,125.0,1.0,30.0,2026-05-25
Z6FE18182E83759F2E059Z,noon,Grocery,oils,Oils,Tunisian extra virgin olive oil 165 ml,Marvel,169.0,169.0,1.0,165.0,2026-05-25
Z37EF6CD371E436D0A01FZ,noon,Grocery,oils,Oils,Olive oil 150 ml,Dobella,113.0,113.0,1.0,150.0,2026-05-25
Z556D6453A56D9E1D4569Z,noon,Grocery,oils,Oils,Organic apple cider vinegar set - pack of three pieces - 946 ml with green tea 250 grams,California Egmont,525.0,525.0,1.0,,2026-05-25
ZF2E473152E8946D49BFAZ,noon,Grocery,oils,Oils,Organic sesame oil,Ayurveda,253.0,253.0,1.0,250.0,2026-05-25
Z3574CD79E516E86E08D2Z,noon,Grocery,oils,Oils,"100% Organic Apple Cider Vinegar Collection California Egmont | 100% natural apple cider vinegar | Raw, pure and unfiltered with the mother ACV |Pack of 2| More energy, clearer skin and (30% off)",California Egmont,325.0,325.0,1.0,1892.0,2026-05-25
ZFA2A99DEC66423D2CE23Z,noon,Grocery,oils,Oils,Hot oil 500 ml,Marvel,109.0,109.0,1.0,500.0,2026-05-25
ZCE5A799BF70C4E7B60E4Z,noon,Grocery,oils,Oils,"SPORTS RESEARCH Organic MCT Oil (C8 + C10 + C12), 16 fl oz (473 ml}",Sports Research,5999.0,5999.0,1.0,473.0,2026-05-25
Z38BD747486F9F5658F87Z,noon,Grocery,oils,Oils,Sports Research Premium MCT Oil derived only from Organic Coconuts - BPA free bottle | The only MCT oil certified Paleo Safe and registered by the Vegan Society. Non-GMO a,Sports Research,8777.0,8777.0,1.0,16.0,2026-05-25
Z00E325182B1CD187A3EAZ,noon,Grocery,oils,Oils,Sana 100% Natural Extra Virgin Olive Oil – Cold Pressed (500 ml),Sana,490.0,490.0,1.0,500.0,2026-05-25
Z9436783CA905368F26DEZ,noon,Grocery,oils,Oils,"Garden of Life Dr. Formulated Brain Health  Organic Coconut MCT Oil 16 fl oz Unflavored, 13g MCTs, Keto & Paleo Diet Friendly Body & Brain Fuel, Certified Non-GMO Vegan & Gluten Free, Hexane-Free",Garden Of Life,3700.0,3700.0,1.0,16.0,2026-05-25
Z4CA2B2EE29D512F5B9C5Z,noon,Grocery,oils,Oils,"Raw, unfiltered organic apple cider vinegar with ""Mother of Vinegar"" - 473ml for digestive and immune support from Pragg",Sanosan,1050.0,1050.0,1.0,473.0,2026-05-25
Z9146359A4263618808BDZ,noon,Grocery,oils,Oils,"Sports Research, MCT Oil derived only from Organic Coconuts Keto C8, Caprylic Acid MCT, Unflavored, 16 fl oz (473 ml)",Sports Research,6788.0,6788.0,1.0,473.0,2026-05-25
Z30C10A33AD9179043B62Z,noon,Grocery,oils,Oils,Tunisian extra virgin olive oil 1000 ml tin,Marvel,789.0,789.0,1.0,1000.0,2026-05-25
Z22EFDD52D2D7A3B0FFDAZ,noon,Grocery,oils,Oils,Extra Virgin Olive Oil 250 ML,Basso,260.0,260.0,1.0,250.0,2026-05-25
N29595423A,noon,Grocery,oils,Oils,Apple Vinegar 0.5Liters,Wadi Food,94.0,94.0,1.0,500.0,2026-05-25
Z7267365DD73D53BB1B87Z,noon,Grocery,oils,Oils,Virgin Coconut Oil - 100% Pure & Cold Pressed - 350ml - ORIANZ,Orianz,399.0,399.0,1.0,350.0,2026-05-25
Z3ED33D4B4D93D8492FCFZ,noon,Grocery,oils,Oils,Coconut Oil Natural 500ml,Elhawag,198.0,198.0,1.0,500.0,2026-05-25
Z0F218CB9588386C508F3Z,noon,Grocery,oils,Oils,Natural  Coconut Oil 400ml,Elhawag,223.0,223.0,1.0,400.0,2026-05-25
N29762548A,noon,Grocery,oils,Oils,Virgin Olive Oil 500ml,Wadi Food,475.0,475.0,1.0,500.0,2026-05-25
Z682BA04F99612324F661Z,noon,Grocery,oils,Oils,Natural Coconut Oil 400ml,Elhawag,223.0,223.0,1.0,400.0,2026-05-25
N29595406A,noon,Grocery,oils,Oils,Virgin Olive Oil 250ml,Wadi Food,270.0,270.0,1.0,250.0,2026-05-25
Z776FB83DD019303C50AAZ,noon,Grocery,oils,Oils,Organic Apple Cider Vinegar Set - Pack of Three * 946 ml,California Egmont,425.0,425.0,1.0,9000.0,2026-05-25
Z1DCA5F9CCE8DA9B789A7Z,noon,Grocery,oils,Oils,"100% Organic Apple Cider Vinegar Collection California Egmont | 100% natural apple cider vinegar | Raw, pure and unfiltered with the mother ACV |Pack of 2| More energy, clearer skin and (30% off)",California Egmont,325.0,325.0,1.0,1892.0,2026-05-25
Z0393251C290B46A2E3EAZ,noon,Grocery,oils,Milk,Natural red vinegar - 900 ml - carton,Olive star,330.0,330.0,1.0,900.0,2026-05-25
Z44208BB0914CF0634316Z,noon,Grocery,oils,Oils,Olive oil 1 liter,Gardenia,692.0,692.0,1.0,1000.0,2026-05-25
Z90777D7F7B1983B706FAZ,noon,Grocery,oils,Oils,Sesame oil mixture 250 ml,Gardenia,155.0,155.0,1.0,250.0,2026-05-25
ZAC7BE36F914DD82DCF29Z,noon,Grocery,oils,Oils,Sesame oil 250 ml,Sun Garden,235.0,235.0,1.0,250.0,2026-05-25
Z92336ADD9E7E02E22D1BZ,noon,Grocery,oils,Oils,Extra Virgin Olive Oil 500 ML,Basso,410.0,410.0,1.0,500.0,2026-05-25
Z32274F30DB1C96B8FBFCZ,noon,Grocery,oils,Oils,Virgin Olive Oil - 1 liter,Generic,999.0,999.0,1.0,1000.0,2026-05-25
Z96C3ED25C3C0534DEDDEZ,noon,Grocery,oils,Oils,Virgin Olive Oil - 500 ml,Generic,499.0,499.0,1.0,500.0,2026-05-25
ZEC1B7E29CA5EB2AAFF6CZ,noon,Grocery,oils,Oils,Olive Oil cold obtaned 500 ML,Deli,245.0,245.0,1.0,500.0,2026-05-25
ZEDE156C54B07B5312B9BZ,noon,Grocery,oils,Oils,Dr. Foods Turbid Organic Apple Cider Vinegar – 250ml | Raw & Unfiltered | With the Mother,Dr. Foods,180.0,180.0,1.0,250.0,2026-05-25
ZC8527385ABD1D08A9102Z,noon,Grocery,oils,Oils,"Dr. Foods Virgin Coconut Oil, Cold-Pressed, 200ml, For Cooking and Personal Care",Dr. Foods,245.0,245.0,1.0,200.0,2026-05-25
ZD5E61F21C669D287A032Z,noon,Grocery,oils,Oils,Natural white vinegar - 10 litres,Olive star,150.0,150.0,1.0,10000.0,2026-05-25
ZE3B9645AB5E0EEC4EC55Z,noon,Grocery,oils,Oils,Sesame oil 150 ml,Like nature's house,140.0,140.0,1.0,150.0,2026-05-25
ZCEA6DD262B7395AD7DADZ,noon,Grocery,oils,Oils,Herbstic Extra Virgin Olive Oil 250 ml,Herpestis,250.0,250.0,1.0,250.0,2026-05-25
N29762540A,noon,Grocery,oils,Oils,Apple Cider Vinegar 250ml,Wadi Food,74.0,74.0,1.0,250.0,2026-05-25
N29595407A,noon,Grocery,oils,Oils,Balsamic Grape Vinegar 250ml,Wadi Food,107.0,107.0,1.0,250.0,2026-05-25
Z337B7A0A76EC88CBE058Z,noon,Grocery,oils,Spreads,Peanut oil 30 ml,What about him?,80.0,80.0,1.0,30.0,2026-05-25
Z87663309A06707FE67FEZ,noon,Grocery,oils,Oils,"Premium Virgin Olive Oil – Cold Pressed, Natural, Healthy Cooking Oil, 1L Bottle",Areeq,499.99,499.99,1.0,1000.0,2026-05-25
ZC4101882EB519C18605DZ,noon,Grocery,oils,Oils,Premier extra virgin olive oil 165 ml,Olive Oil,129.0,129.0,1.0,165.0,2026-05-25
N52406597A,noon,Grocery,oils,Oils,Frying And Cooking Mixed Oil 700ml,Haboba,64.0,64.0,1.0,700.0,2026-05-25
N30522053A,noon,Grocery,oils,Oils,Sunflower Oil 2.2Liters,Rehana,270.0,270.0,1.0,2350.0,2026-05-25
Z3FE0A2EC1415552E9102Z,noon,Grocery,oils,Oils,alhawag vatural garlic oil - 500 milliliters,Al Hawag,368.0,368.0,1.0,500.0,2026-05-25
Z8E33C0AFA64675BED382Z,noon,Grocery,oils,Oils,"Garden of Life Coconut Oil for Hair, Skin, Cooking - Raw Extra Virgin Organic Coconut Oil, 27 Servings - Pure Unrefined Cold Pressed Oil with MCTs for Body Care or Baking, Aceite de Coco Organico",Garden Of Life,3655.0,3655.0,1.0,400.0,2026-05-25
Z6A8A5B21E09E5E263223Z,noon,Grocery,oils,Oils,Dr. Foods Extra Virgin Olive Oil – 500ml | Cold-Pressed | Premium Quality,Dr. Foods,365.0,365.0,1.0,500.0,2026-05-25
ZEE5ED5F7CF4FFF2242C1Z,noon,Grocery,oils,Oils,"Dr. Foods Extra Virgin Olive Oil, Cold Pressed, 1L, Glass Bottle",Dr. Foods,720.0,720.0,1.0,1000.0,2026-05-25
Z84B3FA3740B44AF0AF85Z,noon,Grocery,oils,Oils,"Pure and natural cold-pressed parsley oil, Al-Hawaj, Al-Hawaj, Al-Hawaj, raw, concentrated, ideal for hair and skin (1 pack 500 ml) Al-Hawaj parsley oil",Elhawag,365.0,365.0,1.0,500.0,2026-05-25
ZA37502C359A7A25DBE5EZ,noon,Grocery,oils,Oils,"Organic Apple Vinegar Natural – 100% Pure & Healthy – Multi-Purpose 500ml Bottle for Cooking, Salad Dressing, Digestion Support, Immunity Boost & Household Cleaning",Areeq,85.0,85.0,1.0,500.0,2026-05-25
ZB5518598784DCF146CD1Z,noon,Grocery,oils,Sauces,"3 Rana hot sauce 100 ml. ""Rana"" brand is well known. This hot sauce has a delicious and spicy taste...",Rana,360.0,360.0,1.0,300.0,2026-05-25
Z905ADE7733666AED7065Z,noon,Grocery,oils,Oils,"Pure C8 MCT Oil | Boosts Ketones 4X Versus Other MCTs | Highest 99%+ Purity | 100% Coconut | Keto Diet, Fasting, Vegan Safe & Gluten Free | Premium Lab Tested Purity | Caprylic Acid | 500ml",Ketosource,4399.0,4399.0,1.0,30.0,2026-05-25
Z9FEA75486D4C5F92A2CBZ,noon,Grocery,oils,Oils,Pure coconut oil 450 ml,parachute,570.0,570.0,1.0,200.0,2026-05-25
ZD26600614BD96A0F9E13Z,noon,Grocery,oils,Oils,La Pedriza Extra Virgin Olive Oil 500 ml,La Pedriza,569.9,569.9,1.0,500.0,2026-05-25
Z73CCFC1D8FF5A9951192Z,noon,Grocery,oils,Oils,Crystal sunflower oil – 2.2 litres,Crystal,380.0,380.0,1.0,2200.0,2026-05-25
Z93767C5B647924A2E85AZ,noon,Grocery,oils,Oils,Crystal sunflower oil – 1.6 litres,Crystal,290.0,290.0,1.0,1600.0,2026-05-25
ZE17FABE0A422F9FC4E20Z,noon,Grocery,oils,Oils,Crystal sunflower oil - 5 litres,Crystal,785.0,785.0,1.0,5000.0,2026-05-25
ZBEBB0596586B86446D66Z,noon,Grocery,oils,Oils,100% natural coconut oil 500 ml,parachute,432.0,432.0,1.0,200.0,2026-05-25
ZC3CEA5E6E34A61F50D24Z,noon,Grocery,oils,Oils,"De Negres Organic Raw Apple Cider Vinegar, 500 ml",De Negris,599.0,599.0,1.0,500.0,2026-05-25
Z3694AAD47BE069FFAAF9Z,noon,Grocery,oils,Oils,"Celery and natural oil, Al-Hawaj, 500 ml",Al-Hawaj,370.0,370.0,1.0,500.0,2026-05-25
ZA03C8C6CF684EFC3D25BZ,noon,Grocery,salt,Sugar,Steviana From Stevia Leaves Healthy And Tasty 100 Sachets250grams with mug free,Steviana,550.0,550.0,1.0,,2026-05-25
Z3F703372568B5DDB3CD2Z,noon,Grocery,salt,Sugar,Rich Sugar Fructose 500g Box,Rich Diet,165.31,165.31,1.0,500.0,2026-05-25
Z16F46FD51AB5D5A97E5BZ,noon,Grocery,salt,Sugar,Rich Almond Sugar Substitute – Box of 75 Sachets (2 Spoon Equivalents per Sachet),Rich Diet,85.0,85.0,1.0,,2026-05-25
Z3BCE0394B65D16F58147Z,noon,Grocery,salt,Sugar,Mivolis Sweetener Tablets 1200 Sticks 72grams,Mivolis,275.0,275.0,1.0,,2026-05-25
Z40A39B0723F7C372E7D8Z,noon,Grocery,salt,Sugar,Imtenan Monk Fruit Natural Sweetener - 150g,Imtenan,237.0,237.0,1.0,150.0,2026-05-25
ZD428352BE70199304040Z,noon,Grocery,oils,Oils,Purity - Extra Virgin Olive Oil 1 Liter,Purity,900.0,900.0,1.0,1000.0,2026-05-25
ZA01C372C613A57B095E4Z,noon,Grocery,oils,Oils,Olio Luglio - Extra Virgin Olive Oil | Cold Pressed (1 Litre),Olio,3000.0,3000.0,1.0,1000.0,2026-05-25
ZACFBC6E0C98D1DF549A4Z,noon,Grocery,oils,Oils,"Sports Research Organic MCT Oil derived from Non-GMO Organic Coconuts | Great in Keto Coffee, Tea, Smoothies & Salad Dressings | Non-GMO Project Verified & Vegan Certified - Unflavored (32oz)",Sports Research,6999.0,6999.0,1.0,907.184,2026-05-25
Z9D3CAA594A87A3420C77Z,noon,Grocery,oils,Oils,"Organic Coconut Oil - Unrefined and Cold-Pressed, Natural Hair Oil, Skin Oil and Cooking Oil with Fresh Flavor, Non-GMO Extra Virgin Coconut Oil (Aceite de Coco), USDA Organic,",Viva Naturals,6745.0,6745.0,1.0,250.0,2026-05-25
ZD164B55311092F930F58Z,noon,Grocery,oils,Oils,Purity - Extra Virgin Olive Oil 250 ML,Purity,300.0,300.0,1.0,250.0,2026-05-25
Z82367737E53D7E27C7A7Z,noon,Grocery,oils,Oils,Purity - Extra Virgin Olive Oil 500 ML,Purity,500.0,500.0,1.0,500.0,2026-05-25
ZE6DE1E676AD589584DECZ,noon,Grocery,oils,Oils,Heinz Distilled White Vinegar - 16 oz,Heinz,706.0,706.0,1.0,453.592,2026-05-25
Z2743003A1FF3C8A3FD5AZ,noon,Grocery,oils,Oils,"Betterbody Foods Organic Naturally Refined Coconut Oil With Neutral Flavor And Aroma, 458 ml",Betterbody Foods,3874.0,3874.0,1.0,458.0,2026-05-25
Z405CA0AA27146BF48A50Z,noon,Grocery,oils,Oils,onion oil alhawaj 500 ml,Elhawag,460.0,460.0,1.0,500.0,2026-05-25
Z47A1AB39F0799FE2EDB8Z,noon,Grocery,oils,Oils,Al-Hawag olive oil - 500 ml,Elhawag,310.0,310.0,1.0,500.0,2026-05-25
ZEB494D78E6CBD8D79956Z,noon,Grocery,oils,Oils,"Betterbody Foods Organic Virgin Coconut Oil, 458 ml",Betterbody Foods,3409.0,3409.0,1.0,458.0,2026-05-25
Z4D36AEC4ADAA2B554C69Z,noon,Grocery,salt,Sugar,Classic MonkFruit and Erythritol Sweetener - 40 Sachet,Lakanto,130.0,130.0,1.0,,2026-05-25
ZBCC26ED7AE884D7069F4Z,noon,Grocery,salt,Sugar,Rich Almond Sugar Substitute – Box of 50 Sachets (2 Spoon Equivalents per Sachet),Rich Diet,70.0,70.0,1.0,,2026-05-25
ZA4589CA27908A2F24E65Z,noon,Grocery,salt,Sugar,Sweetal Stevia Diet Sugar 100 Stick,Sweetal,155.0,155.0,1.0,100.0,2026-05-25
N52405006A,noon,Grocery,salt,Sugar,Sukker Diet 48 sachets- 2 Spoonful -Diet Sugar Sweetener 1grams,Mozn,95.0,95.0,1.0,,2026-05-25
Z2067F2DCD9C200ADDEAAZ,noon,Grocery,salt,Sugar,Tropicana Slim Low Calorie Sweetener – 50 Sachets – Healthy Sugar-Free Substitute,Tropicana,650.0,650.0,1.0,,2026-05-25
N52405008A,noon,Grocery,salt,Sugar,Sukker Diet Powder - Diet Sugar Sweetener 200grams,Mozn,160.0,160.0,1.0,200.0,2026-05-25
Z28400162478B8ED70B17Z,noon,Grocery,salt,Sugar,Suessli German Sweetener Tablets 1200pcs in Dispenser - Lactose Free Recipe - Imported from Germany,Suessli,347.0,347.0,1.0,,2026-05-25
ZFA6F28EBEEDD095020D8Z,noon,Grocery,salt,Sugar,Stevia Pure Time 200 g,Stevia Pure Time,185.0,185.0,1.0,200.0,2026-05-25
N52405007A,noon,Grocery,salt,Sugar,Sukker Diet 30 Sachets- 2 Spoonful -Diet Sugar Sweetener 30grams,Mozn,70.0,70.0,1.0,,2026-05-25
ZE3782DF275712F09C3E0Z,noon,Grocery,salt,Sugar,Stevia sugar 80g (herb),Shana,73.0,73.0,1.0,80.0,2026-05-25
ZBD6AC40D27573F479334Z,noon,Grocery,salt,Sugar,Sweetener From Stevia Leaves Healthy And Tasty 100 Sachets250grams with mug free,Steviana,550.0,550.0,1.0,,2026-05-25
ZB5643E0985286FF30A37Z,noon,Grocery,salt,Sugar,Brown Sugar 100 Sheets 400grams,Imtenan,76.0,76.0,1.0,100.0,2026-05-25
Z6714486582E8828916E1Z,noon,Grocery,salt,Sugar,Stevia Diet Sugar Zero Calories 50 Sachets,Rich Diet,85.0,85.0,1.0,,2026-05-25
ZD5CAD4F23CF3CAEED193Z,noon,Grocery,salt,Sugar,"Better Taste Stevia Liquid drops, 20ml",Better Taste,153.0,153.0,1.0,20.0,2026-05-25
ZA5C1509F7B86BDB48192Z,noon,Grocery,salt,Sugar,sweetal diet sugar sweetal 100 stick 1 gram,Sweetal,120.0,120.0,1.0,,2026-05-25
N30522023A,noon,Grocery,salt,Sugar,White Sugar 1kg,Rehana,50.0,50.0,1.0,1000.0,2026-05-25
Z935951562AA4D30680C2Z,noon,Grocery,salt,Sugar,sweetal diet sugar sweetal stevia 50 sachet,Sweetal,95.0,95.0,1.0,,2026-05-25
Z4673F6CAC51B8E3BB05DZ,noon,Grocery,salt,Sugar,Steviadiet 300gm jar,Steviadiet,135.0,135.0,1.0,300.0,2026-05-25
ZAA66BA43F799D663518BZ,noon,Grocery,salt,Sugar,Sweet&Slim 100 Sachets STEVIA,Stevia,150.0,150.0,1.0,,2026-05-25
Z1AB2A731BE1BE8135E98Z,noon,Grocery,salt,Sugar,Classic MonkFruit and Erythritol Sweetener - 100 Sachet,Lakanto,240.0,240.0,1.0,,2026-05-25
Z5FBE6F102B8273A5B0EFZ,noon,Grocery,salt,Sugar,sweetal diet sugar sweetal 100 tab,Sweetal,70.0,70.0,1.0,,2026-05-25
ZF47837E6C4FDADAAF66EZ,noon,Grocery,salt,Sugar,Sweetal Stevia Diet Sugar 25 Stick,Sweetal,55.0,55.0,1.0,,2026-05-25
ZA6716CAF5EE56BA661A9Z,noon,Grocery,salt,Sugar,Stevia Diet Sugar Zero Calories 250g Jar,Rich Diet,220.0,220.0,1.0,250.0,2026-05-25
N52405011A,noon,Grocery,salt,Sugar,Sukker Stevia 30 Sachets- 2 Spoonful-Diet Sugar Sweetener 60grams,Mozn,95.0,95.0,1.0,,2026-05-25
ZAA1E7E43D79E69719667Z,noon,Grocery,salt,Sugar,Stevia Pure Time 220 Tablets,Stevia Pure Time,180.0,180.0,1.0,,2026-05-25
Z06FEBDFBAA247B65B355Z,noon,Grocery,salt,Sugar,white sugar 5 kg,Saltana,220.0,220.0,1.0,5000.0,2026-05-25
Z4B1E4542CF0303306F06Z,noon,Grocery,salt,Sugar,Rich Sugar Natural Fruit Fructose – Box of 100 Sachets,Rich Diet,165.31,165.31,1.0,,2026-05-25
Z618E870CFC0B968A93A7Z,noon,Grocery,salt,Sugar,Rich Almond Sugar Substitute – Box of 75 Hanging Sachets,Rich Diet,80.0,80.0,1.0,,2026-05-25
Z575FBB6DD7C96C084733Z,noon,Grocery,salt,Sugar,PURE TIME STEVIA 200 GM,Stevia,193.0,193.0,1.0,200.0,2026-05-25
Z05288297EB8E26503081Z,noon,Grocery,salt,Sugar,Sweetener From Stevia Leaves Healthy And Tasty 50 Sachets 125grams,Steviana,350.0,350.0,1.0,,2026-05-25
N52343966A,noon,Grocery,salt,Sugar,Sweetener Tablets 1200 Sticks 72grams,Mivolis,343.0,343.0,1.0,,2026-05-25
Z5D87B56412399D2057D8Z,noon,Grocery,salt,Sugar,Sweetener Tablets 1200 Sticks 72 gm,Mivolis,285.0,285.0,1.0,,2026-05-25
Z146A781C31B8F0138151Z,noon,Grocery,salt,Sugar,Classic MonkFruit and Erythritol Sweetener - 454g,Lakanto,340.0,340.0,1.0,454.0,2026-05-25
Z7FCE3E7084799DE1A790Z,noon,Grocery,salt,Sugar,Offer 2 Diet Sugar Sweetener Stevia 96 Sachets x 2Gram- 2 Spoonful,Mozn,180.0,180.0,1.0,,2026-05-25
Z0105B3A9415D9E9C4F2AZ,noon,Grocery,salt,Sugar,sweetal diet sugar sweetal jar 250 grams,Sweetal,150.0,150.0,1.0,250.0,2026-05-25
ZE811A1383CAE90F86285Z,noon,Grocery,salt,Sugar,sweetal diet sugar sweetal 300 tab,Sweetal,140.0,140.0,1.0,,2026-05-25
N51084544A,noon,Grocery,salt,Sugar,Diet Sugar Sweetener 1200 Sticks 72grams,Mivolis,280.0,280.0,1.0,,2026-05-25
N52405012A,noon,Grocery,salt,Sugar,Sukker Stevia Powder -Diet Sugar Sweetener 200grams,Mozn,170.0,170.0,1.0,200.0,2026-05-25
Z5C57A0FE0FBEB7449ABAZ,noon,Grocery,salt,Sugar,sweetal diet sugar sweetal 50 Sachet 2 grams,Sweetal,95.0,95.0,1.0,,2026-05-25
Z2925573B59A62C2A7402Z,noon,Grocery,salt,Sugar,Classic MonkFruit and Erythritol Sweetener - 235g,Lakanto,180.0,180.0,1.0,235.0,2026-05-25
Z2C5F118A0810E99D6A4AZ,noon,Grocery,salt,Sugar,Sweetal diet sugar sweetal 75 Sachet 1 gram,Sweetal,95.0,95.0,1.0,,2026-05-25
Z8E6C741B98919F5D4FCDZ,noon,Grocery,salt,Sugar,Rich Sugar Stevia 150 Packets,Rich Diet,190.0,190.0,1.0,,2026-05-25
ZB592FDDAD475B4793B77Z,noon,Grocery,salt,Sugar,Rich Sugar Substitute – Almond Sugar – 150 Sachets Box – 2 Sachets per Serving,Rich Diet,150.0,150.0,1.0,,2026-05-25
ZBAE2C5A984F08E975562Z,noon,Grocery,salt,Sugar,"Rich sugar substitute, 150 packets, spoon",Rich Diet,140.0,140.0,1.0,,2026-05-25
Z813186807BFD3DB92EA7Z,noon,Grocery,salt,Sugar,Bliss Sweetner - Zero Calorie Sweetener - 30 Sachets,Organic Nation,65.0,65.0,1.0,,2026-05-25
ZC67FE6EA6D4CDECC496FZ,noon,Grocery,salt,Sugar,Stevia Original 50 Stick Packs,Limitless,152.0,152.0,1.0,,2026-05-25
Z619BCE572EDDD16A98ADZ,noon,Grocery,salt,Sugar,Sugar diet 1200 tablets -72gm,Mivolis,279.0,279.0,1.0,,2026-05-25
ZFAE9166159BCD6C6FBEFZ,noon,Grocery,salt,Sugar,Rich Sugar Natural Fruit Fructose – Box of 250 Sachets,Rich Diet,80.0,80.0,1.0,250.0,2026-05-25
ZF816368170C74E8A057AZ,noon,Grocery,salt,Sugar,Steviana Natural Sweetener – 100 Sachets – Healthy Sugar Substitute from Stevia Leaves,Steviana,865.0,865.0,1.0,,2026-05-25
N52406600A,noon,Grocery,salt,Sugar,Premium Powder Sugar 1kg,Haboba,42.0,42.0,1.0,1000.0,2026-05-25
Z043C53B7CE0D4CCC8D5DZ,noon,Grocery,salt,Sugar,Tropicana Slim Low Calorie Sweetener - Sugar Substitute - 100 Sachets,Tropicana,850.0,850.0,1.0,,2026-05-25
Z4A43C5A4230CCB8FAAC5Z,noon,Grocery,salt,Sugar,Sucralose 250 g – Sugar Alternative,Rich Diet,200.0,200.0,1.0,250.0,2026-05-25
Z6CBF7A0B098730818A98Z,noon,Grocery,salt,Sugar,Monk fruit sugar 50 sticks,Right Nutrition,110.0,110.0,1.0,,2026-05-25
Z0DC8C9E724B0AD5616D2Z,noon,Grocery,salt,Sugar,Stevia Natural Sweetener 100 Tablets,Sekem,92.0,92.0,1.0,,2026-05-25
Z5503A69EEF75304D6069Z,noon,Grocery,salt,Sugar,Rich Brown Sugar 250g Box,Rich Diet,55.0,55.0,1.0,250.0,2026-05-25
Z5C6559B98ADEE3169AF7Z,noon,Grocery,salt,Sugar,Rich Sugar Stevia 75 Packets,Rich Diet,105.23,105.23,1.0,,2026-05-25
Z5F7CC2C0ED74BDB8BA9DZ,noon,Grocery,salt,Sugar,Splenda Sugar Alternative Tablets - 100 Tablets,Splendays,191.0,191.0,1.0,,2026-05-25
ZA86A3D48B4CD6F3BEFBCZ,noon,Grocery,salt,Sugar,RICHMIX White Sugar – 120 Easy‑Open 5g Sticks – Premium Hospitality Pack,Rich Mix,99.0,99.0,1.0,600.0,2026-05-25
Z804BC76516F8C966B18EZ,noon,Grocery,salt,Sugar,Stevania Sweetener - Natural Zero Calorie Sweetener - 50 Sachets,Steviana,540.0,540.0,1.0,,2026-05-25
Z460F3EA7FA9720A1F0FCZ,noon,Grocery,salt,Sugar,Imtenan Monk Fruit Sweetener 150g - Pack of 2,Imtenan,437.0,437.0,1.0,300.0,2026-05-25
ZC1EC1D190977792B0F30Z,noon,Grocery,salt,Sugar,Diet Sugar 50 Sachets One Sachet = Two Spoons Of Sugar,No Cal,90.0,90.0,1.0,,2026-05-25
ZF9116685060148F301EFZ,noon,Grocery,salt,Sugar,Rich Diet Brown Sugar 500g Box,Rich Diet,80.0,80.0,1.0,500.0,2026-05-25
Z23434A354467C9E72388Z,noon,Grocery,salt,Sugar,Stevia Pure Time 40 Sachets 80 g,Stevia Pure Time,95.0,95.0,1.0,,2026-05-25
ZC441186AD801EC1A6549Z,noon,Grocery,salt,Sugar,"STEVIANA Sweetener from Natural Stevia Leaves - 100 Sachets (Sugar Substitute, Low Calorie)",Steviana,910.0,910.0,1.0,,2026-05-25
ZD1F83F917FD0DE8E1A3FZ,noon,Grocery,salt,Sugar,Rich white sugar box 120 packs,Rich Diet,97.75,97.75,1.0,,2026-05-25
ZB36B00C68B6620BEAFA1Z,noon,Grocery,salt,Sugar,Steviana Sweetener From Stevia Leaves 50 Sachets Each Pack Of 2 (Imported),Steviana,650.0,650.0,1.0,,2026-05-25
Z5A7BC410617D5DB18DBDZ,noon,Grocery,salt,Sugar,Diet Sugar 300 Tablet,Sweetal,194.0,194.0,1.0,,2026-05-25
Z4F40FBED2D74A45B8D75Z,noon,Grocery,salt,Sugar,Steviana Sweetener From Stevia Leaves 100 Sachets Each Pack Of 2,Steviana,1200.0,1200.0,1.0,,2026-05-25
Z4A7CF51D66C36A1748A0Z,noon,Grocery,salt,Sugar,Sweet & Slim - Stevia 250 Gm,Sweet & Slim,160.0,160.0,1.0,250.0,2026-05-25
N52599059A,noon,Grocery,salt,Sugar,Sweetener 200 Sachets,Stevia,270.0,270.0,1.0,,2026-05-25
ZC4F317F5C3C27C21219BZ,noon,Grocery,salt,Sugar,Stevia Jar - 250 grams,Sekem,255.0,255.0,1.0,250.0,2026-05-25
Z3A7D7CA63C61EEC490DDZ,noon,Grocery,salt,Sugar,Rich white sugar cubes 1 kg,Rich Diet,120.46,120.46,1.0,1000.0,2026-05-25
Z0352E7EA59ECFEA9CFACZ,noon,Grocery,salt,Sugar,Al-Zaeem White Sugar - Value Pack of 10 Bags (1kg each),Alzaeem,473.0,473.0,1.0,10000.0,2026-05-25
ZF44B7DD8E3A083FF5927Z,noon,Grocery,salt,Sugar,Steviana Sugar-Free Stevia Sweetener powder 200g,Steviana,450.0,450.0,1.0,200.0,2026-05-25
ZA650BE0B8EDCD33FA366Z,noon,Grocery,salt,Sugar,coconut sugar  250g,Virco,254.0,254.0,1.0,250.0,2026-05-25
ZAB178D48BD827FFD7765Z,noon,Grocery,salt,Sugar,diet Sugar 1gm 70sachet,Steviadiet,70.0,70.0,1.0,,2026-05-25
ZB18327DD413551C7C526Z,noon,Grocery,salt,Sugar,Suss Stoff German Diet Sugar 1200 Pcs,Belbake,340.0,340.0,1.0,,2026-05-25
Z70FF63C37CC33B14CB38Z,noon,Grocery,salt,Sugar,Mexicana Brown Sugar -500 Gm,Mr. Food,50.95,50.95,1.0,500.0,2026-05-25
ZD59E66ED63B9DB0F75B9Z,noon,Grocery,salt,Sugar,Star diet brown sugar 500gm,Star Diet,85.0,85.0,1.0,500.0,2026-05-25
Z2060E5B6881179DE476EZ,noon,Grocery,salt,Sugar,Sucralose 250 g – Sugar Alternative 2*1,Rich Diet,367.66,367.66,1.0,250.0,2026-05-25
Z52E4630E8C6730965E90Z,noon,Grocery,salt,Sugar,Brown sugar 250gm,Star,60.0,60.0,1.0,250.0,2026-05-25
Z9CEB5ECC66B936DA8E40Z,noon,Grocery,salt,Sugar,suss stoff sweetener 1200 tablets,Suss Stoff,310.0,310.0,1.0,,2026-05-25
Z9CBB2E86CD59910B9530Z,noon,Grocery,salt,Sugar,Stevia – 250g Jar (2 for 1 Offer),Generic,383.53,383.53,1.0,500.0,2026-05-25
Z615EC19D15A5EE752053Z,noon,Grocery,salt,Sugar,Sweetener Tablets 1200 Sticks 72grams,Generic,290.0,290.0,1.0,,2026-05-25
ZDD12B468366358DDB00AZ,noon,Grocery,salt,Sugar,Rich Brown Sugar Bag 100 Packets,Rich Diet,90.0,90.0,1.0,,2026-05-25
ZF91F44BEA2B2EE5496F5Z,noon,Grocery,salt,Sugar,"Diet sugar 100 sachets, each sachet = 2 spoons",no cal,155.0,155.0,1.0,,2026-05-25
ZE69786E7E710A043CC88Z,noon,Grocery,salt,Sugar,"Offer of two packages of diet sugar weighing 96 bags, 1 gram - sweetened diet sugar",Mazn,160.0,160.0,1.0,,2026-05-25
Z6D2F970BC54E2C040C90Z,noon,Grocery,salt,Sugar,Rich brown sugar cubes 1 kg,Rich Diet,125.0,125.0,1.0,1000.0,2026-05-25
ZCEFACC28777767F694C6Z,noon,Grocery,salt,Sugar,Stevia Pure Time 110 tablets,Stevia Pure Time,120.0,120.0,1.0,,2026-05-25
Z621B5C8B43F3AD17E6EEZ,noon,Grocery,salt,Sugar,"Rich white sugar, bag of 100 packets",Rich Diet,80.0,80.0,1.0,,2026-05-25
Z4DEBB1A121E4E25748ADZ,noon,Grocery,salt,Sugar,Steviana Natural Sweetener From Stevia Leaves - 37.5g (25 Sachets x 1.5g),Steviana,180.0,180.0,1.0,,2026-05-25
Z28265F445F5CBCFB7978Z,noon,Grocery,salt,Sugar,White Stevia Sugar - 50 gm,Dhyaan House,92.0,92.0,1.0,50.0,2026-05-25
Z828A9D37599CA34DDA67Z,noon,Grocery,salt,Sugar,Rich Brown Sugar 100 Packets,Rich Diet,95.0,95.0,1.0,,2026-05-25
N52490730A,noon,Grocery,salt,Sugar,Stevia 40 sachets.,Stevia,76.0,76.0,1.0,,2026-05-25
Z324B67C7CAC83393B4CDZ,noon,Grocery,salt,Sugar,sugar Monk Fruit (Monk Fruit) 250 gm,Right Nutrition,200.0,200.0,1.0,250.0,2026-05-25
N27665625A,noon,Grocery,salt,Sugar,Premium Natural White Powder Sugar 1kg,Zamzam,49.75,49.75,1.0,1000.0,2026-05-25
Z947CA96D15954300FA8EZ,noon,Grocery,salt,Sugar,Lakanto Monkfruit Classic Sweetener 235 g,Lakanto,195.0,195.0,1.0,235.0,2026-05-25
ZBE22E1A3260ACA519BA4Z,noon,Grocery,salt,Sugar,RICHMIX Natural Brown Sugar – 120 5g Sticks – Premium Hospitality Pack,Rich Mix,110.0,110.0,1.0,600.0,2026-05-25
N29595529A,noon,Grocery,salt,Sugar,Icing Sugar 500grams,Al Doha,46.0,46.0,1.0,500.0,2026-05-25
Z8B763B38EE8FED974772Z,noon,Grocery,salt,Sugar,Sweetener Tablets 1200 Sticks 72grams,Generic,299.0,299.0,1.0,,2026-05-25
ZBE2968EA547CBAC03B91Z,noon,Grocery,salt,Sugar,Pure Green sugar alternative Stevia Powder - 50 gm,Dhyaan House,83.0,83.0,1.0,50.0,2026-05-25
Z36FAF525AA6BA28B954CZ,noon,Grocery,salt,Sugar,Sugarfree Sweetener 250 grams,La Sweet,135.0,135.0,1.0,250.0,2026-05-25
Z06A526A37A3FBF127AAAZ,noon,Grocery,salt,Sugar,Icing Sugar (powder sugar) 1k,Mr. Food,49.95,49.95,1.0,1000.0,2026-05-25
Z2B261F5E05899A8EED07Z,noon,Grocery,salt,Sugar,Stevia Pure Time 60 Sachets 120 g,Stevia Pure Time,125.0,125.0,1.0,,2026-05-25
N44808136A,noon,Grocery,salt,Sugar,White Sugar Cubes 500grams,Dobella,65.25,65.25,1.0,500.0,2026-05-25
ZB81602F43DA6EB6F2DAFZ,noon,Grocery,salt,Sugar,White Sugar 1 Kg,Alzaeem,49.25,49.25,1.0,1000.0,2026-05-25
N30522024A,noon,Grocery,salt,Sugar,Icing Sugar 1kg,Rehana,66.0,66.0,1.0,1000.0,2026-05-25
Z9E3878CCE5B3D89AADE3Z,noon,Grocery,salt,Spices,Brown Sugar With Cinnamon  120 Gram,Dobella,34.25,34.25,1.0,120.0,2026-05-25
Z6D92AD4AD54D8EE648FAZ,noon,Grocery,salt,Sugar,RICHMIX Natural Brown Cane Sugar – 500g Premium Loose Pack,Rich Mix,98.0,98.0,1.0,500.0,2026-05-25
Z5254BE0A079BB07AF408Z,noon,Grocery,salt,Sugar,Uni fructose diet sugar 450 gm,Uni,190.0,190.0,1.0,450.0,2026-05-25
Z0ABF8BFA0307115C2B46Z,noon,Grocery,salt,Sugar,Stevia sweetener sachets 125g * 50,Steviana,750.0,750.0,1.0,,2026-05-25
Z4AFBE219801E506EAE10Z,noon,Grocery,salt,Sugar,Diet Sugar - 250 Sachets (1 Spoon),So Sweet,235.0,235.0,1.0,,2026-05-25
Z1B33FA6FA4A47304B4B7Z,noon,Grocery,salt,Rice,"Sorbamt 250 grams and Sorbamt 50 sachets of 1 gram, special price",Sorbamt,150.0,150.0,1.0,,2026-05-25
ZBF98D9036BE8ACCC3DD1Z,noon,Grocery,salt,Sugar,Diet Sugar - 75 Sachets (1 Spoon),So Sweet,95.0,95.0,1.0,,2026-05-25
Z33A3B1DE558D05C0A68FZ,noon,Grocery,salt,Sugar,Zero Calorie Sweetener 50g Pack of 50 sachet ( 5 pack offer),Recipe Pharma,375.0,375.0,1.0,,2026-05-25
Z6F866606E63C2C782BF1Z,noon,Grocery,salt,Sugar,Wholesome Organic Powdered Confectioners Sugar - 454 gm,Wholesome,1500.0,1500.0,1.0,454.0,2026-05-25
ZB9B46BE60D506FA2944FZ,noon,Grocery,salt,Sugar,Stevia sugar drops 30 ml,Wright Nutrition,180.0,180.0,1.0,30.0,2026-05-25
Z26FE7EFC1860BFFE97CDZ,noon,Grocery,salt,Sugar,Diet Sugar 100 Tablet,Diet Sweet,55.0,55.0,1.0,30.0,2026-05-25
ZC51AF1405AD3AF22F689Z,noon,Grocery,salt,Sugar,Castello Sweetener 60 Sachets,Stevia,199.0,199.0,1.0,,2026-05-25
Z8C177478023F75F3D80CZ,noon,Grocery,salt,Sugar,Diet Sweetener 50 sachets pack of 4,Strony,196.0,196.0,1.0,,2026-05-25
Z67A96E62DAD141726142Z,noon,Grocery,salt,Sugar,Zero Calorie Sweetener 1000 Sachets,Splenda,3400.0,3400.0,1.0,,2026-05-25
Z742D776E20F7D83F7AD8Z,noon,Beverages,Soft drinks,Tea,Soft Drink With White Grape Flavor 250 ml,Rauch,44.0,44.0,1.0,250.0,2026-05-25
ZFD97D86DB2727054994FZ,noon,Beverages,Soft drinks,Jams,"MOGU MOGU Peach Flavoured Drink with Nata de Coco, 320ml – Pack of 3 | Refreshing Tropical Beverage with Chewy Coconut Jelly",Mogu Mogu,194.97,194.97,1.0,960.0,2026-05-25
ZDC3A418C97EFB226E70FZ,noon,Beverages,Soft drinks,Tea,Forever Citron Vert Lime Sleek Drink 330 ml,Perrier,185.0,185.0,1.0,330.0,2026-05-25
N51736580A,noon,Beverages,Soft drinks,Tea,Energy Drink 250ml Pack of 4,Power Horse,183.0,183.0,1.0,1000.0,2026-05-25
N28991813A,noon,Beverages,Soft drinks,Tea,Soft Drink Cans 240ml,Pepsi,25.25,25.25,1.0,240.0,2026-05-25
Z51800D4BCC900EB182DFZ,noon,Beverages,Soft drinks,Tea,"Alrabie Mango Juice, 125 ml – Pack of 6 | Refreshing Tropical Mango Fruit Juice Drink | Sweet & Smooth Flavor",Al Rabie,299.95,299.95,1.0,750.0,2026-05-25
Z6CA21CB1C0DF00F39D2EZ,noon,Beverages,Soft drinks,Tea,Alrabei Pineapple Juice – 185ml – Pack of 3 | Refreshing Tropical Drink Made from Real Pineapple | Rich in Vitamin C & No Added Preservatives,Al Rabie,239.0,239.0,1.0,555.0,2026-05-25
Z6FCB332DB4339F4BFA89Z,noon,Grocery,salt,Sugar,Sweetener Tablets 1200 Sticks - 72grams,Mivolis,399.0,399.0,1.0,,2026-05-25
ZB73783C7A0D1C87AA3AAZ,noon,Grocery,salt,Sugar,Steviana Natural Sweetener From Stevia Leaves - 37.5g (25 Sachets x 1.5g),Steviana,444.0,444.0,1.0,,2026-05-25
Z24D86337832C5E6685BCZ,noon,Grocery,salt,Sugar,Steviana Sweetener From Stevia Leaves 25 Sachets,Steviana,399.0,399.0,1.0,,2026-05-25
Z38475F498AB58AE21671Z,noon,Grocery,salt,Sugar,Sweetener From Stevia Leaves Healthy And Tasty 50 Sachets 125grams,Steviana,350.0,350.0,1.0,,2026-05-25
Z5BD6D01059A36E340614Z,noon,Beverages,Soft drinks,Tea,"Mogu Mogu watermelon Flavoured Drink with Nata de Coco, 320ml – Pack of 3 | Refreshing Tropical Juice Beverage with Chewy Coconut Bits",Mogu Mogu,194.97,194.97,1.0,960.0,2026-05-25
Z24E01DE29D1F54E76D9DZ,noon,Beverages,Soft drinks,Spices,"Flash Carbonated Soft Drink 250ml – Chamomile, Lemon, Ginger & Mint | Refreshing Sparkling Beverage",Flash,139.52,139.52,1.0,250.0,2026-05-25
ZD287102C5033E4A3CB1AZ,noon,Beverages,Soft drinks,Water,Forever Citron Lemon Flavored Sparkling Water 330ml,Maison Perrier,175.0,175.0,1.0,330.0,2026-05-25
Z667D3A2556622264D473Z,noon,Beverages,Soft drinks,Tea,Alrabie Mixed Berry Juice – Pack of 6 | Refreshing Fruit Juice Drink with Rich Berry Flavor | Ready to Drink,Al Rabie,299.0,299.0,1.0,,2026-05-25
ZE63E0450B70FF94E1301Z,noon,Beverages,Soft drinks,Tea,"Alrabie Mango Juice, 185ml (Pack of 3) – Refreshing Tropical Drink with Rich Mango Flavor",Alrabie,237.0,237.0,1.0,555.0,2026-05-25
ZE3EC7FEB3BF9343AD207Z,noon,Beverages,Soft drinks,Tea,Mogu Mogu Strawberry Flavoured Drink – 320ml Pack of 3 | Refreshing Fruity Beverage with Chewy Nata de Coco Bits,Mogu Mogu,239.97,239.97,1.0,960.0,2026-05-25
Z8F82CE133AA8F0E9A84FZ,noon,Beverages,Soft drinks,Tea,"Flash Carbonated Soft Drink 250ml – Chamomile, Lemon, Cherry & Mint | Refreshing Sparkling Beverage",Flash,139.52,139.52,1.0,250.0,2026-05-25
Z2DB7D2A48DB9B7BCD86CZ,noon,Beverages,Soft drinks,Juices,KDD Orange & Grape Mixed Fruit Juice – 125ml (Pack of 6) – Refreshing Natural Fruit Blend with No Added Preservatives,Kdd,299.94,299.94,1.0,750.0,2026-05-25
N41989240A,noon,Grocery,sauces,Sauces,Dark Soy Sauce 320ml Single,Tai Hua,163.5,163.5,1.0,320.0,2026-05-25
Z8D97C4A209A1E95C2E4EZ,noon,Grocery,sauces,Sauces,Cold Ketchup Sauce 7g,Bubuzy,194.0,194.0,1.0,1750.0,2026-05-25
Z6118157A19DBBC527736Z,noon,Grocery,sauces,Sauces,Super Hot Sauce 79 Gram,Naturesta,81.0,81.0,1.0,79.0,2026-05-25
ZA88B1031B2015948E8D6Z,noon,Grocery,sauces,Tea,Natural Pomegranate Molasses 250 ml,Elhawag,95.0,95.0,1.0,250.0,2026-05-25
ZF80F4AECAFC5A190C6B5Z,noon,Grocery,sauces,Sauces,Light Soy Sauce - 250 ml,Gardenia,79.95,79.95,1.0,250.0,2026-05-25
N43894907A,noon,Grocery,sauces,Sauces,Cherry Tomato With Olives Bruschetta Sauce 200grams,Agromonte,339.25,339.25,1.0,200.0,2026-05-25
Z4818F8DA6BAA75B8C047Z,noon,Grocery,sauces,Sauces,Smokey Chipotle BBQ Sauce - 5 kg,Naturesta,2304.0,2304.0,1.0,5000.0,2026-05-25
Z1672662C9324EF07C720Z,noon,Grocery,sauces,Rice,"Alwalimah Kabsa Spice Mix, 300g | Authentic Middle Eastern Seasoning Blend for Rice, Chicken & Meat Dishes | Traditional Saudi Flavor",Al Walimah,541.0,541.0,1.0,300.0,2026-05-25
N34976234A,noon,Grocery,sauces,Sauces,Mustard Sauce 5kg,Giardino,379.25,379.25,1.0,5000.0,2026-05-25
N47707258A,noon,Grocery,sauces,Tea,Pomegranate Molasses 350ml,Daria,78.0,78.0,1.0,350.0,2026-05-25
Z641971D16A9171E3D421Z,noon,Grocery,sauces,Sauces,Ketchup 340 grams Bundle,Healthy & Tasty,600.0,600.0,1.0,380.0,2026-05-25
ZF4E7747F0B7B142EFD30Z,noon,Grocery,sauces,Sauces,Soy Sauce For Seafood- 450 ml,Haday,195.0,195.0,1.0,450.0,2026-05-25
Z05D4B197453C406DCB16Z,noon,Grocery,sauces,Sauces,Tomato & Mushroom Sauce Jar 210ml,Panzani,129.5,129.5,1.0,190.0,2026-05-25
Z4E79E19681A0174DBC9FZ,noon,Beverages,Soft drinks,Tea,"Kinza Cola Soft Drink, 300 ml – Pack of 3 | Classic Carbonated Cola Beverage | Refreshing & Fizzy Taste",Kinza,299.97,299.97,1.0,900.0,2026-05-25
Z1703EAE26DDDAADD78AAZ,noon,Beverages,Soft drinks,Milk,"Elsaudia Chocolate Milk Drink, 200ml Pack of 3 – Rich & Creamy Chocolate Flavoured Milk – Nutritious Ready-to-Drink Beverage for Kids & Adults",Saudia,216.0,216.0,1.0,600.0,2026-05-25
ZBF3909AAD4FAB5D3AA02Z,noon,Beverages,Soft drinks,Tea,"Al Rabie Orange Juice – Refreshing Orange Drink – 125ml, Pack of 3",Al Rabie,156.0,156.0,1.0,375.0,2026-05-25
Z5EE8236A0CD63B08DCA0Z,noon,Beverages,Soft drinks,Tea,Soft Drink Can Cherry 330 ml,Dr Pepper,180.0,180.0,1.0,330.0,2026-05-25
ZD87AA6B6E942031ECF8BZ,noon,Beverages,Soft drinks,Tea,Pepsi Saudi – Original Cola Soft Drink in Can – Refreshing Carbonated Beverage  pack of 2,Pepsi,270.0,270.0,1.0,,2026-05-25
Z1C64475DC496FFC5B4F6Z,noon,Beverages,Soft drinks,Tea,Vimto Fruit Flavored Drink – 250ml (Pack of 2) – Original Refreshing Fruit Blend – Ready to Drink – Pocket Size,Vimto,159.98,159.98,1.0,500.0,2026-05-25
Z4EAC8F5D2572EC01F166Z,noon,Beverages,Soft drinks,Tea,Red Bull Power Drink 250 ml*4 Pack,Red Bull,305.0,305.0,1.0,1000.0,2026-05-25
Z0D4CC3EF7FCCE4A732F8Z,noon,Beverages,Soft drinks,Soft Drinks,"Pepsi 150ml (small size), Saudi version",Pepsi,58.0,58.0,1.0,150.0,2026-05-25
Z1ED223E5D51E49E2C57FZ,noon,Beverages,Soft drinks,Tea,"Kinza Citrus Soft Drink, 300 ml – Pack of 3 | Refreshing Carbonated Citrus Beverage | Crisp Lemon & Lime Flavor",Kinza,239.97,239.97,1.0,900.0,2026-05-25
Z8A1B0A875277070421A2Z,noon,Beverages,Soft drinks,Tea,Schweppes Sparkling Pomegranate Flavoured Drink - 1L per Bottle - Pack of 6 Bottles,Schweppes,400.0,400.0,1.0,6000.0,2026-05-25
ZBC278C8EB25D1D70F2B7Z,noon,Beverages,Soft drinks,Milk,"Masala Flavored Karak Iced Tea – Refreshing Spiced Milk Tea Drink | Authentic Indian Chai Taste | 250ml Cans, Pack of 3",Karak Tea,269.97,269.97,1.0,750.0,2026-05-25
Z59F86964B06DB97E9EA1Z,noon,Beverages,Soft drinks,Spices,Dr Pepper Soda 330 ml,Dr Pepper,95.0,95.0,1.0,330.0,2026-05-25
Z59345FB64BDD875D0C83Z,noon,Beverages,Soft drinks,Spices,Dr Pepper Original Sparkling Soft Drink 330L x2,Dr Pepper,360.0,360.0,1.0,300.0,2026-05-25
ZD207CAB3E60D953C94B1Z,noon,Beverages,Soft drinks,Tea,Oronamin C Japanese Carbonated Drink 120ml,Oronamin C,91.0,91.0,1.0,120.0,2026-05-25
ZB23FD511BDBBF1111DF7Z,noon,Beverages,Soft drinks,Tea,Sun Sip Fruit Popping Boba Tea (Strawberry Flavor) – With Real Popping Boba Pearls – Value Pack of 2 (325ml per Can),Generic,189.98,189.98,1.0,650.0,2026-05-25
ZCA8F8F1CDD63B62FA48BZ,noon,Beverages,Soft drinks,Tea,Sun Sip Popping Boba Tea – Mixed Berries Flavor – Refreshing Juice-Filled Boba Pearls – 325ml (Pack of 2),Generic,189.99,189.99,1.0,650.0,2026-05-25
Z90AC5A68FB098B80318CZ,noon,Beverages,Soft drinks,Tea,Vitamin Sparkling Drink 100% Natural Flavors - Blueberry,V7,14.0,14.0,1.0,300.0,2026-05-25
Z956CC311C04270D55EDEZ,noon,Beverages,Soft drinks,Tea,Vitamin Sparkling Drink 100% Natural Flavors - Pomegranate,V7,14.0,14.0,1.0,300.0,2026-05-25
ZA5CD04CE73A243125C4FZ,noon,Beverages,Soft drinks,Water,Authentic Zamzam Water 5L Bottle Certified by the Custodian of the Two Holy Mosques Project,Zamzam,870.0,870.0,1.0,5000.0,2026-05-25
Z5480F05E3AD5FEFA9436Z,noon,Beverages,Soft drinks,Tea,Vitamin Sparkling Drink 100% Natural Flavors - Pina Colada,V7,14.0,14.0,1.0,300.0,2026-05-25
Z0437F935DFE4F2B8CBB3Z,noon,Beverages,Soft drinks,Tea,Soft Drink Grape Flavor 1.25 Liters,Double Dare,37.0,37.0,1.0,1250.0,2026-05-25
N43539734A,noon,Beverages,Soft drinks,Tea,Lemon Flavored Ice Tea Can 330ml,Lipton,90.0,90.0,1.0,330.0,2026-05-25
Z4939BD669A65AD44067CZ,noon,Beverages,Soft drinks,Tea,Soft Drink With Red Grape Flavor 250 ml,Rauch,44.0,44.0,1.0,250.0,2026-05-25
ZBC06F0EC9A5E5E1FB8DCZ,noon,Beverages,Soft drinks,Tea,Soft Drink With Peach Flavor 250 ml,Rauch,44.0,44.0,1.0,250.0,2026-05-25
N28991845A,noon,Beverages,Soft drinks,Tea,Soft Drink 400ml,Pepsi,25.25,25.25,1.0,390.0,2026-05-25
ZC1610A58CFE47A4CCE8AZ,noon,Beverages,Soft drinks,Tea,Diet Soft Drink PET Bottle 1.47L,Pepsi,44.0,44.0,1.0,1500.0,2026-05-25
N28991816A,noon,Beverages,Soft drinks,Tea,Soft Drink 2.43Liters,7Up,50.0,50.0,1.0,2430.0,2026-05-25
N28991787A,noon,Beverages,Soft drinks,Tea,Soft Drinks Can Orange 240ml,Mirinda,17.0,17.0,1.0,240.0,2026-05-25
Z1C22B28299F41A4A3FA4Z,noon,Beverages,Soft drinks,Tea,Soft Drink 2.43 Liters,Pepsi,65.25,65.25,1.0,2430.0,2026-05-25
N29340596A,noon,Beverages,Soft drinks,Tea,Soft Drink 250ml,Pepsi,12.0,12.0,1.0,250.0,2026-05-25
Z131242F494C492EBEB65Z,noon,Beverages,Soft drinks,Tea,Rita Sparkling Drink Mixed Fruit Flavor - Pack of 2 (240 ml each) | Natural freshness and rich taste,Rita,158.0,158.0,1.0,480.0,2026-05-25
Z5CA35A62CB9912B915ECZ,noon,Beverages,Soft drinks,Tea,"Sun-Cola non-carbonated drink with classic cola flavour, can of 6 x 125 ml",Sun Cola,234.0,234.0,1.0,750.0,2026-05-25
N29340589A,noon,Beverages,Soft drinks,Tea,Soft Drink - 250ml,7Up,12.0,12.0,1.0,250.0,2026-05-25
N28991824A,noon,Beverages,Soft drinks,Soft Drinks,lemon Soda Cans 240ml,7Up,17.0,17.0,1.0,240.0,2026-05-25
ZC2156DCBAC991998F999Z,noon,Beverages,Soft drinks,Tea,Soft Drink Bottle 1.47 Liters,7Up,44.0,44.0,1.0,1470.0,2026-05-25
Z490DAF6B688D8E704B95Z,noon,Beverages,Soft drinks,Tea,Soft Drink Extra Fizz 2.43 Liters,Pepsi,32.0,32.0,1.0,2430.0,2026-05-25
N28991823A,noon,Beverages,Soft drinks,Tea,Soft Drink 400ml,7Up,16.0,16.0,1.0,390.0,2026-05-25
N43440632A,noon,Grocery,sauces,Sauces,Harissa Cooking Paste 190grams,Wadi Food,28.0,28.0,1.0,190.0,2026-05-25
N30328294A,noon,Grocery,sauces,Sauces,Ketchup Bottle 400grams,Good France,37.95,37.95,1.0,400.0,2026-05-25
N47697080A,noon,Grocery,sauces,Sauces,Texas Burger Sauce 200grams,Good France,51.0,51.0,1.0,200.0,2026-05-25
Z86698748D6B2C9CBC1BEZ,noon,Grocery,sauces,Sauces,Mayo smoked mayonnaise sauce 380 g,Durra,120.0,120.0,1.0,380.0,2026-05-25
N47697075A,noon,Grocery,sauces,Sauces,Hot Ketchup 400grams,Good France,52.25,52.25,1.0,400.0,2026-05-25
N47697076A,noon,Grocery,sauces,Sauces,Big Burger Sauce 400grams,Good France,89.75,89.75,1.0,400.0,2026-05-25
ZD67FEF42C587F080844DZ,noon,Grocery,sauces,Sauces,Signature Dark soy sauce- 500 ml,Haday,171.0,171.0,1.0,500.0,2026-05-25
N42868027A,noon,Grocery,sauces,Sauces,Sweet Chilli Sauce 725ml  Single,Flying Goose,186.75,186.75,1.0,725.0,2026-05-25
Z2F5AF3E20963CD937C4BZ,noon,Grocery,sauces,Sauces,Cheezy Sauce - 200 Gram,Good France,75.0,75.0,1.0,200.0,2026-05-25
ZC33C4067598D3F55F67CZ,noon,Grocery,sauces,Sauces,Hot Ketchup Sauce 500 grams,Giardino,55.5,55.5,1.0,500.0,2026-05-25
ZC3AB4C0D63712C9C5669Z,noon,Beverages,Soft drinks,Tea,Soft Drink Bottle 1.47L,Pepsi,57.25,57.25,1.0,1470.0,2026-05-25
Z5431ACE9D6C17A1A7C95Z,noon,Grocery,sauces,Sauces,Hot sauce 175ml,Durra,31.0,31.0,1.0,175.0,2026-05-25
ZC0CF6795DB28E0F98D59Z,noon,Grocery,sauces,Sauces,BBQ  Sauce 430 gm,Lavida,52.0,52.0,1.0,430.0,2026-05-25
N47697079A,noon,Grocery,sauces,Sauces,B.B.Q Sauce 200grams,Good France,33.25,33.25,1.0,200.0,2026-05-25
Z6391157412012A5BCD22Z,noon,Grocery,sauces,Sauces,Classic Mayonnaise -250ml,Dixie Mills,37.75,37.75,1.0,250.0,2026-05-25
Z5329E370DBE0469D40F5Z,noon,Grocery,sauces,Sauces,Mustard Sauce - Diet Sauce 76 grams,Naturesta,44.75,44.75,1.0,76.0,2026-05-25
Z53E159738DC0AE233868Z,noon,Grocery,sauces,Sauces,"Indofood Sweet Soy Sauce (Kecap Manis), Rich & Thick Glaze, Authentic Flavour, 140ml Bottle",Indofood,324.0,324.0,1.0,140.0,2026-05-25
N47961278A,noon,Grocery,sauces,Sauces,Bbq Sauce 2.25kg,Lavida,145.0,145.0,1.0,2250.0,2026-05-25
N49538600A,noon,Grocery,sauces,Sauces,Worcestershire Sauce 500ml,Heinz,325.0,325.0,1.0,500.0,2026-05-25
Z8E12CCE9D781B466D0E1Z,noon,Grocery,sauces,Milk,Pistachio Cream Sauce 500Gm,Asmacup,299.0,299.0,1.0,480.0,2026-05-25
Z53D2FF11CD6DBA8D14A1Z,noon,Grocery,sauces,Sauces,Caramel Sauce Squeeze - 480Gm,Asmacup,120.0,120.0,1.0,480.0,2026-05-25
N30328292A,noon,Grocery,sauces,Sauces,Mayonnaise Sandwich Bottle 400grams,Good France,63.25,63.25,1.0,400.0,2026-05-25
Z6E9582A48CF5B3E79ADFZ,noon,Grocery,sauces,Sauces,Texas Spicy Sauce 400 grams,Good France,150.0,150.0,1.0,400.0,2026-05-25
Z2B41AC77CE76545A8BC8Z,noon,Grocery,sauces,Sauces,Tomato paste double concentrated 400g,Durra,61.0,61.0,1.0,400.0,2026-05-25
Z515EFECDD0D9C465611DZ,noon,Grocery,sauces,Spices,Sedjet Aged Habanero Pepper Sauce,Sedjet,145.0,145.0,1.0,140.0,2026-05-25
ZDDFD62E496B8D17CBCE8Z,noon,Grocery,sauces,Sauces,Hot Ketchup 200 grams,Good France,24.5,24.5,1.0,200.0,2026-05-25
N42868076A,noon,Grocery,sauces,Sauces,Dark Soya Sauce 330ml  Single,Thio,30.25,30.25,1.0,330.0,2026-05-25
N48704759A,noon,Grocery,sauces,Sauces,Sweet Chili Sauce 400grams,Good France,58.25,58.25,1.0,400.0,2026-05-25
N42868019A,noon,Grocery,sauces,Sauces,Sriracha Hot Chilli Sauce 730ml  Single,Flying Goose,421.0,421.0,1.0,730.0,2026-05-25
ZA6124B556F5CD398A940Z,noon,Grocery,sauces,Milk,Buttermilk Ranch 400 grams,Good France,104.25,104.25,1.0,400.0,2026-05-25
ZE13395EFDEF9F6060020Z,noon,Grocery,sauces,Sauces,Ranch Sauce 370 ml,Add-Me,94.95,94.95,1.0,370.0,2026-05-25
ZFFD14FDFA7819AFDBD14Z,noon,Grocery,sauces,Sauces,"Al Safi Pure Sesame Tahini  3kg | Smooth & Rich Tahina for Cooking, Sauces & Dips",Arkan,700.0,700.0,1.0,3000.0,2026-05-25
N30328298A,noon,Grocery,sauces,Sauces,Texas Burger Sauce 400grams,Good France,109.25,109.25,1.0,400.0,2026-05-25
Z91AB26A09CCEB2C2ECFAZ,noon,Grocery,sauces,Sauces,Superior Oyster sauce- 700 Gram,Haday,135.25,135.25,1.0,700.0,2026-05-25
Z5319523EAF7374F5E56EZ,noon,Grocery,sauces,Sauces,Tomato Ketchup Bucket - 10 kg,Add-Me,460.25,460.25,1.0,10000.0,2026-05-25
N47697078A,noon,Grocery,sauces,Sauces,Mayonnaise Sandwich 200grams,Good France,33.75,33.75,1.0,200.0,2026-05-25
N34976231A,noon,Grocery,sauces,Sauces,Natural Mayonnaise 3.29kg,Giardino,470.25,470.25,1.0,3290.0,2026-05-25
Z19E85CDD9F1A4BA5F7DDZ,noon,Grocery,sauces,Sauces,Guilt Free Ketchup - Zero Added Sugar-350Ml,Organic Nation,120.0,120.0,1.0,350.0,2026-05-25
Z8CC025E5AB0A27AF071CZ,noon,Grocery,sauces,Sauces,Mustard Sauce 150 grams,Chefy Mix,30.25,30.25,1.0,150.0,2026-05-25
Z5FA905FE9170D99337E2Z,noon,Grocery,sauces,Cheese,Melting Cheese Sauce 400 grams,Good France,126.0,126.0,1.0,400.0,2026-05-25
Z7ADE748AA67D9B6298F6Z,noon,Grocery,sauces,Sauces,Original Tomato Sauce-Diet Sauce 300 gm,Naturesta,118.0,118.0,1.0,300.0,2026-05-25
N41989243A,noon,Grocery,sauces,Sauces,Light Soya Sauce 640ml single,Tai Hua,313.0,313.0,1.0,640.0,2026-05-25
Z50551254B0295508F03BZ,noon,Grocery,sauces,Tea,"Pomegranate Molasses, 540 gm",Lavida,147.0,147.0,1.0,540.0,2026-05-25
N28676071A,noon,Grocery,sauces,Sauces,Soy Sauce 500ml,Yamama,240.0,240.0,1.0,500.0,2026-05-25
Z357479F3AB575CA399FDZ,noon,Grocery,sauces,Sauces,Hot Chili Sauce And Lemon - Diet Sauce 79 grams,Naturesta,81.0,81.0,1.0,79.0,2026-05-25
Z63F5275FEB31A433A703Z,noon,Grocery,sauces,Sauces,Ketchup 340 grams,Healthy & Tasty,210.0,210.0,1.0,340.0,2026-05-25
Z64C85D2F28170CAFD61BZ,noon,Grocery,sauces,Tea,Saegh Pomegranate Molasses 350g Squeeze,Saegh,83.0,83.0,1.0,350.0,2026-05-25
ZADFBAE12B57F6F7CD156Z,noon,Grocery,sauces,Sauces,caramel premium  Sauce 750 Gm,Asmacup,199.0,199.0,1.0,750.0,2026-05-25
Z956125814A1D52280B04Z,noon,Grocery,sauces,Spreads,Chocolate Sauce premium-750 Gm Asmacup,Asmacup,170.0,170.0,1.0,750.0,2026-05-25
N29012988A,noon,Grocery,sauces,Sauces,Hot Sauce 100ml,Rana,20.5,20.5,1.0,100.0,2026-05-25
N29012990A,noon,Grocery,sauces,Sauces,Hot Sauce 474ml,Rana,72.75,72.75,1.0,474.0,2026-05-25
Z5A3E282F9B6BF0A17A16Z,noon,Grocery,sauces,Sauces,"Indofood Sumatra Hot Sauce  140ml | Spicy Condiment with Authentic Sumatra Flavor | Perfect for Cooking, Dipping & Adding Heat to Your Meals",Indofood,199.0,199.0,1.0,140.0,2026-05-25
N42868020A,noon,Grocery,sauces,Sauces,Sriracha Hot Chilli Sauce 200ml  Single,Flying Goose,178.0,178.0,1.0,200.0,2026-05-25
N42868028A,noon,Grocery,sauces,Sauces,Hoisin Sauce 200ml,Flying Goose,160.0,160.0,1.0,200.0,2026-05-25
Z97D228D8A7FA0445855FZ,noon,Grocery,sauces,Oils,Pizza Sauce Tomato with Olive Oil - 300 Gram,Naturesta,195.0,195.0,1.0,300.0,2026-05-25
N43894896A,noon,Grocery,sauces,Spices,Cherry Tomato With Basil Ready Sauce 330grams,Agromonte,183.25,183.25,1.0,330.0,2026-05-25
N30328291A,noon,Grocery,sauces,Sauces,Mayonnaise Classic 400grams,Good France,61.0,61.0,1.0,400.0,2026-05-25
Z629D4FD685EE12B0C4F8Z,noon,Grocery,sauces,Honey,Mustard Honey 266 Gram,Naturesta,108.5,108.5,1.0,266.0,2026-05-25
N46494151A,noon,Grocery,sauces,Juices,lemon juice substitute 1000ml,Fersan,84.25,84.25,1.0,1000.0,2026-05-25
Z78E758DB8F719E41B35BZ,noon,Grocery,sauces,Sauces,"Mustard Squeeze , 540 gm",Lavida,64.0,64.0,1.0,540.0,2026-05-25
ZCB612918EA4E18E5D70EZ,noon,Grocery,sauces,Pasta,Pasta Sauce - 300 Gram,Naturesta,187.0,187.0,1.0,300.0,2026-05-25
N42868021A,noon,Grocery,sauces,Sauces,Sriracha Mayonnaise Sauce 730ml,Flying Goose,428.0,428.0,1.0,730.0,2026-05-25
Z7AD985F2DD0235501F85Z,noon,Grocery,sauces,Sauces,Extra Hot Hot Sauce - Diet Sauce 79 grams,Naturesta,81.0,81.0,1.0,79.0,2026-05-25
Z5CCB18F710B014A472E7Z,noon,Grocery,sauces,Sauces,Texas Burger Sauce 260g,Daria,44.0,44.0,1.0,260.0,2026-05-25
N48704764A,noon,Grocery,sauces,Sauces,Smoked Mayonnaise 400grams,Good France,51.5,51.5,1.0,400.0,2026-05-25
ZF863979E633246AC8ECCZ,noon,Grocery,sauces,Spices,Indofood Mild Soy Sauce  Light & Balanced Flavor  Perfect for Cooking & Seasoning  88ml Bottle,Indofood,199.0,199.0,1.0,88.0,2026-05-25
Z16DEB0EF397C97FEBCAEZ,noon,Grocery,sauces,Spices,Al-Tayyibat Lebanese Liquid Seasoning  Authentic EasMiddle Eastern Marinade & Flavor Enhancer  Premium Quality  250ml BottleAl-Tayyibat Lebanese Liquid Seasoning  Authentic Middle tern Marinade & Flavor Enhancer  Premium Quality  400ml Bottle,Altayebat,59.99,59.99,1.0,400.0,2026-05-25
Z3A8863FF59F51C04B71EZ,noon,Grocery,sauces,Sauces,Sesame Pure Tahina Sauce Jar 710g,Halwani Bros,159.75,159.75,1.0,710.0,2026-05-25
ZD54A426B731B7EFB7942Z,noon,Grocery,sauces,Sugar,Guilt Free Barbecue - Zero Added Sugar-350Ml,Organic Nation,130.0,130.0,1.0,350.0,2026-05-25
Z7185A99AA42132EEA59BZ,noon,Grocery,sauces,Sauces,Smokey Chipotle BBQ Sauce - 355 Gram,Naturesta,121.5,121.5,1.0,355.0,2026-05-25
ZC9A09A43AC2AF269BE84Z,noon,Grocery,sauces,Sauces,"Sedjet Premium Ketchup - Made with fresh tomatoes, 335 gm",Sedjet,89.0,89.0,1.0,335.0,2026-05-25
N35958692A,noon,Grocery,sauces,Sauces,Dark Soy Sauce 300ml,Mega Foods,59.0,59.0,1.0,300.0,2026-05-25
Z23166FCD7BEEC2E208EDZ,noon,Grocery,sauces,Spices,Olive & Basilico Sauce 400 grams,Panzani,178.95,178.95,1.0,400.0,2026-05-25
Z65E84FA1B6E1936179AAZ,noon,Grocery,sauces,Sauces,Hot Sriracha Sauce - Diet Sauce 180 grams,Naturesta,187.0,187.0,1.0,180.0,2026-05-25
Z75B7F0DEB98D576FA240Z,noon,Grocery,sauces,Sauces,Umami Dark Soy Sauce,Haday,94.0,94.0,1.0,500.0,2026-05-25
N41989245A,noon,Grocery,sauces,Sauces,Light Soy Sauce 2Liters  Single,Tai Hua,557.25,557.25,1.0,2000.0,2026-05-25
Z164E6429E04A3D31BF8EZ,noon,Grocery,sauces,Sauces,Ranch Sauce 285 GM,Bubuzy,59.5,59.5,1.0,285.0,2026-05-25
N52986117A,noon,Grocery,sauces,Sauces,Real Mayonnaise Chili 400grams Single,American Garden,211.95,211.95,1.0,400.0,2026-05-25
ZEDB69968E64E41A3EE12Z,noon,Grocery,sauces,Sauces,Ranch Sauce Bucket - 3.25 kg,Add-Me,506.25,506.25,1.0,3250.0,2026-05-25
Z8039898E335126E1FE43Z,noon,Grocery,sauces,Milk,Arkan Pure Sesame Tahini - 100% Natural - Creamy Texture & Authentic Taste,Arkan,230.0,230.0,1.0,800.0,2026-05-25
ZB137FE41EB2585331B31Z,noon,Grocery,sauces,Sauces,"Spicy Ketchup Squeeze , 585 gm",Lavida,54.0,54.0,1.0,585.0,2026-05-25
Z64145BC24DC8EFF9960AZ,noon,Grocery,sauces,Sauces,Saegh Classic Mayo Ketchup Sauce 280 gm,Saegh,57.0,57.0,1.0,280.0,2026-05-25
Z3290F0DA7026A7042CE3Z,noon,Grocery,sauces,Sauces,Durra Pizza Sauce - 350g | Rich Flavor & Authentic Taste,Durra,74.99,74.99,1.0,350.0,2026-05-25
Z4FAA38DDB2C7464A8A29Z,noon,Grocery,sauces,Sauces,Tomato paste double concentrated 1375 GM,Durra,226.0,226.0,1.0,1375.0,2026-05-25
Z589859FB6B4B15FEABA4Z,noon,Grocery,sauces,Spices,"altayebat Hot Sauce  Authentic Spicy Chili Pepper Condiment, 380ml Bottle",Altayebat,59.99,59.99,1.0,380.0,2026-05-25
Z5F5E4A1ACACD161C0DEAZ,noon,Grocery,sauces,Tea,"Al Tayibat Pomegranate Molasses  100% Natural, Authentic Middle Eastern Flavor  400ml Bottle",Altayebat,70.0,70.0,1.0,400.0,2026-05-25
Z58723D01BC56F26455B9Z,noon,Grocery,sauces,Tea,"Al Tayebat Pure Pomegranate Molasses, 400 ml",Altayebat,64.99,64.99,1.0,400.0,2026-05-25
Z962DCCEF6C1D352610B8Z,noon,Grocery,sauces,Sauces,Halwani Brothers Sesame Pure Tahina Sauce Jar 240g,Halwani Bros,70.25,70.25,1.0,240.0,2026-05-25
Z50A959A3E58FAFD47116Z,noon,Grocery,sauces,Sauces,Tomato Paste (Sachets) 35g - Pack of 24,Bubuzy,83.5,83.5,1.0,,2026-05-25
Z7CE76B4BA0B146F4F097Z,noon,Grocery,sauces,Sauces,Hot Sauce Sweet Chili Lime - Diet Sauce 180 grams,Naturesta,105.5,105.5,1.0,180.0,2026-05-25
ZDF7F9A90B51A91B70E27Z,noon,Grocery,sauces,Sauces,Original Ketchup - Diet Sauce 1 Kg,Naturesta,437.0,437.0,1.0,1000.0,2026-05-25
Z4F1982038301B20A5028Z,noon,Grocery,sauces,Sauces,"BBQ Sauce , 5 kg",Lavida,299.0,299.0,1.0,5000.0,2026-05-25
Z5E62C139FDC7BF147B82Z,noon,Grocery,sauces,Sauces,"Al-Tayyibat Barbecue Sauce  Rich Smoky Flavor, Perfect for Grilled Meat & Chicken  250ml Bottle",Altayebat,59.99,59.99,1.0,250.0,2026-05-25
Z72CF13DB49454696A2A5Z,noon,Grocery,sauces,Sauces,pizza sauce 355 g,Lavida,51.0,51.0,1.0,355.0,2026-05-25
Z69C91A355C0C2B5E3486Z,noon,Grocery,sauces,Sauces,Halwani Brothers Sesame Pure Tahina Sauce Jar 120g,Halwani Bros,37.25,37.25,1.0,120.0,2026-05-25
Z730BDF9096343A27B6DCZ,noon,Grocery,sauces,Sauces,Oyster Flavoured Sauce 700ml  Asian Sauce for Stir Fry & Seafood Cooking,Mr.Hung,350.0,350.0,1.0,700.0,2026-05-25
N41989266A,noon,Grocery,sauces,Sauces,Sweet Chili Sauce 300ml Single,Sunlee,106.5,106.5,1.0,300.0,2026-05-25
ZF18494F17A1B0925BB0EZ,noon,Grocery,sauces,Sauces,Extra Hot Hot Sauce - Diet Sauce 180 grams,Naturesta,187.0,187.0,1.0,180.0,2026-05-25
N30328295A,noon,Grocery,sauces,Sauces,American Mustard Sauce 400grams,Good France,65.0,65.0,1.0,400.0,2026-05-25
Z5A8C273256DE12318F1EZ,noon,Grocery,sauces,Sauces,Soya Sauce Light 170 ml,Dobella,36.75,36.75,1.0,170.0,2026-05-25
Z903806B7B4B918EE978BZ,noon,Grocery,sauces,Sauces,Hot Ketchup Squeeze 425,Add-Me,57.5,57.5,1.0,425.0,2026-05-25
Z9D86BEC934B1C80AE3BBZ,noon,Grocery,sauces,Sugar,Guilt Free Hot Barbecue - Zero Added Sugar -350Ml,Organic Nation,130.0,130.0,1.0,350.0,2026-05-25
Z884A3D943DDBB26EA383Z,noon,Grocery,sauces,Sauces,American Mustard 200 grams,Good France,34.75,34.75,1.0,200.0,2026-05-25
ZD12789622AC9033A2E3AZ,noon,Grocery,sauces,Sauces,Demi Glace Sauce 700 grams,Chefy Mix,316.95,316.95,1.0,700.0,2026-05-25
ZBDF2E3F7CBE0499C9D9BZ,noon,Grocery,sauces,Sauces,Squeeze Bottle Ketchup 310 GM,Bubuzy,45.5,45.5,1.0,310.0,2026-05-25
Z0BE6E28A7A7E84CE8308Z,noon,Grocery,sauces,Sauces,Teriyaki Sauce 325 ml,Choice,71.75,71.75,1.0,325.0,2026-05-25
Z630721826EEBA6F45AB8Z,noon,Grocery,sauces,Sauces,Pizza Sauce Tomato Oregano - 300 Gram,Naturesta,108.5,108.5,1.0,300.0,2026-05-25
Z2D5BBDBF87BAC3C085DEZ,noon,Grocery,sauces,Sauces,Original Harissa Hot Sauce - Diet Sauce 85 grams,Naturesta,81.0,81.0,1.0,85.0,2026-05-25
Z4E88426471BF2D256C23Z,noon,Grocery,sauces,Sauces,"Sedjet Hot Ketchup - Made with Fresh tomatoes, 335 gm",Sedjet,89.0,89.0,1.0,335.0,2026-05-25
ZAD5389D75F0802EF7D72Z,noon,Grocery,sauces,Sauces,BBQ Sauce 380 ml,Lavida,44.0,44.0,1.0,380.0,2026-05-25
Z9BB6DD99558D7B5FFDCAZ,noon,Grocery,sauces,Honey,Honey Mustard Dressing - 210 Gram,Naturesta,81.0,81.0,1.0,210.0,2026-05-25
ZCE3B6D54E3FE12FEACA5Z,noon,Grocery,sauces,Sauces,"BBQ sauce Squeeze , 585 gm",Lavida,70.0,70.0,1.0,585.0,2026-05-25
Z7465EF37F81372171EB0Z,noon,Grocery,sauces,Sauces,Thai Chili Sauce  340 g,Lavida,70.0,70.0,1.0,340.0,2026-05-25
Z7BB2FA00A7D6D3115ABEZ,noon,Grocery,sauces,Sauces,Carbo Buldak (Roast Chicken) Hot Spicy Liquid Sauce 200 ml,Samyang,339.0,339.0,1.0,200.0,2026-05-25
N30328301A,noon,Grocery,sauces,Sauces,Coleslaw Sauce 400grams,Good France,51.25,51.25,1.0,400.0,2026-05-25
Z2AC701196FE66157690DZ,noon,Grocery,sauces,Sauces,"Durra Tomato Ketchup  Special Offer Family Pack 900g + 225g | Rich Flavor, Fresh Tomatoes, Value Size",Durra,119.99,119.99,1.0,1130.0,2026-05-25
Z2CE87A8DE9521FB9829AZ,noon,Grocery,sauces,Sauces,Umami Dark Soy Sauce,Haday,53.0,53.0,1.0,150.0,2026-05-25
ZF707F4CDDE966D1CDEB7Z,noon,Grocery,sauces,Honey,Honey Mustard Squeeze - 275 grams,Dixie Mills,44.25,44.25,1.0,275.0,2026-05-25
ZCAD56E9C5788137CB117Z,noon,Grocery,sauces,Beans,"Arkan Natural Sesame Tahini  100% Pure Sesame Paste | Healthy Middle Eastern Ingredient for Hummus, Sauces & Desserts  800g",Arkan,125.0,125.0,1.0,400.0,2026-05-25
Z6F5563D3978FA183FAB3Z,noon,Grocery,sauces,Milk,Heinz Light Creamy Mayonnaise  310g  Pack of 2,Heinz,188.0,188.0,1.0,620.0,2026-05-25
Z93581D7019B8F12DCDEFZ,noon,Grocery,sauces,Sauces,Light Soy Sauce 210ml,Saegh,63.0,63.0,1.0,210.0,2026-05-25
Z12AC6F7B5D5E30FDF266Z,noon,Grocery,sauces,Sauces,Ketchup Spicy - 1 kg,Naturesta,482.0,482.0,1.0,1000.0,2026-05-25
Z8F5635CC63D6D9FEB391Z,noon,Grocery,sauces,Sauces,Soya Sauce Dark 170 ml,Dobella,36.75,36.75,1.0,170.0,2026-05-25
Z358467434AE1C4D1CA60Z,noon,Grocery,sauces,Sauces,Coffee Premium Sauce 650 Gm,Asmacup,177.0,177.0,1.0,650.0,2026-05-25
N52598004A,noon,Grocery,sauces,Sauces,Sauce Burger 285ml,Giardino,65.5,65.5,1.0,285.0,2026-05-25
N14501243A,noon,Grocery,sauces,Sauces,"Garlic Mayonnaise, 340ml",Mazola,286.0,286.0,1.0,340.0,2026-05-25
Z8E57DE9DE74FB8BFD090Z,noon,Grocery,sauces,Sauces,Guilt Free Hot Ketchup - Zero Added Sugar-350Ml,Organic Nation,120.0,120.0,1.0,350.0,2026-05-25
N41989246A,noon,Grocery,sauces,Sauces,Hoisin Sauce 150ml,Tai Hua,139.0,139.0,1.0,150.0,2026-05-25
N34976230A,noon,Grocery,sauces,Sauces,Natural Mayonnaise 280grams,Giardino,62.95,62.95,1.0,280.0,2026-05-25
Z5DF8078BB40E5A713E5AZ,noon,Grocery,sauces,Sauces,Hand crafted Hot Sauce CHIPOTLE 200 GM,Felfelaty,250.0,250.0,1.0,200.0,2026-05-25
Z43780EA6E7AB10309715Z,noon,Grocery,sauces,Honey,Honey mustard sauce 340 grams,Healthy & Tasty,210.0,210.0,1.0,340.0,2026-05-25
Z7AF7EECC8AEDE60C6177Z,noon,Grocery,sauces,Sauces,Hand crafted Hot Sauce 85% Habanero 200 GM,Felfelaty,250.0,250.0,1.0,200.0,2026-05-25
ZF72F60F395271C7254F5Z,noon,Grocery,sauces,Sauces,"Rana Hot Sauce  474ml | Spicy Chili Sauce | Perfect for Meals, Snacks & Marinades 2 pcs",Rana,114.98,114.98,1.0,948.0,2026-05-25
Z13FD513766A8CE503C00Z,noon,Grocery,sauces,Noodles,Samyang Buldak Artificial Spicy Hot Chicken Flavoured Sauce Original 200g,Samyang,333.0,333.0,1.0,200.0,2026-05-25
Z0A42DABF17E1505B5012Z,noon,Grocery,sauces,Sauces,Sriracha sauce 340 grams,Healthy & Tasty,210.0,210.0,1.0,340.0,2026-05-25
N52986116A,noon,Grocery,sauces,Sauces,Real Mayonnaise 400grams Single,American Garden,211.95,211.95,1.0,400.0,2026-05-25
N41989247A,noon,Grocery,sauces,Sauces,Barbeque Sauce 150ml,Tai Hua,150.0,150.0,1.0,150.0,2026-05-25
Z9B8C41B72552C436A7D7Z,noon,Grocery,sauces,Milk,Sesame Seeds Tahina Cream - 500 gram,Al Sharq,120.0,120.0,1.0,500.0,2026-05-25
Z5D923AA0D26C2A49C00EZ,noon,Grocery,sauces,Sauces,Hot Buffalo Sauce - Diet Sauce 79 grams,Naturesta,81.0,81.0,1.0,79.0,2026-05-25
N29042935A,noon,Grocery,sauces,Sauces,Tomato Ketchup 475grams,Mc Sauce,50.0,50.0,1.0,475.0,2026-05-25
ZA37B7F5D468CCB76D778Z,noon,Grocery,sauces,Sauces,Saegh tomato ketchup sauce 280 gm,Saegh,53.0,53.0,1.0,280.0,2026-05-25
Z85D3EFF16C31C7F5F893Z,noon,Grocery,sauces,Sauces,Mustard sauce 215 g,Durra,54.0,54.0,1.0,215.0,2026-05-25
ZFD341E7DE7A7E5665B0AZ,noon,Grocery,sauces,Tea,Saegh pomegranate molasses 175 g,Saegh,55.0,55.0,1.0,175.0,2026-05-25
N34976224A,noon,Grocery,sauces,Sauces,Tomato Ketchup 280grams,Giardino,42.25,42.25,1.0,280.0,2026-05-25
ZE63F0AD1EA981BD131EFZ,noon,Grocery,sauces,Honey,Mustard Honey - 1 kg,Naturesta,618.0,618.0,1.0,1000.0,2026-05-25
Z2B9BAA329C7EA2FF69C8Z,noon,Grocery,sauces,Sauces,lemon pickle sauce 350 g,Lavida,75.0,75.0,1.0,350.0,2026-05-25
N49496935A,noon,Grocery,sauces,Juices,Lemon Juice Substitute 250ml,Fersan,48.5,48.5,1.0,250.0,2026-05-25
N42652830A,noon,Grocery,sauces,Sauces,Garlic Sauce Bottle 400grams,Good France,55.0,55.0,1.0,400.0,2026-05-25
ZEF8FCF42C6DFE5E0EC87Z,noon,Grocery,sauces,Sauces,Mustard - 250ml,Dixie Mills,31.75,31.75,1.0,270.0,2026-05-25
Z77B6C0DBEB07016B86C9Z,noon,Grocery,sauces,Sauces,Saegh red chili sauce 280G,Saegh,55.0,55.0,1.0,280.0,2026-05-25
Z1F3BAEC21A743A344574Z,noon,Grocery,sauces,Sauces,BBQ Sauce Gold 79 Gram,Naturesta,81.0,81.0,1.0,79.0,2026-05-25
Z3AA823CB9BF4429B9B81Z,noon,Grocery,sauces,Sauces,Original Harissa Hot Sauce - Diet Sauce 180 grams,Naturesta,187.0,187.0,1.0,180.0,2026-05-25
N53271953A,noon,Grocery,sauces,Sauces,Light Soya Sauce 330ml,Thio,30.0,30.0,1.0,330.0,2026-05-25
Z1427AB693A3E9ED8E5D8Z,noon,Grocery,sauces,Sauces,"Saudia Premium Tomato Sauce, Rich & Pure Flavour, Multipack of 3",Saudia,300.0,300.0,1.0,,2026-05-25
ZF9E348C930347E3E6043Z,noon,Grocery,sauces,Sauces,"Durra Double Concentrated Tomato Paste  Rich Flavor, 800g Tin",Durra,120.0,120.0,1.0,800.0,2026-05-25
Z2F73C2B80D723DF2654FZ,noon,Grocery,sauces,Sauces,Rana Original Saudi Hot Sauce - Perfect for Restaurants and Quick Meals - 100ml,Rana,140.0,140.0,1.0,100.0,2026-05-25
N48704758A,noon,Grocery,sauces,Sauces,Cowboy Sauce 400grams,Good France,46.75,46.75,1.0,400.0,2026-05-25
N34041973A,noon,Grocery,sauces,Sauces,Premium Light Soy Sauce 150ml,Heinz,132.0,132.0,1.0,150.0,2026-05-25
Z7DDC2905A202B8BCE30AZ,noon,Grocery,sauces,Sauces,Hot Sweet Chili Sauce - Diet Sauce 180 grams,Naturesta,104.25,104.25,1.0,180.0,2026-05-25
Z20CDE45ABCA00AC84337Z,noon,Grocery,sauces,Sauces,Sauce Wings and Buffalo Dip - 79 Gram,Naturesta,81.0,81.0,1.0,79.0,2026-05-25
N46544494A,noon,Grocery,sauces,Sauces,Whole Grain Mustard 350grams,Cemeraire,255.0,255.0,1.0,350.0,2026-05-25
ZCD9227680A88C7AD4D69Z,noon,Grocery,sauces,Sauces,Heinz Smoky Mayonnaise - Top-Down Squeeze Bottle 225ml,Heinz,214.0,214.0,1.0,225.0,2026-05-25
Z4ACCF973D970E422368EZ,noon,Grocery,sauces,Sauces,Heinz Truffle Mayonnaise - Top-Down Squeezy Bottle - 225ml,Heinz,224.0,224.0,1.0,225.0,2026-05-25
N49538599A,noon,Grocery,sauces,Sauces,Oyster Sauce 500ml,Heinz,325.0,325.0,1.0,500.0,2026-05-25
Z9DD03B1B0DF7FBAC6232Z,noon,Grocery,sauces,Sauces,Marinated Tomato Sauce -Spicy Ala Al Tabkha 375 grams,Add-Me,44.95,44.95,1.0,375.0,2026-05-25
ZD4244895F5A33E535A4CZ,noon,Grocery,sauces,Sauces,Chilli Mayonnaise 340 g,Lavida,51.0,51.0,1.0,340.0,2026-05-25
N38961001A,noon,Grocery,sauces,Sauces,Tomato Paste Jar 320grams,Wadi Food,43.0,43.0,1.0,320.0,2026-05-25
ZB6A2CD3A70145330813DZ,noon,Grocery,sauces,Sauces,Sweet Chili Sauce 300 ml,Choice,76.5,76.5,1.0,300.0,2026-05-25
ZE72708CA686192DF1283Z,noon,Grocery,sauces,Sauces,Halpino Sauce 100ml,Rana,68.0,68.0,1.0,100.0,2026-05-25
N29012992A,noon,Grocery,sauces,Sauces,Halpino Sauce 100ml,Rana,68.0,68.0,1.0,100.0,2026-05-25
N30328296A,noon,Grocery,sauces,Sauces,Barbecue Sauce 400grams,Good France,54.75,54.75,1.0,400.0,2026-05-25
ZC533CBB3A66EE9D6A6F9Z,noon,Grocery,sauces,Sauces,Barbecue sauce 420g,Durra,81.0,81.0,1.0,420.0,2026-05-25
ZD50DF63B1C6C3EFA74F8Z,noon,Grocery,sauces,Sauces,Hot ketchup 310g,Bubuzy,34.0,34.0,1.0,310.0,2026-05-25
N42868025A,noon,Grocery,sauces,Sauces,Sriracha Super Hot Chilli Sauce 200ml  Single,Flying Goose,141.75,141.75,1.0,200.0,2026-05-25
Z1420FD5B881AB456C515Z,noon,Grocery,sauces,Sauces,Squeeze Bottle Mayonnaise 285 gm,Bubuzy,49.5,49.5,1.0,285.0,2026-05-25
N30328297A,noon,Grocery,sauces,Sauces,New York Burger Sauce 400grams,Good France,82.0,82.0,1.0,400.0,2026-05-25
ZAB0A3307936C85970CE1Z,noon,Grocery,sauces,Sauces,Chili Ketchup Bottle 340 grams,Chefy Mix,45.25,45.25,1.0,340.0,2026-05-25
ZBB098E966A23BECF73EFZ,noon,Grocery,sauces,Noodles,Samyang 2X Buldak Korean Spicy Hot Chicken Flavor Sauce 200g,Samyang,333.0,333.0,1.0,200.0,2026-05-25
N39930959A,noon,Grocery,sauces,Sauces,Tomato Ketchup 430grams,Lavida,45.0,45.0,1.0,430.0,2026-05-25
N34976220A,noon,Grocery,sauces,Sauces,Tomato Ketchup 320grams,Giardino,42.5,42.5,1.0,320.0,2026-05-25
Z7B4D836CBA60CE38B6B8Z,noon,Grocery,sauces,Sauces,Mustard Sauce 235 grams,Giardino,53.5,53.5,1.0,235.0,2026-05-25
Z480C79956EFD5432901BZ,noon,Grocery,sauces,Sauces,mustard 355 g,Lavida,55.0,55.0,1.0,355.0,2026-05-25
Z6DED67375929095B520FZ,noon,Grocery,sauces,Sauces,Saegh sweet chili sauce 280 g,Saegh,60.0,60.0,1.0,280.0,2026-05-25
Z2B1227E8AE333524019CZ,noon,Grocery,sauces,Sauces,"Yellow Curry Paste 400g | Authentic Thai Curry Paste for Curries, Stir-Fry & Marinades",Bysri,370.0,370.0,1.0,400.0,2026-05-25
ZA57B030AE55C3F8B9694Z,noon,Grocery,sauces,Sauces,"Red Curry Paste 400g | Authentic Thai Curry Paste for Curries, Stir-Fry & Marinades",Bysri,370.0,370.0,1.0,400.0,2026-05-25
ZF0C143F137B8308397ECZ,noon,Grocery,sauces,Sauces,Hot Buffalo Sauce - Diet Sauce 1 kg,Naturesta,631.0,631.0,1.0,1000.0,2026-05-25
Z150DF284A00698EB56D2Z,noon,Grocery,sauces,Sauces,Spicy BBQ Sauce - 79 Gram,Naturesta,81.0,81.0,1.0,79.0,2026-05-25
Z1AAE2120E73AE03B9FFEZ,noon,Grocery,sauces,Sauces,Mustard Sauce Bucket - 5 kg,Add-Me,384.25,384.25,1.0,5000.0,2026-05-25
ZD1C6A351CBD84871CBC9Z,noon,Grocery,sauces,Sauces,Ma-yo sauce 200g,Durra,90.0,90.0,1.0,200.0,2026-05-25
ZFCDD7883C9C51B3E9641Z,noon,Grocery,sauces,Sauces,BBQ Sauce Gold - 1 kg,Naturesta,519.0,519.0,1.0,1000.0,2026-05-25
N43406250A,noon,Grocery,sauces,Sauces,BBQ Sauce - 300grams,Choice,71.75,71.75,1.0,300.0,2026-05-25
Z7FB12FF1637F849BB2AAZ,noon,Grocery,sauces,Sauces,mexican sauce 340 g,Lavida,61.0,61.0,1.0,340.0,2026-05-25
Z7ABC8F7E01C112F44236Z,noon,Grocery,sauces,Sauces,Potato sauce 320g,Smart Value,66.0,66.0,1.0,320.0,2026-05-25
N52598011A,noon,Grocery,sauces,Sauces,Tomato Ketchup Sauce 310ml  Single,Giardino,48.5,48.5,1.0,310.0,2026-05-25
ZAFD1F8C21D0F6601B80FZ,noon,Grocery,sauces,Pasta,Basil Pasta Sauce - 300 Gram,Naturesta,187.0,187.0,1.0,300.0,2026-05-25
N29595818A,noon,Grocery,sauces,Sauces,Thai Sweet Chilli Sauce 240grams,Heinz,213.0,213.0,1.0,240.0,2026-05-25
ZC52E42E8062F9C0E53BBZ,noon,Grocery,sauces,Tea,Saegh pomegranate molasses 550 g,Saegh,110.0,110.0,1.0,550.0,2026-05-25
ZEC4F3A5E25B058583D3EZ,noon,Grocery,sauces,Sauces,Mayo mayonnaise sauce 380 g,Durra,130.0,130.0,1.0,380.0,2026-05-25
N53320334A,noon,Grocery,sauces,Sauces,Taco Topping Sauce Medium Roast 230grams  Single,Poco Loco,129.5,129.5,1.0,230.0,2026-05-25
N39930966A,noon,Grocery,sauces,Sauces,Mustard 400grams,Lavida,64.0,64.0,1.0,400.0,2026-05-25
ZF99AAABF3A6E71C256F8Z,noon,Grocery,sauces,Sauces,Ketchup 380g,Lavida,38.0,38.0,1.0,380.0,2026-05-25
ZD4767475D3F2EB564857Z,noon,Grocery,sauces,Sauces,Mustard Sauce - Diet Sauce 1 kg,Naturesta,596.0,596.0,1.0,1000.0,2026-05-25
ZCF162BC8296987E41204Z,noon,Grocery,sauces,Noodles,Samyang Buldak Korean Spicy Hot Chicken Flavor Sauce Back of  2X - Carbonara - Original  3* 200g,Samyang,1099.0,1099.0,1.0,600.0,2026-05-25
Z3003D29E628379E76730Z,noon,Grocery,sauces,Sauces,Umami Light Soy Sauce,Haday,53.0,53.0,1.0,150.0,2026-05-25
ZF94E0D3F20FEB2759307Z,noon,Grocery,sauces,Sauces,Umami Light Soy Sauce,Haday,94.0,94.0,1.0,500.0,2026-05-25
Z0F557183B70FCE9A481BZ,noon,Grocery,sauces,Sauces,"Chili & Garlic Sauce 700ml  Spicy Asian Sauce for Stir Fry, Marinades & Dipping",Mr.Hung,350.0,350.0,1.0,700.0,2026-05-25
ZD76AB5D4CC9421282994Z,noon,Grocery,sauces,Tea,Pomegranate Molasses Squeeze - 500 ml,Yamama,355.0,355.0,1.0,500.0,2026-05-25
Z893B71016CF45A2D8244Z,noon,Grocery,sauces,Sauces,Mango premium natural Sauce 750 gm,Asmacup,170.0,170.0,1.0,750.0,2026-05-25
Z0A262BDC636B35C7D12CZ,noon,Grocery,sauces,Sauces,"Durra Tomato Ketchup  Premium Quality, Rich Tomato Flavor, 500g",Durra,84.99,84.99,1.0,500.0,2026-05-25
N28727603A,noon,Grocery,sauces,Juices,Pure Tomato Juice 1Liters,Juhayna,59.25,59.25,1.0,1000.0,2026-05-25
Z7BD257113D4DD5E02F19Z,noon,Grocery,sauces,Tea,Pomegranate molasses to improve the digestive system 250ml,Elhawag,99.1,99.1,1.0,250.0,2026-05-25
N47961262A,noon,Grocery,sauces,Honey,Honey Mustard 440grams,Lavida,83.0,83.0,1.0,440.0,2026-05-25
Z552931B34B2D39DDEFEFZ,noon,Grocery,sauces,Water,"Al-Tayyibat Rose Water 250ml | Natural Floral Essence for Cooking, Baking & Skincare",Altayebat,39.99,39.99,1.0,250.0,2026-05-25
Z352E5D10C38BA14147B5Z,noon,Grocery,sauces,Sauces,"Easy Dip Green Sriracha Sauce - Hot Green Chili All Purpose Dipping Sauce, 340g",Easy Dip,79.9,79.9,1.0,340.0,2026-05-25
Z15D880D3A7B515E091FDZ,noon,Grocery,sauces,Oils,RAGU Simply Chunky Garden  Vegetables Sauce With Olive Oil Without Sugar 680g,Ragu,345.0,345.0,1.0,680.0,2026-05-25
ZFD84BCB3B7578847C256Z,noon,Grocery,sauces,Sauces,a bottle of ketchup and mayonnaise,Generic,50.0,50.0,1.0,200.0,2026-05-25
Z397F3D96E61FB86DCB1DZ,noon,Grocery,sauces,Sauces,Sweet Chilli Sauce  700 ml,Floating Swan,232.0,232.0,1.0,700.0,2026-05-25
Z9D1C2EB95A5627F10C8FZ,noon,Grocery,sauces,Sauces,Harvest Tomato Paste  320g,Harvest,199.0,199.0,1.0,320.0,2026-05-25
N38793021A,noon,Grocery,sauces,Pasta,Arrabbiata Pasta Sauce 360grams,Puidor,116.0,116.0,1.0,360.0,2026-05-25
N43894910A,noon,Grocery,sauces,Sauces,Artichokes Bruschetta Sauce 200grams,Agromonte,339.25,339.25,1.0,200.0,2026-05-25
Z68C31EB3370229416AE2Z,noon,Grocery,sauces,Milk,Sesame Seeds Tahina Cream - 1 KG,Al Sharq,255.0,255.0,1.0,1000.0,2026-05-25
N43894908A,noon,Grocery,sauces,Sauces,Cherry Tomato With Artichokes Bruschetta sauce 200grams,Agromonte,339.25,339.25,1.0,200.0,2026-05-25
N38793022A,noon,Grocery,sauces,Sauces,Mushrom Pizza Sauce 360grams,Puidor,116.0,116.0,1.0,360.0,2026-05-25
ZEF94F0940BEA17F3C37CZ,noon,Grocery,sauces,Sauces,Super Hot Sauce - 1 kg,Naturesta,955.0,955.0,1.0,1000.0,2026-05-25
ZF8FC2A3C546ABCF3571FZ,noon,Grocery,sauces,Sauces,Rizi World Sweet Chili Sauce 700 ml,Rizi,179.0,179.0,1.0,700.0,2026-05-25
N45218573A,noon,Grocery,sauces,Honey,Honey Mustard 210grams,Temeraire,188.95,188.95,1.0,210.0,2026-05-25
Z9A6158BE359F22185529Z,noon,Grocery,sauces,Sauces,Mayonnaise Classic 200 grams,Good France,52.0,52.0,1.0,200.0,2026-05-25
ZDF6455B7C4AC0A5E4B21Z,noon,Grocery,sauces,Sauces,Strawberry Concentrated Premium Sauce 750 GM,Asmacup,155.0,155.0,1.0,750.0,2026-05-25
ZC0BB1D4EC71023A20F6DZ,noon,Grocery,sauces,Sauces,Coffee premium sauce 225 gm,Asmacup,85.0,85.0,1.0,225.0,2026-05-25
Z1BA4F17700E1E5572952Z,noon,Grocery,sauces,Juices,Smart Value Lemon Juice Substitute 250Ml,Smart Value,34.0,34.0,1.0,250.0,2026-05-25
N52986118A,noon,Grocery,sauces,Sauces,Real Mayonnaise Garlic 400grams Single,American Garden,211.95,211.95,1.0,400.0,2026-05-25
ZC000271B1EDE7CDAD3DBZ,noon,Grocery,sauces,Tea,Concentrated Pomegranate 340gm Molasses,Choice,94.95,94.95,1.0,340.0,2026-05-25
Z8E0BCCD13AED6B06BB46Z,noon,Grocery,sauces,Sauces,Original Ketchup - Diet Sauce 79 grams,Naturesta,47.0,47.0,1.0,79.0,2026-05-25
Z36946F324E2FBDD05607Z,noon,Grocery,sauces,Sauces,Hand crafted Hot Sauce Pesto Hot Savce 200 GM,Felfelaty,250.0,250.0,1.0,200.0,2026-05-25
Z9B0848164B2A8E09F610Z,noon,Grocery,sauces,Sauces,Superior light Soy sauce- 150 ml,Haday,85.0,85.0,1.0,150.0,2026-05-25
N41989241A,noon,Grocery,sauces,Sauces,Light Soy Sauce 320ml  Single,Tai Hua,143.75,143.75,1.0,320.0,2026-05-25
Z1F224EDF855998664574Z,noon,Grocery,sauces,Cheese,Kraft Spreadable Cheddar Cheese 230g,Kraft,450.0,450.0,1.0,230.0,2026-05-25
Z3FA7C0BA3DF83939F190Z,noon,Grocery,sauces,Sauces,Mustard Diet Sauce 266 grams,Naturesta,180.0,180.0,1.0,266.0,2026-05-25
Z452E32451BA2202BA19EZ,noon,Grocery,sauces,Sauces,Durra Tomato Paste - 365g Glass Jar | Rich Texture & Authentic Natural Taste,Durra,64.99,64.99,1.0,365.0,2026-05-25
Z90E4BB284FC579C26B6DZ,noon,Grocery,sauces,Sauces,Mr Hung Sriracha Hot Chili Sauce,Mr.Hung,359.9,359.9,1.0,,2026-05-25
Z94C9408889D5421FF7A3Z,noon,Grocery,sauces,Sauces,dark soy sauce,Saegh,63.0,63.0,1.0,,2026-05-25
Z26A54498B484FD46BF47Z,noon,Grocery,sauces,Sauces,Bundle  Tomato Paste 650g + Picual Olives 700g + Mixed Pickles 720g,Durra,210.0,210.0,1.0,,2026-05-25
ZD3631C76A02EAC931519Z,noon,Grocery,sauces,Oils,Tayebat Pure Pomegranate Molasses & Soy Sauce + Natural Apple Vinegar Gift,Altayebat,120.0,120.0,1.0,,2026-05-25
ZCD5FB58ED82CC1711095Z,noon,Beverages,Soft drinks,Tea,Lemon-Flavored Soft Drink 355ml,7Up,19.0,19.0,1.0,,2026-05-25
ZF69B4272C4324A843430Z,noon,Beverages,Soft drinks,Spices,Karak Ice Tea with Cardamom Flavour – Pack of 3 Cans | Refreshing Ready-to-Drink Iced Tea with Rich Karak Aroma & Cardamom Spice,Karak Tea,284.97,284.97,1.0,,2026-05-25
Z12A891449755E0F25BD1Z,noon,Beverages,Soft drinks,Tea,Orange-Flavored Soft Drink 355ml,Mirinda,19.0,19.0,1.0,,2026-05-25
Z65AB63311436622CD5F4Z,noon,Beverages,Soft drinks,Tea,Cola-Flavored Soft Drink 355ml,Pepsi,19.0,19.0,1.0,,2026-05-25
Z985F603C91F06AB450C0Z,noon,Grocery,sauces,Sauces,Sriracha sauce 340 grams Bundle,Healthy & Tasty,600.0,600.0,1.0,,2026-05-25
ZA2B3091D003ACB022280Z,noon,Beverages,Soft drinks,Juices,Beyti Family Bundle - Set of 4 Mixed Juice Flavors - Premium Quality,Beyti,221.0,221.0,1.0,,2026-05-25
Z5F151917EC29EE00BD52Z,noon,Beverages,Soft drinks,Tea,KDD Orange Juice – Pack of 1 | Refreshing Orange Drink with Natural Citrus Taste | Ready to Drink,Kdd,130.0,130.0,1.0,,2026-05-25
ZA3D4381CF5DBE6EB2848Z,noon,Beverages,Soft drinks,Tea,Pomegranate Malt Non Alcoholic Drink 250grams (Pack of 3),Snaps,45.0,45.0,1.0,,2026-05-25
Z2B29FBE93C1A69CDFAD9Z,noon,Grocery,Herbs&spices,Spices,Spices Mix 20grams (Pack of 3),Rehana,47.0,47.0,1.0,,2026-05-25
Z2826A283B6A178BA309BZ,noon,Beverages,Soft drinks,Tea,"Rita Sparkling Berry Drink | Refreshing Carbonated Berry Beverage | Fruity & Fizzy Taste | Perfect for Parties, Meals & Refreshment pack of 2",Rita,210.0,210.0,1.0,,2026-05-25
Z8FC17D0E4446CDD45A07Z,noon,Grocery,salt,Sugar,Berry Kiwi Zero Sugar,Elberry_Roastery,440.0,440.0,1.0,,2026-05-25
ZCC013A28CCCE548E8B3EZ,noon,Grocery,salt,Sugar,Steviana From Stevia Leaves Healthy And Tasty 100 Sachets250grams with mug free,Steviana,1440.0,1440.0,1.0,,2026-05-25
Z9A24D57A3127AA80F2EAZ,noon,Grocery,salt,Sugar,STEVIANA BIG OFFER( steviana 100 sachets + steviana 50 sachets + steviana jar 200gm + steviana 25 sticks gift + mug free ),Steviana,1400.0,1400.0,1.0,,2026-05-25
Z2AB89F8F03837EC3CC9FZ,noon,Grocery,salt,Sugar,Oacheto Stevia,Generic,69.0,69.0,1.0,,2026-05-25
ZE0B799E80B607DBB4539Z,noon,Grocery,salt,Sugar,Sucralose Sweetener 50 Sachets,Recipe Pharma,75.0,75.0,1.0,,2026-05-25
ZE4DF6F113FA3920A06FDZ,noon,Grocery,salt,Tea,sugar tea and cloves,Saltana,260.0,260.0,1.0,,2026-05-25
Z30C99B44CE8F91AC0112Z,noon,Grocery,oils,Oils,"Bragg Organic Apple Cider Vinegar with the mother - Organic apple cider vinegar with vinegar nut, raw and unfiltered - 473 ml",Bragg,750.0,750.0,1.0,,2026-05-25
ZC5161A354F3ACC9BE2ADZ,noon,Grocery,oils,Oils,Olive oil extra virgin,Ayurveda Egypt,247.0,247.0,1.0,,2026-05-25
ZCE44F04F6A7E238D4146Z,noon,Grocery,oils,Oils,Corn Oil Spray 200ml (Pack of 2),Crystal,60.0,60.0,1.0,,2026-05-25
Z2C535435CDEB300EB3CAZ,noon,Grocery,oils,Oils,Pineapple vinegar,California Egmont,199.0,199.0,1.0,,2026-05-25
N28675995A,noon,Grocery,oils,Oils,Red Grape Vinegar,Varvello,125.25,125.25,1.0,,2026-05-25
Z8DD8CF55B7DD16968918Z,noon,Grocery,oils,Oils,Corn Oil 2.100 mm,Katfa,305.0,305.0,1.0,,2026-05-25
Z3971CA6FE78C1EF3816CZ,noon,Grocery,oils,Oils,Pack of 2 Natural White Vinegar - 900 Ml + Natural Balsamic Grape Vinegar 300 ml,Negmet El Zeitoun,73.95,73.95,1.0,,2026-05-25
Z3C9A8E57A292A12352EAZ,noon,Grocery,oils,Oils,Rotary Oil 700mm,Katfa,90.0,90.0,1.0,,2026-05-25
Z91A643992C1FC0F28200Z,noon,Grocery,oils,Oils,Corn Oil 700mm,Katfa,104.0,104.0,1.0,,2026-05-25
ZCC8B87E9C1EC50CAC2C8Z,noon,Grocery,oils,Rice,Apple Cider Vinegar - Don Marcello - 1000 ml + Free rice cake pack,De Nigris,600.0,600.0,1.0,,2026-05-25
ZDC4DE8010D03A0F905DBZ,noon,Grocery,oils,Spices,Offer Extra Virgin Olive Oil 500 ml with Free Black Pepper 75 gm and Thyme 25 gm,Imtenan,468.5,468.5,1.0,,2026-05-25
Z8729702AF35150EDD5DBZ,noon,Grocery,oils,Oils,Pack of 2 red natural vinegar 900ml + vinegar 500ml,Negmet El Zeitoun,73.1,73.1,1.0,,2026-05-25
Z5C8A7B086B3A0A5DE097Z,noon,Grocery,oils,Oils,Extra Virgin Olive Oil Cold Pressed – 500 m,Healthy,455.0,455.0,1.0,,2026-05-25
ZCDD65F6FD6BDC25BCD00Z,noon,Grocery,oils,Oils,1 liter virgin olive oil * 250 sesame oil as a gift,Sun Garden,950.0,950.0,1.0,,2026-05-25
ZE2F459DEEB9EBAED1DC4Z,noon,Grocery,oils,Spices,Offer Extra Virgin Olive Oil 250 ml with Free Cumin 65 gm,Imtenan,265.75,265.75,1.0,,2026-05-25
ZCA607809AF6CCF86E40CZ,noon,Grocery,oils,Oils,Extra Virgin Olive Oil 1 Litre,Basso,790.0,790.0,1.0,,2026-05-25
ZB8E3D44C4321D1B30C05Z,noon,Beverages,juice,Tea,"Mogu Mogu Lychee Flavored Drink with Nata de Coco, Chewy Fruit Beverage, 320ml (Pack of 3)",Mogu Mogu,240.0,240.0,1.0,,2026-05-25
Z8C7FED0690ED625F6480Z,noon,Beverages,juice,Milk,Bestsoy Corn Soya Bean Drink – 320ml (Pack of 6) – Nutritious Plant-Based Milk Alternative – Creamy Soy & Sweet Corn Blend – Refreshing High-Protein Beverage,,417.08,417.08,1.0,1920.0,2026-05-25
Z7383C3132A8C3338EE7BZ,noon,Beverages,juice,Tea,TURKO BABA Mango Drink 300g,Turko Baba,640.97,640.97,1.0,,2026-05-25
Z153318E5AEB3F88E0D6BZ,noon,Beverages,juice,Beans,Old Sip Sobia,Old Sip,299.9,299.9,1.0,,2026-05-25
ZCE57C7346A14084C0CB1Z,noon,Beverages,juice,Soft Drinks,Yalla Smoothie Pina Colada “Coconut & Pineapple” Box of 10 Sachets,,150.0,150.0,1.0,,2026-05-25
Z947FF0A63EAA758D93B5Z,noon,Grocery,Herbs&spices,Spices,Kabsa spices,Maura,25.0,25.0,1.0,,2026-05-25
ZFCC7A61CB2FD104368CFZ,noon,Grocery,Herbs&spices,Spices,Spices mixture,Maura,33.0,33.0,1.0,,2026-05-25
Z716655EE82BBE4F792CAZ,noon,Grocery,Herbs&spices,Spices,Roni fine fine cumin – 100% natural – rich flavor and warm aroma – 100 gm,,137.0,137.0,1.0,100.0,2026-05-25
Z138F631540D77EA84FF2Z,noon,Grocery,Herbs&spices,Spices,Mandi spices,Maura,25.0,25.0,1.0,,2026-05-25
ZBBFBD518C875C37DCC56Z,noon,Grocery,Herbs&spices,Spices,Italian Spices 130g,Haj Arafa,53.75,53.75,1.0,,2026-05-25
Z8AB438DE61CFC3F5FDD8Z,noon,Grocery,Herbs&spices,Spices,Sesame And Blackseed Spices 55g,Haj Arafa,30.75,30.75,1.0,,2026-05-25
Z6FAFBC3DFDBF5C00F2A8Z,noon,Grocery,Herbs&spices,Spices,Mixed whole spices 90 gm - cinnamon sticks 50 gm - cloves 90 gm,Not Secrets,457.0,457.0,1.0,,2026-05-25
Z4DEC4B311E6281F33F59Z,noon,Grocery,Herbs&spices,Spices,"Spices (coriander, cumin, salt, black pepper, sesame)",Harraz,210.0,210.0,1.0,,2026-05-25
Z11560E0D08394C26237EZ,noon,Grocery,Herbs&spices,Salt,Fine iodized table salt,Mora,14.0,14.0,1.0,,2026-05-25
ZB917F43078311FF90887Z,noon,Grocery,Herbs&spices,Spices,Natural Pepper Powder,Mora,39.0,39.0,1.0,,2026-05-25
ZE9B83E8EAAA606A067D2Z,noon,Grocery,Herbs&spices,Eggs,Al-Sahar Veggie Stock Powder,Al-Sahar,20.0,20.0,1.0,,2026-05-25
ZE792245DF62600646BEBZ,noon,Grocery,Herbs&spices,Spices,Natural cumin powder,Mora,45.0,45.0,1.0,,2026-05-25
Z42C2B52EC55BB471578BZ,noon,Grocery,Herbs&spices,Spices,Al-Sahar TURMERIC POWDER,Al-Sahar,25.0,25.0,1.0,,2026-05-25
ZC2B25F225E3A3A64CC2DZ,noon,Grocery,Herbs&spices,Salt,Dr. Salt Low Sodium Iodized Salt - 4 Pack (160g Each),Dr. Salt,181.0,181.0,1.0,,2026-05-25
Z73868D5BF478B6B77AE4Z,noon,Grocery,Herbs&spices,Spices,Esnad Chicken Spices Blend - 200g Tub,Esnad,400.0,400.0,1.0,,2026-05-25
Z4278806D9B0B213BD97EZ,noon,Grocery,Herbs&spices,Spices,Esnad Stuffed Vegetables (Mahshi) Spices Blend - 200g Tub,Esnad,420.0,420.0,1.0,,2026-05-25
Z2E4E5170F659CE654118Z,noon,Grocery,Herbs&spices,Spices,Oriental Chicken Seasoning,Brava,26.75,26.75,1.0,,2026-05-25
ZFBED383CF4F9D888A300Z,noon,Grocery,Herbs&spices,Spices,Cajun Spice 150g,Haj Arafa,79.75,79.75,1.0,,2026-05-25
Z42AD49965E51273B6229Z,noon,Grocery,Herbs&spices,Spices,Cinnamon 12 Bags (Pack of 3),Isis,46.0,46.0,1.0,,2026-05-25
Z0BC2F3070284868B4F93Z,noon,Grocery,Herbs&spices,Spices,White pepper powder,Ragab El Attar,30.0,30.0,1.0,,2026-05-25
Z235BEC0750BB3F155151Z,noon,Grocery,Herbs&spices,Spices,Mahashi Spices,Brava,30.0,30.0,1.0,,2026-05-25
Z46BE4FB3159DD39C2DC4Z,noon,Grocery,Herbs&spices,Spices,Shish Tawook Spices,Brava,29.0,29.0,1.0,,2026-05-25
Z37EABB97001AAF3D4400Z,noon,Grocery,Herbs&spices,Spices,Burger Mix Spices 30grams (Pack of 3),Maggi,41.0,41.0,1.0,,2026-05-25
Z133F10398E63C2FD5FC7Z,noon,Grocery,Herbs&spices,Spices,Chicken Spices 35g (Pack of 3),Abu Auf,43.0,43.0,1.0,,2026-05-25
ZB6312ED818D36A4C5AD7Z,noon,Grocery,Herbs&spices,Spices,Meat Spices,Brava,33.0,33.0,1.0,,2026-05-25
Z6D6FC2DAA43B10DFFD77Z,noon,Grocery,Herbs&spices,Spices,Seven Spices 35g (Pack of 3),Abu Auf,47.0,47.0,1.0,,2026-05-25
Z0D45CD60EF4A2368D901Z,noon,Grocery,Herbs&spices,Spices,Spices Chili 55g (Pack of 2),Haj Arafa,51.0,51.0,1.0,,2026-05-25
ZF06CC3154EC259F3664EZ,noon,Grocery,Herbs&spices,Spices,"Spices Offers (Buy 3 Get 1 Free) Black Pepper, Cumin, Himalayan Salt and Thyme",Imtenan,227.25,227.25,1.0,,2026-05-25
ZE2E7FF8CA15B0D03CAADZ,noon,Grocery,Herbs&spices,Spices,Seven Spices Powder,Brava,31.75,31.75,1.0,,2026-05-25
Z4CFAC13F371B23F8956CZ,noon,Grocery,Herbs&spices,Spices,Burger Spices,Brava,35.0,35.0,1.0,,2026-05-25
Z26BA4398BFE291E3D000Z,noon,Grocery,sauces,Sauces,Sweet Chili Sauce 340 grams Bundle,Healthy & Tasty,600.0,600.0,1.0,,2026-05-25
Z1355D451A1BBF23962B6Z,noon,Grocery,Herbs&spices,Spices,Turkish Chicken Seasoning,Brava,35.0,35.0,1.0,,2026-05-25
Z27B0C3AA70DE5DDB2D8DZ,noon,Grocery,Herbs&spices,Spices,Hawawshi Spices,Brava,32.0,32.0,1.0,,2026-05-25
ZB6329F4EAFC02680014FZ,noon,Grocery,Herbs&spices,Spices,Turmeric Powder,Brava,25.0,25.0,1.0,,2026-05-25
ZD5A2BA6694B8C4752C64Z,noon,Grocery,Herbs&spices,Spices,Thyme 45 - Rosemary 50 - BBQ Texas Mix 130gm Bundle,Les Secrets,263.0,263.0,1.0,,2026-05-25
Z60DF99A86F6A0650D373Z,noon,Grocery,Herbs&spices,Spices,Ground Black Pepper 150 gm - Paprika 115 gm - Himalayan Salt 275 gm Bundle,Les Secrets,334.0,334.0,1.0,,2026-05-25
ZB830FE0EF3455AF4AEE1Z,noon,Grocery,Herbs&spices,Spices,Black peppercorn  70 - Cumin  75 - BBQ Texas mix  70 gm Bundle,Les Secrets,253.0,253.0,1.0,,2026-05-25
Z72EEC89F519742A7446BZ,noon,Grocery,Herbs&spices,Spices,Cajun seasoning  60 - Mustard seeds  90 - Lemon pepper seasoning 80 gm Bundle,Les Secrets,175.0,175.0,1.0,,2026-05-25
Z7FB05E7486D8B097804AZ,noon,Grocery,Herbs&spices,Spices,Italian Seasoning 115- Cajun Seasoning 110 - Cardamom 80 gm Bundle,Les Secrets,452.0,452.0,1.0,,2026-05-25
ZAC05F6303509FE8D43D6Z,noon,Grocery,Herbs&spices,Spices,Elhaty Kofta Spices,Brava,31.5,31.5,1.0,,2026-05-25
ZC76180BC7EEAE03D6F7CZ,noon,Grocery,Herbs&spices,Spices,Lebanese Chicken Seasoning,Brava,35.0,35.0,1.0,,2026-05-25
ZFE2632AAFF15A4EF663BZ,noon,Grocery,"creal,oats,Jams&Honey",Spreads,Corn Flakes With Chocolate 250g,Haj Arafa,65.75,65.75,1.0,,2026-05-25
Z7B0867417E671E6E0E98Z,noon,Grocery,Herbs&spices,Spices,Tandoori Chicken Seasoning,Brava,35.0,35.0,1.0,,2026-05-25
ZBB45F91177123078F784Z,noon,Grocery,Herbs&spices,Spices,Elsand Grilling Spices Premium Seasoning Mix for BBQ & Cooking Imported Product,Esnad,390.0,390.0,1.0,,2026-05-25
Z96BA30C70DBDAE1D070AZ,noon,Grocery,Herbs&spices,Spices,Ground black pepper  95 - Italian seasoning  50 - Onion powder 80 gm Bundle,Les Secrets,250.0,250.0,1.0,,2026-05-25
ZD0718D0CF3C2828D587DZ,noon,Grocery,Herbs&spices,Spices,Thyme Dukkah,Ragab El Attar,15.0,15.0,1.0,,2026-05-25
ZBEE3F50B5595BC2C6FF3Z,noon,Grocery,Herbs&spices,Spices,Hot Broasted Chicken Seasoning,Brava,26.5,26.5,1.0,,2026-05-25
ZC71CC9B6388773CC5A24Z,noon,Grocery,Herbs&spices,Spices,Broasted Chicken Seasoning,Brava,30.0,30.0,1.0,,2026-05-25
Z9B3A898D2E82D7E370DDZ,noon,Grocery,"creal,oats,Jams&Honey",Oats,MY Breakfast Oats & Fruits,My Breakfast,68.0,68.0,1.0,,2026-05-25
ZC74888EDBB306A3C9B6BZ,noon,Grocery,"creal,oats,Jams&Honey",Butter,Pistachio butter 210g Bundle,Healthy & Tasty,1270.0,1270.0,1.0,,2026-05-25
Z70F684990596AB8390EEZ,noon,Grocery,"creal,oats,Jams&Honey",Oats,MY Breakfast Oats & Chia,My Breakfast,68.0,68.0,1.0,,2026-05-25
ZEEF7B2E0F1EDD55A3E99Z,noon,Grocery,"creal,oats,Jams&Honey",Milk,Premium Healthy Pistachio Cream - Sugar Free & Low Calorie - Naturally Sweetened with Erythritol - Premium Roasted Pistachios Without the Guilt - 100% Natural & Creamy Texture,Sockerdorf,800.0,800.0,1.0,,2026-05-25
ZD8790FF7C42320B749A6Z,noon,Grocery,"creal,oats,Jams&Honey",Honey,Honey Cinnamon Syrup - 100% Natural from Uni Smart Group,Uni Smart Group,62.0,62.0,1.0,,2026-05-25
Z13DE8C5980AB0008B8DCZ,noon,Grocery,sauces,Spices,Black Olive Paste With Hot Pepper 300grams (Pack of 2),Wadi Food,59.0,59.0,1.0,,2026-05-25
Z22557A963C081C148705Z,noon,Grocery,sauces,Sauces,Rana Hot Sauce  Pack of 5 Bottles  Value Pack for Spicy Food Lovers  Imported Product,Rana,425.0,425.0,1.0,,2026-05-25
Z4FE7667C198EB7F622BDZ,noon,Grocery,"creal,oats,Jams&Honey",Spreads,Keto Double Chocolate Bar 60 grams Bundle,Healthy & Tasty,250.0,250.0,1.0,,2026-05-25
ZC8A0680B8B0E3FFEDEA7Z,noon,Grocery,sauces,Sauces,Rana Jalapeno Hot Sauce  Authentic Spicy Taste,Rana,170.0,170.0,1.0,,2026-05-25
ZE426EC5A8EB2C35FDD66Z,noon,Grocery,"creal,oats,Jams&Honey",Spreads,Keto Coconut Chocolate Bar 60 grams Bundle,Healthy & Tasty,250.0,250.0,1.0,,2026-05-25
Z014736D65658FDB51644Z,noon,Grocery,"creal,oats,Jams&Honey",Spreads,Nutella & GO! Snack Pack with Breadsticks (Box of 12 Individual Packs),Nutella,1650.0,1650.0,1.0,,2026-05-25
Z31C5BCC6F1FE0DD64A67Z,noon,Grocery,"creal,oats,Jams&Honey",Spreads,Chocolate Spread Sweetened With Monk Fruit,Lakanto,420.0,420.0,1.0,,2026-05-25
Z2D1A310E5A2CB9849DEDZ,noon,Grocery,"creal,oats,Jams&Honey",Honey,Honey Mini Jar - 28.3grams (Pack of 3),Hero,52.0,52.0,1.0,,2026-05-25
Z5C34A41B942AAFB7265FZ,noon,Grocery,"creal,oats,Jams&Honey",Honey,800g Clover Blossom Honey + Luxury Thermal Mug,Saegh,200.0,200.0,1.0,,2026-05-25
ZFB18DF5D827E44F206B4Z,noon,Grocery,"creal,oats,Jams&Honey",Milk,"Socradorf Chocolate Sesame Cream Spread 300g  No White Sugar, No Hydrogenated Oils",Sokradorf,300.0,300.0,1.0,,2026-05-25
Z708A0142CC3D053D705FZ,noon,Grocery,"creal,oats,Jams&Honey",Milk,Hazelnut Milk Chocolate Spread 320g,Haj Arafa,194.0,194.0,1.0,,2026-05-25
Z7C6C6AAE6CA12EBD7880Z,noon,Grocery,sauces,Sauces,Harissa Cooking Paste 190grams (Pack of 2),Wadi Food,45.0,45.0,1.0,,2026-05-25
Z2E6F9211FA9DB57EE875Z,noon,Grocery,"creal,oats,Jams&Honey",Honey,"Luxurious natural mountain Sidr honey - 400 gm | Pure, healthy, authentic",,550.0,550.0,1.0,1000.0,2026-05-25
Z65F7BDA0DA4081EBEAD9Z,noon,Grocery,"creal,oats,Jams&Honey",Cereal,Minis Cereals,Nesquik,86.0,86.0,1.0,,2026-05-25
Z9A4A4D0088C3E44D1B4CZ,noon,Beverages,Soft drinks,Tea,KDD Fruit Juice – Mango & Grape Blend | Refreshing Mixed Fruit Juice Drink | Naturally Sweet & Delicious Taste1 PACK,,114.0,114.0,1.0,,2026-05-25
