country,market_name,product_id,product_name,currency,unit,price,date
Egypt,National Average,52.0,Rice,EGP,KG,3.9794,2010-08-01
Egypt,National Average,52.0,Rice,EGP,KG,3.9175,2010-09-01
Egypt,National Average,52.0,Rice,EGP,KG,3.9389,2010-10-01
Egypt,National Average,52.0,Rice,EGP,KG,3.8437,2010-11-01
Egypt,National Average,52.0,Rice,EGP,KG,3.8954,2010-12-01
Egypt,National Average,52.0,Rice,EGP,KG,3.9739,2011-01-01
Egypt,National Average,52.0,Rice,EGP,KG,4.0902,2011-02-01
Egypt,National Average,52.0,Rice,EGP,KG,3.63,2011-03-01
Egypt,National Average,52.0,Rice,EGP,KG,3.76,2011-04-01
Egypt,National Average,52.0,Rice,EGP,KG,4.1969,2011-05-01
Egypt,National Average,52.0,Rice,EGP,KG,4.39,2011-06-01
Egypt,National Average,52.0,Rice,EGP,KG,4.7813,2011-07-01
Egypt,National Average,52.0,Rice,EGP,KG,5.3187,2011-08-01
Egypt,National Average,52.0,Rice,EGP,KG,5.5,2011-09-01
Egypt,National Average,52.0,Rice,EGP,KG,5.0,2011-10-01
Egypt,National Average,52.0,Rice,EGP,KG,4.7,2011-11-01
Egypt,National Average,52.0,Rice,EGP,KG,5.0,2011-12-01
Egypt,National Average,52.0,Rice,EGP,KG,4.3,2012-01-01
Egypt,National Average,52.0,Rice,EGP,KG,4.5,2012-02-01
Egypt,National Average,52.0,Rice,EGP,KG,4.9,2012-03-01
Egypt,National Average,52.0,Rice,EGP,KG,5.0,2012-04-01
Egypt,National Average,52.0,Rice,EGP,KG,4.31,2012-05-01
Egypt,National Average,52.0,Rice,EGP,KG,4.375,2012-06-01
Egypt,National Average,52.0,Rice,EGP,KG,4.3,2012-07-01
Egypt,National Average,52.0,Rice,EGP,KG,4.43,2012-08-01
Egypt,National Average,52.0,Rice,EGP,KG,4.075,2012-09-01
Egypt,National Average,52.0,Rice,EGP,KG,3.8,2012-10-01
Egypt,National Average,52.0,Rice,EGP,KG,3.8,2012-11-01
Egypt,National Average,52.0,Rice,EGP,KG,4.1,2013-01-01
Egypt,National Average,52.0,Rice,EGP,KG,4.25,2013-02-01
Egypt,National Average,52.0,Rice,EGP,KG,4.9,2013-03-01
Egypt,National Average,52.0,Rice,EGP,KG,4.25,2013-04-01
Egypt,National Average,52.0,Rice,EGP,KG,4.16,2013-05-01
Egypt,National Average,52.0,Rice,EGP,KG,3.925,2013-06-01
Egypt,National Average,52.0,Rice,EGP,KG,4.0,2013-07-01
Egypt,National Average,52.0,Rice,EGP,KG,4.0,2013-08-01
Egypt,National Average,52.0,Rice,EGP,KG,4.35,2013-09-01
Egypt,National Average,52.0,Rice,EGP,KG,5.25,2013-10-01
Egypt,National Average,52.0,Rice,EGP,KG,5.31,2013-11-01
Egypt,National Average,52.0,Rice,EGP,KG,4.05,2013-12-01
Egypt,National Average,52.0,Rice,EGP,KG,4.16,2014-01-01
Egypt,National Average,52.0,Rice,EGP,KG,4.06,2014-02-01
Egypt,National Average,52.0,Rice,EGP,KG,4.175,2014-03-01
Egypt,National Average,52.0,Rice,EGP,KG,3.875,2014-04-01
Egypt,National Average,52.0,Rice,EGP,KG,4.775,2014-05-01
Egypt,National Average,52.0,Rice,EGP,KG,4.4,2014-06-01
Egypt,National Average,52.0,Rice,EGP,KG,4.03,2014-07-01
Egypt,National Average,52.0,Rice,EGP,KG,3.98,2014-08-01
Egypt,National Average,52.0,Rice,EGP,KG,4.41,2014-09-01
Egypt,National Average,52.0,Rice,EGP,KG,4.17,2014-10-01
Egypt,National Average,52.0,Rice,EGP,KG,4.1,2014-11-01
Egypt,National Average,52.0,Rice,EGP,KG,3.9,2014-12-01
Egypt,National Average,52.0,Rice,EGP,KG,3.9,2015-01-01
Egypt,National Average,52.0,Rice,EGP,KG,3.9,2015-02-01
Egypt,National Average,52.0,Rice,EGP,KG,4.0,2015-04-01
Egypt,National Average,52.0,Rice,EGP,KG,4.1,2015-05-01
Egypt,National Average,52.0,Rice,EGP,KG,4.7,2015-06-01
Egypt,National Average,52.0,Rice,EGP,KG,4.1,2015-07-01
Egypt,National Average,52.0,Rice,EGP,KG,4.0,2015-08-01
Egypt,National Average,52.0,Rice,EGP,KG,4.0,2015-09-01
Egypt,National Average,52.0,Rice,EGP,KG,5.51,2015-10-01
Egypt,National Average,52.0,Rice,EGP,KG,5.51,2015-11-01
Egypt,National Average,52.0,Rice,EGP,KG,5.51,2015-12-01
Egypt,National Average,52.0,Rice,EGP,KG,5.76,2016-01-01
Egypt,National Average,52.0,Rice,EGP,KG,6.26,2016-02-01
Egypt,National Average,52.0,Rice,EGP,KG,6.55,2016-03-01
Egypt,National Average,52.0,Rice,EGP,KG,6.8,2016-04-01
Egypt,National Average,52.0,Rice,EGP,KG,6.8,2016-06-01
Egypt,National Average,52.0,Rice,EGP,KG,7.3,2016-07-01
Egypt,National Average,52.0,Rice,EGP,KG,6.8,2016-08-01
Egypt,National Average,52.0,Rice,EGP,KG,5.8,2016-09-01
Egypt,National Average,52.0,Rice,EGP,KG,5.3,2016-10-01
Egypt,National Average,52.0,Rice,EGP,KG,5.8,2016-11-01
Egypt,National Average,52.0,Rice,EGP,KG,6.05,2016-12-01
Egypt,National Average,52.0,Rice,EGP,KG,7.55,2017-01-01
Egypt,National Average,52.0,Rice,EGP,KG,7.55,2017-02-01
Egypt,National Average,52.0,Rice,EGP,KG,7.05,2017-03-01
Egypt,National Average,52.0,Rice,EGP,KG,7.05,2017-04-01
Egypt,National Average,52.0,Rice,EGP,KG,7.05,2017-05-01
Egypt,National Average,52.0,Rice,EGP,KG,7.3,2017-06-01
Egypt,National Average,52.0,Rice,EGP,KG,7.8,2017-07-01
Egypt,National Average,52.0,Rice,EGP,KG,7.8,2017-08-01
Egypt,National Average,52.0,Rice,EGP,KG,7.8,2017-09-01
Egypt,National Average,52.0,Rice,EGP,KG,7.8,2017-10-01
Egypt,National Average,52.0,Rice,EGP,KG,7.8,2017-11-01
Egypt,National Average,52.0,Rice,EGP,KG,7.8,2017-12-01
Egypt,National Average,52.0,Rice,EGP,KG,7.8,2018-01-01
Egypt,National Average,52.0,Rice,EGP,KG,8.35,2018-02-01
Egypt,National Average,52.0,Rice,EGP,KG,8.35,2018-03-01
Egypt,National Average,52.0,Rice,EGP,KG,8.55,2018-04-01
Egypt,National Average,52.0,Rice,EGP,KG,9.55,2018-05-01
Egypt,National Average,52.0,Rice,EGP,KG,10.3,2018-06-01
Egypt,National Average,52.0,Rice,EGP,KG,10.3,2018-07-01
Egypt,National Average,52.0,Rice,EGP,KG,10.15,2018-08-01
Egypt,National Average,52.0,Rice,EGP,KG,10.09,2018-09-01
Egypt,National Average,52.0,Rice,EGP,KG,10.73,2018-10-01
Egypt,National Average,52.0,Rice,EGP,KG,10.89,2018-11-01
Egypt,National Average,52.0,Rice,EGP,KG,11.13,2018-12-01
Egypt,National Average,52.0,Rice,EGP,KG,11.23,2019-01-01
Egypt,National Average,52.0,Rice,EGP,KG,11.23,2019-02-01
Egypt,National Average,52.0,Rice,EGP,KG,11.23,2019-03-01
Egypt,National Average,52.0,Rice,EGP,KG,11.08,2019-04-01
Egypt,National Average,52.0,Rice,EGP,KG,11.08,2019-05-01
Egypt,National Average,52.0,Rice,EGP,KG,10.79,2019-06-01
Egypt,National Average,52.0,Rice,EGP,KG,10.32,2019-07-01
Egypt,National Average,52.0,Rice,EGP,KG,9.92,2019-08-01
Egypt,National Average,52.0,Rice,EGP,KG,9.92,2019-09-01
Egypt,National Average,52.0,Rice,EGP,KG,9.92,2019-10-01
Egypt,National Average,52.0,Rice,EGP,KG,9.92,2019-11-01
Egypt,National Average,52.0,Rice,EGP,KG,9.92,2019-12-01
Egypt,National Average,52.0,Rice,EGP,KG,9.92,2020-01-01
Egypt,National Average,52.0,Rice,EGP,KG,9.92,2020-02-01
Egypt,National Average,52.0,Rice,EGP,KG,9.92,2020-03-01
Egypt,National Average,52.0,Rice,EGP,KG,9.92,2020-04-01
Egypt,National Average,52.0,Rice,EGP,KG,9.92,2020-05-01
Egypt,National Average,52.0,Rice,EGP,KG,9.96,2020-06-01
Egypt,National Average,52.0,Rice,EGP,KG,9.88,2020-07-01
Egypt,National Average,58.0,Wheat flour,EGP,KG,3.4398,2010-08-01
Egypt,National Average,58.0,Wheat flour,EGP,KG,4.0653,2010-09-01
Egypt,National Average,58.0,Wheat flour,EGP,KG,4.0858,2010-10-01
Egypt,National Average,58.0,Wheat flour,EGP,KG,4.0225,2010-11-01
Egypt,National Average,58.0,Wheat flour,EGP,KG,3.9505,2010-12-01
Egypt,National Average,58.0,Wheat flour,EGP,KG,4.0246,2011-01-01
Egypt,National Average,58.0,Wheat flour,EGP,KG,4.1592,2011-02-01
Egypt,National Average,58.0,Wheat flour,EGP,KG,3.64,2011-03-01
Egypt,National Average,58.0,Wheat flour,EGP,KG,3.7,2011-04-01
Egypt,National Average,58.0,Wheat flour,EGP,KG,3.7563,2011-05-01
Egypt,National Average,58.0,Wheat flour,EGP,KG,3.7525,2011-06-01
Egypt,National Average,58.0,Wheat flour,EGP,KG,3.8063,2011-07-01
Egypt,National Average,58.0,Wheat flour,EGP,KG,4.4,2011-08-01
Egypt,National Average,58.0,Wheat flour,EGP,KG,4.6,2011-09-01
Egypt,National Average,58.0,Wheat flour,EGP,KG,4.4,2011-10-01
Egypt,National Average,58.0,Wheat flour,EGP,KG,4.4,2011-11-01
Egypt,National Average,58.0,Wheat flour,EGP,KG,4.3,2011-12-01
Egypt,National Average,58.0,Wheat flour,EGP,KG,4.7,2012-01-01
Egypt,National Average,58.0,Wheat flour,EGP,KG,4.5,2012-02-01
Egypt,National Average,58.0,Wheat flour,EGP,KG,4.5,2012-03-01
Egypt,National Average,58.0,Wheat flour,EGP,KG,4.49,2012-04-01
Egypt,National Average,58.0,Wheat flour,EGP,KG,4.18,2012-05-01
Egypt,National Average,58.0,Wheat flour,EGP,KG,4.65,2012-06-01
Egypt,National Average,58.0,Wheat flour,EGP,KG,4.435,2012-07-01
Egypt,National Average,58.0,Wheat flour,EGP,KG,4.275,2012-08-01
Egypt,National Average,58.0,Wheat flour,EGP,KG,4.45,2012-09-01
Egypt,National Average,58.0,Wheat flour,EGP,KG,4.5,2012-10-01
Egypt,National Average,58.0,Wheat flour,EGP,KG,4.8,2012-11-01
Egypt,National Average,58.0,Wheat flour,EGP,KG,4.4,2012-12-01
Egypt,National Average,58.0,Wheat flour,EGP,KG,4.8,2013-01-01
Egypt,National Average,58.0,Wheat flour,EGP,KG,4.625,2013-02-01
Egypt,National Average,58.0,Wheat flour,EGP,KG,4.5,2013-03-01
Egypt,National Average,58.0,Wheat flour,EGP,KG,4.88,2013-04-01
Egypt,National Average,58.0,Wheat flour,EGP,KG,4.92,2013-05-01
Egypt,National Average,58.0,Wheat flour,EGP,KG,4.725,2013-06-01
Egypt,National Average,58.0,Wheat flour,EGP,KG,4.5,2013-07-01
Egypt,National Average,58.0,Wheat flour,EGP,KG,4.625,2013-08-01
Egypt,National Average,58.0,Wheat flour,EGP,KG,4.95,2013-09-01
Egypt,National Average,58.0,Wheat flour,EGP,KG,6.5,2013-10-01
Egypt,National Average,58.0,Wheat flour,EGP,KG,5.44,2013-11-01
Egypt,National Average,58.0,Wheat flour,EGP,KG,4.082,2013-12-01
Egypt,National Average,58.0,Wheat flour,EGP,KG,4.5,2014-01-01
Egypt,National Average,58.0,Wheat flour,EGP,KG,4.48,2014-02-01
Egypt,National Average,58.0,Wheat flour,EGP,KG,4.65,2014-03-01
Egypt,National Average,58.0,Wheat flour,EGP,KG,4.344,2014-04-01
Egypt,National Average,58.0,Wheat flour,EGP,KG,4.344,2014-05-01
Egypt,National Average,58.0,Wheat flour,EGP,KG,4.23,2014-06-01
Egypt,National Average,58.0,Wheat flour,EGP,KG,4.38,2014-07-01
Egypt,National Average,58.0,Wheat flour,EGP,KG,4.25,2014-08-01
Egypt,National Average,58.0,Wheat flour,EGP,KG,4.23,2014-09-01
Egypt,National Average,58.0,Wheat flour,EGP,KG,4.25,2014-10-01
Egypt,National Average,58.0,Wheat flour,EGP,KG,4.3,2014-11-01
Egypt,National Average,58.0,Wheat flour,EGP,KG,4.1,2014-12-01
Egypt,National Average,58.0,Wheat flour,EGP,KG,4.2,2015-01-01
Egypt,National Average,58.0,Wheat flour,EGP,KG,4.0,2015-02-01
Egypt,National Average,58.0,Wheat flour,EGP,KG,4.1,2015-04-01
Egypt,National Average,58.0,Wheat flour,EGP,KG,4.0,2015-05-01
Egypt,National Average,58.0,Wheat flour,EGP,KG,4.0,2015-06-01
Egypt,National Average,58.0,Wheat flour,EGP,KG,4.0,2015-07-01
Egypt,National Average,58.0,Wheat flour,EGP,KG,4.4,2015-08-01
Egypt,National Average,58.0,Wheat flour,EGP,KG,4.0,2015-09-01
Egypt,National Average,58.0,Wheat flour,EGP,KG,3.93,2015-10-01
Egypt,National Average,58.0,Wheat flour,EGP,KG,3.93,2015-11-01
Egypt,National Average,58.0,Wheat flour,EGP,KG,3.93,2015-12-01
Egypt,National Average,58.0,Wheat flour,EGP,KG,3.93,2016-01-01
Egypt,National Average,58.0,Wheat flour,EGP,KG,3.93,2016-02-01
Egypt,National Average,58.0,Wheat flour,EGP,KG,3.93,2016-03-01
Egypt,National Average,58.0,Wheat flour,EGP,KG,3.93,2016-04-01
Egypt,National Average,58.0,Wheat flour,EGP,KG,3.93,2016-06-01
Egypt,National Average,58.0,Wheat flour,EGP,KG,3.93,2016-07-01
Egypt,National Average,58.0,Wheat flour,EGP,KG,3.93,2016-08-01
Egypt,National Average,58.0,Wheat flour,EGP,KG,3.93,2016-09-01
Egypt,National Average,58.0,Wheat flour,EGP,KG,4.43,2016-10-01
Egypt,National Average,58.0,Wheat flour,EGP,KG,4.93,2016-11-01
Egypt,National Average,58.0,Wheat flour,EGP,KG,5.93,2016-12-01
Egypt,National Average,58.0,Wheat flour,EGP,KG,6.93,2017-01-01
Egypt,National Average,58.0,Wheat flour,EGP,KG,6.93,2017-02-01
Egypt,National Average,58.0,Wheat flour,EGP,KG,6.93,2017-03-01
Egypt,National Average,58.0,Wheat flour,EGP,KG,6.93,2017-04-01
Egypt,National Average,58.0,Wheat flour,EGP,KG,6.93,2017-05-01
Egypt,National Average,58.0,Wheat flour,EGP,KG,6.93,2017-06-01
Egypt,National Average,58.0,Wheat flour,EGP,KG,6.93,2017-07-01
Egypt,National Average,58.0,Wheat flour,EGP,KG,6.93,2017-08-01
Egypt,National Average,58.0,Wheat flour,EGP,KG,6.93,2017-09-01
Egypt,National Average,58.0,Wheat flour,EGP,KG,6.93,2017-10-01
Egypt,National Average,58.0,Wheat flour,EGP,KG,6.93,2017-11-01
Egypt,National Average,58.0,Wheat flour,EGP,KG,6.93,2017-12-01
Egypt,National Average,58.0,Wheat flour,EGP,KG,6.93,2018-01-01
Egypt,National Average,58.0,Wheat flour,EGP,KG,6.93,2018-02-01
Egypt,National Average,58.0,Wheat flour,EGP,KG,6.93,2018-03-01
Egypt,National Average,58.0,Wheat flour,EGP,KG,6.93,2018-04-01
Egypt,National Average,58.0,Wheat flour,EGP,KG,6.93,2018-05-01
Egypt,National Average,58.0,Wheat flour,EGP,KG,6.93,2018-06-01
Egypt,National Average,58.0,Wheat flour,EGP,KG,6.93,2018-07-01
Egypt,National Average,58.0,Wheat flour,EGP,KG,6.93,2018-08-01
Egypt,National Average,58.0,Wheat flour,EGP,KG,7.33,2018-09-01
Egypt,National Average,58.0,Wheat flour,EGP,KG,7.16,2018-10-01
Egypt,National Average,58.0,Wheat flour,EGP,KG,7.32,2018-11-01
Egypt,National Average,58.0,Wheat flour,EGP,KG,7.36,2018-12-01
Egypt,National Average,58.0,Wheat flour,EGP,KG,7.4,2019-01-01
Egypt,National Average,58.0,Wheat flour,EGP,KG,7.51,2019-02-01
Egypt,National Average,58.0,Wheat flour,EGP,KG,7.58,2019-03-01
Egypt,National Average,58.0,Wheat flour,EGP,KG,7.66,2019-04-01
Egypt,National Average,58.0,Wheat flour,EGP,KG,7.78,2019-05-01
Egypt,National Average,58.0,Wheat flour,EGP,KG,7.82,2019-06-01
Egypt,National Average,58.0,Wheat flour,EGP,KG,7.67,2019-07-01
Egypt,National Average,58.0,Wheat flour,EGP,KG,7.67,2019-08-01
Egypt,National Average,58.0,Wheat flour,EGP,KG,7.67,2019-09-01
Egypt,National Average,58.0,Wheat flour,EGP,KG,7.67,2019-10-01
Egypt,National Average,58.0,Wheat flour,EGP,KG,6.67,2019-11-01
Egypt,National Average,58.0,Wheat flour,EGP,KG,6.67,2019-12-01
Egypt,National Average,58.0,Wheat flour,EGP,KG,6.67,2020-01-01
Egypt,National Average,58.0,Wheat flour,EGP,KG,6.67,2020-02-01
Egypt,National Average,58.0,Wheat flour,EGP,KG,6.67,2020-03-01
Egypt,National Average,58.0,Wheat flour,EGP,KG,6.67,2020-04-01
Egypt,National Average,58.0,Wheat flour,EGP,KG,6.67,2020-05-01
Egypt,National Average,58.0,Wheat flour,EGP,KG,6.61,2020-06-01
Egypt,National Average,58.0,Wheat flour,EGP,KG,6.54,2020-07-01
Egypt,National Average,81.0,Milk,EGP,L,7.43,2015-10-01
Egypt,National Average,81.0,Milk,EGP,L,7.43,2015-11-01
Egypt,National Average,81.0,Milk,EGP,L,7.43,2015-12-01
Egypt,National Average,83.0,Potatoes,EGP,KG,1.8087,2010-08-01
Egypt,National Average,83.0,Potatoes,EGP,KG,1.9863,2010-09-01
Egypt,National Average,83.0,Potatoes,EGP,KG,1.9558,2010-10-01
Egypt,National Average,83.0,Potatoes,EGP,KG,1.9737,2010-11-01
Egypt,National Average,83.0,Potatoes,EGP,KG,1.5297,2010-12-01
Egypt,National Average,83.0,Potatoes,EGP,KG,1.4234,2011-01-01
Egypt,National Average,83.0,Potatoes,EGP,KG,1.3989,2011-02-01
Egypt,National Average,83.0,Potatoes,EGP,KG,2.47,2011-03-01
Egypt,National Average,83.0,Potatoes,EGP,KG,2.7,2011-04-01
Egypt,National Average,83.0,Potatoes,EGP,KG,2.4044,2011-05-01
Egypt,National Average,83.0,Potatoes,EGP,KG,2.0858,2011-06-01
Egypt,National Average,83.0,Potatoes,EGP,KG,2.3737,2011-07-01
Egypt,National Average,83.0,Potatoes,EGP,KG,2.855,2011-08-01
Egypt,National Average,83.0,Potatoes,EGP,KG,3.3,2011-09-01
Egypt,National Average,83.0,Potatoes,EGP,KG,3.4,2011-10-01
Egypt,National Average,83.0,Potatoes,EGP,KG,3.2,2011-11-01
Egypt,National Average,83.0,Potatoes,EGP,KG,2.8,2011-12-01
Egypt,National Average,83.0,Potatoes,EGP,KG,2.3,2012-01-01
Egypt,National Average,83.0,Potatoes,EGP,KG,2.0,2012-02-01
Egypt,National Average,83.0,Potatoes,EGP,KG,1.9,2012-03-01
Egypt,National Average,83.0,Potatoes,EGP,KG,2.0,2012-04-01
Egypt,National Average,83.0,Potatoes,EGP,KG,1.93,2012-05-01
Egypt,National Average,83.0,Potatoes,EGP,KG,1.95,2012-06-01
Egypt,National Average,83.0,Potatoes,EGP,KG,2.0,2012-07-01
Egypt,National Average,83.0,Potatoes,EGP,KG,2.71,2012-08-01
Egypt,National Average,83.0,Potatoes,EGP,KG,3.05,2012-09-01
Egypt,National Average,83.0,Potatoes,EGP,KG,3.1,2012-10-01
Egypt,National Average,83.0,Potatoes,EGP,KG,3.3,2012-11-01
Egypt,National Average,83.0,Potatoes,EGP,KG,3.0,2012-12-01
Egypt,National Average,83.0,Potatoes,EGP,KG,2.9,2013-01-01
Egypt,National Average,83.0,Potatoes,EGP,KG,2.5,2013-02-01
Egypt,National Average,83.0,Potatoes,EGP,KG,1.92,2013-03-01
Egypt,National Average,83.0,Potatoes,EGP,KG,3.56,2013-04-01
Egypt,National Average,83.0,Potatoes,EGP,KG,3.5,2013-05-01
Egypt,National Average,83.0,Potatoes,EGP,KG,3.75,2013-06-01
Egypt,National Average,83.0,Potatoes,EGP,KG,4.687,2013-07-01
Egypt,National Average,83.0,Potatoes,EGP,KG,4.75,2013-08-01
Egypt,National Average,83.0,Potatoes,EGP,KG,4.78,2013-09-01
Egypt,National Average,83.0,Potatoes,EGP,KG,4.56,2013-10-01
Egypt,National Average,83.0,Potatoes,EGP,KG,4.81,2013-11-01
Egypt,National Average,83.0,Potatoes,EGP,KG,3.4,2013-12-01
Egypt,National Average,83.0,Potatoes,EGP,KG,2.97,2014-01-01
Egypt,National Average,83.0,Potatoes,EGP,KG,4.25,2014-02-01
Egypt,National Average,83.0,Potatoes,EGP,KG,3.4,2014-03-01
Egypt,National Average,83.0,Potatoes,EGP,KG,3.563,2014-04-01
Egypt,National Average,83.0,Potatoes,EGP,KG,3.563,2014-05-01
Egypt,National Average,83.0,Potatoes,EGP,KG,3.5,2014-06-01
Egypt,National Average,83.0,Potatoes,EGP,KG,3.25,2014-07-01
Egypt,National Average,83.0,Potatoes,EGP,KG,3.8,2014-08-01
Egypt,National Average,83.0,Potatoes,EGP,KG,3.39,2014-09-01
Egypt,National Average,83.0,Potatoes,EGP,KG,3.58,2014-10-01
Egypt,National Average,83.0,Potatoes,EGP,KG,3.65,2014-11-01
Egypt,National Average,83.0,Potatoes,EGP,KG,2.9,2014-12-01
Egypt,National Average,83.0,Potatoes,EGP,KG,2.9,2015-01-01
Egypt,National Average,83.0,Potatoes,EGP,KG,2.3,2015-02-01
Egypt,National Average,83.0,Potatoes,EGP,KG,3.3,2015-04-01
Egypt,National Average,83.0,Potatoes,EGP,KG,3.0,2015-05-01
Egypt,National Average,83.0,Potatoes,EGP,KG,2.6,2015-06-01
Egypt,National Average,83.0,Potatoes,EGP,KG,2.8,2015-07-01
Egypt,National Average,83.0,Potatoes,EGP,KG,3.3,2015-08-01
Egypt,National Average,83.0,Potatoes,EGP,KG,3.6,2015-09-01
Egypt,National Average,83.0,Potatoes,EGP,KG,6.2,2015-10-01
Egypt,National Average,83.0,Potatoes,EGP,KG,6.2,2015-11-01
Egypt,National Average,83.0,Potatoes,EGP,KG,6.35,2015-12-01
Egypt,National Average,83.0,Potatoes,EGP,KG,5.35,2016-01-01
Egypt,National Average,83.0,Potatoes,EGP,KG,5.1,2016-02-01
Egypt,National Average,83.0,Potatoes,EGP,KG,5.1,2016-03-01
Egypt,National Average,83.0,Potatoes,EGP,KG,5.25,2016-04-01
Egypt,National Average,83.0,Potatoes,EGP,KG,5.45,2016-06-01
Egypt,National Average,83.0,Potatoes,EGP,KG,5.7,2016-07-01
Egypt,National Average,83.0,Potatoes,EGP,KG,5.9,2016-08-01
Egypt,National Average,83.0,Potatoes,EGP,KG,6.2,2016-09-01
Egypt,National Average,83.0,Potatoes,EGP,KG,6.7,2016-10-01
Egypt,National Average,83.0,Potatoes,EGP,KG,7.5,2016-11-01
Egypt,National Average,83.0,Potatoes,EGP,KG,7.25,2016-12-01
Egypt,National Average,83.0,Potatoes,EGP,KG,6.25,2017-01-01
Egypt,National Average,83.0,Potatoes,EGP,KG,6.0,2017-02-01
Egypt,National Average,83.0,Potatoes,EGP,KG,6.5,2017-03-01
Egypt,National Average,83.0,Potatoes,EGP,KG,7.1,2017-04-01
Egypt,National Average,83.0,Potatoes,EGP,KG,4.75,2017-05-01
Egypt,National Average,83.0,Potatoes,EGP,KG,4.5,2017-06-01
Egypt,National Average,83.0,Potatoes,EGP,KG,4.5,2017-07-01
Egypt,National Average,83.0,Potatoes,EGP,KG,5.1,2017-08-01
Egypt,National Average,83.0,Potatoes,EGP,KG,4.75,2017-09-01
Egypt,National Average,83.0,Potatoes,EGP,KG,5.25,2017-10-01
Egypt,National Average,83.0,Potatoes,EGP,KG,5.25,2017-11-01
Egypt,National Average,83.0,Potatoes,EGP,KG,4.75,2017-12-01
Egypt,National Average,83.0,Potatoes,EGP,KG,4.25,2018-01-01
Egypt,National Average,83.0,Potatoes,EGP,KG,4.25,2018-02-01
Egypt,National Average,83.0,Potatoes,EGP,KG,4.5,2018-03-01
Egypt,National Average,83.0,Potatoes,EGP,KG,5.0,2018-04-01
Egypt,National Average,83.0,Potatoes,EGP,KG,5.5,2018-05-01
Egypt,National Average,83.0,Potatoes,EGP,KG,6.5,2018-06-01
Egypt,National Average,83.0,Potatoes,EGP,KG,6.5,2018-07-01
Egypt,National Average,83.0,Potatoes,EGP,KG,7.5,2018-08-01
Egypt,National Average,83.0,Potatoes,EGP,KG,10.0,2018-09-01
Egypt,National Average,83.0,Potatoes,EGP,KG,12.0,2018-10-01
Egypt,National Average,83.0,Potatoes,EGP,KG,11.0,2018-11-01
Egypt,National Average,83.0,Potatoes,EGP,KG,7.25,2018-12-01
Egypt,National Average,83.0,Potatoes,EGP,KG,6.5,2019-01-01
Egypt,National Average,83.0,Potatoes,EGP,KG,7.5,2019-02-01
Egypt,National Average,83.0,Potatoes,EGP,KG,8.99,2019-03-01
Egypt,National Average,83.0,Potatoes,EGP,KG,8.25,2019-04-01
Egypt,National Average,83.0,Potatoes,EGP,KG,6.95,2019-05-01
Egypt,National Average,83.0,Potatoes,EGP,KG,5.75,2019-06-01
Egypt,National Average,83.0,Potatoes,EGP,KG,7.48,2019-07-01
Egypt,National Average,83.0,Potatoes,EGP,KG,8.5,2019-08-01
Egypt,National Average,83.0,Potatoes,EGP,KG,8.75,2019-09-01
Egypt,National Average,83.0,Potatoes,EGP,KG,8.53,2019-10-01
Egypt,National Average,83.0,Potatoes,EGP,KG,10.0,2019-11-01
Egypt,National Average,83.0,Potatoes,EGP,KG,10.36,2019-12-01
Egypt,National Average,83.0,Potatoes,EGP,KG,10.69,2020-01-01
Egypt,National Average,83.0,Potatoes,EGP,KG,9.24,2020-02-01
Egypt,National Average,83.0,Potatoes,EGP,KG,8.62,2020-03-01
Egypt,National Average,83.0,Potatoes,EGP,KG,8.86,2020-04-01
Egypt,National Average,83.0,Potatoes,EGP,KG,8.26,2020-05-01
Egypt,National Average,83.0,Potatoes,EGP,KG,8.19,2020-06-01
Egypt,National Average,83.0,Potatoes,EGP,KG,8.64,2020-07-01
Egypt,National Average,92.0,Eggs,EGP,Unit,0.8,2013-01-01
Egypt,National Average,92.0,Eggs,EGP,Unit,0.9,2013-02-01
Egypt,National Average,92.0,Eggs,EGP,Unit,0.66,2013-03-01
Egypt,National Average,92.0,Eggs,EGP,Unit,0.71,2013-04-01
Egypt,National Average,92.0,Eggs,EGP,Unit,0.78,2013-05-01
Egypt,National Average,92.0,Eggs,EGP,Unit,0.785,2013-06-01
Egypt,National Average,92.0,Eggs,EGP,Unit,0.837,2013-07-01
Egypt,National Average,92.0,Eggs,EGP,Unit,0.856,2013-08-01
Egypt,National Average,92.0,Eggs,EGP,Unit,0.86,2013-09-01
Egypt,National Average,92.0,Eggs,EGP,Unit,0.89,2013-10-01
Egypt,National Average,92.0,Eggs,EGP,Unit,0.84,2013-11-01
Egypt,National Average,92.0,Eggs,EGP,Unit,0.8,2013-12-01
Egypt,National Average,92.0,Eggs,EGP,Unit,0.81,2014-01-01
Egypt,National Average,92.0,Eggs,EGP,Unit,0.84,2014-02-01
Egypt,National Average,92.0,Eggs,EGP,Unit,0.815,2014-03-01
Egypt,National Average,92.0,Eggs,EGP,Unit,0.775,2014-04-01
Egypt,National Average,92.0,Eggs,EGP,Unit,0.675,2014-05-01
Egypt,National Average,92.0,Eggs,EGP,Unit,0.745,2014-06-01
Egypt,National Average,92.0,Eggs,EGP,Unit,0.82,2014-07-01
Egypt,National Average,92.0,Eggs,EGP,Unit,0.83,2014-08-01
Egypt,National Average,92.0,Eggs,EGP,Unit,0.81,2014-09-01
Egypt,National Average,92.0,Eggs,EGP,Unit,0.79,2014-10-01
Egypt,National Average,92.0,Eggs,EGP,Unit,0.81,2014-11-01
Egypt,National Average,92.0,Eggs,EGP,Unit,0.8,2014-12-01
Egypt,National Average,92.0,Eggs,EGP,Unit,0.8,2015-01-01
Egypt,National Average,92.0,Eggs,EGP,Unit,0.9,2015-02-01
Egypt,National Average,92.0,Eggs,EGP,Unit,0.9,2015-04-01
Egypt,National Average,92.0,Eggs,EGP,Unit,0.8,2015-05-01
Egypt,National Average,92.0,Eggs,EGP,Unit,0.8,2015-06-01
Egypt,National Average,92.0,Eggs,EGP,Unit,0.9,2015-07-01
Egypt,National Average,92.0,Eggs,EGP,Unit,0.8,2015-08-01
Egypt,National Average,92.0,Eggs,EGP,Unit,0.9,2015-09-01
Egypt,National Average,92.0,Eggs,EGP,Unit,1.19,2015-10-01
Egypt,National Average,92.0,Eggs,EGP,Unit,1.2,2015-11-01
Egypt,National Average,92.0,Eggs,EGP,Unit,1.18,2015-12-01
Egypt,National Average,92.0,Eggs,EGP,Unit,1.18,2016-01-01
Egypt,National Average,92.0,Eggs,EGP,Unit,1.18,2016-02-01
Egypt,National Average,92.0,Eggs,EGP,Unit,1.05,2016-03-01
Egypt,National Average,92.0,Eggs,EGP,Unit,0.95,2016-04-01
Egypt,National Average,92.0,Eggs,EGP,Unit,1.04,2016-06-01
Egypt,National Average,92.0,Eggs,EGP,Unit,1.09,2016-07-01
Egypt,National Average,92.0,Eggs,EGP,Unit,1.06,2016-08-01
Egypt,National Average,92.0,Eggs,EGP,Unit,1.09,2016-09-01
Egypt,National Average,92.0,Eggs,EGP,Unit,1.09,2016-10-01
Egypt,National Average,92.0,Eggs,EGP,Unit,1.12,2016-11-01
Egypt,National Average,92.0,Eggs,EGP,Unit,1.17,2016-12-01
Egypt,National Average,92.0,Eggs,EGP,Unit,1.37,2017-01-01
Egypt,National Average,92.0,Eggs,EGP,Unit,1.43,2017-02-01
Egypt,National Average,92.0,Eggs,EGP,Unit,1.38,2017-03-01
Egypt,National Average,92.0,Eggs,EGP,Unit,1.38,2017-04-01
Egypt,National Average,92.0,Eggs,EGP,Unit,1.4,2017-05-01
Egypt,National Average,92.0,Eggs,EGP,Unit,1.65,2017-06-01
Egypt,National Average,92.0,Eggs,EGP,Unit,1.71,2017-07-01
Egypt,National Average,92.0,Eggs,EGP,Unit,1.71,2017-08-01
Egypt,National Average,92.0,Eggs,EGP,Unit,1.71,2017-09-01
Egypt,National Average,92.0,Eggs,EGP,Unit,1.66,2017-10-01
Egypt,National Average,92.0,Eggs,EGP,Unit,1.61,2017-11-01
Egypt,National Average,92.0,Eggs,EGP,Unit,1.61,2017-12-01
Egypt,National Average,92.0,Eggs,EGP,Unit,1.66,2018-01-01
Egypt,National Average,92.0,Eggs,EGP,Unit,1.66,2018-02-01
Egypt,National Average,92.0,Eggs,EGP,Unit,1.66,2018-03-01
Egypt,National Average,92.0,Eggs,EGP,Unit,1.59,2018-04-01
Egypt,National Average,92.0,Eggs,EGP,Unit,1.59,2018-05-01
Egypt,National Average,92.0,Eggs,EGP,Unit,1.59,2018-06-01
Egypt,National Average,92.0,Eggs,EGP,Unit,1.59,2018-07-01
Egypt,National Average,92.0,Eggs,EGP,Unit,1.59,2018-08-01
Egypt,National Average,92.0,Eggs,EGP,Unit,1.56,2018-09-01
Egypt,National Average,92.0,Eggs,EGP,Unit,1.63,2018-10-01
Egypt,National Average,92.0,Eggs,EGP,Unit,1.63,2018-11-01
Egypt,National Average,92.0,Eggs,EGP,Unit,1.63,2018-12-01
Egypt,National Average,92.0,Eggs,EGP,Unit,1.63,2019-01-01
Egypt,National Average,92.0,Eggs,EGP,Unit,1.7,2019-02-01
Egypt,National Average,92.0,Eggs,EGP,Unit,1.7,2019-03-01
Egypt,National Average,92.0,Eggs,EGP,Unit,1.7,2019-04-01
Egypt,National Average,92.0,Eggs,EGP,Unit,1.7,2019-05-01
Egypt,National Average,92.0,Eggs,EGP,Unit,1.65,2019-06-01
Egypt,National Average,92.0,Eggs,EGP,Unit,1.65,2019-07-01
Egypt,National Average,92.0,Eggs,EGP,Unit,1.7,2019-08-01
Egypt,National Average,92.0,Eggs,EGP,Unit,1.65,2019-09-01
Egypt,National Average,92.0,Eggs,EGP,Unit,1.65,2019-10-01
Egypt,National Average,92.0,Eggs,EGP,Unit,1.65,2019-11-01
Egypt,National Average,92.0,Eggs,EGP,Unit,1.65,2019-12-01
Egypt,National Average,92.0,Eggs,EGP,Unit,1.65,2020-01-01
Egypt,National Average,92.0,Eggs,EGP,Unit,1.65,2020-02-01
Egypt,National Average,92.0,Eggs,EGP,Unit,1.65,2020-03-01
Egypt,National Average,92.0,Eggs,EGP,Unit,1.65,2020-04-01
Egypt,National Average,92.0,Eggs,EGP,Unit,1.65,2020-05-01
Egypt,National Average,92.0,Eggs,EGP,Unit,1.56,2020-06-01
Egypt,National Average,92.0,Eggs,EGP,Unit,1.54,2020-07-01
Egypt,National Average,97.0,Sugar,EGP,KG,4.282,2010-08-01
Egypt,National Average,97.0,Sugar,EGP,KG,4.375,2010-09-01
Egypt,National Average,97.0,Sugar,EGP,KG,4.6318,2010-10-01
Egypt,National Average,97.0,Sugar,EGP,KG,4.8235,2010-11-01
Egypt,National Average,97.0,Sugar,EGP,KG,6.1859,2010-12-01
Egypt,National Average,97.0,Sugar,EGP,KG,6.139,2011-01-01
Egypt,National Average,97.0,Sugar,EGP,KG,5.7182,2011-02-01
Egypt,National Average,97.0,Sugar,EGP,KG,4.99,2011-03-01
Egypt,National Average,97.0,Sugar,EGP,KG,5.04,2011-04-01
Egypt,National Average,97.0,Sugar,EGP,KG,5.0586,2011-05-01
Egypt,National Average,97.0,Sugar,EGP,KG,4.9797,2011-06-01
Egypt,National Average,97.0,Sugar,EGP,KG,5.0234,2011-07-01
Egypt,National Average,97.0,Sugar,EGP,KG,5.4453,2011-08-01
Egypt,National Average,97.0,Sugar,EGP,KG,6.1,2011-09-01
Egypt,National Average,97.0,Sugar,EGP,KG,6.2,2011-10-01
Egypt,National Average,97.0,Sugar,EGP,KG,6.3,2011-11-01
Egypt,National Average,97.0,Sugar,EGP,KG,6.1,2011-12-01
Egypt,National Average,97.0,Sugar,EGP,KG,4.9,2012-01-01
Egypt,National Average,97.0,Sugar,EGP,KG,6.0,2012-02-01
Egypt,National Average,97.0,Sugar,EGP,KG,6.0,2012-03-01
Egypt,National Average,97.0,Sugar,EGP,KG,6.0,2012-04-01
Egypt,National Average,97.0,Sugar,EGP,KG,5.4,2012-05-01
Egypt,National Average,97.0,Sugar,EGP,KG,6.18,2012-06-01
Egypt,National Average,97.0,Sugar,EGP,KG,5.67,2012-07-01
Egypt,National Average,97.0,Sugar,EGP,KG,5.78,2012-08-01
Egypt,National Average,97.0,Sugar,EGP,KG,5.95,2012-09-01
Egypt,National Average,97.0,Sugar,EGP,KG,4.6,2012-10-01
Egypt,National Average,97.0,Sugar,EGP,KG,5.2,2012-11-01
Egypt,National Average,97.0,Sugar,EGP,KG,5.0,2012-12-01
Egypt,National Average,97.0,Sugar,EGP,KG,5.3,2013-01-01
Egypt,National Average,97.0,Sugar,EGP,KG,5.0,2013-02-01
Egypt,National Average,97.0,Sugar,EGP,KG,6.03,2013-03-01
Egypt,National Average,97.0,Sugar,EGP,KG,5.28,2013-04-01
Egypt,National Average,97.0,Sugar,EGP,KG,5.58,2013-05-01
Egypt,National Average,97.0,Sugar,EGP,KG,5.225,2013-06-01
Egypt,National Average,97.0,Sugar,EGP,KG,5.337,2013-07-01
Egypt,National Average,97.0,Sugar,EGP,KG,5.843,2013-08-01
Egypt,National Average,97.0,Sugar,EGP,KG,5.57,2013-09-01
Egypt,National Average,97.0,Sugar,EGP,KG,5.13,2013-10-01
Egypt,National Average,97.0,Sugar,EGP,KG,4.97,2013-11-01
Egypt,National Average,97.0,Sugar,EGP,KG,5.925,2013-12-01
Egypt,National Average,97.0,Sugar,EGP,KG,5.22,2014-01-01
Egypt,National Average,97.0,Sugar,EGP,KG,4.78,2014-02-01
Egypt,National Average,97.0,Sugar,EGP,KG,5.95,2014-03-01
Egypt,National Average,97.0,Sugar,EGP,KG,6.406,2014-04-01
Egypt,National Average,97.0,Sugar,EGP,KG,6.038,2014-05-01
Egypt,National Average,97.0,Sugar,EGP,KG,5.75,2014-06-01
Egypt,National Average,97.0,Sugar,EGP,KG,5.24,2014-07-01
Egypt,National Average,97.0,Sugar,EGP,KG,5.45,2014-08-01
Egypt,National Average,97.0,Sugar,EGP,KG,5.66,2014-09-01
Egypt,National Average,97.0,Sugar,EGP,KG,5.7,2014-10-01
Egypt,National Average,97.0,Sugar,EGP,KG,5.68,2014-11-01
Egypt,National Average,97.0,Sugar,EGP,KG,5.5,2014-12-01
Egypt,National Average,97.0,Sugar,EGP,KG,5.5,2015-01-01
Egypt,National Average,97.0,Sugar,EGP,KG,5.5,2015-02-01
Egypt,National Average,97.0,Sugar,EGP,KG,5.2,2015-04-01
Egypt,National Average,97.0,Sugar,EGP,KG,5.7,2015-05-01
Egypt,National Average,97.0,Sugar,EGP,KG,5.2,2015-06-01
Egypt,National Average,97.0,Sugar,EGP,KG,5.3,2015-07-01
Egypt,National Average,97.0,Sugar,EGP,KG,5.4,2015-08-01
Egypt,National Average,97.0,Sugar,EGP,KG,5.0,2015-09-01
Egypt,National Average,97.0,Sugar,EGP,KG,5.92,2015-10-01
Egypt,National Average,97.0,Sugar,EGP,KG,5.92,2015-11-01
Egypt,National Average,97.0,Sugar,EGP,KG,5.92,2015-12-01
Egypt,National Average,97.0,Sugar,EGP,KG,5.92,2016-01-01
Egypt,National Average,97.0,Sugar,EGP,KG,6.43,2016-02-01
Egypt,National Average,97.0,Sugar,EGP,KG,6.42,2016-03-01
Egypt,National Average,97.0,Sugar,EGP,KG,6.67,2016-04-01
Egypt,National Average,97.0,Sugar,EGP,KG,6.67,2016-06-01
Egypt,National Average,97.0,Sugar,EGP,KG,6.67,2016-07-01
Egypt,National Average,97.0,Sugar,EGP,KG,7.65,2016-08-01
Egypt,National Average,97.0,Sugar,EGP,KG,8.65,2016-09-01
Egypt,National Average,97.0,Sugar,EGP,KG,10.15,2016-10-01
Egypt,National Average,97.0,Sugar,EGP,KG,13.15,2016-11-01
Egypt,National Average,97.0,Sugar,EGP,KG,14.5,2016-12-01
Egypt,National Average,97.0,Sugar,EGP,KG,14.5,2017-01-01
Egypt,National Average,97.0,Sugar,EGP,KG,14.5,2017-02-01
Egypt,National Average,97.0,Sugar,EGP,KG,12.5,2017-03-01
Egypt,National Average,97.0,Sugar,EGP,KG,12.5,2017-04-01
Egypt,National Average,97.0,Sugar,EGP,KG,14.5,2017-05-01
Egypt,National Average,97.0,Sugar,EGP,KG,14.5,2017-06-01
Egypt,National Average,97.0,Sugar,EGP,KG,14.5,2017-07-01
Egypt,National Average,97.0,Sugar,EGP,KG,14.5,2017-08-01
Egypt,National Average,97.0,Sugar,EGP,KG,14.5,2017-09-01
Egypt,National Average,97.0,Sugar,EGP,KG,14.0,2017-10-01
Egypt,National Average,97.0,Sugar,EGP,KG,14.0,2017-11-01
Egypt,National Average,97.0,Sugar,EGP,KG,14.0,2017-12-01
Egypt,National Average,97.0,Sugar,EGP,KG,14.0,2018-01-01
Egypt,National Average,97.0,Sugar,EGP,KG,14.0,2018-02-01
Egypt,National Average,97.0,Sugar,EGP,KG,14.0,2018-03-01
Egypt,National Average,97.0,Sugar,EGP,KG,14.0,2018-04-01
Egypt,National Average,97.0,Sugar,EGP,KG,14.0,2018-05-01
Egypt,National Average,97.0,Sugar,EGP,KG,14.0,2018-06-01
Egypt,National Average,97.0,Sugar,EGP,KG,14.0,2018-07-01
Egypt,National Average,97.0,Sugar,EGP,KG,14.0,2018-08-01
Egypt,National Average,97.0,Sugar,EGP,KG,14.0,2018-09-01
Egypt,National Average,97.0,Sugar,EGP,KG,14.0,2018-10-01
Egypt,National Average,97.0,Sugar,EGP,KG,14.0,2018-11-01
Egypt,National Average,97.0,Sugar,EGP,KG,14.11,2018-12-01
Egypt,National Average,97.0,Sugar,EGP,KG,14.11,2019-01-01
Egypt,National Average,97.0,Sugar,EGP,KG,14.11,2019-02-01
Egypt,National Average,97.0,Sugar,EGP,KG,14.01,2019-03-01
Egypt,National Average,97.0,Sugar,EGP,KG,14.01,2019-04-01
Egypt,National Average,97.0,Sugar,EGP,KG,14.0,2019-05-01
Egypt,National Average,97.0,Sugar,EGP,KG,14.01,2019-06-01
Egypt,National Average,97.0,Sugar,EGP,KG,14.01,2019-07-01
Egypt,National Average,97.0,Sugar,EGP,KG,14.01,2019-08-01
Egypt,National Average,97.0,Sugar,EGP,KG,14.01,2019-09-01
Egypt,National Average,97.0,Sugar,EGP,KG,14.1,2019-10-01
Egypt,National Average,97.0,Sugar,EGP,KG,14.0,2019-11-01
Egypt,National Average,97.0,Sugar,EGP,KG,14.01,2019-12-01
Egypt,National Average,97.0,Sugar,EGP,KG,14.01,2020-01-01
Egypt,National Average,97.0,Sugar,EGP,KG,14.01,2020-02-01
Egypt,National Average,97.0,Sugar,EGP,KG,14.01,2020-03-01
Egypt,National Average,97.0,Sugar,EGP,KG,14.01,2020-04-01
Egypt,National Average,97.0,Sugar,EGP,KG,14.01,2020-05-01
Egypt,National Average,97.0,Sugar,EGP,KG,14.01,2020-06-01
Egypt,National Average,97.0,Sugar,EGP,KG,14.01,2020-07-01
Egypt,National Average,105.0,Garlic,EGP,KG,11.2558,2010-08-01
Egypt,National Average,105.0,Garlic,EGP,KG,11.9137,2010-09-01
Egypt,National Average,105.0,Garlic,EGP,KG,13.0104,2010-10-01
Egypt,National Average,105.0,Garlic,EGP,KG,13.1003,2010-11-01
Egypt,National Average,105.0,Garlic,EGP,KG,12.9368,2010-12-01
Egypt,National Average,105.0,Garlic,EGP,KG,13.4048,2011-01-01
Egypt,National Average,105.0,Garlic,EGP,KG,13.1823,2011-02-01
Egypt,National Average,105.0,Garlic,EGP,KG,6.6,2011-03-01
Egypt,National Average,105.0,Garlic,EGP,KG,3.28,2011-04-01
Egypt,National Average,105.0,Garlic,EGP,KG,3.85,2011-05-01
Egypt,National Average,105.0,Garlic,EGP,KG,5.83,2011-06-01
Egypt,National Average,105.0,Garlic,EGP,KG,7.5437,2011-07-01
Egypt,National Average,105.0,Garlic,EGP,KG,8.5813,2011-08-01
Egypt,National Average,105.0,Garlic,EGP,KG,9.4,2011-09-01
Egypt,National Average,105.0,Garlic,EGP,KG,9.0,2011-10-01
Egypt,National Average,105.0,Garlic,EGP,KG,9.7,2011-11-01
Egypt,National Average,105.0,Garlic,EGP,KG,8.0,2011-12-01
Egypt,National Average,105.0,Garlic,EGP,KG,8.0,2012-01-01
Egypt,National Average,105.0,Garlic,EGP,KG,6.9,2012-02-01
Egypt,National Average,105.0,Garlic,EGP,KG,8.7,2012-03-01
Egypt,National Average,105.0,Garlic,EGP,KG,3.32,2012-04-01
Egypt,National Average,105.0,Garlic,EGP,KG,2.5,2012-05-01
Egypt,National Average,105.0,Garlic,EGP,KG,3.75,2012-06-01
Egypt,National Average,105.0,Garlic,EGP,KG,5.3,2012-07-01
Egypt,National Average,105.0,Garlic,EGP,KG,2.7,2012-08-01
Egypt,National Average,105.0,Garlic,EGP,KG,8.5,2012-09-01
Egypt,National Average,105.0,Garlic,EGP,KG,9.0,2012-10-01
Egypt,National Average,105.0,Garlic,EGP,KG,7.9,2012-11-01
Egypt,National Average,105.0,Garlic,EGP,KG,11.3,2012-12-01
Egypt,National Average,105.0,Garlic,EGP,KG,7.9,2013-01-01
Egypt,National Average,105.0,Garlic,EGP,KG,6.0,2013-02-01
Egypt,National Average,105.0,Garlic,EGP,KG,8.69,2013-03-01
Egypt,National Average,105.0,Garlic,EGP,KG,9.69,2013-04-01
Egypt,National Average,105.0,Garlic,EGP,KG,10.75,2013-05-01
Egypt,National Average,105.0,Garlic,EGP,KG,12.0,2013-06-01
Egypt,National Average,105.0,Garlic,EGP,KG,11.687,2013-07-01
Egypt,National Average,105.0,Garlic,EGP,KG,12.375,2013-08-01
Egypt,National Average,105.0,Garlic,EGP,KG,11.83,2013-09-01
Egypt,National Average,105.0,Garlic,EGP,KG,15.5,2013-10-01
Egypt,National Average,105.0,Garlic,EGP,KG,16.13,2013-11-01
Egypt,National Average,105.0,Garlic,EGP,KG,14.0,2013-12-01
Egypt,National Average,105.0,Garlic,EGP,KG,17.0,2014-01-01
Egypt,National Average,105.0,Garlic,EGP,KG,17.44,2014-02-01
Egypt,National Average,105.0,Garlic,EGP,KG,11.9,2014-03-01
Egypt,National Average,105.0,Garlic,EGP,KG,9.125,2014-04-01
Egypt,National Average,105.0,Garlic,EGP,KG,11.563,2014-05-01
Egypt,National Average,105.0,Garlic,EGP,KG,11.4,2014-06-01
Egypt,National Average,105.0,Garlic,EGP,KG,11.69,2014-07-01
Egypt,National Average,105.0,Garlic,EGP,KG,13.38,2014-08-01
Egypt,National Average,105.0,Garlic,EGP,KG,15.63,2014-09-01
Egypt,National Average,105.0,Garlic,EGP,KG,13.84,2014-10-01
Egypt,National Average,105.0,Garlic,EGP,KG,13.05,2014-11-01
Egypt,National Average,105.0,Garlic,EGP,KG,15.3,2014-12-01
Egypt,National Average,105.0,Garlic,EGP,KG,14.0,2015-01-01
Egypt,National Average,105.0,Garlic,EGP,KG,14.8,2015-02-01
Egypt,National Average,105.0,Garlic,EGP,KG,9.3,2015-04-01
Egypt,National Average,105.0,Garlic,EGP,KG,9.1,2015-05-01
Egypt,National Average,105.0,Garlic,EGP,KG,9.4,2015-06-01
Egypt,National Average,105.0,Garlic,EGP,KG,11.3,2015-07-01
Egypt,National Average,105.0,Garlic,EGP,KG,10.0,2015-08-01
Egypt,National Average,105.0,Garlic,EGP,KG,10.8,2015-09-01
Egypt,National Average,105.0,Garlic,EGP,KG,10.13,2015-10-01
Egypt,National Average,105.0,Garlic,EGP,KG,11.13,2015-11-01
Egypt,National Average,105.0,Garlic,EGP,KG,11.13,2015-12-01
Egypt,National Average,105.0,Garlic,EGP,KG,11.13,2016-01-01
Egypt,National Average,105.0,Garlic,EGP,KG,12.13,2016-02-01
Egypt,National Average,105.0,Garlic,EGP,KG,12.13,2016-03-01
Egypt,National Average,105.0,Garlic,EGP,KG,13.13,2016-04-01
Egypt,National Average,105.0,Garlic,EGP,KG,14.5,2016-06-01
Egypt,National Average,105.0,Garlic,EGP,KG,14.5,2016-07-01
Egypt,National Average,105.0,Garlic,EGP,KG,14.5,2016-08-01
Egypt,National Average,105.0,Garlic,EGP,KG,15.5,2016-09-01
Egypt,National Average,105.0,Garlic,EGP,KG,15.5,2016-10-01
Egypt,National Average,105.0,Garlic,EGP,KG,16.5,2016-11-01
Egypt,National Average,105.0,Garlic,EGP,KG,17.5,2016-12-01
Egypt,National Average,105.0,Garlic,EGP,KG,19.5,2017-01-01
Egypt,National Average,105.0,Garlic,EGP,KG,22.5,2017-02-01
Egypt,National Average,105.0,Garlic,EGP,KG,22.5,2017-03-01
Egypt,National Average,105.0,Garlic,EGP,KG,22.5,2017-04-01
Egypt,National Average,105.0,Garlic,EGP,KG,25.5,2017-05-01
Egypt,National Average,105.0,Garlic,EGP,KG,28.5,2017-06-01
Egypt,National Average,105.0,Garlic,EGP,KG,28.5,2017-07-01
Egypt,National Average,105.0,Garlic,EGP,KG,28.5,2017-08-01
Egypt,National Average,105.0,Garlic,EGP,KG,28.5,2017-09-01
Egypt,National Average,105.0,Garlic,EGP,KG,28.5,2017-10-01
Egypt,National Average,105.0,Garlic,EGP,KG,28.5,2017-11-01
Egypt,National Average,105.0,Garlic,EGP,KG,28.5,2017-12-01
Egypt,National Average,105.0,Garlic,EGP,KG,28.5,2018-01-01
Egypt,National Average,105.0,Garlic,EGP,KG,28.5,2018-02-01
Egypt,National Average,105.0,Garlic,EGP,KG,28.5,2018-03-01
Egypt,National Average,105.0,Garlic,EGP,KG,11.0,2018-04-01
Egypt,National Average,105.0,Garlic,EGP,KG,13.0,2018-05-01
Egypt,National Average,105.0,Garlic,EGP,KG,13.0,2018-06-01
Egypt,National Average,105.0,Garlic,EGP,KG,13.0,2018-07-01
Egypt,National Average,105.0,Garlic,EGP,KG,13.25,2018-08-01
Egypt,National Average,105.0,Garlic,EGP,KG,10.31,2018-09-01
Egypt,National Average,105.0,Garlic,EGP,KG,12.69,2018-10-01
Egypt,National Average,105.0,Garlic,EGP,KG,11.72,2018-11-01
Egypt,National Average,105.0,Garlic,EGP,KG,14.1,2018-12-01
Egypt,National Average,105.0,Garlic,EGP,KG,13.19,2019-01-01
Egypt,National Average,105.0,Garlic,EGP,KG,13.19,2019-02-01
Egypt,National Average,105.0,Garlic,EGP,KG,13.11,2019-03-01
Egypt,National Average,105.0,Garlic,EGP,KG,17.08,2019-04-01
Egypt,National Average,105.0,Garlic,EGP,KG,16.53,2019-05-01
Egypt,National Average,105.0,Garlic,EGP,KG,13.74,2019-06-01
Egypt,National Average,105.0,Garlic,EGP,KG,15.01,2019-07-01
Egypt,National Average,105.0,Garlic,EGP,KG,17.38,2019-08-01
Egypt,National Average,105.0,Garlic,EGP,KG,18.22,2019-09-01
Egypt,National Average,105.0,Garlic,EGP,KG,18.68,2019-10-01
Egypt,National Average,105.0,Garlic,EGP,KG,21.68,2019-11-01
Egypt,National Average,105.0,Garlic,EGP,KG,21.68,2019-12-01
Egypt,National Average,105.0,Garlic,EGP,KG,21.68,2020-01-01
Egypt,National Average,105.0,Garlic,EGP,KG,21.68,2020-02-01
Egypt,National Average,105.0,Garlic,EGP,KG,22.56,2020-03-01
Egypt,National Average,105.0,Garlic,EGP,KG,23.56,2020-04-01
Egypt,National Average,105.0,Garlic,EGP,KG,18.16,2020-05-01
Egypt,National Average,105.0,Garlic,EGP,KG,21.28,2020-06-01
Egypt,National Average,105.0,Garlic,EGP,KG,21.86,2020-07-01
Egypt,National Average,106.0,Ghee (artificial),EGP,KG,9.8247,2010-08-01
Egypt,National Average,106.0,Ghee (artificial),EGP,KG,9.8565,2010-09-01
Egypt,National Average,106.0,Ghee (artificial),EGP,KG,9.9752,2010-10-01
Egypt,National Average,106.0,Ghee (artificial),EGP,KG,9.9909,2010-11-01
Egypt,National Average,106.0,Ghee (artificial),EGP,KG,10.2249,2010-12-01
Egypt,National Average,106.0,Ghee (artificial),EGP,KG,10.5002,2011-01-01
Egypt,National Average,106.0,Ghee (artificial),EGP,KG,10.8408,2011-02-01
Egypt,National Average,106.0,Ghee (artificial),EGP,KG,11.12,2011-03-01
Egypt,National Average,106.0,Ghee (artificial),EGP,KG,11.9,2011-04-01
Egypt,National Average,106.0,Ghee (artificial),EGP,KG,12.1625,2011-05-01
Egypt,National Average,106.0,Ghee (artificial),EGP,KG,12.145,2011-06-01
Egypt,National Average,106.0,Ghee (artificial),EGP,KG,12.1563,2011-07-01
Egypt,National Average,106.0,Ghee (artificial),EGP,KG,12.2688,2011-08-01
Egypt,National Average,106.0,Ghee (artificial),EGP,KG,12.2,2011-09-01
Egypt,National Average,106.0,Ghee (artificial),EGP,KG,12.3,2011-10-01
Egypt,National Average,106.0,Ghee (artificial),EGP,KG,12.3,2011-11-01
Egypt,National Average,106.0,Ghee (artificial),EGP,KG,12.3,2011-12-01
Egypt,National Average,106.0,Ghee (artificial),EGP,KG,11.8,2012-01-01
Egypt,National Average,106.0,Ghee (artificial),EGP,KG,12.1,2012-02-01
Egypt,National Average,106.0,Ghee (artificial),EGP,KG,14.1,2012-03-01
Egypt,National Average,106.0,Ghee (artificial),EGP,KG,12.18,2012-05-01
Egypt,National Average,106.0,Ghee (artificial),EGP,KG,12.56,2012-06-01
Egypt,National Average,106.0,Ghee (artificial),EGP,KG,12.1,2012-07-01
Egypt,National Average,106.0,Ghee (artificial),EGP,KG,12.0,2012-08-01
Egypt,National Average,106.0,Ghee (artificial),EGP,KG,12.4,2012-09-01
Egypt,National Average,106.0,Ghee (artificial),EGP,KG,11.4,2012-10-01
Egypt,National Average,106.0,Ghee (artificial),EGP,KG,11.3,2012-11-01
Egypt,National Average,106.0,Ghee (artificial),EGP,KG,11.6,2012-12-01
Egypt,National Average,106.0,Ghee (artificial),EGP,KG,11.8,2013-01-01
Egypt,National Average,106.0,Ghee (artificial),EGP,KG,12.25,2013-02-01
Egypt,National Average,106.0,Ghee (artificial),EGP,KG,14.09,2013-03-01
Egypt,National Average,106.0,Ghee (artificial),EGP,KG,11.56,2013-04-01
Egypt,National Average,106.0,Ghee (artificial),EGP,KG,12.38,2013-05-01
Egypt,National Average,106.0,Ghee (artificial),EGP,KG,13.1,2013-06-01
Egypt,National Average,106.0,Ghee (artificial),EGP,KG,13.25,2013-07-01
Egypt,National Average,106.0,Ghee (artificial),EGP,KG,12.875,2013-08-01
Egypt,National Average,106.0,Ghee (artificial),EGP,KG,13.13,2013-09-01
Egypt,National Average,106.0,Ghee (artificial),EGP,KG,13.56,2013-10-01
Egypt,National Average,106.0,Ghee (artificial),EGP,KG,12.63,2013-11-01
Egypt,National Average,106.0,Ghee (artificial),EGP,KG,11.95,2013-12-01
Egypt,National Average,106.0,Ghee (artificial),EGP,KG,12.25,2014-01-01
Egypt,National Average,106.0,Ghee (artificial),EGP,KG,12.38,2014-02-01
Egypt,National Average,106.0,Ghee (artificial),EGP,KG,11.925,2014-03-01
Egypt,National Average,106.0,Ghee (artificial),EGP,KG,12.75,2014-04-01
Egypt,National Average,106.0,Ghee (artificial),EGP,KG,13.0,2014-05-01
Egypt,National Average,106.0,Ghee (artificial),EGP,KG,12.49,2014-06-01
Egypt,National Average,106.0,Ghee (artificial),EGP,KG,12.0,2014-07-01
Egypt,National Average,106.0,Ghee (artificial),EGP,KG,12.53,2014-08-01
Egypt,National Average,106.0,Ghee (artificial),EGP,KG,13.13,2014-09-01
Egypt,National Average,106.0,Ghee (artificial),EGP,KG,12.67,2014-10-01
Egypt,National Average,106.0,Ghee (artificial),EGP,KG,13.0,2014-11-01
Egypt,National Average,106.0,Ghee (artificial),EGP,KG,12.8,2014-12-01
Egypt,National Average,106.0,Ghee (artificial),EGP,KG,12.4,2015-01-01
Egypt,National Average,106.0,Ghee (artificial),EGP,KG,12.3,2015-02-01
Egypt,National Average,106.0,Ghee (artificial),EGP,KG,13.4,2015-04-01
Egypt,National Average,106.0,Ghee (artificial),EGP,KG,12.7,2015-05-01
Egypt,National Average,106.0,Ghee (artificial),EGP,KG,12.2,2015-06-01
Egypt,National Average,106.0,Ghee (artificial),EGP,KG,12.5,2015-07-01
Egypt,National Average,106.0,Ghee (artificial),EGP,KG,12.6,2015-08-01
Egypt,National Average,106.0,Ghee (artificial),EGP,KG,12.6,2015-09-01
Egypt,National Average,107.0,Ghee (natural),EGP,KG,33.422,2010-08-01
Egypt,National Average,107.0,Ghee (natural),EGP,KG,34.1134,2010-09-01
Egypt,National Average,107.0,Ghee (natural),EGP,KG,34.7584,2010-10-01
Egypt,National Average,107.0,Ghee (natural),EGP,KG,35.001,2010-11-01
Egypt,National Average,107.0,Ghee (natural),EGP,KG,35.2727,2010-12-01
Egypt,National Average,107.0,Ghee (natural),EGP,KG,35.596,2011-01-01
Egypt,National Average,107.0,Ghee (natural),EGP,KG,36.5043,2011-02-01
Egypt,National Average,107.0,Ghee (natural),EGP,KG,36.49,2011-03-01
Egypt,National Average,107.0,Ghee (natural),EGP,KG,36.62,2011-04-01
Egypt,National Average,107.0,Ghee (natural),EGP,KG,37.2063,2011-05-01
Egypt,National Average,107.0,Ghee (natural),EGP,KG,37.3988,2011-06-01
Egypt,National Average,107.0,Ghee (natural),EGP,KG,38.0,2011-07-01
Egypt,National Average,107.0,Ghee (natural),EGP,KG,39.3312,2011-08-01
Egypt,National Average,107.0,Ghee (natural),EGP,KG,40.9,2011-09-01
Egypt,National Average,107.0,Ghee (natural),EGP,KG,41.2,2011-10-01
Egypt,National Average,107.0,Ghee (natural),EGP,KG,41.6,2011-11-01
Egypt,National Average,107.0,Ghee (natural),EGP,KG,41.1,2011-12-01
Egypt,National Average,107.0,Ghee (natural),EGP,KG,42.1,2012-01-01
Egypt,National Average,107.0,Ghee (natural),EGP,KG,42.4,2012-02-01
Egypt,National Average,107.0,Ghee (natural),EGP,KG,42.3,2012-03-01
Egypt,National Average,107.0,Ghee (natural),EGP,KG,41.8,2012-04-01
Egypt,National Average,107.0,Ghee (natural),EGP,KG,43.25,2012-05-01
Egypt,National Average,107.0,Ghee (natural),EGP,KG,33.0,2012-06-01
Egypt,National Average,107.0,Ghee (natural),EGP,KG,36.2,2012-07-01
Egypt,National Average,107.0,Ghee (natural),EGP,KG,42.125,2012-08-01
Egypt,National Average,107.0,Ghee (natural),EGP,KG,40.175,2012-09-01
Egypt,National Average,107.0,Ghee (natural),EGP,KG,37.3,2012-10-01
Egypt,National Average,107.0,Ghee (natural),EGP,KG,40.4,2012-11-01
Egypt,National Average,107.0,Ghee (natural),EGP,KG,38.1,2012-12-01
Egypt,National Average,107.0,Ghee (natural),EGP,KG,38.1,2013-01-01
Egypt,National Average,107.0,Ghee (natural),EGP,KG,40.5,2013-02-01
Egypt,National Average,107.0,Ghee (natural),EGP,KG,42.25,2013-03-01
Egypt,National Average,107.0,Ghee (natural),EGP,KG,37.75,2013-04-01
Egypt,National Average,107.0,Ghee (natural),EGP,KG,40.75,2013-05-01
Egypt,National Average,107.0,Ghee (natural),EGP,KG,41.7,2013-06-01
Egypt,National Average,107.0,Ghee (natural),EGP,KG,41.125,2013-07-01
Egypt,National Average,107.0,Ghee (natural),EGP,KG,44.5,2013-08-01
Egypt,National Average,107.0,Ghee (natural),EGP,KG,42.8,2013-09-01
Egypt,National Average,107.0,Ghee (natural),EGP,KG,43.12,2013-10-01
Egypt,National Average,107.0,Ghee (natural),EGP,KG,41.69,2013-11-01
Egypt,National Average,107.0,Ghee (natural),EGP,KG,42.9,2013-12-01
Egypt,National Average,107.0,Ghee (natural),EGP,KG,42.63,2014-01-01
Egypt,National Average,107.0,Ghee (natural),EGP,KG,48.0,2014-02-01
Egypt,National Average,107.0,Ghee (natural),EGP,KG,43.0,2014-03-01
Egypt,National Average,107.0,Ghee (natural),EGP,KG,40.625,2014-04-01
Egypt,National Average,107.0,Ghee (natural),EGP,KG,42.375,2014-05-01
Egypt,National Average,107.0,Ghee (natural),EGP,KG,43.85,2014-06-01
Egypt,National Average,107.0,Ghee (natural),EGP,KG,45.0,2014-07-01
Egypt,National Average,107.0,Ghee (natural),EGP,KG,46.1,2014-08-01
Egypt,National Average,107.0,Ghee (natural),EGP,KG,45.22,2014-09-01
Egypt,National Average,107.0,Ghee (natural),EGP,KG,47.83,2014-10-01
Egypt,National Average,107.0,Ghee (natural),EGP,KG,46.8,2014-11-01
Egypt,National Average,107.0,Ghee (natural),EGP,KG,47.8,2014-12-01
Egypt,National Average,107.0,Ghee (natural),EGP,KG,46.8,2015-01-01
Egypt,National Average,107.0,Ghee (natural),EGP,KG,46.9,2015-02-01
Egypt,National Average,107.0,Ghee (natural),EGP,KG,48.0,2015-04-01
Egypt,National Average,107.0,Ghee (natural),EGP,KG,48.1,2015-05-01
Egypt,National Average,107.0,Ghee (natural),EGP,KG,48.7,2015-06-01
Egypt,National Average,107.0,Ghee (natural),EGP,KG,47.3,2015-07-01
Egypt,National Average,107.0,Ghee (natural),EGP,KG,47.0,2015-08-01
Egypt,National Average,107.0,Ghee (natural),EGP,KG,50.8,2015-09-01
Egypt,National Average,107.0,Ghee (natural),EGP,KG,58.43,2015-10-01
Egypt,National Average,107.0,Ghee (natural),EGP,KG,58.43,2015-11-01
Egypt,National Average,107.0,Ghee (natural),EGP,KG,58.43,2015-12-01
Egypt,National Average,107.0,Ghee (natural),EGP,KG,62.43,2016-01-01
Egypt,National Average,107.0,Ghee (natural),EGP,KG,63.43,2016-02-01
Egypt,National Average,107.0,Ghee (natural),EGP,KG,63.43,2016-03-01
Egypt,National Average,107.0,Ghee (natural),EGP,KG,63.43,2016-04-01
Egypt,National Average,107.0,Ghee (natural),EGP,KG,63.43,2016-06-01
Egypt,National Average,107.0,Ghee (natural),EGP,KG,63.43,2016-07-01
Egypt,National Average,107.0,Ghee (natural),EGP,KG,63.43,2016-08-01
Egypt,National Average,107.0,Ghee (natural),EGP,KG,65.43,2016-09-01
Egypt,National Average,107.0,Ghee (natural),EGP,KG,69.43,2016-10-01
Egypt,National Average,107.0,Ghee (natural),EGP,KG,74.43,2016-11-01
Egypt,National Average,107.0,Ghee (natural),EGP,KG,79.43,2016-12-01
Egypt,National Average,107.0,Ghee (natural),EGP,KG,85.0,2017-01-01
Egypt,National Average,107.0,Ghee (natural),EGP,KG,90.0,2017-02-01
Egypt,National Average,107.0,Ghee (natural),EGP,KG,90.0,2017-03-01
Egypt,National Average,107.0,Ghee (natural),EGP,KG,85.0,2017-04-01
Egypt,National Average,107.0,Ghee (natural),EGP,KG,85.0,2017-05-01
Egypt,National Average,107.0,Ghee (natural),EGP,KG,85.0,2017-06-01
Egypt,National Average,107.0,Ghee (natural),EGP,KG,90.0,2017-07-01
Egypt,National Average,107.0,Ghee (natural),EGP,KG,97.0,2017-08-01
Egypt,National Average,107.0,Ghee (natural),EGP,KG,97.0,2017-09-01
Egypt,National Average,107.0,Ghee (natural),EGP,KG,97.0,2017-10-01
Egypt,National Average,107.0,Ghee (natural),EGP,KG,97.0,2017-11-01
Egypt,National Average,107.0,Ghee (natural),EGP,KG,97.0,2017-12-01
Egypt,National Average,107.0,Ghee (natural),EGP,KG,97.0,2018-01-01
Egypt,National Average,107.0,Ghee (natural),EGP,KG,97.0,2018-02-01
Egypt,National Average,107.0,Ghee (natural),EGP,KG,97.0,2018-03-01
Egypt,National Average,107.0,Ghee (natural),EGP,KG,97.0,2018-04-01
Egypt,National Average,107.0,Ghee (natural),EGP,KG,97.0,2018-05-01
Egypt,National Average,107.0,Ghee (natural),EGP,KG,97.0,2018-06-01
Egypt,National Average,107.0,Ghee (natural),EGP,KG,97.0,2018-07-01
Egypt,National Average,107.0,Ghee (natural),EGP,KG,95.37,2018-08-01
Egypt,National Average,107.0,Ghee (natural),EGP,KG,95.37,2018-09-01
Egypt,National Average,107.0,Ghee (natural),EGP,KG,94.45,2018-10-01
Egypt,National Average,107.0,Ghee (natural),EGP,KG,95.3,2018-11-01
Egypt,National Average,107.0,Ghee (natural),EGP,KG,97.12,2018-12-01
Egypt,National Average,107.0,Ghee (natural),EGP,KG,98.41,2019-01-01
Egypt,National Average,107.0,Ghee (natural),EGP,KG,96.78,2019-02-01
Egypt,National Average,107.0,Ghee (natural),EGP,KG,95.62,2019-03-01
Egypt,National Average,107.0,Ghee (natural),EGP,KG,96.1,2019-04-01
Egypt,National Average,107.0,Ghee (natural),EGP,KG,96.1,2019-05-01
Egypt,National Average,107.0,Ghee (natural),EGP,KG,98.27,2019-06-01
Egypt,National Average,107.0,Ghee (natural),EGP,KG,95.7,2019-07-01
Egypt,National Average,107.0,Ghee (natural),EGP,KG,95.7,2019-08-01
Egypt,National Average,107.0,Ghee (natural),EGP,KG,95.7,2019-09-01
Egypt,National Average,107.0,Ghee (natural),EGP,KG,96.2,2019-10-01
Egypt,National Average,107.0,Ghee (natural),EGP,KG,106.2,2019-11-01
Egypt,National Average,107.0,Ghee (natural),EGP,KG,106.2,2019-12-01
Egypt,National Average,107.0,Ghee (natural),EGP,KG,106.2,2020-01-01
Egypt,National Average,107.0,Ghee (natural),EGP,KG,107.23,2020-02-01
Egypt,National Average,107.0,Ghee (natural),EGP,KG,107.23,2020-03-01
Egypt,National Average,107.0,Ghee (natural),EGP,KG,107.23,2020-04-01
Egypt,National Average,107.0,Ghee (natural),EGP,KG,107.23,2020-05-01
Egypt,National Average,107.0,Ghee (natural),EGP,KG,106.22,2020-06-01
Egypt,National Average,107.0,Ghee (natural),EGP,KG,106.34,2020-07-01
Egypt,National Average,108.0,Lentils,EGP,KG,8.889,2010-08-01
Egypt,National Average,108.0,Lentils,EGP,KG,8.9104,2010-09-01
Egypt,National Average,108.0,Lentils,EGP,KG,9.2282,2010-10-01
Egypt,National Average,108.0,Lentils,EGP,KG,9.4922,2010-11-01
Egypt,National Average,108.0,Lentils,EGP,KG,9.4679,2010-12-01
Egypt,National Average,108.0,Lentils,EGP,KG,9.5535,2011-01-01
Egypt,National Average,108.0,Lentils,EGP,KG,9.8121,2011-02-01
Egypt,National Average,108.0,Lentils,EGP,KG,10.06,2011-03-01
Egypt,National Average,108.0,Lentils,EGP,KG,10.48,2011-04-01
Egypt,National Average,108.0,Lentils,EGP,KG,10.5361,2011-05-01
Egypt,National Average,108.0,Lentils,EGP,KG,10.728,2011-06-01
Egypt,National Average,108.0,Lentils,EGP,KG,10.6181,2011-07-01
Egypt,National Average,108.0,Lentils,EGP,KG,10.0,2011-08-01
Egypt,National Average,108.0,Lentils,EGP,KG,9.9,2011-09-01
Egypt,National Average,108.0,Lentils,EGP,KG,10.0,2011-10-01
Egypt,National Average,108.0,Lentils,EGP,KG,9.9,2011-11-01
Egypt,National Average,108.0,Lentils,EGP,KG,10.2,2011-12-01
Egypt,National Average,108.0,Lentils,EGP,KG,11.6,2012-01-01
Egypt,National Average,108.0,Lentils,EGP,KG,11.1,2012-02-01
Egypt,National Average,108.0,Lentils,EGP,KG,11.0,2012-03-01
Egypt,National Average,108.0,Lentils,EGP,KG,11.395,2012-04-01
Egypt,National Average,108.0,Lentils,EGP,KG,8.1,2012-05-01
Egypt,National Average,108.0,Lentils,EGP,KG,10.35,2012-06-01
Egypt,National Average,108.0,Lentils,EGP,KG,10.26,2012-07-01
Egypt,National Average,108.0,Lentils,EGP,KG,10.5,2012-08-01
Egypt,National Average,108.0,Lentils,EGP,KG,9.78,2012-09-01
Egypt,National Average,108.0,Lentils,EGP,KG,11.6,2012-10-01
Egypt,National Average,108.0,Lentils,EGP,KG,10.6,2012-11-01
Egypt,National Average,108.0,Lentils,EGP,KG,10.9,2012-12-01
Egypt,National Average,108.0,Lentils,EGP,KG,9.8,2013-01-01
Egypt,National Average,108.0,Lentils,EGP,KG,11.5,2013-02-01
Egypt,National Average,108.0,Lentils,EGP,KG,10.96,2013-03-01
Egypt,National Average,108.0,Lentils,EGP,KG,11.44,2013-04-01
Egypt,National Average,108.0,Lentils,EGP,KG,12.0,2013-05-01
Egypt,National Average,108.0,Lentils,EGP,KG,11.425,2013-06-01
Egypt,National Average,108.0,Lentils,EGP,KG,12.031,2013-07-01
Egypt,National Average,108.0,Lentils,EGP,KG,12.5,2013-08-01
Egypt,National Average,108.0,Lentils,EGP,KG,11.7,2013-09-01
Egypt,National Average,108.0,Lentils,EGP,KG,11.69,2013-10-01
Egypt,National Average,108.0,Lentils,EGP,KG,12.19,2013-11-01
Egypt,National Average,108.0,Lentils,EGP,KG,10.7,2013-12-01
Egypt,National Average,108.0,Lentils,EGP,KG,11.81,2014-01-01
Egypt,National Average,108.0,Lentils,EGP,KG,11.69,2014-02-01
Egypt,National Average,108.0,Lentils,EGP,KG,10.45,2014-03-01
Egypt,National Average,108.0,Lentils,EGP,KG,11.5,2014-04-01
Egypt,National Average,108.0,Lentils,EGP,KG,11.625,2014-05-01
Egypt,National Average,108.0,Lentils,EGP,KG,11.2,2014-06-01
Egypt,National Average,108.0,Lentils,EGP,KG,9.84,2014-07-01
Egypt,National Average,108.0,Lentils,EGP,KG,10.98,2014-08-01
Egypt,National Average,108.0,Lentils,EGP,KG,11.56,2014-09-01
Egypt,National Average,108.0,Lentils,EGP,KG,11.13,2014-10-01
Egypt,National Average,108.0,Lentils,EGP,KG,10.9,2014-11-01
Egypt,National Average,108.0,Lentils,EGP,KG,11.6,2014-12-01
Egypt,National Average,108.0,Lentils,EGP,KG,11.6,2015-01-01
Egypt,National Average,108.0,Lentils,EGP,KG,11.8,2015-02-01
Egypt,National Average,108.0,Lentils,EGP,KG,13.4,2015-04-01
Egypt,National Average,108.0,Lentils,EGP,KG,12.6,2015-05-01
Egypt,National Average,108.0,Lentils,EGP,KG,13.3,2015-06-01
Egypt,National Average,108.0,Lentils,EGP,KG,12.6,2015-07-01
Egypt,National Average,108.0,Lentils,EGP,KG,14.0,2015-08-01
Egypt,National Average,108.0,Lentils,EGP,KG,12.5,2015-09-01
Egypt,National Average,108.0,Lentils,EGP,KG,12.65,2015-10-01
Egypt,National Average,108.0,Lentils,EGP,KG,13.65,2015-11-01
Egypt,National Average,108.0,Lentils,EGP,KG,13.65,2015-12-01
Egypt,National Average,108.0,Lentils,EGP,KG,13.65,2016-01-01
Egypt,National Average,108.0,Lentils,EGP,KG,14.15,2016-02-01
Egypt,National Average,108.0,Lentils,EGP,KG,14.15,2016-03-01
Egypt,National Average,108.0,Lentils,EGP,KG,14.15,2016-04-01
Egypt,National Average,108.0,Lentils,EGP,KG,14.15,2016-06-01
Egypt,National Average,108.0,Lentils,EGP,KG,14.15,2016-07-01
Egypt,National Average,108.0,Lentils,EGP,KG,14.15,2016-08-01
Egypt,National Average,108.0,Lentils,EGP,KG,14.15,2016-09-01
Egypt,National Average,108.0,Lentils,EGP,KG,17.15,2016-10-01
Egypt,National Average,108.0,Lentils,EGP,KG,21.15,2016-11-01
Egypt,National Average,108.0,Lentils,EGP,KG,21.15,2016-12-01
Egypt,National Average,108.0,Lentils,EGP,KG,21.65,2017-01-01
Egypt,National Average,108.0,Lentils,EGP,KG,21.65,2017-02-01
Egypt,National Average,108.0,Lentils,EGP,KG,21.65,2017-03-01
Egypt,National Average,108.0,Lentils,EGP,KG,21.65,2017-04-01
Egypt,National Average,108.0,Lentils,EGP,KG,21.65,2017-05-01
Egypt,National Average,108.0,Lentils,EGP,KG,21.65,2017-06-01
Egypt,National Average,108.0,Lentils,EGP,KG,21.65,2017-07-01
Egypt,National Average,108.0,Lentils,EGP,KG,21.65,2017-08-01
Egypt,National Average,108.0,Lentils,EGP,KG,21.65,2017-09-01
Egypt,National Average,108.0,Lentils,EGP,KG,21.65,2017-10-01
Egypt,National Average,108.0,Lentils,EGP,KG,21.65,2017-11-01
Egypt,National Average,108.0,Lentils,EGP,KG,20.65,2017-12-01
Egypt,National Average,108.0,Lentils,EGP,KG,20.65,2018-01-01
Egypt,National Average,108.0,Lentils,EGP,KG,20.65,2018-02-01
Egypt,National Average,108.0,Lentils,EGP,KG,20.65,2018-03-01
Egypt,National Average,108.0,Lentils,EGP,KG,20.65,2018-04-01
Egypt,National Average,108.0,Lentils,EGP,KG,20.65,2018-05-01
Egypt,National Average,108.0,Lentils,EGP,KG,20.65,2018-06-01
Egypt,National Average,108.0,Lentils,EGP,KG,20.65,2018-07-01
Egypt,National Average,108.0,Lentils,EGP,KG,20.1,2018-08-01
Egypt,National Average,108.0,Lentils,EGP,KG,19.9,2018-09-01
Egypt,National Average,108.0,Lentils,EGP,KG,20.52,2018-10-01
Egypt,National Average,108.0,Lentils,EGP,KG,20.52,2018-11-01
Egypt,National Average,108.0,Lentils,EGP,KG,20.41,2018-12-01
Egypt,National Average,108.0,Lentils,EGP,KG,19.63,2019-01-01
Egypt,National Average,108.0,Lentils,EGP,KG,19.63,2019-02-01
Egypt,National Average,108.0,Lentils,EGP,KG,19.63,2019-03-01
Egypt,National Average,108.0,Lentils,EGP,KG,19.32,2019-04-01
Egypt,National Average,108.0,Lentils,EGP,KG,19.32,2019-05-01
Egypt,National Average,108.0,Lentils,EGP,KG,19.09,2019-06-01
Egypt,National Average,108.0,Lentils,EGP,KG,19.09,2019-07-01
Egypt,National Average,108.0,Lentils,EGP,KG,19.09,2019-08-01
Egypt,National Average,108.0,Lentils,EGP,KG,19.09,2019-09-01
Egypt,National Average,108.0,Lentils,EGP,KG,18.54,2019-10-01
Egypt,National Average,108.0,Lentils,EGP,KG,18.54,2019-11-01
Egypt,National Average,108.0,Lentils,EGP,KG,18.54,2019-12-01
Egypt,National Average,108.0,Lentils,EGP,KG,18.54,2020-01-01
Egypt,National Average,108.0,Lentils,EGP,KG,18.54,2020-02-01
Egypt,National Average,108.0,Lentils,EGP,KG,18.54,2020-03-01
Egypt,National Average,108.0,Lentils,EGP,KG,18.54,2020-04-01
Egypt,National Average,108.0,Lentils,EGP,KG,18.54,2020-05-01
Egypt,National Average,108.0,Lentils,EGP,KG,18.42,2020-06-01
Egypt,National Average,108.0,Lentils,EGP,KG,18.47,2020-07-01
Egypt,National Average,110.0,Onions (red),EGP,KG,1.6983,2010-08-01
Egypt,National Average,110.0,Onions (red),EGP,KG,1.9597,2010-09-01
Egypt,National Average,110.0,Onions (red),EGP,KG,2.113,2010-10-01
Egypt,National Average,110.0,Onions (red),EGP,KG,2.234,2010-11-01
Egypt,National Average,110.0,Onions (red),EGP,KG,2.6451,2010-12-01
Egypt,National Average,110.0,Onions (red),EGP,KG,3.0045,2011-01-01
Egypt,National Average,110.0,Onions (red),EGP,KG,2.7982,2011-02-01
Egypt,National Average,110.0,Onions (red),EGP,KG,2.9,2011-03-01
Egypt,National Average,110.0,Onions (red),EGP,KG,3.04,2011-04-01
Egypt,National Average,110.0,Onions (red),EGP,KG,2.3538,2011-05-01
Egypt,National Average,110.0,Onions (red),EGP,KG,1.68,2011-06-01
Egypt,National Average,110.0,Onions (red),EGP,KG,1.625,2011-07-01
Egypt,National Average,110.0,Onions (red),EGP,KG,1.8956,2011-08-01
Egypt,National Average,110.0,Onions (red),EGP,KG,2.4,2011-09-01
Egypt,National Average,110.0,Onions (red),EGP,KG,2.8,2011-10-01
Egypt,National Average,110.0,Onions (red),EGP,KG,2.8,2011-11-01
Egypt,National Average,110.0,Onions (red),EGP,KG,2.7,2011-12-01
Egypt,National Average,110.0,Onions (red),EGP,KG,2.9,2012-01-01
Egypt,National Average,110.0,Onions (red),EGP,KG,2.4,2012-02-01
Egypt,National Average,110.0,Onions (red),EGP,KG,2.4,2012-03-01
Egypt,National Average,110.0,Onions (red),EGP,KG,2.625,2012-04-01
Egypt,National Average,110.0,Onions (red),EGP,KG,2.0,2012-05-01
Egypt,National Average,110.0,Onions (red),EGP,KG,2.01,2012-06-01
Egypt,National Average,110.0,Onions (red),EGP,KG,2.15,2012-07-01
Egypt,National Average,110.0,Onions (red),EGP,KG,2.5,2012-08-01
Egypt,National Average,110.0,Onions (red),EGP,KG,3.175,2012-09-01
Egypt,National Average,110.0,Onions (red),EGP,KG,2.8,2012-10-01
Egypt,National Average,110.0,Onions (red),EGP,KG,2.5,2012-11-01
Egypt,National Average,110.0,Onions (red),EGP,KG,2.5,2012-12-01
Egypt,National Average,110.0,Onions (red),EGP,KG,3.4,2013-01-01
Egypt,National Average,110.0,Onions (red),EGP,KG,3.75,2013-02-01
Egypt,National Average,110.0,Onions (red),EGP,KG,2.38,2013-03-01
Egypt,National Average,110.0,Onions (red),EGP,KG,3.88,2013-04-01
Egypt,National Average,110.0,Onions (red),EGP,KG,3.78,2013-05-01
Egypt,National Average,110.0,Onions (red),EGP,KG,3.525,2013-06-01
Egypt,National Average,110.0,Onions (red),EGP,KG,3.5,2013-07-01
Egypt,National Average,110.0,Onions (red),EGP,KG,3.375,2013-08-01
Egypt,National Average,110.0,Onions (red),EGP,KG,4.1,2013-09-01
Egypt,National Average,110.0,Onions (red),EGP,KG,5.56,2013-10-01
Egypt,National Average,110.0,Onions (red),EGP,KG,5.25,2013-11-01
Egypt,National Average,110.0,Onions (red),EGP,KG,3.475,2013-12-01
Egypt,National Average,110.0,Onions (red),EGP,KG,4.25,2014-01-01
Egypt,National Average,110.0,Onions (red),EGP,KG,4.06,2014-02-01
Egypt,National Average,110.0,Onions (red),EGP,KG,3.45,2014-03-01
Egypt,National Average,110.0,Onions (red),EGP,KG,4.188,2014-04-01
Egypt,National Average,110.0,Onions (red),EGP,KG,3.5,2014-05-01
Egypt,National Average,110.0,Onions (red),EGP,KG,3.025,2014-06-01
Egypt,National Average,110.0,Onions (red),EGP,KG,3.06,2014-07-01
Egypt,National Average,110.0,Onions (red),EGP,KG,3.1,2014-08-01
Egypt,National Average,110.0,Onions (red),EGP,KG,3.34,2014-09-01
Egypt,National Average,110.0,Onions (red),EGP,KG,3.04,2014-10-01
Egypt,National Average,110.0,Onions (red),EGP,KG,3.35,2014-11-01
Egypt,National Average,110.0,Onions (red),EGP,KG,3.3,2014-12-01
Egypt,National Average,110.0,Onions (red),EGP,KG,3.0,2015-01-01
Egypt,National Average,110.0,Onions (red),EGP,KG,3.1,2015-02-01
Egypt,National Average,110.0,Onions (red),EGP,KG,3.4,2015-04-01
Egypt,National Average,110.0,Onions (red),EGP,KG,3.2,2015-05-01
Egypt,National Average,110.0,Onions (red),EGP,KG,2.3,2015-06-01
Egypt,National Average,110.0,Onions (red),EGP,KG,2.6,2015-07-01
Egypt,National Average,110.0,Onions (red),EGP,KG,2.5,2015-08-01
Egypt,National Average,110.0,Onions (red),EGP,KG,3.0,2015-09-01
Egypt,National Average,110.0,Onions (red),EGP,KG,2.53,2016-01-01
Egypt,National Average,110.0,Onions (red),EGP,KG,2.53,2016-02-01
Egypt,National Average,110.0,Onions (red),EGP,KG,2.88,2016-03-01
Egypt,National Average,110.0,Onions (red),EGP,KG,3.13,2016-04-01
Egypt,National Average,110.0,Onions (red),EGP,KG,3.5,2016-06-01
Egypt,National Average,110.0,Onions (red),EGP,KG,3.75,2016-07-01
Egypt,National Average,110.0,Onions (red),EGP,KG,4.0,2016-08-01
Egypt,National Average,110.0,Onions (red),EGP,KG,4.25,2016-09-01
Egypt,National Average,110.0,Onions (red),EGP,KG,5.0,2016-10-01
Egypt,National Average,110.0,Onions (red),EGP,KG,6.25,2016-11-01
Egypt,National Average,110.0,Onions (red),EGP,KG,7.75,2016-12-01
Egypt,National Average,110.0,Onions (red),EGP,KG,8.25,2017-01-01
Egypt,National Average,110.0,Onions (red),EGP,KG,8.75,2017-02-01
Egypt,National Average,110.0,Onions (red),EGP,KG,9.75,2017-03-01
Egypt,National Average,110.0,Onions (red),EGP,KG,9.75,2017-04-01
Egypt,National Average,110.0,Onions (red),EGP,KG,6.0,2017-05-01
Egypt,National Average,110.0,Onions (red),EGP,KG,5.5,2017-06-01
Egypt,National Average,110.0,Onions (red),EGP,KG,5.0,2017-07-01
Egypt,National Average,110.0,Onions (red),EGP,KG,5.0,2017-08-01
Egypt,National Average,110.0,Onions (red),EGP,KG,5.35,2017-09-01
Egypt,National Average,110.0,Onions (red),EGP,KG,5.35,2017-10-01
Egypt,National Average,110.0,Onions (red),EGP,KG,5.35,2017-11-01
Egypt,National Average,110.0,Onions (red),EGP,KG,6.25,2017-12-01
Egypt,National Average,110.0,Onions (red),EGP,KG,6.25,2018-01-01
Egypt,National Average,110.0,Onions (red),EGP,KG,6.75,2018-02-01
Egypt,National Average,110.0,Onions (red),EGP,KG,6.75,2018-03-01
Egypt,National Average,110.0,Onions (red),EGP,KG,5.0,2018-04-01
Egypt,National Average,110.0,Onions (red),EGP,KG,5.35,2018-05-01
Egypt,National Average,110.0,Onions (red),EGP,KG,5.85,2018-06-01
Egypt,National Average,110.0,Onions (red),EGP,KG,6.85,2018-07-01
Egypt,National Average,110.0,Onions (red),EGP,KG,6.5,2018-08-01
Egypt,National Average,110.0,Onions (red),EGP,KG,6.75,2018-09-01
Egypt,National Average,110.0,Onions (red),EGP,KG,8.0,2018-10-01
Egypt,National Average,110.0,Onions (red),EGP,KG,8.25,2018-11-01
Egypt,National Average,110.0,Onions (red),EGP,KG,7.96,2018-12-01
Egypt,National Average,110.0,Onions (red),EGP,KG,8.15,2019-01-01
Egypt,National Average,110.0,Onions (red),EGP,KG,8.5,2019-02-01
Egypt,National Average,110.0,Onions (red),EGP,KG,9.24,2019-03-01
Egypt,National Average,110.0,Onions (red),EGP,KG,9.75,2019-04-01
Egypt,National Average,110.0,Onions (red),EGP,KG,7.0,2019-05-01
Egypt,National Average,110.0,Onions (red),EGP,KG,6.5,2019-06-01
Egypt,National Average,110.0,Onions (red),EGP,KG,6.5,2019-07-01
Egypt,National Average,110.0,Onions (red),EGP,KG,6.5,2019-08-01
Egypt,National Average,110.0,Onions (red),EGP,KG,6.86,2019-09-01
Egypt,National Average,110.0,Onions (red),EGP,KG,7.32,2019-10-01
Egypt,National Average,110.0,Onions (red),EGP,KG,7.82,2019-11-01
Egypt,National Average,110.0,Onions (red),EGP,KG,7.82,2019-12-01
Egypt,National Average,110.0,Onions (red),EGP,KG,8.39,2020-01-01
Egypt,National Average,110.0,Onions (red),EGP,KG,8.39,2020-02-01
Egypt,National Average,110.0,Onions (red),EGP,KG,9.2,2020-03-01
Egypt,National Average,110.0,Onions (red),EGP,KG,9.82,2020-04-01
Egypt,National Average,110.0,Onions (red),EGP,KG,7.21,2020-05-01
Egypt,National Average,110.0,Onions (red),EGP,KG,6.36,2020-06-01
Egypt,National Average,110.0,Onions (red),EGP,KG,5.79,2020-07-01
Egypt,National Average,111.0,Onions (white),EGP,KG,1.864,2010-08-01
Egypt,National Average,111.0,Onions (white),EGP,KG,1.9641,2010-09-01
Egypt,National Average,111.0,Onions (white),EGP,KG,2.1776,2010-10-01
Egypt,National Average,111.0,Onions (white),EGP,KG,2.3627,2010-11-01
Egypt,National Average,111.0,Onions (white),EGP,KG,2.6471,2010-12-01
Egypt,National Average,111.0,Onions (white),EGP,KG,2.5904,2011-01-01
Egypt,National Average,111.0,Onions (white),EGP,KG,2.0957,2011-02-01
Egypt,National Average,111.0,Onions (white),EGP,KG,2.1792,2011-03-01
Egypt,National Average,111.0,Onions (white),EGP,KG,2.17,2011-04-01
Egypt,National Average,111.0,Onions (white),EGP,KG,1.885,2011-05-01
Egypt,National Average,111.0,Onions (white),EGP,KG,1.6186,2011-06-01
Egypt,National Average,111.0,Onions (white),EGP,KG,1.7453,2011-07-01
Egypt,National Average,111.0,Onions (white),EGP,KG,1.9453,2011-08-01
Egypt,National Average,111.0,Onions (white),EGP,KG,2.3,2011-09-01
Egypt,National Average,111.0,Onions (white),EGP,KG,3.0,2011-10-01
Egypt,National Average,111.0,Onions (white),EGP,KG,2.9,2011-11-01
Egypt,National Average,111.0,Onions (white),EGP,KG,2.8,2011-12-01
Egypt,National Average,111.0,Onions (white),EGP,KG,2.3,2012-01-01
Egypt,National Average,111.0,Onions (white),EGP,KG,2.1,2012-02-01
Egypt,National Average,111.0,Onions (white),EGP,KG,2.0,2012-03-01
Egypt,National Average,111.0,Onions (white),EGP,KG,1.95,2012-04-01
Egypt,National Average,111.0,Onions (white),EGP,KG,1.75,2012-05-01
Egypt,National Average,111.0,Onions (white),EGP,KG,1.65,2012-06-01
Egypt,National Average,111.0,Onions (white),EGP,KG,1.85,2012-07-01
Egypt,National Average,111.0,Onions (white),EGP,KG,1.9,2012-08-01
Egypt,National Average,111.0,Onions (white),EGP,KG,3.175,2012-09-01
Egypt,National Average,111.0,Onions (white),EGP,KG,2.3,2012-10-01
Egypt,National Average,111.0,Onions (white),EGP,KG,2.2,2012-11-01
Egypt,National Average,111.0,Onions (white),EGP,KG,2.1,2012-12-01
Egypt,National Average,111.0,Onions (white),EGP,KG,2.9,2013-01-01
Egypt,National Average,111.0,Onions (white),EGP,KG,3.75,2013-02-01
Egypt,National Average,111.0,Onions (white),EGP,KG,1.97,2013-03-01
Egypt,National Average,111.0,Onions (white),EGP,KG,3.41,2013-04-01
Egypt,National Average,111.0,Onions (white),EGP,KG,3.31,2013-05-01
Egypt,National Average,111.0,Onions (white),EGP,KG,3.25,2013-06-01
Egypt,National Average,111.0,Onions (white),EGP,KG,3.8125,2013-07-01
Egypt,National Average,111.0,Onions (white),EGP,KG,3.343,2013-08-01
Egypt,National Average,111.0,Onions (white),EGP,KG,3.53,2013-09-01
Egypt,National Average,111.0,Onions (white),EGP,KG,4.69,2013-10-01
Egypt,National Average,111.0,Onions (white),EGP,KG,3.66,2013-11-01
Egypt,National Average,111.0,Onions (white),EGP,KG,2.975,2013-12-01
Egypt,National Average,111.0,Onions (white),EGP,KG,3.62,2014-01-01
Egypt,National Average,111.0,Onions (white),EGP,KG,2.59,2014-02-01
Egypt,National Average,111.0,Onions (white),EGP,KG,2.6,2014-03-01
Egypt,National Average,111.0,Onions (white),EGP,KG,2.844,2014-04-01
Egypt,National Average,111.0,Onions (white),EGP,KG,2.781,2014-05-01
Egypt,National Average,111.0,Onions (white),EGP,KG,2.75,2014-06-01
Egypt,National Average,111.0,Onions (white),EGP,KG,3.19,2014-07-01
Egypt,National Average,111.0,Onions (white),EGP,KG,3.13,2014-08-01
Egypt,National Average,111.0,Onions (white),EGP,KG,3.16,2014-09-01
Egypt,National Average,111.0,Onions (white),EGP,KG,3.17,2014-10-01
Egypt,National Average,111.0,Onions (white),EGP,KG,3.3,2014-11-01
Egypt,National Average,111.0,Onions (white),EGP,KG,2.9,2014-12-01
Egypt,National Average,111.0,Onions (white),EGP,KG,2.8,2015-01-01
Egypt,National Average,111.0,Onions (white),EGP,KG,3.0,2015-02-01
Egypt,National Average,111.0,Onions (white),EGP,KG,2.4,2015-04-01
Egypt,National Average,111.0,Onions (white),EGP,KG,2.5,2015-05-01
Egypt,National Average,111.0,Onions (white),EGP,KG,2.7,2015-06-01
Egypt,National Average,111.0,Onions (white),EGP,KG,2.9,2015-07-01
Egypt,National Average,111.0,Onions (white),EGP,KG,2.4,2015-08-01
Egypt,National Average,111.0,Onions (white),EGP,KG,2.5,2015-09-01
Egypt,National Average,111.0,Onions (white),EGP,KG,2.28,2015-10-01
Egypt,National Average,111.0,Onions (white),EGP,KG,2.28,2015-11-01
Egypt,National Average,111.0,Onions (white),EGP,KG,2.28,2015-12-01
Egypt,National Average,112.0,Pasta,EGP,KG,4.6974,2010-08-01
Egypt,National Average,112.0,Pasta,EGP,KG,5.0463,2010-09-01
Egypt,National Average,112.0,Pasta,EGP,KG,5.0298,2010-10-01
Egypt,National Average,112.0,Pasta,EGP,KG,5.0309,2010-11-01
Egypt,National Average,112.0,Pasta,EGP,KG,5.0314,2010-12-01
Egypt,National Average,112.0,Pasta,EGP,KG,5.0091,2011-01-01
Egypt,National Average,112.0,Pasta,EGP,KG,5.0477,2011-02-01
Egypt,National Average,112.0,Pasta,EGP,KG,4.06,2011-03-01
Egypt,National Average,112.0,Pasta,EGP,KG,4.05,2011-04-01
Egypt,National Average,112.0,Pasta,EGP,KG,4.1006,2011-05-01
Egypt,National Average,112.0,Pasta,EGP,KG,4.06,2011-06-01
Egypt,National Average,112.0,Pasta,EGP,KG,4.1437,2011-07-01
Egypt,National Average,112.0,Pasta,EGP,KG,4.1625,2011-08-01
Egypt,National Average,112.0,Pasta,EGP,KG,4.4,2011-09-01
Egypt,National Average,112.0,Pasta,EGP,KG,4.6,2011-10-01
Egypt,National Average,112.0,Pasta,EGP,KG,4.8,2011-11-01
Egypt,National Average,112.0,Pasta,EGP,KG,4.8,2011-12-01
Egypt,National Average,112.0,Pasta,EGP,KG,4.1,2012-01-01
Egypt,National Average,112.0,Pasta,EGP,KG,5.0,2012-02-01
Egypt,National Average,112.0,Pasta,EGP,KG,4.1,2012-03-01
Egypt,National Average,112.0,Pasta,EGP,KG,4.55,2012-04-01
Egypt,National Average,112.0,Pasta,EGP,KG,4.06,2012-05-01
Egypt,National Average,112.0,Pasta,EGP,KG,4.35,2012-06-01
Egypt,National Average,112.0,Pasta,EGP,KG,4.2,2012-07-01
Egypt,National Average,112.0,Pasta,EGP,KG,4.3,2012-08-01
Egypt,National Average,112.0,Pasta,EGP,KG,4.675,2012-09-01
Egypt,National Average,112.0,Pasta,EGP,KG,4.7,2012-10-01
Egypt,National Average,112.0,Pasta,EGP,KG,4.6,2012-11-01
Egypt,National Average,112.0,Pasta,EGP,KG,4.7,2012-12-01
Egypt,National Average,112.0,Pasta,EGP,KG,4.9,2013-01-01
Egypt,National Average,112.0,Pasta,EGP,KG,4.75,2013-02-01
Egypt,National Average,112.0,Pasta,EGP,KG,4.09,2013-03-01
Egypt,National Average,112.0,Pasta,EGP,KG,4.81,2013-04-01
Egypt,National Average,112.0,Pasta,EGP,KG,4.06,2013-05-01
Egypt,National Average,112.0,Pasta,EGP,KG,4.2,2013-06-01
Egypt,National Average,112.0,Pasta,EGP,KG,5.25,2013-07-01
Egypt,National Average,112.0,Pasta,EGP,KG,4.687,2013-08-01
Egypt,National Average,112.0,Pasta,EGP,KG,5.05,2013-09-01
Egypt,National Average,112.0,Pasta,EGP,KG,5.06,2013-10-01
Egypt,National Average,112.0,Pasta,EGP,KG,4.44,2013-11-01
Egypt,National Average,112.0,Pasta,EGP,KG,4.25,2013-12-01
Egypt,National Average,112.0,Pasta,EGP,KG,4.56,2014-01-01
Egypt,National Average,112.0,Pasta,EGP,KG,4.31,2014-02-01
Egypt,National Average,112.0,Pasta,EGP,KG,4.625,2014-03-01
Egypt,National Average,112.0,Pasta,EGP,KG,4.219,2014-04-01
Egypt,National Average,112.0,Pasta,EGP,KG,4.938,2014-05-01
Egypt,National Average,112.0,Pasta,EGP,KG,5.175,2014-06-01
Egypt,National Average,112.0,Pasta,EGP,KG,4.13,2014-07-01
Egypt,National Average,112.0,Pasta,EGP,KG,3.88,2014-08-01
Egypt,National Average,112.0,Pasta,EGP,KG,4.19,2014-09-01
Egypt,National Average,112.0,Pasta,EGP,KG,4.71,2014-10-01
Egypt,National Average,112.0,Pasta,EGP,KG,3.93,2014-11-01
Egypt,National Average,112.0,Pasta,EGP,KG,3.8,2014-12-01
Egypt,National Average,112.0,Pasta,EGP,KG,4.0,2015-01-01
Egypt,National Average,112.0,Pasta,EGP,KG,3.7,2015-02-01
Egypt,National Average,112.0,Pasta,EGP,KG,3.9,2015-04-01
Egypt,National Average,112.0,Pasta,EGP,KG,4.0,2015-05-01
Egypt,National Average,112.0,Pasta,EGP,KG,3.8,2015-06-01
Egypt,National Average,112.0,Pasta,EGP,KG,3.7,2015-07-01
Egypt,National Average,112.0,Pasta,EGP,KG,3.9,2015-08-01
Egypt,National Average,112.0,Pasta,EGP,KG,3.6,2015-09-01
Egypt,National Average,112.0,Pasta,EGP,KG,4.34,2015-10-01
Egypt,National Average,112.0,Pasta,EGP,KG,4.34,2015-11-01
Egypt,National Average,112.0,Pasta,EGP,KG,4.34,2015-12-01
Egypt,National Average,112.0,Pasta,EGP,KG,4.34,2016-01-01
Egypt,National Average,112.0,Pasta,EGP,KG,4.34,2016-02-01
Egypt,National Average,112.0,Pasta,EGP,KG,4.84,2016-03-01
Egypt,National Average,112.0,Pasta,EGP,KG,4.84,2016-04-01
Egypt,National Average,112.0,Pasta,EGP,KG,4.84,2016-06-01
Egypt,National Average,112.0,Pasta,EGP,KG,4.84,2016-07-01
Egypt,National Average,112.0,Pasta,EGP,KG,4.84,2016-08-01
Egypt,National Average,112.0,Pasta,EGP,KG,4.84,2016-09-01
Egypt,National Average,112.0,Pasta,EGP,KG,5.34,2016-10-01
Egypt,National Average,112.0,Pasta,EGP,KG,6.34,2016-11-01
Egypt,National Average,112.0,Pasta,EGP,KG,7.09,2016-12-01
Egypt,National Average,112.0,Pasta,EGP,KG,7.59,2017-01-01
Egypt,National Average,112.0,Pasta,EGP,KG,7.59,2017-02-01
Egypt,National Average,112.0,Pasta,EGP,KG,7.59,2017-03-01
Egypt,National Average,112.0,Pasta,EGP,KG,7.59,2017-04-01
Egypt,National Average,112.0,Pasta,EGP,KG,7.59,2017-05-01
Egypt,National Average,112.0,Pasta,EGP,KG,7.59,2017-06-01
Egypt,National Average,112.0,Pasta,EGP,KG,7.59,2017-07-01
Egypt,National Average,112.0,Pasta,EGP,KG,7.59,2017-08-01
Egypt,National Average,112.0,Pasta,EGP,KG,7.59,2017-09-01
Egypt,National Average,112.0,Pasta,EGP,KG,7.59,2017-10-01
Egypt,National Average,112.0,Pasta,EGP,KG,7.59,2017-11-01
Egypt,National Average,112.0,Pasta,EGP,KG,7.59,2017-12-01
Egypt,National Average,112.0,Pasta,EGP,KG,7.59,2018-01-01
Egypt,National Average,112.0,Pasta,EGP,KG,7.59,2018-02-01
Egypt,National Average,112.0,Pasta,EGP,KG,7.59,2018-03-01
Egypt,National Average,112.0,Pasta,EGP,KG,7.59,2018-04-01
Egypt,National Average,112.0,Pasta,EGP,KG,7.59,2018-05-01
Egypt,National Average,112.0,Pasta,EGP,KG,7.59,2018-06-01
Egypt,National Average,112.0,Pasta,EGP,KG,7.59,2018-07-01
Egypt,National Average,112.0,Pasta,EGP,KG,7.59,2018-08-01
Egypt,National Average,112.0,Pasta,EGP,KG,7.67,2018-09-01
Egypt,National Average,112.0,Pasta,EGP,KG,7.67,2018-10-01
Egypt,National Average,112.0,Pasta,EGP,KG,7.72,2018-11-01
Egypt,National Average,112.0,Pasta,EGP,KG,7.76,2018-12-01
Egypt,National Average,112.0,Pasta,EGP,KG,7.95,2019-01-01
Egypt,National Average,112.0,Pasta,EGP,KG,8.14,2019-02-01
Egypt,National Average,112.0,Pasta,EGP,KG,8.14,2019-03-01
Egypt,National Average,112.0,Pasta,EGP,KG,8.07,2019-04-01
Egypt,National Average,112.0,Pasta,EGP,KG,8.07,2019-05-01
Egypt,National Average,112.0,Pasta,EGP,KG,8.07,2019-06-01
Egypt,National Average,112.0,Pasta,EGP,KG,8.07,2019-07-01
Egypt,National Average,112.0,Pasta,EGP,KG,8.07,2019-08-01
Egypt,National Average,112.0,Pasta,EGP,KG,8.07,2019-09-01
Egypt,National Average,112.0,Pasta,EGP,KG,8.07,2019-10-01
Egypt,National Average,112.0,Pasta,EGP,KG,8.07,2019-11-01
Egypt,National Average,112.0,Pasta,EGP,KG,8.07,2019-12-01
Egypt,National Average,112.0,Pasta,EGP,KG,8.07,2020-01-01
Egypt,National Average,112.0,Pasta,EGP,KG,8.07,2020-02-01
Egypt,National Average,112.0,Pasta,EGP,KG,8.07,2020-03-01
Egypt,National Average,112.0,Pasta,EGP,KG,8.07,2020-04-01
Egypt,National Average,112.0,Pasta,EGP,KG,8.07,2020-05-01
Egypt,National Average,112.0,Pasta,EGP,KG,8.21,2020-06-01
Egypt,National Average,112.0,Pasta,EGP,KG,8.21,2020-07-01
Egypt,National Average,114.0,Tomatoes,EGP,KG,2.2029,2010-08-01
Egypt,National Average,114.0,Tomatoes,EGP,KG,3.5628,2010-09-01
Egypt,National Average,114.0,Tomatoes,EGP,KG,7.4096,2010-10-01
Egypt,National Average,114.0,Tomatoes,EGP,KG,4.4166,2010-11-01
Egypt,National Average,114.0,Tomatoes,EGP,KG,1.9162,2010-12-01
Egypt,National Average,114.0,Tomatoes,EGP,KG,2.032,2011-01-01
Egypt,National Average,114.0,Tomatoes,EGP,KG,1.7489,2011-02-01
Egypt,National Average,114.0,Tomatoes,EGP,KG,3.52,2011-03-01
Egypt,National Average,114.0,Tomatoes,EGP,KG,4.98,2011-04-01
Egypt,National Average,114.0,Tomatoes,EGP,KG,3.7719,2011-05-01
Egypt,National Average,114.0,Tomatoes,EGP,KG,2.5513,2011-06-01
Egypt,National Average,114.0,Tomatoes,EGP,KG,2.0687,2011-07-01
Egypt,National Average,114.0,Tomatoes,EGP,KG,2.1875,2011-08-01
Egypt,National Average,114.0,Tomatoes,EGP,KG,3.0,2011-09-01
Egypt,National Average,114.0,Tomatoes,EGP,KG,3.0,2011-10-01
Egypt,National Average,114.0,Tomatoes,EGP,KG,3.4,2011-11-01
Egypt,National Average,114.0,Tomatoes,EGP,KG,2.8,2011-12-01
Egypt,National Average,114.0,Tomatoes,EGP,KG,2.2,2012-01-01
Egypt,National Average,114.0,Tomatoes,EGP,KG,2.4,2012-02-01
Egypt,National Average,114.0,Tomatoes,EGP,KG,2.5,2012-03-01
Egypt,National Average,114.0,Tomatoes,EGP,KG,3.65,2012-04-01
Egypt,National Average,114.0,Tomatoes,EGP,KG,3.8,2012-05-01
Egypt,National Average,114.0,Tomatoes,EGP,KG,2.45,2012-06-01
Egypt,National Average,114.0,Tomatoes,EGP,KG,1.79,2012-07-01
Egypt,National Average,114.0,Tomatoes,EGP,KG,3.75,2012-08-01
Egypt,National Average,114.0,Tomatoes,EGP,KG,6.25,2012-09-01
Egypt,National Average,114.0,Tomatoes,EGP,KG,5.0,2012-10-01
Egypt,National Average,114.0,Tomatoes,EGP,KG,2.0,2012-11-01
Egypt,National Average,114.0,Tomatoes,EGP,KG,2.0,2012-12-01
Egypt,National Average,114.0,Tomatoes,EGP,KG,2.0,2013-01-01
Egypt,National Average,114.0,Tomatoes,EGP,KG,1.75,2013-02-01
Egypt,National Average,114.0,Tomatoes,EGP,KG,2.53,2013-03-01
Egypt,National Average,114.0,Tomatoes,EGP,KG,3.38,2013-04-01
Egypt,National Average,114.0,Tomatoes,EGP,KG,2.88,2013-05-01
Egypt,National Average,114.0,Tomatoes,EGP,KG,2.75,2013-06-01
Egypt,National Average,114.0,Tomatoes,EGP,KG,2.687,2013-07-01
Egypt,National Average,114.0,Tomatoes,EGP,KG,2.968,2013-08-01
Egypt,National Average,114.0,Tomatoes,EGP,KG,3.75,2013-09-01
Egypt,National Average,114.0,Tomatoes,EGP,KG,4.38,2013-10-01
Egypt,National Average,114.0,Tomatoes,EGP,KG,3.75,2013-11-01
Egypt,National Average,114.0,Tomatoes,EGP,KG,3.0,2013-12-01
Egypt,National Average,114.0,Tomatoes,EGP,KG,2.25,2014-01-01
Egypt,National Average,114.0,Tomatoes,EGP,KG,2.19,2014-02-01
Egypt,National Average,114.0,Tomatoes,EGP,KG,2.925,2014-03-01
Egypt,National Average,114.0,Tomatoes,EGP,KG,4.344,2014-04-01
Egypt,National Average,114.0,Tomatoes,EGP,KG,3.934,2014-05-01
Egypt,National Average,114.0,Tomatoes,EGP,KG,2.9,2014-06-01
Egypt,National Average,114.0,Tomatoes,EGP,KG,2.72,2014-07-01
Egypt,National Average,114.0,Tomatoes,EGP,KG,2.88,2014-08-01
Egypt,National Average,114.0,Tomatoes,EGP,KG,2.63,2014-09-01
Egypt,National Average,114.0,Tomatoes,EGP,KG,3.7,2014-10-01
Egypt,National Average,114.0,Tomatoes,EGP,KG,3.48,2014-11-01
Egypt,National Average,114.0,Tomatoes,EGP,KG,2.6,2014-12-01
Egypt,National Average,114.0,Tomatoes,EGP,KG,2.5,2015-01-01
Egypt,National Average,114.0,Tomatoes,EGP,KG,2.5,2015-02-01
Egypt,National Average,114.0,Tomatoes,EGP,KG,3.7,2015-04-01
Egypt,National Average,114.0,Tomatoes,EGP,KG,4.9,2015-05-01
Egypt,National Average,114.0,Tomatoes,EGP,KG,3.4,2015-06-01
Egypt,National Average,114.0,Tomatoes,EGP,KG,3.0,2015-07-01
Egypt,National Average,114.0,Tomatoes,EGP,KG,2.9,2015-08-01
Egypt,National Average,114.0,Tomatoes,EGP,KG,5.3,2015-09-01
Egypt,National Average,114.0,Tomatoes,EGP,KG,8.75,2015-10-01
Egypt,National Average,114.0,Tomatoes,EGP,KG,5.35,2015-11-01
Egypt,National Average,114.0,Tomatoes,EGP,KG,4.35,2015-12-01
Egypt,National Average,114.0,Tomatoes,EGP,KG,3.85,2016-01-01
Egypt,National Average,114.0,Tomatoes,EGP,KG,4.1,2016-02-01
Egypt,National Average,114.0,Tomatoes,EGP,KG,4.25,2016-03-01
Egypt,National Average,114.0,Tomatoes,EGP,KG,4.55,2016-04-01
Egypt,National Average,114.0,Tomatoes,EGP,KG,3.9,2016-06-01
Egypt,National Average,114.0,Tomatoes,EGP,KG,4.65,2016-07-01
Egypt,National Average,114.0,Tomatoes,EGP,KG,5.5,2016-08-01
Egypt,National Average,114.0,Tomatoes,EGP,KG,4.5,2016-09-01
Egypt,National Average,114.0,Tomatoes,EGP,KG,3.5,2016-10-01
Egypt,National Average,114.0,Tomatoes,EGP,KG,3.25,2016-11-01
Egypt,National Average,114.0,Tomatoes,EGP,KG,2.75,2016-12-01
Egypt,National Average,114.0,Tomatoes,EGP,KG,4.25,2017-01-01
Egypt,National Average,114.0,Tomatoes,EGP,KG,4.75,2017-02-01
Egypt,National Average,114.0,Tomatoes,EGP,KG,7.25,2017-03-01
Egypt,National Average,114.0,Tomatoes,EGP,KG,9.0,2017-04-01
Egypt,National Average,114.0,Tomatoes,EGP,KG,6.75,2017-05-01
Egypt,National Average,114.0,Tomatoes,EGP,KG,4.5,2017-06-01
Egypt,National Average,114.0,Tomatoes,EGP,KG,4.5,2017-07-01
Egypt,National Average,114.0,Tomatoes,EGP,KG,5.5,2017-08-01
Egypt,National Average,114.0,Tomatoes,EGP,KG,6.5,2017-09-01
Egypt,National Average,114.0,Tomatoes,EGP,KG,7.0,2017-10-01
Egypt,National Average,114.0,Tomatoes,EGP,KG,6.0,2017-11-01
Egypt,National Average,114.0,Tomatoes,EGP,KG,4.75,2017-12-01
Egypt,National Average,114.0,Tomatoes,EGP,KG,4.0,2018-01-01
Egypt,National Average,114.0,Tomatoes,EGP,KG,3.5,2018-02-01
Egypt,National Average,114.0,Tomatoes,EGP,KG,4.5,2018-03-01
Egypt,National Average,114.0,Tomatoes,EGP,KG,6.5,2018-04-01
Egypt,National Average,114.0,Tomatoes,EGP,KG,4.5,2018-05-01
Egypt,National Average,114.0,Tomatoes,EGP,KG,4.0,2018-06-01
Egypt,National Average,114.0,Tomatoes,EGP,KG,5.0,2018-07-01
Egypt,National Average,114.0,Tomatoes,EGP,KG,5.5,2018-08-01
Egypt,National Average,114.0,Tomatoes,EGP,KG,10.25,2018-09-01
Egypt,National Average,114.0,Tomatoes,EGP,KG,13.0,2018-10-01
Egypt,National Average,114.0,Tomatoes,EGP,KG,6.0,2018-11-01
Egypt,National Average,114.0,Tomatoes,EGP,KG,4.5,2018-12-01
Egypt,National Average,114.0,Tomatoes,EGP,KG,5.75,2019-01-01
Egypt,National Average,114.0,Tomatoes,EGP,KG,5.85,2019-02-01
Egypt,National Average,114.0,Tomatoes,EGP,KG,5.03,2019-03-01
Egypt,National Average,114.0,Tomatoes,EGP,KG,5.77,2019-04-01
Egypt,National Average,114.0,Tomatoes,EGP,KG,7.25,2019-05-01
Egypt,National Average,114.0,Tomatoes,EGP,KG,5.0,2019-06-01
Egypt,National Average,114.0,Tomatoes,EGP,KG,3.5,2019-07-01
Egypt,National Average,114.0,Tomatoes,EGP,KG,4.75,2019-08-01
Egypt,National Average,114.0,Tomatoes,EGP,KG,8.5,2019-09-01
Egypt,National Average,114.0,Tomatoes,EGP,KG,7.1,2019-10-01
Egypt,National Average,114.0,Tomatoes,EGP,KG,7.1,2019-11-01
Egypt,National Average,114.0,Tomatoes,EGP,KG,7.1,2019-12-01
Egypt,National Average,114.0,Tomatoes,EGP,KG,7.22,2020-01-01
Egypt,National Average,114.0,Tomatoes,EGP,KG,7.22,2020-02-01
Egypt,National Average,114.0,Tomatoes,EGP,KG,7.22,2020-03-01
Egypt,National Average,114.0,Tomatoes,EGP,KG,7.93,2020-04-01
Egypt,National Average,114.0,Tomatoes,EGP,KG,7.16,2020-05-01
Egypt,National Average,114.0,Tomatoes,EGP,KG,6.86,2020-06-01
Egypt,National Average,114.0,Tomatoes,EGP,KG,6.84,2020-07-01
Egypt,National Average,141.0,Meat (beef),EGP,KG,50.22,2010-08-01
Egypt,National Average,141.0,Meat (beef),EGP,KG,53.26,2010-09-01
Egypt,National Average,141.0,Meat (beef),EGP,KG,55.2542,2010-10-01
Egypt,National Average,141.0,Meat (beef),EGP,KG,57.0213,2010-11-01
Egypt,National Average,141.0,Meat (beef),EGP,KG,55.5684,2010-12-01
Egypt,National Average,141.0,Meat (beef),EGP,KG,55.9,2011-01-01
Egypt,National Average,141.0,Meat (beef),EGP,KG,53.3578,2011-02-01
Egypt,National Average,141.0,Meat (beef),EGP,KG,53.32,2011-03-01
Egypt,National Average,141.0,Meat (beef),EGP,KG,53.3,2011-04-01
Egypt,National Average,141.0,Meat (beef),EGP,KG,54.6375,2011-05-01
Egypt,National Average,141.0,Meat (beef),EGP,KG,53.885,2011-06-01
Egypt,National Average,141.0,Meat (beef),EGP,KG,54.9583,2011-07-01
Egypt,National Average,141.0,Meat (beef),EGP,KG,55.1,2011-08-01
Egypt,National Average,141.0,Meat (beef),EGP,KG,57.2,2011-09-01
Egypt,National Average,141.0,Meat (beef),EGP,KG,59.2,2011-10-01
Egypt,National Average,141.0,Meat (beef),EGP,KG,59.9,2011-11-01
Egypt,National Average,141.0,Meat (beef),EGP,KG,60.4,2011-12-01
Egypt,National Average,141.0,Meat (beef),EGP,KG,61.1,2012-01-01
Egypt,National Average,141.0,Meat (beef),EGP,KG,58.3,2012-02-01
Egypt,National Average,141.0,Meat (beef),EGP,KG,58.3,2012-03-01
Egypt,National Average,141.0,Meat (beef),EGP,KG,54.6,2012-04-01
Egypt,National Average,141.0,Meat (beef),EGP,KG,53.75,2012-05-01
Egypt,National Average,141.0,Meat (beef),EGP,KG,55.25,2012-06-01
Egypt,National Average,141.0,Meat (beef),EGP,KG,55.7,2012-07-01
Egypt,National Average,141.0,Meat (beef),EGP,KG,55.6,2012-08-01
Egypt,National Average,141.0,Meat (beef),EGP,KG,54.4,2012-09-01
Egypt,National Average,141.0,Meat (beef),EGP,KG,57.5,2012-10-01
Egypt,National Average,141.0,Meat (beef),EGP,KG,58.1,2012-11-01
Egypt,National Average,141.0,Meat (beef),EGP,KG,55.4,2012-12-01
Egypt,National Average,141.0,Meat (beef),EGP,KG,56.6,2013-01-01
Egypt,National Average,141.0,Meat (beef),EGP,KG,55.0,2013-02-01
Egypt,National Average,141.0,Meat (beef),EGP,KG,58.25,2013-03-01
Egypt,National Average,141.0,Meat (beef),EGP,KG,56.13,2013-04-01
Egypt,National Average,141.0,Meat (beef),EGP,KG,57.88,2013-05-01
Egypt,National Average,141.0,Meat (beef),EGP,KG,55.6,2013-06-01
Egypt,National Average,141.0,Meat (beef),EGP,KG,54.625,2013-07-01
Egypt,National Average,141.0,Meat (beef),EGP,KG,60.625,2013-08-01
Egypt,National Average,141.0,Meat (beef),EGP,KG,57.9,2013-09-01
Egypt,National Average,141.0,Meat (beef),EGP,KG,62.38,2013-10-01
Egypt,National Average,141.0,Meat (beef),EGP,KG,59.63,2013-11-01
Egypt,National Average,141.0,Meat (beef),EGP,KG,58.8,2013-12-01
Egypt,National Average,141.0,Meat (beef),EGP,KG,55.25,2014-01-01
Egypt,National Average,141.0,Meat (beef),EGP,KG,60.38,2014-02-01
Egypt,National Average,141.0,Meat (beef),EGP,KG,57.7,2014-03-01
Egypt,National Average,141.0,Meat (beef),EGP,KG,57.125,2014-04-01
Egypt,National Average,141.0,Meat (beef),EGP,KG,59.375,2014-05-01
Egypt,National Average,141.0,Meat (beef),EGP,KG,59.2,2014-06-01
Egypt,National Average,141.0,Meat (beef),EGP,KG,63.75,2014-07-01
Egypt,National Average,141.0,Meat (beef),EGP,KG,61.7,2014-08-01
Egypt,National Average,141.0,Meat (beef),EGP,KG,65.0,2014-09-01
Egypt,National Average,141.0,Meat (beef),EGP,KG,67.17,2014-10-01
Egypt,National Average,141.0,Meat (beef),EGP,KG,67.5,2014-11-01
Egypt,National Average,141.0,Meat (beef),EGP,KG,61.3,2014-12-01
Egypt,National Average,141.0,Meat (beef),EGP,KG,65.0,2015-01-01
Egypt,National Average,141.0,Meat (beef),EGP,KG,65.6,2015-02-01
Egypt,National Average,141.0,Meat (beef),EGP,KG,60.0,2015-04-01
Egypt,National Average,141.0,Meat (beef),EGP,KG,65.4,2015-05-01
Egypt,National Average,141.0,Meat (beef),EGP,KG,67.8,2015-06-01
Egypt,National Average,141.0,Meat (beef),EGP,KG,62.5,2015-07-01
Egypt,National Average,141.0,Meat (beef),EGP,KG,68.8,2015-08-01
Egypt,National Average,141.0,Meat (beef),EGP,KG,62.5,2015-09-01
Egypt,National Average,184.0,Oil (sunflower),EGP,L,11.5,2015-07-01
Egypt,National Average,184.0,Oil (sunflower),EGP,L,11.9,2015-08-01
Egypt,National Average,184.0,Oil (sunflower),EGP,L,11.5,2015-09-01
Egypt,National Average,184.0,Oil (sunflower),EGP,L,14.3,2015-10-01
Egypt,National Average,184.0,Oil (sunflower),EGP,L,14.3,2015-11-01
Egypt,National Average,184.0,Oil (sunflower),EGP,L,14.3,2015-12-01
Egypt,National Average,184.0,Oil (sunflower),EGP,L,14.3,2016-01-01
Egypt,National Average,184.0,Oil (sunflower),EGP,L,15.3,2016-02-01
Egypt,National Average,184.0,Oil (sunflower),EGP,L,15.3,2016-03-01
Egypt,National Average,184.0,Oil (sunflower),EGP,L,15.75,2016-04-01
Egypt,National Average,184.0,Oil (sunflower),EGP,L,16.25,2016-06-01
Egypt,National Average,184.0,Oil (sunflower),EGP,L,16.25,2016-07-01
Egypt,National Average,184.0,Oil (sunflower),EGP,L,16.75,2016-08-01
Egypt,National Average,184.0,Oil (sunflower),EGP,L,17.0,2016-09-01
Egypt,National Average,184.0,Oil (sunflower),EGP,L,18.25,2016-10-01
Egypt,National Average,184.0,Oil (sunflower),EGP,L,19.5,2016-11-01
Egypt,National Average,184.0,Oil (sunflower),EGP,L,21.5,2016-12-01
Egypt,National Average,184.0,Oil (sunflower),EGP,L,23.5,2017-01-01
Egypt,National Average,184.0,Oil (sunflower),EGP,L,23.5,2017-02-01
Egypt,National Average,184.0,Oil (sunflower),EGP,L,23.5,2017-03-01
Egypt,National Average,184.0,Oil (sunflower),EGP,L,23.5,2017-04-01
Egypt,National Average,184.0,Oil (sunflower),EGP,L,23.5,2017-05-01
Egypt,National Average,184.0,Oil (sunflower),EGP,L,23.5,2017-06-01
Egypt,National Average,184.0,Oil (sunflower),EGP,L,23.5,2017-07-01
Egypt,National Average,184.0,Oil (sunflower),EGP,L,23.5,2017-08-01
Egypt,National Average,184.0,Oil (sunflower),EGP,L,23.5,2017-09-01
Egypt,National Average,184.0,Oil (sunflower),EGP,L,23.5,2017-10-01
Egypt,National Average,184.0,Oil (sunflower),EGP,L,23.5,2017-11-01
Egypt,National Average,184.0,Oil (sunflower),EGP,L,23.5,2017-12-01
Egypt,National Average,184.0,Oil (sunflower),EGP,L,23.5,2018-01-01
Egypt,National Average,184.0,Oil (sunflower),EGP,L,23.5,2018-02-01
Egypt,National Average,184.0,Oil (sunflower),EGP,L,23.5,2018-03-01
Egypt,National Average,184.0,Oil (sunflower),EGP,L,23.5,2018-04-01
Egypt,National Average,184.0,Oil (sunflower),EGP,L,23.5,2018-05-01
Egypt,National Average,184.0,Oil (sunflower),EGP,L,23.5,2018-06-01
Egypt,National Average,184.0,Oil (sunflower),EGP,L,23.5,2018-07-01
Egypt,National Average,184.0,Oil (sunflower),EGP,L,23.5,2018-08-01
Egypt,National Average,184.0,Oil (sunflower),EGP,L,23.5,2018-09-01
Egypt,National Average,184.0,Oil (sunflower),EGP,L,23.5,2018-10-01
Egypt,National Average,184.0,Oil (sunflower),EGP,L,23.5,2018-11-01
Egypt,National Average,184.0,Oil (sunflower),EGP,L,23.34,2018-12-01
Egypt,National Average,184.0,Oil (sunflower),EGP,L,23.34,2019-01-01
Egypt,National Average,184.0,Oil (sunflower),EGP,L,23.34,2019-02-01
Egypt,National Average,184.0,Oil (sunflower),EGP,L,23.58,2019-03-01
Egypt,National Average,184.0,Oil (sunflower),EGP,L,23.58,2019-04-01
Egypt,National Average,184.0,Oil (sunflower),EGP,L,23.58,2019-05-01
Egypt,National Average,184.0,Oil (sunflower),EGP,L,23.58,2019-06-01
Egypt,National Average,184.0,Oil (sunflower),EGP,L,23.58,2019-07-01
Egypt,National Average,184.0,Oil (sunflower),EGP,L,23.58,2019-08-01
Egypt,National Average,184.0,Oil (sunflower),EGP,L,23.58,2019-09-01
Egypt,National Average,184.0,Oil (sunflower),EGP,L,23.58,2019-10-01
Egypt,National Average,184.0,Oil (sunflower),EGP,L,24.58,2019-11-01
Egypt,National Average,184.0,Oil (sunflower),EGP,L,24.58,2019-12-01
Egypt,National Average,184.0,Oil (sunflower),EGP,L,23.38,2020-01-01
Egypt,National Average,184.0,Oil (sunflower),EGP,L,23.38,2020-02-01
Egypt,National Average,184.0,Oil (sunflower),EGP,L,23.38,2020-03-01
Egypt,National Average,184.0,Oil (sunflower),EGP,L,23.38,2020-04-01
Egypt,National Average,184.0,Oil (sunflower),EGP,L,23.38,2020-05-01
Egypt,National Average,184.0,Oil (sunflower),EGP,L,23.38,2020-06-01
Egypt,National Average,184.0,Oil (sunflower),EGP,L,23.38,2020-07-01
Egypt,National Average,207.0,"Meat (chicken, frozen)",EGP,KG,16.9988,2010-08-01
Egypt,National Average,207.0,"Meat (chicken, frozen)",EGP,KG,16.8258,2010-09-01
Egypt,National Average,207.0,"Meat (chicken, frozen)",EGP,KG,15.1343,2010-10-01
Egypt,National Average,207.0,"Meat (chicken, frozen)",EGP,KG,14.5038,2010-11-01
Egypt,National Average,207.0,"Meat (chicken, frozen)",EGP,KG,13.054,2010-12-01
Egypt,National Average,207.0,"Meat (chicken, frozen)",EGP,KG,13.2668,2011-01-01
Egypt,National Average,207.0,"Meat (chicken, frozen)",EGP,KG,12.9672,2011-02-01
Egypt,National Average,207.0,"Meat (chicken, frozen)",EGP,KG,13.1168,2011-03-01
Egypt,National Average,207.0,"Meat (chicken, frozen)",EGP,KG,13.05,2011-04-01
Egypt,National Average,207.0,"Meat (chicken, frozen)",EGP,KG,13.2153,2011-05-01
Egypt,National Average,207.0,"Meat (chicken, frozen)",EGP,KG,12.8875,2011-06-01
Egypt,National Average,207.0,"Meat (chicken, frozen)",EGP,KG,13.2828,2011-07-01
Egypt,National Average,207.0,"Meat (chicken, frozen)",EGP,KG,13.8063,2011-08-01
Egypt,National Average,207.0,"Meat (chicken, frozen)",EGP,KG,12.1,2011-09-01
Egypt,National Average,207.0,"Meat (chicken, frozen)",EGP,KG,14.0,2011-10-01
Egypt,National Average,207.0,"Meat (chicken, frozen)",EGP,KG,14.0,2011-11-01
Egypt,National Average,207.0,"Meat (chicken, frozen)",EGP,KG,13.3,2011-12-01
Egypt,National Average,207.0,"Meat (chicken, frozen)",EGP,KG,13.3,2012-01-01
Egypt,National Average,207.0,"Meat (chicken, frozen)",EGP,KG,15.6,2012-02-01
Egypt,National Average,207.0,"Meat (chicken, frozen)",EGP,KG,18.3,2012-03-01
Egypt,National Average,207.0,"Meat (chicken, frozen)",EGP,KG,19.28,2012-04-01
Egypt,National Average,207.0,"Meat (chicken, frozen)",EGP,KG,17.0,2012-05-01
Egypt,National Average,207.0,"Meat (chicken, frozen)",EGP,KG,17.0,2012-06-01
Egypt,National Average,207.0,"Meat (chicken, frozen)",EGP,KG,19.9,2012-07-01
Egypt,National Average,207.0,"Meat (chicken, frozen)",EGP,KG,18.25,2012-08-01
Egypt,National Average,207.0,"Meat (chicken, frozen)",EGP,KG,19.2,2012-09-01
Egypt,National Average,207.0,"Meat (chicken, frozen)",EGP,KG,16.9,2012-10-01
Egypt,National Average,207.0,"Meat (chicken, frozen)",EGP,KG,17.0,2012-11-01
Egypt,National Average,207.0,"Meat (chicken, frozen)",EGP,KG,18.9,2012-12-01
Egypt,National Average,207.0,"Meat (chicken, frozen)",EGP,KG,17.7,2013-01-01
Egypt,National Average,207.0,"Meat (chicken, frozen)",EGP,KG,18.5,2013-02-01
Egypt,National Average,207.0,"Meat (chicken, frozen)",EGP,KG,18.25,2013-03-01
Egypt,National Average,207.0,"Meat (chicken, frozen)",EGP,KG,19.31,2013-04-01
Egypt,National Average,207.0,"Meat (chicken, frozen)",EGP,KG,18.94,2013-05-01
Egypt,National Average,207.0,"Meat (chicken, frozen)",EGP,KG,18.7,2013-06-01
Egypt,National Average,207.0,"Meat (chicken, frozen)",EGP,KG,19.125,2013-07-01
Egypt,National Average,207.0,"Meat (chicken, frozen)",EGP,KG,21.75,2013-08-01
Egypt,National Average,207.0,"Meat (chicken, frozen)",EGP,KG,18.9,2013-09-01
Egypt,National Average,207.0,"Meat (chicken, frozen)",EGP,KG,17.88,2013-10-01
Egypt,National Average,207.0,"Meat (chicken, frozen)",EGP,KG,21.5,2013-11-01
Egypt,National Average,207.0,"Meat (chicken, frozen)",EGP,KG,17.7,2013-12-01
Egypt,National Average,207.0,"Meat (chicken, frozen)",EGP,KG,16.5,2014-01-01
Egypt,National Average,207.0,"Meat (chicken, frozen)",EGP,KG,15.66,2014-02-01
Egypt,National Average,207.0,"Meat (chicken, frozen)",EGP,KG,16.5,2014-03-01
Egypt,National Average,207.0,"Meat (chicken, frozen)",EGP,KG,17.75,2014-04-01
Egypt,National Average,207.0,"Meat (chicken, frozen)",EGP,KG,18.0,2014-05-01
Egypt,National Average,207.0,"Meat (chicken, frozen)",EGP,KG,20.85,2014-06-01
Egypt,National Average,207.0,"Meat (chicken, frozen)",EGP,KG,20.06,2014-07-01
Egypt,National Average,207.0,"Meat (chicken, frozen)",EGP,KG,20.1,2014-08-01
Egypt,National Average,207.0,"Meat (chicken, frozen)",EGP,KG,20.82,2014-09-01
Egypt,National Average,207.0,"Meat (chicken, frozen)",EGP,KG,19.83,2014-10-01
Egypt,National Average,207.0,"Meat (chicken, frozen)",EGP,KG,19.15,2014-11-01
Egypt,National Average,207.0,"Meat (chicken, frozen)",EGP,KG,18.5,2014-12-01
Egypt,National Average,207.0,"Meat (chicken, frozen)",EGP,KG,19.0,2015-01-01
Egypt,National Average,207.0,"Meat (chicken, frozen)",EGP,KG,20.5,2015-02-01
Egypt,National Average,207.0,"Meat (chicken, frozen)",EGP,KG,19.7,2015-04-01
Egypt,National Average,207.0,"Meat (chicken, frozen)",EGP,KG,21.0,2015-05-01
Egypt,National Average,207.0,"Meat (chicken, frozen)",EGP,KG,21.2,2015-06-01
Egypt,National Average,207.0,"Meat (chicken, frozen)",EGP,KG,21.8,2015-07-01
Egypt,National Average,207.0,"Meat (chicken, frozen)",EGP,KG,22.1,2015-08-01
Egypt,National Average,207.0,"Meat (chicken, frozen)",EGP,KG,21.5,2015-09-01
Egypt,National Average,207.0,"Meat (chicken, frozen)",EGP,KG,22.0,2015-10-01
Egypt,National Average,207.0,"Meat (chicken, frozen)",EGP,KG,22.5,2015-11-01
Egypt,National Average,207.0,"Meat (chicken, frozen)",EGP,KG,23.5,2015-12-01
Egypt,National Average,207.0,"Meat (chicken, frozen)",EGP,KG,25.5,2016-01-01
Egypt,National Average,207.0,"Meat (chicken, frozen)",EGP,KG,27.5,2016-02-01
Egypt,National Average,207.0,"Meat (chicken, frozen)",EGP,KG,28.0,2016-03-01
Egypt,National Average,207.0,"Meat (chicken, frozen)",EGP,KG,29.0,2016-04-01
Egypt,National Average,207.0,"Meat (chicken, frozen)",EGP,KG,31.75,2016-06-01
Egypt,National Average,207.0,"Meat (chicken, frozen)",EGP,KG,28.75,2016-07-01
Egypt,National Average,207.0,"Meat (chicken, frozen)",EGP,KG,26.5,2016-08-01
Egypt,National Average,207.0,"Meat (chicken, frozen)",EGP,KG,26.5,2016-09-01
Egypt,National Average,207.0,"Meat (chicken, frozen)",EGP,KG,25.5,2016-10-01
Egypt,National Average,207.0,"Meat (chicken, frozen)",EGP,KG,26.5,2016-11-01
Egypt,National Average,207.0,"Meat (chicken, frozen)",EGP,KG,28.5,2016-12-01
Egypt,National Average,207.0,"Meat (chicken, frozen)",EGP,KG,31.0,2017-01-01
Egypt,National Average,207.0,"Meat (chicken, frozen)",EGP,KG,35.0,2017-02-01
Egypt,National Average,207.0,"Meat (chicken, frozen)",EGP,KG,36.0,2017-03-01
Egypt,National Average,207.0,"Meat (chicken, frozen)",EGP,KG,36.0,2017-04-01
Egypt,National Average,207.0,"Meat (chicken, frozen)",EGP,KG,38.0,2017-05-01
Egypt,National Average,207.0,"Meat (chicken, frozen)",EGP,KG,37.0,2017-06-01
Egypt,National Average,207.0,"Meat (chicken, frozen)",EGP,KG,34.0,2017-07-01
Egypt,National Average,207.0,"Meat (chicken, frozen)",EGP,KG,33.0,2017-08-01
Egypt,National Average,207.0,"Meat (chicken, frozen)",EGP,KG,31.0,2017-09-01
Egypt,National Average,207.0,"Meat (chicken, frozen)",EGP,KG,29.0,2017-10-01
Egypt,National Average,207.0,"Meat (chicken, frozen)",EGP,KG,28.0,2017-11-01
Egypt,National Average,207.0,"Meat (chicken, frozen)",EGP,KG,27.0,2017-12-01
Egypt,National Average,207.0,"Meat (chicken, frozen)",EGP,KG,27.0,2018-01-01
Egypt,National Average,207.0,"Meat (chicken, frozen)",EGP,KG,28.0,2018-02-01
Egypt,National Average,207.0,"Meat (chicken, frozen)",EGP,KG,30.0,2018-03-01
Egypt,National Average,207.0,"Meat (chicken, frozen)",EGP,KG,33.0,2018-04-01
Egypt,National Average,207.0,"Meat (chicken, frozen)",EGP,KG,35.0,2018-05-01
Egypt,National Average,207.0,"Meat (chicken, frozen)",EGP,KG,34.0,2018-06-01
Egypt,National Average,207.0,"Meat (chicken, frozen)",EGP,KG,31.0,2018-07-01
Egypt,National Average,207.0,"Meat (chicken, frozen)",EGP,KG,32.0,2018-08-01
Egypt,National Average,207.0,"Meat (chicken, frozen)",EGP,KG,29.25,2018-09-01
Egypt,National Average,207.0,"Meat (chicken, frozen)",EGP,KG,31.0,2018-10-01
Egypt,National Average,207.0,"Meat (chicken, frozen)",EGP,KG,30.0,2018-11-01
Egypt,National Average,207.0,"Meat (chicken, frozen)",EGP,KG,26.71,2018-12-01
Egypt,National Average,207.0,"Meat (chicken, frozen)",EGP,KG,26.71,2019-01-01
Egypt,National Average,207.0,"Meat (chicken, frozen)",EGP,KG,33.13,2019-02-01
Egypt,National Average,207.0,"Meat (chicken, frozen)",EGP,KG,34.44,2019-03-01
Egypt,National Average,207.0,"Meat (chicken, frozen)",EGP,KG,32.82,2019-04-01
Egypt,National Average,207.0,"Meat (chicken, frozen)",EGP,KG,34.0,2019-05-01
Egypt,National Average,207.0,"Meat (chicken, frozen)",EGP,KG,31.38,2019-06-01
Egypt,National Average,207.0,"Meat (chicken, frozen)",EGP,KG,30.0,2019-07-01
Egypt,National Average,207.0,"Meat (chicken, frozen)",EGP,KG,27.32,2019-08-01
Egypt,National Average,207.0,"Meat (chicken, frozen)",EGP,KG,25.59,2019-09-01
Egypt,National Average,207.0,"Meat (chicken, frozen)",EGP,KG,25.42,2019-10-01
Egypt,National Average,207.0,"Meat (chicken, frozen)",EGP,KG,25.42,2019-11-01
Egypt,National Average,207.0,"Meat (chicken, frozen)",EGP,KG,25.42,2019-12-01
Egypt,National Average,207.0,"Meat (chicken, frozen)",EGP,KG,28.21,2020-01-01
Egypt,National Average,207.0,"Meat (chicken, frozen)",EGP,KG,28.21,2020-02-01
Egypt,National Average,207.0,"Meat (chicken, frozen)",EGP,KG,29.11,2020-03-01
Egypt,National Average,207.0,"Meat (chicken, frozen)",EGP,KG,30.72,2020-04-01
Egypt,National Average,207.0,"Meat (chicken, frozen)",EGP,KG,31.19,2020-05-01
Egypt,National Average,207.0,"Meat (chicken, frozen)",EGP,KG,29.23,2020-06-01
Egypt,National Average,207.0,"Meat (chicken, frozen)",EGP,KG,28.86,2020-07-01
Egypt,National Average,319.0,Cheese (picon),EGP,168 G,4.87,2015-10-01
Egypt,National Average,319.0,Cheese (picon),EGP,168 G,4.87,2015-11-01
Egypt,National Average,319.0,Cheese (picon),EGP,168 G,4.87,2015-12-01
Egypt,National Average,319.0,Cheese (picon),EGP,168 G,4.87,2016-01-01
Egypt,National Average,319.0,Cheese (picon),EGP,168 G,5.02,2016-02-01
Egypt,National Average,319.0,Cheese (picon),EGP,168 G,5.02,2016-03-01
Egypt,National Average,319.0,Cheese (picon),EGP,168 G,5.02,2016-04-01
Egypt,National Average,319.0,Cheese (picon),EGP,168 G,5.02,2016-06-01
Egypt,National Average,319.0,Cheese (picon),EGP,168 G,5.02,2016-07-01
Egypt,National Average,319.0,Cheese (picon),EGP,168 G,5.02,2016-08-01
Egypt,National Average,319.0,Cheese (picon),EGP,168 G,5.52,2016-09-01
Egypt,National Average,319.0,Cheese (picon),EGP,168 G,5.52,2016-10-01
Egypt,National Average,319.0,Cheese (picon),EGP,168 G,5.52,2016-11-01
Egypt,National Average,319.0,Cheese (picon),EGP,168 G,6.52,2016-12-01
Egypt,National Average,319.0,Cheese (picon),EGP,168 G,6.52,2017-01-01
Egypt,National Average,319.0,Cheese (picon),EGP,168 G,7.02,2017-02-01
Egypt,National Average,319.0,Cheese (picon),EGP,168 G,7.02,2017-03-01
Egypt,National Average,319.0,Cheese (picon),EGP,168 G,7.02,2017-04-01
Egypt,National Average,319.0,Cheese (picon),EGP,168 G,7.02,2017-05-01
Egypt,National Average,319.0,Cheese (picon),EGP,168 G,7.02,2017-06-01
Egypt,National Average,319.0,Cheese (picon),EGP,168 G,7.02,2017-07-01
Egypt,National Average,319.0,Cheese (picon),EGP,168 G,7.02,2017-08-01
Egypt,National Average,319.0,Cheese (picon),EGP,168 G,7.02,2017-09-01
Egypt,National Average,319.0,Cheese (picon),EGP,168 G,8.0,2017-10-01
Egypt,National Average,319.0,Cheese (picon),EGP,168 G,8.0,2017-11-01
Egypt,National Average,319.0,Cheese (picon),EGP,168 G,8.0,2017-12-01
Egypt,National Average,319.0,Cheese (picon),EGP,168 G,8.0,2018-01-01
Egypt,National Average,319.0,Cheese (picon),EGP,168 G,8.0,2018-02-01
Egypt,National Average,319.0,Cheese (picon),EGP,168 G,8.0,2018-03-01
Egypt,National Average,319.0,Cheese (picon),EGP,168 G,8.0,2018-04-01
Egypt,National Average,319.0,Cheese (picon),EGP,168 G,8.0,2018-05-01
Egypt,National Average,319.0,Cheese (picon),EGP,168 G,8.0,2018-06-01
Egypt,National Average,319.0,Cheese (picon),EGP,168 G,8.0,2018-07-01
Egypt,National Average,319.0,Cheese (picon),EGP,168 G,8.5,2018-08-01
Egypt,National Average,319.0,Cheese (picon),EGP,168 G,9.25,2018-09-01
Egypt,National Average,319.0,Cheese (picon),EGP,168 G,9.41,2018-10-01
Egypt,National Average,319.0,Cheese (picon),EGP,168 G,9.59,2018-11-01
Egypt,National Average,319.0,Cheese (picon),EGP,168 G,9.59,2018-12-01
Egypt,National Average,319.0,Cheese (picon),EGP,168 G,9.59,2019-01-01
Egypt,National Average,319.0,Cheese (picon),EGP,168 G,9.68,2019-02-01
Egypt,National Average,319.0,Cheese (picon),EGP,168 G,9.55,2019-03-01
Egypt,National Average,319.0,Cheese (picon),EGP,168 G,9.66,2019-04-01
Egypt,National Average,319.0,Cheese (picon),EGP,168 G,9.66,2019-05-01
Egypt,National Average,319.0,Cheese (picon),EGP,168 G,9.66,2019-06-01
Egypt,National Average,319.0,Cheese (picon),EGP,168 G,9.66,2019-07-01
Egypt,National Average,319.0,Cheese (picon),EGP,168 G,9.66,2019-08-01
Egypt,National Average,319.0,Cheese (picon),EGP,168 G,9.74,2019-09-01
Egypt,National Average,319.0,Cheese (picon),EGP,168 G,9.74,2019-10-01
Egypt,National Average,319.0,Cheese (picon),EGP,168 G,9.74,2019-11-01
Egypt,National Average,319.0,Cheese (picon),EGP,168 G,9.74,2019-12-01
Egypt,National Average,319.0,Cheese (picon),EGP,168 G,9.74,2020-01-01
Egypt,National Average,319.0,Cheese (picon),EGP,168 G,9.74,2020-02-01
Egypt,National Average,319.0,Cheese (picon),EGP,168 G,9.74,2020-03-01
Egypt,National Average,319.0,Cheese (picon),EGP,168 G,9.74,2020-04-01
Egypt,National Average,319.0,Cheese (picon),EGP,168 G,9.74,2020-05-01
Egypt,National Average,319.0,Cheese (picon),EGP,168 G,9.74,2020-06-01
Egypt,National Average,319.0,Cheese (picon),EGP,168 G,9.74,2020-07-01
Egypt,National Average,362.0,Oil (maize),EGP,L,8.7583,2010-08-01
Egypt,National Average,362.0,Oil (maize),EGP,L,8.8049,2010-09-01
Egypt,National Average,362.0,Oil (maize),EGP,L,8.8828,2010-10-01
Egypt,National Average,362.0,Oil (maize),EGP,L,9.0817,2010-11-01
Egypt,National Average,362.0,Oil (maize),EGP,L,9.6017,2010-12-01
Egypt,National Average,362.0,Oil (maize),EGP,L,9.8947,2011-01-01
Egypt,National Average,362.0,Oil (maize),EGP,L,10.0498,2011-02-01
Egypt,National Average,362.0,Oil (maize),EGP,L,10.52,2011-03-01
Egypt,National Average,362.0,Oil (maize),EGP,L,11.17,2011-04-01
Egypt,National Average,362.0,Oil (maize),EGP,L,11.4881,2011-05-01
Egypt,National Average,362.0,Oil (maize),EGP,L,11.6038,2011-06-01
Egypt,National Average,362.0,Oil (maize),EGP,L,11.5881,2011-07-01
Egypt,National Average,362.0,Oil (maize),EGP,L,11.5825,2011-08-01
Egypt,National Average,362.0,Oil (maize),EGP,L,11.5,2011-09-01
Egypt,National Average,362.0,Oil (maize),EGP,L,11.6,2011-10-01
Egypt,National Average,362.0,Oil (maize),EGP,L,11.7,2011-11-01
Egypt,National Average,362.0,Oil (maize),EGP,L,14.1,2012-03-01
Egypt,National Average,362.0,Oil (maize),EGP,L,14.175,2012-04-01
Egypt,National Average,362.0,Oil (maize),EGP,L,13.6,2012-05-01
Egypt,National Average,362.0,Oil (maize),EGP,L,13.1,2012-06-01
Egypt,National Average,362.0,Oil (maize),EGP,L,12.1,2012-07-01
Egypt,National Average,362.0,Oil (maize),EGP,L,11.28,2012-08-01
Egypt,National Average,362.0,Oil (maize),EGP,L,13.2,2012-09-01
Egypt,National Average,362.0,Oil (maize),EGP,L,12.9,2012-10-01
Egypt,National Average,362.0,Oil (maize),EGP,L,11.3,2012-11-01
Egypt,National Average,362.0,Oil (maize),EGP,L,11.3,2012-12-01
Egypt,National Average,362.0,Oil (maize),EGP,L,13.4,2013-01-01
Egypt,National Average,362.0,Oil (maize),EGP,L,14.75,2013-02-01
Egypt,National Average,362.0,Oil (maize),EGP,L,14.06,2013-03-01
Egypt,National Average,362.0,Oil (maize),EGP,L,13.06,2013-04-01
Egypt,National Average,362.0,Oil (maize),EGP,L,12.75,2013-05-01
Egypt,National Average,362.0,Oil (maize),EGP,L,12.4,2013-06-01
Egypt,National Average,362.0,Oil (maize),EGP,L,12.812,2013-07-01
Egypt,National Average,362.0,Oil (maize),EGP,L,12.625,2013-08-01
Egypt,National Average,362.0,Oil (maize),EGP,L,11.73,2013-09-01
Egypt,National Average,362.0,Oil (maize),EGP,L,11.79,2013-10-01
Egypt,National Average,362.0,Oil (maize),EGP,L,12.0,2013-11-01
Egypt,National Average,362.0,Oil (maize),EGP,L,12.15,2013-12-01
Egypt,National Average,362.0,Oil (maize),EGP,L,12.0,2014-01-01
Egypt,National Average,362.0,Oil (maize),EGP,L,12.19,2014-02-01
Egypt,National Average,362.0,Oil (maize),EGP,L,11.625,2014-03-01
Egypt,National Average,362.0,Oil (maize),EGP,L,12.125,2014-04-01
Egypt,National Average,362.0,Oil (maize),EGP,L,13.188,2014-05-01
Egypt,National Average,362.0,Oil (maize),EGP,L,11.6,2014-06-01
Egypt,National Average,362.0,Oil (maize),EGP,L,11.19,2014-07-01
Egypt,National Average,362.0,Oil (maize),EGP,L,11.5,2014-08-01
Egypt,National Average,362.0,Oil (maize),EGP,L,12.19,2014-09-01
Egypt,National Average,362.0,Oil (maize),EGP,L,11.5,2014-10-01
Egypt,National Average,362.0,Oil (maize),EGP,L,11.4,2014-11-01
Egypt,National Average,362.0,Oil (maize),EGP,L,11.5,2014-12-01
Egypt,National Average,362.0,Oil (maize),EGP,L,11.3,2015-01-01
Egypt,National Average,362.0,Oil (maize),EGP,L,11.6,2015-02-01
Egypt,National Average,362.0,Oil (maize),EGP,L,12.1,2015-04-01
Egypt,National Average,362.0,Oil (maize),EGP,L,11.7,2015-05-01
Egypt,National Average,362.0,Oil (maize),EGP,L,11.9,2015-06-01
Egypt,National Average,362.0,Oil (maize),EGP,L,13.0,2015-07-01
Egypt,National Average,362.0,Oil (maize),EGP,L,13.0,2015-08-01
Egypt,National Average,362.0,Oil (maize),EGP,L,13.2,2015-09-01
Egypt,National Average,362.0,Oil (maize),EGP,L,15.48,2015-10-01
Egypt,National Average,362.0,Oil (maize),EGP,L,15.48,2015-11-01
Egypt,National Average,362.0,Oil (maize),EGP,L,15.48,2015-12-01
Egypt,National Average,362.0,Oil (maize),EGP,L,15.48,2016-01-01
Egypt,National Average,362.0,Oil (maize),EGP,L,16.48,2016-02-01
Egypt,National Average,362.0,Oil (maize),EGP,L,16.48,2016-03-01
Egypt,National Average,362.0,Oil (maize),EGP,L,16.8,2016-04-01
Egypt,National Average,362.0,Oil (maize),EGP,L,17.3,2016-06-01
Egypt,National Average,362.0,Oil (maize),EGP,L,17.3,2016-07-01
Egypt,National Average,362.0,Oil (maize),EGP,L,17.8,2016-08-01
Egypt,National Average,362.0,Oil (maize),EGP,L,18.3,2016-09-01
Egypt,National Average,362.0,Oil (maize),EGP,L,20.3,2016-10-01
Egypt,National Average,362.0,Oil (maize),EGP,L,23.3,2016-11-01
Egypt,National Average,362.0,Oil (maize),EGP,L,25.15,2016-12-01
Egypt,National Average,362.0,Oil (maize),EGP,L,27.15,2017-01-01
Egypt,National Average,362.0,Oil (maize),EGP,L,27.15,2017-02-01
Egypt,National Average,362.0,Oil (maize),EGP,L,27.15,2017-03-01
Egypt,National Average,362.0,Oil (maize),EGP,L,27.15,2017-04-01
Egypt,National Average,362.0,Oil (maize),EGP,L,27.15,2017-05-01
Egypt,National Average,362.0,Oil (maize),EGP,L,27.15,2017-06-01
Egypt,National Average,362.0,Oil (maize),EGP,L,27.15,2017-07-01
Egypt,National Average,362.0,Oil (maize),EGP,L,27.15,2017-08-01
Egypt,National Average,362.0,Oil (maize),EGP,L,27.15,2017-09-01
Egypt,National Average,362.0,Oil (maize),EGP,L,27.15,2017-10-01
Egypt,National Average,362.0,Oil (maize),EGP,L,27.15,2017-11-01
Egypt,National Average,362.0,Oil (maize),EGP,L,27.15,2017-12-01
Egypt,National Average,362.0,Oil (maize),EGP,L,27.15,2018-01-01
Egypt,National Average,362.0,Oil (maize),EGP,L,27.15,2018-02-01
Egypt,National Average,362.0,Oil (maize),EGP,L,27.15,2018-03-01
Egypt,National Average,362.0,Oil (maize),EGP,L,27.15,2018-04-01
Egypt,National Average,362.0,Oil (maize),EGP,L,27.15,2018-05-01
Egypt,National Average,362.0,Oil (maize),EGP,L,27.15,2018-06-01
Egypt,National Average,362.0,Oil (maize),EGP,L,27.15,2018-07-01
Egypt,National Average,362.0,Oil (maize),EGP,L,27.55,2018-08-01
Egypt,National Average,362.0,Oil (maize),EGP,L,27.55,2018-09-01
Egypt,National Average,362.0,Oil (maize),EGP,L,27.55,2018-10-01
Egypt,National Average,362.0,Oil (maize),EGP,L,27.55,2018-11-01
Egypt,National Average,362.0,Oil (maize),EGP,L,27.42,2018-12-01
Egypt,National Average,362.0,Oil (maize),EGP,L,27.42,2019-01-01
Egypt,National Average,362.0,Oil (maize),EGP,L,27.42,2019-02-01
Egypt,National Average,362.0,Oil (maize),EGP,L,27.46,2019-03-01
Egypt,National Average,362.0,Oil (maize),EGP,L,27.46,2019-04-01
Egypt,National Average,362.0,Oil (maize),EGP,L,27.46,2019-05-01
Egypt,National Average,362.0,Oil (maize),EGP,L,27.46,2019-06-01
Egypt,National Average,362.0,Oil (maize),EGP,L,27.46,2019-07-01
Egypt,National Average,362.0,Oil (maize),EGP,L,27.46,2019-08-01
Egypt,National Average,362.0,Oil (maize),EGP,L,27.46,2019-09-01
Egypt,National Average,362.0,Oil (maize),EGP,L,27.46,2019-10-01
Egypt,National Average,362.0,Oil (maize),EGP,L,28.46,2019-11-01
Egypt,National Average,362.0,Oil (maize),EGP,L,28.46,2019-12-01
Egypt,National Average,362.0,Oil (maize),EGP,L,28.46,2020-01-01
Egypt,National Average,362.0,Oil (maize),EGP,L,28.46,2020-02-01
Egypt,National Average,362.0,Oil (maize),EGP,L,28.46,2020-03-01
Egypt,National Average,362.0,Oil (maize),EGP,L,28.46,2020-04-01
Egypt,National Average,362.0,Oil (maize),EGP,L,28.46,2020-05-01
Egypt,National Average,362.0,Oil (maize),EGP,L,28.46,2020-06-01
Egypt,National Average,362.0,Oil (maize),EGP,L,28.46,2020-07-01
Egypt,National Average,385.0,"Beans (fava, dry)",EGP,KG,5.7616,2010-08-01
Egypt,National Average,385.0,"Beans (fava, dry)",EGP,KG,5.9484,2010-09-01
Egypt,National Average,385.0,"Beans (fava, dry)",EGP,KG,6.2798,2010-10-01
Egypt,National Average,385.0,"Beans (fava, dry)",EGP,KG,6.6172,2010-11-01
Egypt,National Average,385.0,"Beans (fava, dry)",EGP,KG,6.8969,2010-12-01
Egypt,National Average,385.0,"Beans (fava, dry)",EGP,KG,7.4924,2011-01-01
Egypt,National Average,385.0,"Beans (fava, dry)",EGP,KG,7.7191,2011-02-01
Egypt,National Average,385.0,"Beans (fava, dry)",EGP,KG,8.09,2011-03-01
Egypt,National Average,385.0,"Beans (fava, dry)",EGP,KG,7.91,2011-04-01
Egypt,National Average,385.0,"Beans (fava, dry)",EGP,KG,8.0215,2011-05-01
Egypt,National Average,385.0,"Beans (fava, dry)",EGP,KG,8.6188,2011-06-01
Egypt,National Average,385.0,"Beans (fava, dry)",EGP,KG,8.7006,2011-07-01
Egypt,National Average,385.0,"Beans (fava, dry)",EGP,KG,8.5981,2011-08-01
Egypt,National Average,385.0,"Beans (fava, dry)",EGP,KG,8.4,2011-09-01
Egypt,National Average,385.0,"Beans (fava, dry)",EGP,KG,8.1,2011-10-01
Egypt,National Average,385.0,"Beans (fava, dry)",EGP,KG,8.1,2011-11-01
Egypt,National Average,385.0,"Beans (fava, dry)",EGP,KG,8.2,2011-12-01
Egypt,National Average,385.0,"Beans (fava, dry)",EGP,KG,10.5,2012-01-01
Egypt,National Average,385.0,"Beans (fava, dry)",EGP,KG,10.2,2012-02-01
Egypt,National Average,385.0,"Beans (fava, dry)",EGP,KG,11.0,2012-03-01
Egypt,National Average,385.0,"Beans (fava, dry)",EGP,KG,10.69,2012-04-01
Egypt,National Average,385.0,"Beans (fava, dry)",EGP,KG,7.9,2012-05-01
Egypt,National Average,385.0,"Beans (fava, dry)",EGP,KG,11.125,2012-06-01
Egypt,National Average,385.0,"Beans (fava, dry)",EGP,KG,10.475,2012-07-01
Egypt,National Average,385.0,"Beans (fava, dry)",EGP,KG,10.68,2012-08-01
Egypt,National Average,385.0,"Beans (fava, dry)",EGP,KG,9.9,2012-09-01
Egypt,National Average,385.0,"Beans (fava, dry)",EGP,KG,10.7,2012-10-01
Egypt,National Average,385.0,"Beans (fava, dry)",EGP,KG,10.6,2012-11-01
Egypt,National Average,385.0,"Beans (fava, dry)",EGP,KG,10.9,2012-12-01
Egypt,National Average,385.0,"Beans (fava, dry)",EGP,KG,11.4,2013-01-01
Egypt,National Average,385.0,"Beans (fava, dry)",EGP,KG,12.125,2013-02-01
Egypt,National Average,385.0,"Beans (fava, dry)",EGP,KG,11.0,2013-03-01
Egypt,National Average,385.0,"Beans (fava, dry)",EGP,KG,11.31,2013-04-01
Egypt,National Average,385.0,"Beans (fava, dry)",EGP,KG,10.75,2013-05-01
Egypt,National Average,385.0,"Beans (fava, dry)",EGP,KG,9.75,2013-06-01
Egypt,National Average,385.0,"Beans (fava, dry)",EGP,KG,12.062,2013-07-01
Egypt,National Average,385.0,"Beans (fava, dry)",EGP,KG,11.687,2013-08-01
Egypt,National Average,385.0,"Beans (fava, dry)",EGP,KG,11.0,2013-09-01
Egypt,National Average,385.0,"Beans (fava, dry)",EGP,KG,11.56,2013-10-01
Egypt,National Average,385.0,"Beans (fava, dry)",EGP,KG,11.19,2013-11-01
Egypt,National Average,385.0,"Beans (fava, dry)",EGP,KG,8.9,2013-12-01
Egypt,National Average,385.0,"Beans (fava, dry)",EGP,KG,10.0,2014-01-01
Egypt,National Average,385.0,"Beans (fava, dry)",EGP,KG,11.44,2014-02-01
Egypt,National Average,385.0,"Beans (fava, dry)",EGP,KG,11.65,2014-03-01
Egypt,National Average,385.0,"Beans (fava, dry)",EGP,KG,11.34,2014-04-01
Egypt,National Average,385.0,"Beans (fava, dry)",EGP,KG,11.99,2014-05-01
Egypt,National Average,385.0,"Beans (fava, dry)",EGP,KG,8.95,2014-06-01
Egypt,National Average,385.0,"Beans (fava, dry)",EGP,KG,9.19,2014-07-01
Egypt,National Average,385.0,"Beans (fava, dry)",EGP,KG,8.65,2014-08-01
Egypt,National Average,385.0,"Beans (fava, dry)",EGP,KG,10.25,2014-09-01
Egypt,National Average,385.0,"Beans (fava, dry)",EGP,KG,11.67,2014-10-01
Egypt,National Average,385.0,"Beans (fava, dry)",EGP,KG,8.78,2014-11-01
Egypt,National Average,385.0,"Beans (fava, dry)",EGP,KG,9.3,2014-12-01
Egypt,National Average,385.0,"Beans (fava, dry)",EGP,KG,8.8,2015-01-01
Egypt,National Average,385.0,"Beans (fava, dry)",EGP,KG,8.8,2015-02-01
Egypt,National Average,385.0,"Beans (fava, dry)",EGP,KG,9.0,2015-04-01
Egypt,National Average,385.0,"Beans (fava, dry)",EGP,KG,9.1,2015-05-01
Egypt,National Average,385.0,"Beans (fava, dry)",EGP,KG,9.2,2015-06-01
Egypt,National Average,385.0,"Beans (fava, dry)",EGP,KG,9.0,2015-07-01
Egypt,National Average,385.0,"Beans (fava, dry)",EGP,KG,9.8,2015-08-01
Egypt,National Average,385.0,"Beans (fava, dry)",EGP,KG,9.8,2015-09-01
Egypt,National Average,385.0,"Beans (fava, dry)",EGP,KG,10.8,2015-10-01
Egypt,National Average,385.0,"Beans (fava, dry)",EGP,KG,11.8,2015-11-01
Egypt,National Average,385.0,"Beans (fava, dry)",EGP,KG,12.8,2015-12-01
Egypt,National Average,385.0,"Beans (fava, dry)",EGP,KG,13.8,2016-01-01
Egypt,National Average,385.0,"Beans (fava, dry)",EGP,KG,14.8,2016-02-01
Egypt,National Average,385.0,"Beans (fava, dry)",EGP,KG,14.8,2016-03-01
Egypt,National Average,385.0,"Beans (fava, dry)",EGP,KG,14.95,2016-04-01
Egypt,National Average,385.0,"Beans (fava, dry)",EGP,KG,14.95,2016-06-01
Egypt,National Average,385.0,"Beans (fava, dry)",EGP,KG,14.95,2016-07-01
Egypt,National Average,385.0,"Beans (fava, dry)",EGP,KG,15.25,2016-08-01
Egypt,National Average,385.0,"Beans (fava, dry)",EGP,KG,10.25,2016-09-01
Egypt,National Average,385.0,"Beans (fava, dry)",EGP,KG,15.75,2016-10-01
Egypt,National Average,385.0,"Beans (fava, dry)",EGP,KG,16.75,2016-11-01
Egypt,National Average,385.0,"Beans (fava, dry)",EGP,KG,16.75,2016-12-01
Egypt,National Average,385.0,"Beans (fava, dry)",EGP,KG,17.25,2017-01-01
Egypt,National Average,385.0,"Beans (fava, dry)",EGP,KG,17.25,2017-02-01
Egypt,National Average,385.0,"Beans (fava, dry)",EGP,KG,17.25,2017-03-01
Egypt,National Average,385.0,"Beans (fava, dry)",EGP,KG,17.25,2017-04-01
Egypt,National Average,385.0,"Beans (fava, dry)",EGP,KG,16.75,2017-05-01
Egypt,National Average,385.0,"Beans (fava, dry)",EGP,KG,16.75,2017-06-01
Egypt,National Average,385.0,"Beans (fava, dry)",EGP,KG,16.75,2017-07-01
Egypt,National Average,385.0,"Beans (fava, dry)",EGP,KG,16.75,2017-08-01
Egypt,National Average,385.0,"Beans (fava, dry)",EGP,KG,16.75,2017-09-01
Egypt,National Average,385.0,"Beans (fava, dry)",EGP,KG,17.75,2017-10-01
Egypt,National Average,385.0,"Beans (fava, dry)",EGP,KG,17.75,2017-11-01
Egypt,National Average,385.0,"Beans (fava, dry)",EGP,KG,17.75,2017-12-01
Egypt,National Average,385.0,"Beans (fava, dry)",EGP,KG,17.75,2018-01-01
Egypt,National Average,385.0,"Beans (fava, dry)",EGP,KG,17.75,2018-02-01
Egypt,National Average,385.0,"Beans (fava, dry)",EGP,KG,17.75,2018-03-01
Egypt,National Average,385.0,"Beans (fava, dry)",EGP,KG,17.75,2018-04-01
Egypt,National Average,385.0,"Beans (fava, dry)",EGP,KG,17.75,2018-05-01
Egypt,National Average,385.0,"Beans (fava, dry)",EGP,KG,17.75,2018-06-01
Egypt,National Average,385.0,"Beans (fava, dry)",EGP,KG,18.75,2018-07-01
Egypt,National Average,385.0,"Beans (fava, dry)",EGP,KG,19.5,2018-08-01
Egypt,National Average,385.0,"Beans (fava, dry)",EGP,KG,20.6,2018-09-01
Egypt,National Average,385.0,"Beans (fava, dry)",EGP,KG,23.18,2018-10-01
Egypt,National Average,385.0,"Beans (fava, dry)",EGP,KG,26.5,2018-11-01
Egypt,National Average,385.0,"Beans (fava, dry)",EGP,KG,27.98,2018-12-01
Egypt,National Average,385.0,"Beans (fava, dry)",EGP,KG,30.11,2019-01-01
Egypt,National Average,385.0,"Beans (fava, dry)",EGP,KG,31.0,2019-02-01
Egypt,National Average,385.0,"Beans (fava, dry)",EGP,KG,31.0,2019-03-01
Egypt,National Average,385.0,"Beans (fava, dry)",EGP,KG,29.92,2019-04-01
Egypt,National Average,385.0,"Beans (fava, dry)",EGP,KG,29.49,2019-05-01
Egypt,National Average,385.0,"Beans (fava, dry)",EGP,KG,27.01,2019-06-01
Egypt,National Average,385.0,"Beans (fava, dry)",EGP,KG,27.51,2019-07-01
Egypt,National Average,385.0,"Beans (fava, dry)",EGP,KG,27.07,2019-08-01
Egypt,National Average,385.0,"Beans (fava, dry)",EGP,KG,28.18,2019-09-01
Egypt,National Average,385.0,"Beans (fava, dry)",EGP,KG,28.57,2019-10-01
Egypt,National Average,385.0,"Beans (fava, dry)",EGP,KG,27.57,2019-11-01
Egypt,National Average,385.0,"Beans (fava, dry)",EGP,KG,28.94,2019-12-01
Egypt,National Average,385.0,"Beans (fava, dry)",EGP,KG,30.21,2020-01-01
Egypt,National Average,385.0,"Beans (fava, dry)",EGP,KG,33.42,2020-02-01
Egypt,National Average,385.0,"Beans (fava, dry)",EGP,KG,33.83,2020-03-01
Egypt,National Average,385.0,"Beans (fava, dry)",EGP,KG,33.99,2020-04-01
Egypt,National Average,385.0,"Beans (fava, dry)",EGP,KG,33.21,2020-05-01
Egypt,National Average,385.0,"Beans (fava, dry)",EGP,KG,32.98,2020-06-01
Egypt,National Average,385.0,"Beans (fava, dry)",EGP,KG,32.24,2020-07-01
Egypt,National Average,395.0,Oil (mixed),EGP,L,10.78,2015-10-01
Egypt,National Average,395.0,Oil (mixed),EGP,L,10.78,2015-11-01
Egypt,National Average,395.0,Oil (mixed),EGP,L,10.78,2015-12-01
Egypt,National Average,395.0,Oil (mixed),EGP,L,10.78,2016-01-01
Egypt,National Average,395.0,Oil (mixed),EGP,L,11.28,2016-02-01
Egypt,National Average,395.0,Oil (mixed),EGP,L,11.28,2016-03-01
Egypt,National Average,395.0,Oil (mixed),EGP,L,12.03,2016-04-01
Egypt,National Average,395.0,Oil (mixed),EGP,L,12.03,2016-06-01
Egypt,National Average,395.0,Oil (mixed),EGP,L,12.03,2016-07-01
Egypt,National Average,395.0,Oil (mixed),EGP,L,12.03,2016-08-01
Egypt,National Average,395.0,Oil (mixed),EGP,L,12.53,2016-09-01
Egypt,National Average,395.0,Oil (mixed),EGP,L,13.78,2016-10-01
Egypt,National Average,395.0,Oil (mixed),EGP,L,15.78,2016-11-01
Egypt,National Average,395.0,Oil (mixed),EGP,L,17.5,2016-12-01
Egypt,National Average,395.0,Oil (mixed),EGP,L,20.5,2017-01-01
Egypt,National Average,395.0,Oil (mixed),EGP,L,20.5,2017-02-01
Egypt,National Average,395.0,Oil (mixed),EGP,L,20.5,2017-03-01
Egypt,National Average,395.0,Oil (mixed),EGP,L,20.5,2017-04-01
Egypt,National Average,395.0,Oil (mixed),EGP,L,20.5,2017-05-01
Egypt,National Average,395.0,Oil (mixed),EGP,L,20.5,2017-06-01
Egypt,National Average,395.0,Oil (mixed),EGP,L,20.5,2017-07-01
Egypt,National Average,395.0,Oil (mixed),EGP,L,20.5,2017-08-01
Egypt,National Average,395.0,Oil (mixed),EGP,L,20.5,2017-09-01
Egypt,National Average,395.0,Oil (mixed),EGP,L,20.5,2017-10-01
Egypt,National Average,395.0,Oil (mixed),EGP,L,20.5,2017-11-01
Egypt,National Average,395.0,Oil (mixed),EGP,L,20.5,2017-12-01
Egypt,National Average,395.0,Oil (mixed),EGP,L,20.5,2018-01-01
Egypt,National Average,395.0,Oil (mixed),EGP,L,20.5,2018-02-01
Egypt,National Average,395.0,Oil (mixed),EGP,L,20.5,2018-03-01
Egypt,National Average,395.0,Oil (mixed),EGP,L,20.5,2018-04-01
Egypt,National Average,395.0,Oil (mixed),EGP,L,20.5,2018-05-01
Egypt,National Average,395.0,Oil (mixed),EGP,L,20.5,2018-06-01
Egypt,National Average,395.0,Oil (mixed),EGP,L,20.5,2018-07-01
Egypt,National Average,395.0,Oil (mixed),EGP,L,20.5,2018-08-01
Egypt,National Average,395.0,Oil (mixed),EGP,L,20.5,2018-09-01
Egypt,National Average,395.0,Oil (mixed),EGP,L,20.5,2018-10-01
Egypt,National Average,395.0,Oil (mixed),EGP,L,20.39,2018-11-01
Egypt,National Average,395.0,Oil (mixed),EGP,L,19.96,2018-12-01
Egypt,National Average,395.0,Oil (mixed),EGP,L,19.96,2019-01-01
Egypt,National Average,395.0,Oil (mixed),EGP,L,19.96,2019-02-01
Egypt,National Average,395.0,Oil (mixed),EGP,L,19.96,2019-03-01
Egypt,National Average,395.0,Oil (mixed),EGP,L,20.22,2019-04-01
Egypt,National Average,395.0,Oil (mixed),EGP,L,20.22,2019-05-01
Egypt,National Average,395.0,Oil (mixed),EGP,L,20.22,2019-06-01
Egypt,National Average,395.0,Oil (mixed),EGP,L,20.22,2019-07-01
Egypt,National Average,395.0,Oil (mixed),EGP,L,20.22,2019-08-01
Egypt,National Average,395.0,Oil (mixed),EGP,L,20.22,2019-09-01
Egypt,National Average,395.0,Oil (mixed),EGP,L,20.22,2019-10-01
Egypt,National Average,395.0,Oil (mixed),EGP,L,20.72,2019-11-01
Egypt,National Average,395.0,Oil (mixed),EGP,L,20.72,2019-12-01
Egypt,National Average,395.0,Oil (mixed),EGP,L,20.72,2020-01-01
Egypt,National Average,395.0,Oil (mixed),EGP,L,20.72,2020-02-01
Egypt,National Average,395.0,Oil (mixed),EGP,L,20.72,2020-03-01
Egypt,National Average,395.0,Oil (mixed),EGP,L,20.72,2020-04-01
Egypt,National Average,395.0,Oil (mixed),EGP,L,20.72,2020-05-01
Egypt,National Average,395.0,Oil (mixed),EGP,L,20.72,2020-06-01
Egypt,National Average,395.0,Oil (mixed),EGP,L,20.72,2020-07-01
Egypt,National Average,405.0,Fish (tilapia),EGP,KG,23.0,2015-10-01
Egypt,National Average,405.0,Fish (tilapia),EGP,KG,22.5,2015-11-01
Egypt,National Average,405.0,Fish (tilapia),EGP,KG,22.5,2015-12-01
Egypt,National Average,414.0,Cheese,EGP,KG,16.55,2015-10-01
Egypt,National Average,414.0,Cheese,EGP,KG,16.55,2015-11-01
Egypt,National Average,414.0,Cheese,EGP,KG,16.55,2015-12-01
Egypt,National Average,414.0,Cheese,EGP,KG,16.55,2016-01-01
Egypt,National Average,414.0,Cheese,EGP,KG,16.55,2016-02-01
Egypt,National Average,414.0,Cheese,EGP,KG,16.55,2016-03-01
Egypt,National Average,414.0,Cheese,EGP,KG,16.55,2016-04-01
Egypt,National Average,414.0,Cheese,EGP,KG,16.55,2016-06-01
Egypt,National Average,414.0,Cheese,EGP,KG,16.55,2016-07-01
Egypt,National Average,414.0,Cheese,EGP,KG,16.55,2016-08-01
Egypt,National Average,414.0,Cheese,EGP,KG,16.75,2016-09-01
Egypt,National Average,414.0,Cheese,EGP,KG,17.25,2016-10-01
Egypt,National Average,414.0,Cheese,EGP,KG,19.25,2016-11-01
Egypt,National Average,414.0,Cheese,EGP,KG,20.25,2016-12-01
Egypt,National Average,414.0,Cheese,EGP,KG,20.75,2017-01-01
Egypt,National Average,414.0,Cheese,EGP,KG,23.75,2017-02-01
Egypt,National Average,414.0,Cheese,EGP,KG,23.75,2017-03-01
Egypt,National Average,414.0,Cheese,EGP,KG,23.75,2017-04-01
Egypt,National Average,414.0,Cheese,EGP,KG,23.75,2017-05-01
Egypt,National Average,414.0,Cheese,EGP,KG,23.75,2017-06-01
Egypt,National Average,414.0,Cheese,EGP,KG,24.75,2017-07-01
Egypt,National Average,414.0,Cheese,EGP,KG,24.75,2017-08-01
Egypt,National Average,414.0,Cheese,EGP,KG,24.75,2017-09-01
Egypt,National Average,414.0,Cheese,EGP,KG,26.0,2017-10-01
Egypt,National Average,414.0,Cheese,EGP,KG,27.0,2017-11-01
Egypt,National Average,414.0,Cheese,EGP,KG,27.0,2017-12-01
Egypt,National Average,414.0,Cheese,EGP,KG,27.0,2018-01-01
Egypt,National Average,414.0,Cheese,EGP,KG,27.0,2018-02-01
Egypt,National Average,414.0,Cheese,EGP,KG,27.0,2018-03-01
Egypt,National Average,414.0,Cheese,EGP,KG,27.0,2018-04-01
Egypt,National Average,414.0,Cheese,EGP,KG,27.0,2018-05-01
Egypt,National Average,414.0,Cheese,EGP,KG,27.0,2018-06-01
Egypt,National Average,414.0,Cheese,EGP,KG,27.0,2018-07-01
Egypt,National Average,414.0,Cheese,EGP,KG,27.0,2018-08-01
Egypt,National Average,414.0,Cheese,EGP,KG,27.5,2018-09-01
Egypt,National Average,414.0,Cheese,EGP,KG,27.5,2018-10-01
Egypt,National Average,414.0,Cheese,EGP,KG,26.5,2018-11-01
Egypt,National Average,414.0,Cheese,EGP,KG,26.5,2018-12-01
Egypt,National Average,414.0,Cheese,EGP,KG,26.24,2019-01-01
Egypt,National Average,414.0,Cheese,EGP,KG,26.32,2019-02-01
Egypt,National Average,414.0,Cheese,EGP,KG,26.32,2019-03-01
Egypt,National Average,414.0,Cheese,EGP,KG,26.06,2019-04-01
Egypt,National Average,414.0,Cheese,EGP,KG,26.38,2019-05-01
Egypt,National Average,414.0,Cheese,EGP,KG,26.38,2019-06-01
Egypt,National Average,414.0,Cheese,EGP,KG,26.38,2019-07-01
Egypt,National Average,414.0,Cheese,EGP,KG,26.38,2019-08-01
Egypt,National Average,414.0,Cheese,EGP,KG,27.02,2019-09-01
Egypt,National Average,414.0,Cheese,EGP,KG,27.02,2019-10-01
Egypt,National Average,414.0,Cheese,EGP,KG,27.02,2019-11-01
Egypt,National Average,414.0,Cheese,EGP,KG,27.02,2019-12-01
Egypt,National Average,414.0,Cheese,EGP,KG,27.02,2020-01-01
Egypt,National Average,414.0,Cheese,EGP,KG,27.02,2020-02-01
Egypt,National Average,414.0,Cheese,EGP,KG,27.02,2020-03-01
Egypt,National Average,414.0,Cheese,EGP,KG,27.02,2020-04-01
Egypt,National Average,414.0,Cheese,EGP,KG,27.02,2020-05-01
Egypt,National Average,414.0,Cheese,EGP,KG,26.74,2020-06-01
Egypt,National Average,414.0,Cheese,EGP,KG,27.14,2020-07-01
Egypt,National Average,468.0,"Meat (beef, without bones)",EGP,KG,91.4,2015-10-01
Egypt,National Average,468.0,"Meat (beef, without bones)",EGP,KG,91.4,2015-11-01
Egypt,National Average,468.0,"Meat (beef, without bones)",EGP,KG,82.4,2015-12-01
Egypt,National Average,468.0,"Meat (beef, without bones)",EGP,KG,89.4,2016-01-01
Egypt,National Average,468.0,"Meat (beef, without bones)",EGP,KG,89.4,2016-02-01
Egypt,National Average,468.0,"Meat (beef, without bones)",EGP,KG,91.4,2016-03-01
Egypt,National Average,468.0,"Meat (beef, without bones)",EGP,KG,91.4,2016-04-01
Egypt,National Average,468.0,"Meat (beef, without bones)",EGP,KG,96.0,2016-06-01
Egypt,National Average,468.0,"Meat (beef, without bones)",EGP,KG,96.0,2016-07-01
Egypt,National Average,468.0,"Meat (beef, without bones)",EGP,KG,99.0,2016-08-01
Egypt,National Average,468.0,"Meat (beef, without bones)",EGP,KG,102.0,2016-09-01
Egypt,National Average,468.0,"Meat (beef, without bones)",EGP,KG,102.0,2016-10-01
Egypt,National Average,468.0,"Meat (beef, without bones)",EGP,KG,107.0,2016-11-01
Egypt,National Average,468.0,"Meat (beef, without bones)",EGP,KG,114.0,2016-12-01
Egypt,National Average,468.0,"Meat (beef, without bones)",EGP,KG,119.0,2017-01-01
Egypt,National Average,468.0,"Meat (beef, without bones)",EGP,KG,122.0,2017-02-01
Egypt,National Average,468.0,"Meat (beef, without bones)",EGP,KG,127.0,2017-03-01
Egypt,National Average,468.0,"Meat (beef, without bones)",EGP,KG,132.0,2017-04-01
Egypt,National Average,468.0,"Meat (beef, without bones)",EGP,KG,137.0,2017-05-01
Egypt,National Average,468.0,"Meat (beef, without bones)",EGP,KG,141.0,2017-06-01
Egypt,National Average,468.0,"Meat (beef, without bones)",EGP,KG,146.0,2017-07-01
Egypt,National Average,468.0,"Meat (beef, without bones)",EGP,KG,150.0,2017-08-01
Egypt,National Average,468.0,"Meat (beef, without bones)",EGP,KG,150.0,2017-09-01
Egypt,National Average,468.0,"Meat (beef, without bones)",EGP,KG,150.0,2017-10-01
Egypt,National Average,468.0,"Meat (beef, without bones)",EGP,KG,150.0,2017-11-01
Egypt,National Average,468.0,"Meat (beef, without bones)",EGP,KG,148.0,2017-12-01
Egypt,National Average,468.0,"Meat (beef, without bones)",EGP,KG,148.0,2018-01-01
Egypt,National Average,468.0,"Meat (beef, without bones)",EGP,KG,148.0,2018-02-01
Egypt,National Average,468.0,"Meat (beef, without bones)",EGP,KG,148.0,2018-03-01
Egypt,National Average,468.0,"Meat (beef, without bones)",EGP,KG,148.0,2018-04-01
Egypt,National Average,468.0,"Meat (beef, without bones)",EGP,KG,148.0,2018-05-01
Egypt,National Average,468.0,"Meat (beef, without bones)",EGP,KG,148.0,2018-06-01
Egypt,National Average,468.0,"Meat (beef, without bones)",EGP,KG,148.0,2018-07-01
Egypt,National Average,468.0,"Meat (beef, without bones)",EGP,KG,148.55,2018-08-01
Egypt,National Average,468.0,"Meat (beef, without bones)",EGP,KG,148.55,2018-09-01
Egypt,National Average,468.0,"Meat (beef, without bones)",EGP,KG,148.55,2018-10-01
Egypt,National Average,468.0,"Meat (beef, without bones)",EGP,KG,149.09,2018-11-01
Egypt,National Average,468.0,"Meat (beef, without bones)",EGP,KG,149.09,2018-12-01
Egypt,National Average,468.0,"Meat (beef, without bones)",EGP,KG,149.09,2019-01-01
Egypt,National Average,468.0,"Meat (beef, without bones)",EGP,KG,149.91,2019-02-01
Egypt,National Average,468.0,"Meat (beef, without bones)",EGP,KG,148.42,2019-03-01
Egypt,National Average,468.0,"Meat (beef, without bones)",EGP,KG,148.42,2019-04-01
Egypt,National Average,468.0,"Meat (beef, without bones)",EGP,KG,148.42,2019-05-01
Egypt,National Average,468.0,"Meat (beef, without bones)",EGP,KG,147.27,2019-06-01
Egypt,National Average,468.0,"Meat (beef, without bones)",EGP,KG,148.16,2019-07-01
Egypt,National Average,468.0,"Meat (beef, without bones)",EGP,KG,150.46,2019-08-01
Egypt,National Average,468.0,"Meat (beef, without bones)",EGP,KG,148.37,2019-09-01
Egypt,National Average,468.0,"Meat (beef, without bones)",EGP,KG,141.95,2019-10-01
Egypt,National Average,468.0,"Meat (beef, without bones)",EGP,KG,126.33,2019-11-01
Egypt,National Average,468.0,"Meat (beef, without bones)",EGP,KG,124.87,2019-12-01
Egypt,National Average,468.0,"Meat (beef, without bones)",EGP,KG,125.87,2020-01-01
Egypt,National Average,468.0,"Meat (beef, without bones)",EGP,KG,125.87,2020-02-01
Egypt,National Average,468.0,"Meat (beef, without bones)",EGP,KG,128.59,2020-03-01
Egypt,National Average,468.0,"Meat (beef, without bones)",EGP,KG,134.33,2020-04-01
Egypt,National Average,468.0,"Meat (beef, without bones)",EGP,KG,135.68,2020-05-01
Egypt,National Average,468.0,"Meat (beef, without bones)",EGP,KG,136.1,2020-06-01
Egypt,National Average,468.0,"Meat (beef, without bones)",EGP,KG,136.66,2020-07-01
