sku,source,category,sub_category,product_name,price,brand,item_weight,unit_count,date,item_weight_grams
n40074717a,noon,grocery,"creal,oats,jams&honey",black honey 650grams,58.25,al bawadi,650,1.0,2026-06-25,650.0
zad890806a37ee3ae16b0z,noon,grocery,"creal,oats,jams&honey",fig jam 650 grams,61.0,al bawadi,650,1.0,2026-06-25,650.0
n28968489a,noon,grocery,"creal,oats,jams&honey",nesquik cereal 330grams,111.0,nesquik,330,1.0,2026-06-25,330.0
z281dab0fce9342f92c46z,noon,grocery,"creal,oats,jams&honey",said korean red ginseng golden liquid 30g,1950.0,samsidae,30,1.0,2026-06-25,30.0
n42906482a,noon,grocery,"creal,oats,jams&honey",premium oat flakes 500grams,82.75,al doha,500,1.0,2026-06-25,500.0
n51182040a,noon,grocery,"creal,oats,jams&honey",protein bar hazelnut bar 70grams,84.25,abu auf,70,1.0,2026-06-25,70.0
z6511fe2550a2c24ebc3ez,noon,grocery,"creal,oats,jams&honey",couscous - 700 g,94.95,mr. food,700,1.0,2026-06-25,700.0
z160669ac9f6317461082z,noon,grocery,"creal,oats,jams&honey",jumbo oats set - 300 gram,66.0,lino,300,1.0,2026-06-25,300.0
z20b36b3d2515c11e30edz,noon,grocery,"creal,oats,jams&honey",arkan premium tahini halva with pistachio – 300g – smooth texture & authentic rich nutty flavor,120.0,arkan,300,1.0,2026-06-25,300.0
zf99f016e373c23b9998ez,noon,grocery,"creal,oats,jams&honey",fruit preserve light diet 340gm strawberry jam,48.0,halwani bros,340,1.0,2026-06-25,340.0
z0566e605cfa30885cc9az,noon,grocery,"creal,oats,jams&honey",healthy spread original chocolate 210 gm,123.25,healthy spread,210,1.0,2026-06-25,210.0
n27747712a,noon,grocery,"creal,oats,jams&honey",traditional musli 350grams,121.0,sante,350,1.0,2026-06-25,350.0
z7795c871fd783c22d6f3z,noon,grocery,"creal,oats,jams&honey",granola - coconut with superseeds 350 grams,152.9,goodhands,350,1.0,2026-06-25,350.0
n40074716a,noon,grocery,"creal,oats,jams&honey",black honey 340grams,27.0,el bawadi,340,1.0,2026-06-25,340.0
z50d7b3c01825d49ed1c0z,noon,grocery,"creal,oats,jams&honey",clover honey 2 kg,399.0,shana nature house,2,1.0,2026-06-25,2000.0
z0da9936e6902915a8164z,noon,grocery,"creal,oats,jams&honey",pistachio crunchy bites spread 285g,98.25,el bawadi,300,1.0,2026-06-25,300.0
z5a5ebd6856cd9eb646a5z,noon,grocery,"creal,oats,jams&honey",nutella - hazelnut spread with cocoa - perfect for breakfast and baking (pack size 600 gm),565.0,nutella,600,1.0,2026-06-25,600.0
z6da6119cd13785550967z,noon,grocery,"creal,oats,jams&honey",dubai filling kunafa & pistachio 500 gram,243.0,asmacup,450,1.0,2026-06-25,450.0
za5e1cf2559a0d4861689z,noon,grocery,"creal,oats,jams&honey",chocolate breakfast cereal 330g,186.0,kitkat,330,1.0,2026-06-25,330.0
z66e9b9e668328868283cz,noon,grocery,"creal,oats,jams&honey","manuka honey 400mgo, 500g",6999.0,manuka health,500,1.0,2026-06-25,500.0
zba56042cf2ddc41d61ebz,noon,grocery,"creal,oats,jams&honey",high protein peanut butter 375g,365.0,healthy & tasty,375,1.0,2026-06-25,375.0
z8925e56e5b6129f00030z,noon,grocery,"creal,oats,jams&honey","alsham nebras apricot jam – premium natural fruit spread, authentic taste, golden lid jar, 450g",89.99,alsham nebras,450,1.0,2026-06-25,450.0
z57edf6148520e2d85be9z,noon,grocery,"creal,oats,jams&honey","maxtella - soft hazelnut chocolate spread with cocoa butter substitutes, 200g",74.99,maxtella,220,1.0,2026-06-25,220.0
zb1bccbe9b56df5292d8cz,noon,grocery,"creal,oats,jams&honey",maxtella white spread chocolate – creamy cocoa butter substitute – sweet white chocolate flavor – 350g jar,175.0,maxtella,900,1.0,2026-06-25,900.0
z329942ef4ad9e4f898e6z,noon,grocery,"creal,oats,jams&honey",nutella chocolate with hazelnut - 350 gm (assorted packaging),349.95,nutella,350,1.0,2026-06-25,350.0
zc2e36a4fb5459fea3804z,noon,grocery,"creal,oats,jams&honey",choco bites 225 grams,82.0,real,225,1.0,2026-06-25,225.0
n39272815a,noon,grocery,"creal,oats,jams&honey",cranberries and raisins granola 350grams,195.25,abu auf,350,1.0,2026-06-25,350.0
n39599812a,noon,grocery,"creal,oats,jams&honey",lotus biscoff spread 400grams,441.0,lotus,400,1.0,2026-06-25,400.0
z41c9f155199374c36b71z,noon,grocery,"creal,oats,jams&honey",shira sweetener mixture of honey and natural fructose 3 kg - 60% natural from uni smart group,250.0,uni smart group,3,1.0,2026-06-25,3000.0
z061875817ec16b24a0fdz,noon,grocery,"creal,oats,jams&honey",quaker white oats – 100% natural whole grain oats – heart healthy & high fiber – perfect for breakfast & soup – 500g pack,320.0,quaker,500,1.0,2026-06-25,500.0
n12280414a,noon,grocery,"creal,oats,jams&honey",peanut butter gronola crispy cereal flakes 350grams,159.25,sante,350,1.0,2026-06-25,350.0
z42828349552aa91bc511z,noon,grocery,"creal,oats,jams&honey","maxtella raw chocolate – premium cocoa, special offer, baking & desserts",59.99,maxtella,180,1.0,2026-06-25,180.0
ze4daab162f53f36c1344z,noon,grocery,"creal,oats,jams&honey",nutella spread (350g) rich cocoa and hazelnut cream,370.0,nutella,350,1.0,2026-06-25,350.0
z43362aaa47ee5298908az,noon,grocery,"creal,oats,jams&honey",oat flakes quick cooking-600g,85.0,organic nation,600,1.0,2026-06-25,600.0
zb0e453f008880c5d9d07z,noon,grocery,"creal,oats,jams&honey",arkan halawa tehenia with extra pistachios - 500g - premium quality & rich taste,400.0,arkan,500,1.0,2026-06-25,500.0
z407e2da785c73c7ec709z,noon,grocery,"creal,oats,jams&honey",oats 500 grams,76.5,ragab el attar,500,1.0,2026-06-25,500.0
z65f7bda0da4081ebead9z,noon,grocery,"creal,oats,jams&honey",minis cereals,86.0,nesquik,320,1.0,2026-06-25,480.82792874896444
z45ec3a1fd3b5ea3559d4z,noon,grocery,"creal,oats,jams&honey",choco pillow corn flakes 250 grams,43.0,cornexi,250,1.0,2026-06-25,250.0
n42868001a,noon,grocery,"creal,oats,jams&honey",gold granola with nuts and honey 300grams,181.0,sante,300,1.0,2026-06-25,300.0
zd3ce280cf402b0f17c89z,noon,grocery,"creal,oats,jams&honey",arkan premium halva with extra walnuts – 500g | authentic middle eastern sesame sweet | traditional dessert egypt,250.0,arkan,500,1.0,2026-06-25,500.0
n13710064a,noon,grocery,"creal,oats,jams&honey",fruit muesli 350grams,168.25,sante,350,1.0,2026-06-25,350.0
z7d5adc5221bf351411d4z,noon,grocery,"creal,oats,jams&honey",Maxtella Chocolate Hazelnut Spread – 900 grams | Smooth hazelnut cocoa cream for breakfast and desserts,175.0,Max Tila,900,1.0,2026-06-25,900.0
zb375c232d32c8e5723caz,noon,grocery,"creal,oats,jams&honey",kind kids spread cream 350 gm,99.0,asmacup,350,1.0,2026-06-25,350.0
z579f028569fda55a06d1z,noon,grocery,"creal,oats,jams&honey",saegh whole grain oats 400g,80.0,saegh,400,1.0,2026-06-25,400.0
n42868005a,noon,grocery,"creal,oats,jams&honey",fit granola nuts and cocoa - no sugar added 300grams,208.25,sante,300,1.0,2026-06-25,300.0
n48663892a,noon,grocery,"creal,oats,jams&honey",high protein instant oatmeal the chocolate mocha 300grams,80.25,kayy,300,1.0,2026-06-25,300.0
zcd12cd88703751f4a0e7z,noon,grocery,"creal,oats,jams&honey",saegh black honey polyethylene 700 g,68.0,saegh,700,1.0,2026-06-25,700.0
z2cdca10c6ce1950e1c51z,noon,grocery,"creal,oats,jams&honey",sezar honey - 12 sachets x 18 grams,480.0,uni smart group,12,1.0,2026-06-25,12.0
n12280413a,noon,grocery,"creal,oats,jams&honey",granola fruit 350grams,186.25,sante,350,1.0,2026-06-25,350.0
n27747713a,noon,grocery,"creal,oats,jams&honey",crunchy fruits grain oat flake 350grams,149.0,sante,350,1.0,2026-06-25,350.0
z6cfb0eedfe09e8e86096z,noon,grocery,"creal,oats,jams&honey",saegh alfalfa blossom honey 450 gm,119.0,saegh,450,1.0,2026-06-25,450.0
z2519adea5027508c785az,noon,grocery,"creal,oats,jams&honey",hazelnut spread chocolate-350g,144.0,milkato,350,1.0,2026-06-25,350.0
z30d5a2a3b3cd4528c8efz,noon,grocery,"creal,oats,jams&honey",hazelnut chocolate spread sweetened with monkfruit - 250g,211.0,lakanto,250,1.0,2026-06-25,250.0
z636c8e176e4441665b72z,noon,grocery,"creal,oats,jams&honey",dark chocolate spread sweetened with monkfruit - 250g,211.0,lakanto,250,1.0,2026-06-25,250.0
z4be483981c4d41f0f3caz,noon,grocery,"creal,oats,jams&honey",mouni vip - 12 sachets x 16 grams - from uni smart group,225.0,uni smart group,12,1.0,2026-06-25,12.0
z6e7776360b944ddbd50ez,noon,grocery,"creal,oats,jams&honey",oat whole grain 500g,57.0,haj arafa,500,1.0,2026-06-25,500.0
z67e4983f4c7bb9be04b1z,noon,grocery,"creal,oats,jams&honey",maxtella chocolate hazelnut spread – 450g jar – rich creamy chocolate with premium hazelnuts,94.99,maxtella,450,1.0,2026-06-25,450.0
z5d5e063d2fe1c5d29d54z,noon,grocery,"creal,oats,jams&honey",saegh honey with nuts 250g,137.0,saegh,250,1.0,2026-06-25,250.0
zed330bb26a58f6584666z,noon,grocery,"creal,oats,jams&honey",healthy spread chocolate extra nuts with hazelnut pieces 375 gm,216.0,milkato,375,1.0,2026-06-25,375.0
n30328302a,noon,grocery,"creal,oats,jams&honey",whey protein oats 500grams,105.0,kayy,500,1.0,2026-06-25,500.0
za31487989356e91e27eez,noon,grocery,"creal,oats,jams&honey",speculoos biscuits spread 380 gm,171.0,milkato,380,1.0,2026-06-25,380.0
zff638991d748cb593f57z,noon,grocery,"creal,oats,jams&honey","chocolate spread from x spread with natural hazelnut pieces, 350 g.",90.0,mozn,350,1.0,2026-06-25,350.0
z6a8cacc9ad838d13ac9ez,noon,grocery,"creal,oats,jams&honey",healthy spread chocolate original with hazelnut 375 gm,200.0,milkato,375,1.0,2026-06-25,375.0
zc61df738357b6f3296c9z,noon,grocery,"creal,oats,jams&honey",crunchy peanut butter 320g,112.0,haj arafa,320,1.0,2026-06-25,320.0
z8784cb5db1ae8f4833dfz,noon,grocery,"creal,oats,jams&honey",beeswax 500 grams - 100% natural from uni smart group,145.0,uni smart group,500,1.0,2026-06-25,500.0
n28548504a,noon,grocery,"creal,oats,jams&honey",high fibre oats flakes 500grams,133.0,sante,500,1.0,2026-06-25,500.0
zb63feb5b966b98e7a90dz,noon,grocery,"creal,oats,jams&honey",citrus honey 2.2kg,687.0,imtenan,2,1.0,2026-06-25,2200.0
n42868104a,noon,grocery,"creal,oats,jams&honey",fruit rings 250grams,36.0,cornexi,250,1.0,2026-06-25,250.0
z3f874ebf1f408cb6907ez,noon,grocery,"creal,oats,jams&honey",peanut protein bar 70 grams,56.0,imtenan,70,1.0,2026-06-25,70.0
zd7fab2707a43241e364az,noon,grocery,"creal,oats,jams&honey",plain sesame halawa 250gm,37.0,halwani bros,250,1.0,2026-06-25,250.0
n51182038a,noon,grocery,"creal,oats,jams&honey",protein almond bar 70grams,94.0,abu auf,70,1.0,2026-06-25,70.0
z343d67bf71b0822adcc2z,noon,grocery,"creal,oats,jams&honey",rotus caramel and cinnamon biscuit sauce - dessert topping & syrup - 350g,99.99,rotus,350,1.0,2026-06-25,350.0
z8ebdb4e55c3020b9e4eez,noon,grocery,"creal,oats,jams&honey","abu auf peanut butter no added sugar , 330 gm",169.9,abu auf,330,1.0,2026-06-25,330.0
n35958675a,noon,grocery,"creal,oats,jams&honey",crunchy peanut butter 510grams,126.0,dobella,510,1.0,2026-06-25,510.0
zfbaa6308d770b54da4efz,noon,grocery,"creal,oats,jams&honey",luxury coconut and almond chocolate gift box - 15 pieces - 156g,690.0,ferrero,156,1.0,2026-06-25,156.0
z7d8121ea1810bfd73d47z,noon,grocery,"creal,oats,jams&honey",egyptian mountain sidr honey 2.2kg,1676.0,imtenan,2,1.0,2026-06-25,2200.0
z055a3289fbceff600906z,noon,grocery,"creal,oats,jams&honey",corn flakes 400 grams,83.0,imtenan,400,1.0,2026-06-25,400.0
zbe9ab769292239bdc2bbz,noon,grocery,"creal,oats,jams&honey",elhelwa plain sesame halawa 700g,121.25,halwani bros,700,1.0,2026-06-25,700.0
ze5677a7d35e3c270d968z,noon,grocery,"creal,oats,jams&honey",el mordjene - gourmet hazelnut spread - 700gm,699.75,el mordjene,700,1.0,2026-06-25,700.0
za84ee19dbdff8b30953ez,noon,grocery,"creal,oats,jams&honey",sesame halawa with pistachio 250g,90.0,halwani bros,250,1.0,2026-06-25,250.0
zed634aa5fc7c5324ddcfz,noon,grocery,"creal,oats,jams&honey",protein flex brownies pops 250g,76.0,real,250,1.0,2026-06-25,250.0
z2144cdaccda60fa77dfaz,noon,grocery,"creal,oats,jams&honey",bran flakes 400 grams,92.0,imtenan,400,1.0,2026-06-25,400.0
zb252f3214c55179fd316z,noon,grocery,"creal,oats,jams&honey",arkan halawa with chocolate – 400g sweet sesame dessert – authentic middle eastern confection,105.0,arkan,300,1.0,2026-06-25,300.0
n12280411a,noon,grocery,"creal,oats,jams&honey",tropical flavour muesli 350grams,136.0,sante,350,1.0,2026-06-25,350.0
z2e6f9211fa9db57ee875z,noon,grocery,"creal,oats,jams&honey","Luxurious natural mountain Sidr honey - 400 gm | Pure, healthy, authentic",550.0,unknown,1000,1.0,2026-06-25,1000.0
n29595074a,noon,grocery,"creal,oats,jams&honey",vitrac fig light jam 220grams,40.25,vitrac,220,1.0,2026-06-25,220.0
n42868058a,noon,grocery,"creal,oats,jams&honey",oat flakes 500grams,72.0,class a,500,1.0,2026-06-25,500.0
z6be59a081e5d6b7f1a38z,noon,grocery,"creal,oats,jams&honey",chocolate hazelnut crunchy spread 300g,106.0,el bawadi,300,1.0,2026-06-25,300.0
z3ec07756f9105745fab9z,noon,grocery,"creal,oats,jams&honey",squeez honey 1000g,230.0,saegh,1000,1.0,2026-06-25,1000.0
zc0acc66106703a4b3913z,noon,grocery,"creal,oats,jams&honey",toffee bites 225gm,82.0,real,225,1.0,2026-06-25,225.0
n35958674a,noon,grocery,"creal,oats,jams&honey",creamy peanut butter 510grams,126.0,dobella,510,1.0,2026-06-25,510.0
ze3e1cd3f48950b0f6608z,noon,grocery,"creal,oats,jams&honey",healthy matcha granola 275g,239.0,greenuts,275,1.0,2026-06-25,275.0
n29595072a,noon,grocery,"creal,oats,jams&honey",strawberry light jam 220grams,40.25,vitrac,220,1.0,2026-06-25,220.0
zd6a2986b2e7a18a67cd2z,noon,grocery,"creal,oats,jams&honey",asmacup peanut butter spread 900 gm,211.5,asmacup,900,1.0,2026-06-25,900.0
n42868074a,noon,grocery,"creal,oats,jams&honey",oats flour gluten free 500grams,143.25,healthy mill,500,1.0,2026-06-25,500.0
z145183cfaa081a8dbdb8z,noon,grocery,"creal,oats,jams&honey",keto bar almonds 60 grams,100.0,healthy & tasty,60,1.0,2026-06-25,60.0
ze791930f39178d9506edz,noon,grocery,"creal,oats,jams&honey",dubai filling kunafa & pistachio 1 kg,449.1,asmacup,1000,1.0,2026-06-25,1000.0
n28727425a,noon,grocery,"creal,oats,jams&honey",peanut butter with dark chocolate 330grams,173.25,abu auf,330,1.0,2026-06-25,330.0
z1ddab03a25d4d659be9fz,noon,grocery,"creal,oats,jams&honey",gold hazelnuts cream 350 gm,180.0,milkato,350,1.0,2026-06-25,350.0
z44f7310633693bd7ad3dz,noon,grocery,"creal,oats,jams&honey",imported ferrero rocher chocolate - 16 pieces - 200g - rich hazelnut flavour,495.0,ferrero,200,1.0,2026-06-25,200.0
z474ccc0f72deaa126622z,noon,grocery,"creal,oats,jams&honey",chocolate hazelnut spread 350g,108.0,asmacup,350,1.0,2026-06-25,350.0
zad6b876d43b1d47c3f8cz,noon,grocery,"creal,oats,jams&honey","max tilla hazelnut and chocolate spread savings bundle - 3 packs x 900g (total 2.7kg) - rich flavor & creamy texture, perfect for sandwiches, crepes and desserts",480.0,maxtella,2,1.0,2026-06-25,2700.0
z02d1837edabc2817543ez,noon,grocery,"creal,oats,jams&honey",pistachio spread cream 1 kg,585.0,asmacup,1000,1.0,2026-06-25,1000.0
n52906986a,noon,grocery,"creal,oats,jams&honey",greek honey 455grams,964.0,attiki,455,1.0,2026-06-25,455.0
n35958663a,noon,grocery,"creal,oats,jams&honey",oat flakes 500grams,72.0,mega foods,500,1.0,2026-06-25,500.0
zc750d224d5cf2f421655z,noon,grocery,"creal,oats,jams&honey",keto coconut chocolate bar 60 grams,100.0,healthy & tasty,60,1.0,2026-06-25,60.0
z44a8181c9ac111a8aafcz,noon,grocery,"creal,oats,jams&honey",asmacup white chocolate oreo spread 900 gm,202.5,asmacup,900,1.0,2026-06-25,900.0
n28548501a,noon,grocery,"creal,oats,jams&honey",crunchy banana with chocolate 350grams,149.0,sante,350,1.0,2026-06-25,350.0
ze10514430a1b47023a5ez,noon,grocery,"creal,oats,jams&honey",pomegranate molasses 540 gram,77.0,dobella,540,1.0,2026-06-25,540.0
zb8e7c8af706e781cd731z,noon,grocery,"creal,oats,jams&honey",hazelnut chocolate spread 900g,179.1,asmacup,900,1.0,2026-06-25,900.0
z494c85084fcd5952d8e5z,noon,grocery,"creal,oats,jams&honey",max tella hazelnut and cocoa chocolate spread - rich creamy texture for breakfast & desserts - value pack 900g,175.0,maxtella,1,1.0,2026-06-25,1800.0
zea15fd7aa5fe5bc44bfez,noon,grocery,"creal,oats,jams&honey",creamy peanut butter 320g,112.0,haj arafa,320,1.0,2026-06-25,320.0
n12280412a,noon,grocery,"creal,oats,jams&honey",crunchy classic crispy cereal flakes 350grams,121.0,sante,350,1.0,2026-06-25,350.0
z76b3bbe886acd5db82f3z,noon,grocery,"creal,oats,jams&honey",plain sesame light diet halawa,80.0,halwani bros,250,1.0,2026-06-25,250.0
za70c3813cdab9e571ac3z,noon,grocery,"creal,oats,jams&honey",rotus spread cream – cinnamon & caramel flavor – smooth & creamy dessert filling – family snack – 350g,95.0,rotus,350,1.0,2026-06-25,350.0
n42868072a,noon,grocery,"creal,oats,jams&honey",gluten free whole grain oats 500grams,146.75,healthy mill,500,1.0,2026-06-25,500.0
z8f11fd8cfb38f18461bbz,noon,grocery,"creal,oats,jams&honey",rocher spread cream irresistible luxurious rocher goodness 350 gm,162.0,asmacup,350,1.0,2026-06-25,350.0
z1acfb0c3e83a7bf8b5e2z,noon,grocery,"creal,oats,jams&honey",Pistachio spread 200 grams,179.1,Fishes,200,1.0,2026-06-25,200.0
z4ba27ef7129f14d5cbc5z,noon,grocery,"creal,oats,jams&honey",maxtella chocolate hazelnut spread - 320g,99.99,maxtella,320,1.0,2026-06-25,320.0
n42868004a,noon,grocery,"creal,oats,jams&honey",fit granola strawberry and cherry 300grams,208.25,sante,300,1.0,2026-06-25,300.0
z3d684ec7b8f717ab7b3cz,noon,grocery,"creal,oats,jams&honey",nawara honey with honey 450 g,126.0,shana nature house,470,1.0,2026-06-25,470.0
zbac47afbe9d043cc1535z,noon,grocery,"creal,oats,jams&honey",classic chocolate spread with hazelnut 900g,270.0,milkato,900,1.0,2026-06-25,900.0
zdd63bfafa8ac6d96b249z,noon,grocery,"creal,oats,jams&honey",crunchy caramel bar- 23.5 gm - pack of 6,107.0,fitness,23,1.0,2026-06-25,23.5
n42652842a,noon,grocery,"creal,oats,jams&honey",fruit flakes box 250grams,36.0,cornexi,250,1.0,2026-06-25,250.0
zf1aa20df3dafaab8de62z,noon,grocery,"creal,oats,jams&honey",bee immunity honey propolis 170 grams,296.5,imtenan,170,1.0,2026-06-25,170.0
n42868000a,noon,grocery,"creal,oats,jams&honey",gold granola with chocolate and orange 300grams,228.0,sante,300,1.0,2026-06-25,300.0
z92f2187b0188a9587163z,noon,grocery,"creal,oats,jams&honey",pistachio spread 350 gm ( premium quality ),324.0,milkato,350,1.0,2026-06-25,350.0
n28992059a,noon,grocery,"creal,oats,jams&honey",pure honey 250grams,94.0,isis,250,1.0,2026-06-25,250.0
z1e2a9a99efbb2bb80b37z,noon,grocery,"creal,oats,jams&honey",protein bar peanut butter 70 gm,61.0,abu auf,70,1.0,2026-06-25,70.0
z95782e5c2eca73e3a8d6z,noon,grocery,"creal,oats,jams&honey",pure black seed honey – kidney support & natural protection 200g,166.5,wadyan,200,1.0,2026-06-25,200.0
z66a4b7e26018279c14cdz,noon,grocery,"creal,oats,jams&honey",nuts bar coconut & fruit nut 40 grams,44.0,abu auf,40,1.0,2026-06-25,40.0
n44900122a,noon,grocery,"creal,oats,jams&honey",marroni chestnut cream 340grams,138.0,menz&gasser,340,1.0,2026-06-25,340.0
n51182034a,noon,grocery,"creal,oats,jams&honey",protein bar nuts & caramel 40grams,84.25,abu auf,40,1.0,2026-06-25,40.0
z972669cc840eb3544899z,noon,grocery,"creal,oats,jams&honey",greenuts bran flakes high-fiber breakfast cereal 250g – healthy wheat bran flakes for digestive support,99.0,greenuts,250,1.0,2026-06-25,250.0
n35958764a,noon,grocery,"creal,oats,jams&honey",chocolate topping 250grams,61.0,solo,250,1.0,2026-06-25,250.0
n52490743a,noon,grocery,"creal,oats,jams&honey",pure honey squeeze 450g,152.0,isis,500,1.0,2026-06-25,500.0
z5659e8a4b6070a5b0d7az,noon,grocery,"creal,oats,jams&honey",nutella food service - hazelnut spread with cocoa - professional & bulk size 3 kg,3100.0,nutella,3,1.0,2026-06-25,3000.0
n42652841a,noon,grocery,"creal,oats,jams&honey",corn flakes box 250grams,48.0,cornexi,250,1.0,2026-06-25,250.0
n28727408a,noon,grocery,"creal,oats,jams&honey",peanut butter 330grams,162.25,abu auf,330,1.0,2026-06-25,330.0
zfad04b16faf5e34f0a38z,noon,grocery,"creal,oats,jams&honey",tasbera crunchy hazelnuts cream with cocoa 350 gm,180.0,milkato,350,1.0,2026-06-25,350.0
n29595061a,noon,grocery,"creal,oats,jams&honey",vitrac fig jam 850grams,107.0,vitrac,850,1.0,2026-06-25,850.0
n40201453a,noon,grocery,"creal,oats,jams&honey",high protein instant apple oat meal 300grams,70.25,kayy,300,1.0,2026-06-25,300.0
z7200c73618fac873cb34z,noon,grocery,"creal,oats,jams&honey",plain date spread 230g,113.0,abu auf,230,1.0,2026-06-25,230.0
zcd8411394f6385fdf8d7z,noon,grocery,"creal,oats,jams&honey",spring flowers honey squeezed 450grams,118.0,imtenan,450,1.0,2026-06-25,450.0
z9c154494b856cf817029z,noon,grocery,"creal,oats,jams&honey",cereal bars strawberry flavor - 168 gram,97.0,lino,2,1.0,2026-06-25,2352.0
n29153210a,noon,grocery,"creal,oats,jams&honey",oats + turmeric and ginger 500grams,87.0,kayy,500,1.0,2026-06-25,500.0
n29595052a,noon,grocery,"creal,oats,jams&honey",vitrac mix starwberry and raspberry jam - 430grams,54.5,vitrac,430,1.0,2026-06-25,430.0
n42652944a,noon,grocery,"creal,oats,jams&honey",coconut and milk chocolate protein vitamin bar 50grams,75.0,sante,50,1.0,2026-06-25,50.0
n51182039a,noon,grocery,"creal,oats,jams&honey",protein bar caramel biscuits bar 70grams,61.0,abu auf,70,1.0,2026-06-25,70.0
z36c57e37ca4ac2b6e7d1z,noon,grocery,"creal,oats,jams&honey",citrus blossom honey 950g,254.0,shana nature house,950,1.0,2026-06-25,950.0
n52422171a,noon,grocery,"creal,oats,jams&honey",clover honey 500ml,134.0,al shifa,500,1.0,2026-06-25,500.0
zbb71302cce11cdd170bdz,noon,grocery,"creal,oats,jams&honey","max tella - smooth hazelnut chocolate cream - rich cocoa butter & hazelnut spread - family pack (specify weight, e.g., 1kg)",175.0,maxtella,900,1.0,2026-06-25,900.0
z1ffc8a07d20f957c3efdz,noon,grocery,"creal,oats,jams&honey",chewy bar with chocolate chips flavor - 144 gram pack of 6,81.0,lino,1,1.0,2026-06-25,1152.0
n30344944a,noon,grocery,"creal,oats,jams&honey",oats with chia 500grams,69.0,healthy mill,500,1.0,2026-06-25,500.0
z20cbf2374920cd18088az,noon,grocery,"creal,oats,jams&honey",hazelnut milk chocolate spread with no added sugar 320g,201.0,haj arafa,320,1.0,2026-06-25,320.0
z204c6436fdab96e54501z,noon,grocery,"creal,oats,jams&honey",wild herbs wonder bee honey 950gm,188.0,wonder bee honey,950,1.0,2026-06-25,950.0
z193c56116ddaee8ac6f6z,noon,grocery,"creal,oats,jams&honey",peanut bites 225g,82.0,real,225,1.0,2026-06-25,225.0
z16e8c5535fee9c98c912z,noon,grocery,"creal,oats,jams&honey",dreem chocolate spread with natural hazelnut - 900g,337.0,dreem,900,1.0,2026-06-25,900.0
n52103812a,noon,grocery,"creal,oats,jams&honey",honey with nuts 250g,226.0,isis,250,1.0,2026-06-25,250.0
z30af572d625db3703994z,noon,grocery,"creal,oats,jams&honey",peanut butter -350g,140.0,organic nation,350,1.0,2026-06-25,350.0
zcbb36bcfee2d3a11c2abz,noon,grocery,"creal,oats,jams&honey",clover blossom honey squeeze 450grams,118.0,imtenan,450,1.0,2026-06-25,450.0
z57cb71403ca460df2253z,noon,grocery,"creal,oats,jams&honey",protein fruits rings 250g,76.0,real,250,1.0,2026-06-25,250.0
z87a88cd2bfdab9905d67z,noon,grocery,"creal,oats,jams&honey",clover blossom honey- 225 grams,70.0,royal,225,1.0,2026-06-25,225.0
z106af01a51a49a519394z,noon,grocery,"creal,oats,jams&honey",coconut butter 375g,340.0,healthy & tasty,375,1.0,2026-06-25,375.0
z90fda044bd6f5d1b53c9z,noon,grocery,"creal,oats,jams&honey",strawberry jam 650 grams,54.25,al bawadi,650,1.0,2026-06-25,650.0
zdcedc3097c06fe651678z,noon,grocery,"creal,oats,jams&honey",protein vanilla flakes 250g,76.0,real,250,1.0,2026-06-25,250.0
z840d6cc4bdb7b7743af8z,noon,grocery,"creal,oats,jams&honey",citrus honey 420 grams,108.25,el bawadi,420,1.0,2026-06-25,420.0
z4ad066c7e02648c47170z,noon,grocery,"creal,oats,jams&honey",nawara clover honey hexagonal 250grams,71.75,imtenan,250,1.0,2026-06-25,250.0
zeac6f66419662190be3dz,noon,grocery,"creal,oats,jams&honey",natural citrus honey 500g,195.0,haj arafa,500,1.0,2026-06-25,500.0
zbdcd62cbb00cec17cd3fz,noon,grocery,"creal,oats,jams&honey",sesame halawa with hazelnuts 250gm,69.0,halwani bros,250,1.0,2026-06-25,250.0
n44807102a,noon,grocery,"creal,oats,jams&honey",black cherry jam mini jar - 28.3grams,18.0,hero,28,1.0,2026-06-25,28.3
zb21ce2feb8829ff2a6c6z,noon,grocery,"creal,oats,jams&honey",chewy bar with marshmallow flavor - 144 gram pack of 8,81.0,lino,1,1.0,2026-06-25,1152.0
n35958670a,noon,grocery,"creal,oats,jams&honey",creamy peanut butter 340grams,96.0,dobella,340,1.0,2026-06-25,340.0
n47961266a,noon,grocery,"creal,oats,jams&honey",spread chocolate with mint 475grams,125.0,lavida,475,1.0,2026-06-25,475.0
z1b4f71f11e39a188b54bz,noon,grocery,"creal,oats,jams&honey",sesame halawa with chocolate 530g,95.0,halwani bros,530,1.0,2026-06-25,530.0
z0d5d29476479c54c88f2z,noon,grocery,"creal,oats,jams&honey",spring blossom honey 780 grams,193.25,el bawadi,780,1.0,2026-06-25,780.0
z300054146d1116e474aez,noon,grocery,"creal,oats,jams&honey",fruit preserve fig jam glass jar 340 grams,41.0,halwani bros,380,1.0,2026-06-25,380.0
zf01a4ad64b95d0921a15z,noon,grocery,"creal,oats,jams&honey",hadrami mountain sidr honey 2.25kg,4752.0,imtenan,2,1.0,2026-06-25,2250.0
zcdc7aa0a4395934a9142z,noon,grocery,"creal,oats,jams&honey",abu auf almond butter 180 gm,299.95,abu auf,180,1.0,2026-06-25,180.0
n40201455a,noon,grocery,"creal,oats,jams&honey",high protein instant blueberry oat meal 300grams,70.25,kayy,300,1.0,2026-06-25,300.0
n35958657a,noon,grocery,"creal,oats,jams&honey",oat flakes bag 500grams,73.0,dobella,500,1.0,2026-06-25,500.0
z70bb90f84a0b0d28ea5bz,noon,grocery,"creal,oats,jams&honey",clover flower honey 780 grams,217.0,el bawadi,780,1.0,2026-06-25,780.0
z5d5f1cdfbcb4ee4aac3az,noon,grocery,"creal,oats,jams&honey",crunchy pillow 250 gram,84.0,kiddo,250,1.0,2026-06-25,250.0
z0504d0d52699454df1d2z,noon,grocery,"creal,oats,jams&honey",delicia peanut butter no added sugar 300gm,136.25,hero,300,1.0,2026-06-25,300.0
n51893766a,noon,grocery,"creal,oats,jams&honey",cooking oats 450grams,88.25,abu auf,450,1.0,2026-06-25,450.0
z35b048a0427f29e56ba3z,noon,grocery,"creal,oats,jams&honey",bars 25g - 6 bars,115.0,nesquik,150,1.0,2026-06-25,150.0
n28548502a,noon,grocery,"creal,oats,jams&honey",fruit muesli 1kg,337.0,sante,1000,1.0,2026-06-25,1000.0
n52188264a,noon,grocery,"creal,oats,jams&honey",delicia crunchy peanut butter - 300grams,136.25,hero,300,1.0,2026-06-25,300.0
n34912219a,noon,grocery,"creal,oats,jams&honey",chocolate puffs with oats 375grams,104.0,lino,375,1.0,2026-06-25,375.0
zb1ebb9f63ce069d383cez,noon,grocery,"creal,oats,jams&honey",maxtella chocolate hazelnut spread - 900 gm,157.5,maxtella,900,1.0,2026-06-25,900.0
n52490737a,noon,grocery,"creal,oats,jams&honey",pure black seed honey - 450grams,158.75,isis,450,1.0,2026-06-25,450.0
z6dd80919207a0f22ff46z,noon,grocery,"creal,oats,jams&honey",date spread with hazelnut 230g,140.75,imtenan,230,1.0,2026-06-25,230.0
z1265d3e3f576f578f874z,noon,grocery,"creal,oats,jams&honey",keto double chocolate bar 60 grams,100.0,healthy & tasty,60,1.0,2026-06-25,60.0
n28907202a,noon,grocery,"creal,oats,jams&honey",jumbo oats can 500grams,123.0,lino,500,1.0,2026-06-25,500.0
n29762167a,noon,grocery,"creal,oats,jams&honey",delicia peanut butter creamy - 300grams,136.25,hero,300,1.0,2026-06-25,300.0
z53ae791d18fc1effe59ez,noon,grocery,"creal,oats,jams&honey",guilt free chocolate spread high protein-370g,350.0,organic nation,370,1.0,2026-06-25,370.0
n30344946a,noon,grocery,"creal,oats,jams&honey",advanced protein bar - coconut and honey 70grams,45.0,asn,70,1.0,2026-06-25,70.0
z781877cea9c5326c150dz,noon,grocery,"creal,oats,jams&honey",blackstrap molasses 800g,71.0,shana,800,1.0,2026-06-25,800.0
zdb0a4a2b5b2dbffddd6bz,noon,grocery,"creal,oats,jams&honey",natural peanut butter with honey — 350 g,126.0,asmacup,350,1.0,2026-06-25,350.0
zd766ceb962eb20be569bz,noon,grocery,"creal,oats,jams&honey",protein flex caramel loops 250g,76.0,real,250,1.0,2026-06-25,250.0
n28675993a,noon,grocery,"creal,oats,jams&honey",peanut butter crunchy - 300grams,98.25,class,300,1.0,2026-06-25,300.0
ze6568f9c9eeb2c485a41z,noon,grocery,"creal,oats,jams&honey",egyptian mountain sidr honey 500 grams,538.5,imtenan,500,1.0,2026-06-25,500.0
zdba75e2f0d2782f53a15z,noon,grocery,"creal,oats,jams&honey",nutella original hazelnut & cocoa spread – 1000g,1200.0,nutella,1000,1.0,2026-06-25,1000.0
z60340007ec39dc70bc45z,noon,grocery,"creal,oats,jams&honey",biscuit spread cream 200 gm,81.0,asmacup,200,1.0,2026-06-25,200.0
z2a46994361caecbf0840z,noon,grocery,"creal,oats,jams&honey",arkan vanilla flavored halawa – sweet sesame tahini confectionery – traditional middle eastern dessert – 300g,110.0,arkan,300,1.0,2026-06-25,300.0
n28940007a,noon,grocery,"creal,oats,jams&honey",strawberry fruit jam 284grams,310.0,st.dalfour,284,1.0,2026-06-25,284.0
z608e0bf2ad0e16783b7dz,noon,grocery,"creal,oats,jams&honey",plain date spread 230g,92.5,imtenan,230,1.0,2026-06-25,230.0
n48663602a,noon,grocery,"creal,oats,jams&honey",breakfast cereals with oats 500grams,95.0,lino,500,1.0,2026-06-25,500.0
z5c1caa79693645379f4az,noon,grocery,"creal,oats,jams&honey",tahina 115g + black honey 335 grams,65.25,el bawadi,350,1.0,2026-06-25,350.0
n38731566a,noon,grocery,"creal,oats,jams&honey",chestnut 370grams,293.0,bonne maman,370,1.0,2026-06-25,370.0
zd1b3a6318f79d4ff8ee9z,noon,grocery,"creal,oats,jams&honey",apricot creamy jam- 350 gram,40.0,el bawadi,365,1.0,2026-06-25,365.0
z225ca5cd6423415b34afz,noon,grocery,"creal,oats,jams&honey",arkan chocolate halawa 300g – premium egyptian sesame sweet with chocolate swirls | traditional halva dessert,99.99,arkan,300,1.0,2026-06-25,300.0
z89d8e02bc3947a4d2f4cz,noon,grocery,"creal,oats,jams&honey",citrus honey 1kg,344.0,imtenan,1000,1.0,2026-06-25,1000.0
n29595078a,noon,grocery,"creal,oats,jams&honey",vitrac strawberry jam 230grams,35.0,vitrac,230,1.0,2026-06-25,230.0
n28852319a,noon,grocery,"creal,oats,jams&honey",muesli choclate and hazelunt 375grams,157.0,lino,375,1.0,2026-06-25,375.0
z4bcf2c8b9bb7684d8f8dz,noon,grocery,"creal,oats,jams&honey",chocolate peanut butter 375g,340.0,healthy & tasty,375,1.0,2026-06-25,375.0
zf8ab106daa2f7f26e9a8z,noon,grocery,"creal,oats,jams&honey",wildflower honey 1kg,332.0,imtenan,1000,1.0,2026-06-25,1000.0
z19e93885f59f34985277z,noon,grocery,"creal,oats,jams&honey",honey nuts 350grams,321.0,imtenan,350,1.0,2026-06-25,350.0
z3b81bff10b097bc8aa4cz,noon,grocery,"creal,oats,jams&honey",clover honey 1kg,315.0,imtenan,1000,1.0,2026-06-25,1000.0
zf1b4db1d58be548c2f0cz,noon,grocery,"creal,oats,jams&honey","greenuts pistachio matcha granola 300g – crunchy oats with japanese matcha & roasted pistachios, high fiber natural breakfast cereal",229.0,greenuts,300,1.0,2026-06-25,300.0
zd4ebf3be2df8814a069az,noon,grocery,"creal,oats,jams&honey",fruit preserve strawberry jam glass jar 700 grams,79.25,halwani bros,750,1.0,2026-06-25,750.0
z3877a6798c29c6fd5e82z,noon,grocery,"creal,oats,jams&honey","mix chocolate & cream spread — 350 g | double flavor cocoa & vanilla swirl | smooth texture, rich taste, no palm oil",126.0,asmacup,350,1.0,2026-06-25,350.0
n44807100a,noon,grocery,"creal,oats,jams&honey",raspberry jam mini jar - 28.3grams,18.0,hero,28,1.0,2026-06-25,28.3
n48663851a,noon,grocery,"creal,oats,jams&honey",four fruits jam spread 284grams,310.0,st.dalfour,284,1.0,2026-06-25,284.0
n48663850a,noon,grocery,"creal,oats,jams&honey",blackberry jam spread 284grams,310.0,st.dalfour,284,1.0,2026-06-25,284.0
ze3e72499d682525398bfz,noon,grocery,"creal,oats,jams&honey",apricot jam 190 grams,28.25,el bawadi,190,1.0,2026-06-25,190.0
n27747732a,noon,grocery,"creal,oats,jams&honey",corn flakes 250grams,103.0,sante,250,1.0,2026-06-25,250.0
z2eab4ef9e583be0a8478z,noon,grocery,"creal,oats,jams&honey",nutella hazelnut spread with cocoa 350g,321.0,nutella,180,1.0,2026-06-25,180.0
z93e5e82262505bf633f0z,noon,grocery,"creal,oats,jams&honey",secrets protein bar-70g-blueberry cheese cake,75.0,organic nation,70,1.0,2026-06-25,70.0
zae98c63d39de642433b8z,noon,grocery,"creal,oats,jams&honey",pistachio butter 210g,440.0,healthy & tasty,210,1.0,2026-06-25,210.0
z04b266c5e855be121913z,noon,grocery,"creal,oats,jams&honey",strawberry pillow 250 gram,84.0,kiddo,250,1.0,2026-06-25,250.0
z927579c8e3abee29d113z,noon,grocery,"creal,oats,jams&honey",nuts bar salted pretzel & almond nut 40 grams,46.0,abu auf,40,1.0,2026-06-25,40.0
z300a1f0347fbfbce998cz,noon,grocery,"creal,oats,jams&honey",date spread with cinnamon 230g,106.25,abu auf,230,1.0,2026-06-25,230.0
z0d8780dc047caf9eb807z,noon,grocery,"creal,oats,jams&honey",saegh black honey 1200 gm,102.0,saegh,1,1.0,2026-06-25,1200.0
z3161402008dd5b848d57z,noon,grocery,"creal,oats,jams&honey",choco puffs 250 grams,61.0,tolo,250,1.0,2026-06-25,250.0
z7a1301e80fcbd731cfd8z,noon,grocery,"creal,oats,jams&honey",ginger honey 350 grams - 100% natural from uni smart group,110.0,uni smart group,350,1.0,2026-06-25,350.0
n42554195a,noon,grocery,"creal,oats,jams&honey",natural honey- 225grams,72.0,hero,225,1.0,2026-06-25,225.0
n33801898a,noon,grocery,"creal,oats,jams&honey",black seed honey 400grams,140.0,organic nation,400,1.0,2026-06-25,400.0
z57b46f3a67f08ed1b903z,noon,grocery,"creal,oats,jams&honey",creamy peanut butter 360g,142.0,shana,360,1.0,2026-06-25,360.0
z2a5563836b42fde39755z,noon,grocery,"creal,oats,jams&honey",honey clover-400g,140.0,organic nation,400,1.0,2026-06-25,400.0
za9b3c40b9462b6ac3af0z,noon,grocery,"creal,oats,jams&honey",yummies caramel with coffee spread 300g,75.0,el bawadi,300,1.0,2026-06-25,300.0
n28548493a,noon,grocery,"creal,oats,jams&honey",crunchy nuts & almond bar 40grams,26.0,sante,40,1.0,2026-06-25,40.0
n29012954a,noon,grocery,"creal,oats,jams&honey",clover honey 750grams,196.0,al shifa,750,1.0,2026-06-25,750.0
z96387ade9e475811b05dz,noon,grocery,"creal,oats,jams&honey",nawara honey 980 grams - 100% natural from uni smart group,200.0,uni smart group,980,1.0,2026-06-25,980.0
zeb59a17295f29e4721c2z,noon,grocery,"creal,oats,jams&honey",quick cooking oats set - 300 gram,75.25,lino,300,1.0,2026-06-25,300.0
n25262586a,noon,grocery,"creal,oats,jams&honey",jam with strawberry flavor - light - 320grams,81.0,hero,320,1.0,2026-06-25,320.0
za6189e51d31876991243z,noon,grocery,"creal,oats,jams&honey",ferrero nutella chocolate 600 gm,499.95,nutella,600,1.0,2026-06-25,600.0
n29598752a,noon,grocery,"creal,oats,jams&honey",strawberry jam 340grams,160.0,prima frutta,340,1.0,2026-06-25,340.0
n42307145a,noon,grocery,"creal,oats,jams&honey",halawa spread 285grams,71.25,el bawadi,285,1.0,2026-06-25,285.0
n28907195a,noon,grocery,"creal,oats,jams&honey",honey rings with oats 250grams,75.25,lino,250,1.0,2026-06-25,250.0
z68cf8b04ad481192fe2bz,noon,grocery,"creal,oats,jams&honey",tahini halva 250g,150.0,healthy & tasty,250,1.0,2026-06-25,250.0
z5775d2e62ab16614b101z,noon,grocery,"creal,oats,jams&honey",nawara honey 344 grams - 100% natural from uni smart group,60.0,uni smart group,344,1.0,2026-06-25,344.0
n28852323a,noon,grocery,"creal,oats,jams&honey",cornflakes chocolate puffs 250grams,82.25,lino,250,1.0,2026-06-25,250.0
zadb356e5ade6375c7589z,noon,grocery,"creal,oats,jams&honey",fig jam 350 grams,43.0,el bawadi,350,1.0,2026-06-25,350.0
zc85b6e60e0c8fc0ef251z,noon,grocery,"creal,oats,jams&honey",summer flowers honey 850 gm,250.0,zary,850,1.0,2026-06-25,850.0
n28548503a,noon,grocery,"creal,oats,jams&honey",oat flakes 500grams,91.0,sante,500,1.0,2026-06-25,500.0
zb6757e682251979b1515z,noon,grocery,"creal,oats,jams&honey","el mordjene hazelnut cream spread – 700g jar – smooth & creamy chocolate hazelnut spread for bread, toast, desserts, baking & sweet snacks",899.0,el mordjene,700,1.0,2026-06-25,700.0
zf7aa1902b66599ec375cz,noon,grocery,"creal,oats,jams&honey",honey with beeswax 500g,155.0,haj arafa,500,1.0,2026-06-25,500.0
z8b3ef8b7745c02e46c22z,noon,grocery,"creal,oats,jams&honey",al maeda honey blend – honey substitute 800 g + 800 g,169.0,saegh,1,1.0,2026-06-25,1600.0
z587c01396c25b3b2a9acz,noon,grocery,"creal,oats,jams&honey","al-jabli russian white creamed honey (manila blossom) – smooth texture & sweet taste, natural sugar alternative – 250 g",550.0,algable,250,1.0,2026-06-25,250.0
zd9d0a6ca7b496da78385z,noon,grocery,"creal,oats,jams&honey",blackseed honey hexagonal 250grams,93.5,imtenan,250,1.0,2026-06-25,250.0
z2fbe6b9d42d3ff025869z,noon,grocery,"creal,oats,jams&honey",thistle honey hexagonal 450grams,163.0,imtenan,450,1.0,2026-06-25,450.0
z04c063af7520c2dca56bz,noon,grocery,"creal,oats,jams&honey","italian choco cream – smooth & rich chocolate spread | pack of 12 | perfect for bread, pastries & desserts",273.75,socado,12,1.0,2026-06-25,12.0
z6549fffc3083e464a24az,noon,grocery,"creal,oats,jams&honey",sokradorf healthy roasted almond butter – zero added sugar – natural almond spread – 300g,450.0,sokradorf,300,1.0,2026-06-25,300.0
n28548439a,noon,grocery,"creal,oats,jams&honey",choco pops 250grams,55.0,cornexi,250,1.0,2026-06-25,250.0
zd14f1ea662667e2d59f3z,noon,grocery,"creal,oats,jams&honey",chococremo 250 gram,77.0,kiddo,250,1.0,2026-06-25,250.0
n27747763a,noon,grocery,"creal,oats,jams&honey",crispy bar granola chocolate & oats 40grams,32.0,sante,40,1.0,2026-06-25,40.0
n30856912a,noon,grocery,"creal,oats,jams&honey",apricot jam 360grams,36.0,add-me,360,1.0,2026-06-25,360.0
n28907189a,noon,grocery,"creal,oats,jams&honey",creamy peanut butter 340grams,153.0,lino,340,1.0,2026-06-25,340.0
n29762006a,noon,grocery,"creal,oats,jams&honey",vitrac strawberry jam - 430grams,58.75,vitrac,430,1.0,2026-06-25,430.0
z014b432297c03b0e2e51z,noon,grocery,"creal,oats,jams&honey",citrus blossom honey- 125 grams,63.0,royal,125,1.0,2026-06-25,125.0
n29779382a,noon,grocery,"creal,oats,jams&honey",blueberry jam 340grams,185.0,prima frutta,340,1.0,2026-06-25,340.0
zd21b7e90ed2b0f1bf719z,noon,grocery,"creal,oats,jams&honey",sesame halawa with pistachio 530 grams,208.0,halwani bros,530,1.0,2026-06-25,530.0
zcc6b577c6f820f638f8fz,noon,grocery,"creal,oats,jams&honey",hazelnut and cocoa cream spreads 300- 315 gram,115.0,boboo,315,1.0,2026-06-25,315.0
n49538578a,noon,grocery,"creal,oats,jams&honey",peanut butter crunchy diet m 340grams,98.0,dobella,340,1.0,2026-06-25,340.0
zfaa6afe1ad53f6bdc1a4z,noon,grocery,"creal,oats,jams&honey",halawah spread keto - diet - zero sugar - 350 gram,425.0,keto rockets,350,1.0,2026-06-25,350.0
z5f1f72f8a87a1268a9c1z,noon,grocery,"creal,oats,jams&honey",honey with nuts 500 grams - 100% natural from uni smart group,200.0,uni smart group,500,1.0,2026-06-25,500.0
z6c823f146eaa49e0bb62z,noon,grocery,"creal,oats,jams&honey",instant white oats 500 gm,77.0,zary,500,1.0,2026-06-25,500.0
z390cefb240d8712b887fz,noon,grocery,"creal,oats,jams&honey",marjoram natural honey - 450 grams,138.0,royal,450,1.0,2026-06-25,450.0
zc314ed96277b6ac2ba49z,noon,grocery,"creal,oats,jams&honey",marjoram natural honey - 450 grams,138.0,royal,450,1.0,2026-06-25,450.0
n52103813a,noon,grocery,"creal,oats,jams&honey",walnuts honey 250grams,154.0,isis,250,1.0,2026-06-25,250.0
n29595073a,noon,grocery,"creal,oats,jams&honey",apricot light jam 220grams,44.25,vitrac,220,1.0,2026-06-25,220.0
zbbdaf9a2445009052febz,noon,grocery,"creal,oats,jams&honey",clover flower honey 420 grams,108.25,el bawadi,420,1.0,2026-06-25,420.0
z5eae413ff2dc89648a78z,noon,grocery,"creal,oats,jams&honey",marjoram natural honey - 125 grams,50.0,royal,125,1.0,2026-06-25,125.0
z05bb8585a06c4c39fbbcz,noon,grocery,"creal,oats,jams&honey",choco flakes 250 gram,63.0,kiddo,250,1.0,2026-06-25,250.0
z1bd86ccfb33e2f6292e6z,noon,grocery,"creal,oats,jams&honey","egyptian royal clover honey, 100% natural bee honey - 450g",139.99,egyptian royal honey,450,1.0,2026-06-25,450.0
n30328249a,noon,grocery,"creal,oats,jams&honey",peanut butter soft 300grams,99.0,class a,300,1.0,2026-06-25,300.0
n27747729a,noon,grocery,"creal,oats,jams&honey",crunchy plum chocolate bar 40grams,28.0,sante,40,1.0,2026-06-25,40.0
zfe2632aaff15a4ef663bz,noon,grocery,"creal,oats,jams&honey",corn flakes with chocolate 250g,65.75,haj arafa,320,1.0,2026-06-25,480.82792874896444
zde70b05f95fd1cc7e99dz,noon,grocery,"creal,oats,jams&honey",100% healthy corn flakes 250g,65.75,haj arafa,320,1.0,2026-06-25,480.82792874896444
zf77c0ad2f4278187555fz,noon,grocery,"creal,oats,jams&honey",strawberry zero sugar jam 300 grams,198.0,florentine foods,300,1.0,2026-06-25,300.0
zc802f59b84a0c4fd32baz,noon,grocery,"creal,oats,jams&honey",peanut butter 375g,300.0,healthy & tasty,375,1.0,2026-06-25,375.0
n52087646a,noon,grocery,"creal,oats,jams&honey",honey pure +free honey pure 750+250grams,270.25,isis,100,1.0,2026-06-25,100.0
zf0ec57fbb2013037a24dz,noon,grocery,"creal,oats,jams&honey",squeeze citrus blossom honey 450grams,138.0,imtenan,450,1.0,2026-06-25,450.0
z6a7f08f668705f929df5z,noon,grocery,"creal,oats,jams&honey",creamy peanut butter - 340 grams,162.0,ruparel's,340,1.0,2026-06-25,340.0
z1b3232449080167f5776z,noon,grocery,"creal,oats,jams&honey",peanut butter with honey -350g,120.0,organic nation,350,1.0,2026-06-25,350.0
n27747730a,noon,grocery,"creal,oats,jams&honey",crunchy cranberry & raspberry muesli bar 40grams,38.0,sante,40,1.0,2026-06-25,40.0
z708a0142cc3d053d705fz,noon,grocery,"creal,oats,jams&honey",hazelnut milk chocolate spread 320g,194.0,haj arafa,320,1.0,2026-06-25,480.82792874896444
ze0b95fc4f2337246f2ecz,noon,grocery,"creal,oats,jams&honey","b.laban spread cream hazelnut chocolate ,80gm pack of 2",108.0,b.laban,160,1.0,2026-06-25,160.0
z1856e9003057b2fe7494z,noon,grocery,"creal,oats,jams&honey",curcumin honey 350 grams - 100% natural from uni smart group,110.0,uni smart group,350,1.0,2026-06-25,350.0
zdca9e83a99ef2a61d19ez,noon,grocery,"creal,oats,jams&honey",crunchy peanut butter 340g,148.5,ruparel's,340,1.0,2026-06-25,340.0
zd5e785018be5adcda9bcz,noon,grocery,"creal,oats,jams&honey","chocolate spread from x spread with natural hazelnut pieces, 850 g",170.0,mozn,850,1.0,2026-06-25,850.0
z0b0deb17d996c9eeff4fz,noon,grocery,"creal,oats,jams&honey",gotella dark chocolate spread 425 gm,225.0,gotella chocolate,425,1.0,2026-06-25,425.0
n51029376a,noon,grocery,"creal,oats,jams&honey",high protein oats with pumpkin spice latte 300grams,86.0,kayy,300,1.0,2026-06-25,300.0
z1a1ae525f6d0937a997bz,noon,grocery,"creal,oats,jams&honey",mariam honey - 15 sachets x 15 grams - from uni smart group,350.0,uni smart group,15,1.0,2026-06-25,15.0
n33801899a,noon,grocery,"creal,oats,jams&honey",citrus honey 400grams,140.0,organic nation,400,1.0,2026-06-25,400.0
ze29265be959bfac84a66z,noon,grocery,"creal,oats,jams&honey",nuts bar cocoa & hazelnut 40 grams,63.0,abu auf,40,1.0,2026-06-25,40.0
z49a1eb88c0682e02abd9z,noon,grocery,"creal,oats,jams&honey",rotus caramel and cinnamon biscuit topping sauce - 350g,99.99,rotus,350,1.0,2026-06-25,350.0
z949ebf1fc49cf7eeef25z,noon,grocery,"creal,oats,jams&honey",super immune honey chocolate falvor 380grams,178.0,imtenan,380,1.0,2026-06-25,380.0
ze09d101de46bc0a5a403z,noon,grocery,"creal,oats,jams&honey","imtenan super immune honey with vanilla for immune support, 380g",251.0,imtenan,380,1.0,2026-06-25,380.0
ze81dfc6c7e97ad64f005z,noon,grocery,"creal,oats,jams&honey",nawara al clover honey 750 g - 100% natural from uni smart group,150.0,uni smart group,750,1.0,2026-06-25,750.0
z6dbe11659e1a74ba43d1z,noon,grocery,"creal,oats,jams&honey",kunafa crunchy halva spread 300g,75.0,el bawadi,300,1.0,2026-06-25,300.0
n15224305a,noon,grocery,"creal,oats,jams&honey",jam with blueberry flavor - 350grams,107.0,hero,350,1.0,2026-06-25,350.0
zdacf5e5a566c4c71c543z,noon,grocery,"creal,oats,jams&honey",kashmiri mountain sidr honey 180grams,406.0,imtenan,180,1.0,2026-06-25,180.0
n13421849a,noon,grocery,"creal,oats,jams&honey",caramel and chocolate breakfast cereal 400grams,148.0,nestle,400,1.0,2026-06-25,400.0
n39272816a,noon,grocery,"creal,oats,jams&honey",crispy granola nuts 350grams,267.75,abu auf,350,1.0,2026-06-25,350.0
n35958662a,noon,grocery,"creal,oats,jams&honey",oats quick cooking 500grams,72.0,mega foods,500,1.0,2026-06-25,500.0
z5313fd71e0f916098976z,noon,grocery,"creal,oats,jams&honey",abu auf peanut butter with chocolate 330 gm,199.75,abu auf,330,1.0,2026-06-25,330.0
n52490741a,noon,grocery,"creal,oats,jams&honey",wax honey 250 gm 250grams,105.75,isis,250,1.0,2026-06-25,250.0
z613b56747548fdbad3e8z,noon,grocery,"creal,oats,jams&honey",chewy bar with peanut butter & chocolate chipflavor - 144 gram pack of 8,81.0,lino,1,1.0,2026-06-25,1152.0
n27682640a,noon,grocery,"creal,oats,jams&honey",jam with forest berry flavor- light- 320grams,136.25,hero,320,1.0,2026-06-25,320.0
z2802e012377f7f84ee01z,noon,grocery,"creal,oats,jams&honey",blackseed honey hexagonal 450grams,194.0,imtenan,450,1.0,2026-06-25,450.0
z232e04eecf1d71fe0550z,noon,grocery,"creal,oats,jams&honey",strawberry jam 350 grams,38.25,al bawadi,350,1.0,2026-06-25,350.0
za83f170a908facfbdb61z,noon,grocery,"creal,oats,jams&honey",white chocolate squeeze 480 gm squeeze bottle,126.0,asmacup,480,1.0,2026-06-25,480.0
z8b35bbbbfb3853afd847z,noon,grocery,"creal,oats,jams&honey",date spread with coconut 230g,119.0,abu auf,230,1.0,2026-06-25,230.0
z795bcd78e06015767242z,noon,grocery,"creal,oats,jams&honey",clover flower honey 225 grams,57.25,el bawadi,225,1.0,2026-06-25,225.0
n43878351a,noon,grocery,"creal,oats,jams&honey",marjoram honey 400grams,160.0,organic nation,400,1.0,2026-06-25,400.0
za6bc5e9956a35bdb010az,noon,grocery,"creal,oats,jams&honey",mix strawberry & cream spread — 350 g,99.0,asmacup,350,1.0,2026-06-25,350.0
ze64bd5ca00592301bf76z,noon,grocery,"creal,oats,jams&honey",pistachio premium sauce 225 gm,159.3,asmacup,225,1.0,2026-06-25,225.0
n40074715a,noon,grocery,"creal,oats,jams&honey",natural sweetener molasses 180grams,19.0,el bawadi,180,1.0,2026-06-25,180.0
n52834422a,noon,grocery,"creal,oats,jams&honey",bitter orange marmalade jam mini jar - 28.3grams single,15.0,hero,28,1.0,2026-06-25,28.3
n29779468a,noon,grocery,"creal,oats,jams&honey",vitrac mango jam - 430grams,55.0,vitrac,430,1.0,2026-06-25,430.0
z196d6b067d87d76ebaadz,noon,grocery,"creal,oats,jams&honey",honey with nigella sativa extract 180grams,93.5,imtenan,180,1.0,2026-06-25,180.0
zb0c1004feed69fe879cez,noon,grocery,"creal,oats,jams&honey",fruit preserve light diet orange jam glass jar 340g,70.0,halwani bros,340,1.0,2026-06-25,340.0
n27682641a,noon,grocery,"creal,oats,jams&honey",hero jam with raspberry flavor- light - 320grams,120.0,hero,320,1.0,2026-06-25,320.0
z5bb8c97b1ad937178efcz,noon,grocery,"creal,oats,jams&honey",fig creamy jam- 350 gram,37.0,el bawadi,365,1.0,2026-06-25,365.0
n29594932a,noon,grocery,"creal,oats,jams&honey",fig creamy jam- 350 gram,37.0,el bawadi,365,1.0,2026-06-25,365.0
zfb18df5d827e44f206b4z,noon,grocery,"creal,oats,jams&honey","socradorf chocolate sesame cream spread 300g no white sugar, no hydrogenated oils",300.0,sokradorf,320,1.0,2026-06-25,480.82792874896444
n44807098a,noon,grocery,"creal,oats,jams&honey",honey mini jar - 28.3grams,19.0,hero,28,1.0,2026-06-25,28.3
z8a35ff76f33228ff157ez,noon,grocery,"creal,oats,jams&honey",granola bar choclate and hazelnut,43.0,lino,40,1.0,2026-06-25,40.0
z1ec67ef950bd8c09e195z,noon,grocery,"creal,oats,jams&honey",citrus blossom honey 2 kg,428.0,shana nature house,2,1.0,2026-06-25,2000.0
zf7e9cdcfb65f90a82d69z,noon,grocery,"creal,oats,jams&honey",protein bar cocoa 70 grams,56.0,imtenan,70,1.0,2026-06-25,70.0
zd97bf534f9a9b8957e9dz,noon,grocery,"creal,oats,jams&honey",raffaello chocolate spread 900 gm,198.0,asmacup,900,1.0,2026-06-25,900.0
zbcb52c38f865db5c1c22z,noon,grocery,"creal,oats,jams&honey",cereal bar with blue berry flavor - 168 gram,97.0,lino,2,1.0,2026-06-25,2352.0
zda6625b6071be8f2500az,noon,grocery,"creal,oats,jams&honey",apricot jam 650 grams,63.25,el bawadi,650,1.0,2026-06-25,650.0
n34912220a,noon,grocery,"creal,oats,jams&honey",honey rings with oats 375grams,104.0,lino,375,1.0,2026-06-25,375.0
n29762539a,noon,grocery,"creal,oats,jams&honey",vitrac blueberry jam - 430grams,73.0,vitrac,430,1.0,2026-06-25,430.0
n15224494a,noon,grocery,"creal,oats,jams&honey",hero jam with apricot flavor- light - 320grams,98.75,hero,320,1.0,2026-06-25,320.0
z66ec7b1c436b90b1bbecz,noon,grocery,"creal,oats,jams&honey",guilt free cashew spread -200g-cookies n'cream,250.0,organic nation,200,1.0,2026-06-25,200.0
z5c34a41b942aafb7265fz,noon,grocery,"creal,oats,jams&honey",800g clover blossom honey + luxury thermal mug,200.0,saegh,320,1.0,2026-06-25,480.82792874896444
z5f4efeeb7eef55caf8d2z,noon,grocery,"creal,oats,jams&honey",chocolate spread halawa 150 grams,40.25,el bawadi,150,1.0,2026-06-25,150.0
z1becb4ab3b6e7f3b16b9z,noon,grocery,"creal,oats,jams&honey",bar oatmeal protein cookies 70g,54.0,lino,70,1.0,2026-06-25,70.0
zb89d80c10d8f6924b117z,noon,grocery,"creal,oats,jams&honey",saegh natural beeswax 450 g,130.0,saegh,450,1.0,2026-06-25,450.0
n44900123a,noon,grocery,"creal,oats,jams&honey",50% apricot jam 340grams,160.0,menz&gasser,340,1.0,2026-06-25,340.0
zae4b8afe3598b7b31748z,noon,grocery,"creal,oats,jams&honey",sesame halawa with almonds 250gm,69.0,halwani bros,250,1.0,2026-06-25,250.0
zdd36f7f27643ef4986fez,noon,grocery,"creal,oats,jams&honey",kashmiri mountain sidr honey 2.2kg,3302.0,imtenan,2,1.0,2026-06-25,2200.0
n42868129a,noon,grocery,"creal,oats,jams&honey",go on protein 50grams,105.0,sante,50,1.0,2026-06-25,50.0
z511e51177dbf20fc9f62z,noon,grocery,"creal,oats,jams&honey",chocolate spread keto- diet- zero sugar - healthy - 350 gram,435.0,keto rockets,350,1.0,2026-06-25,350.0
z171de4231ff42b7af25ez,noon,grocery,"creal,oats,jams&honey",kids blend – natural honey immunity booster for kids (500g),295.0,kids blend,500,1.0,2026-06-25,500.0
zf589d83e5a75214bba76z,noon,grocery,"creal,oats,jams&honey",strawberry creamy jam- 350gram,36.5,el bawadi,365,1.0,2026-06-25,365.0
z55aa474769f4643cc19ez,noon,grocery,"creal,oats,jams&honey",tasbera crunchy hazelnuts cream 350 gm,216.0,milkato,350,1.0,2026-06-25,350.0
n42868017a,noon,grocery,"creal,oats,jams&honey",protein granola nuts 300grams,293.0,go on,300,1.0,2026-06-25,300.0
z356e1cbabde16381dd70z,noon,grocery,"creal,oats,jams&honey",al murjan hazelnut cream with cocoa spread 700 gm,649.0,almarjan,700,1.0,2026-06-25,700.0
z6fa87e9807890e34956dz,noon,grocery,"creal,oats,jams&honey",luxury ferrero rocher chocolate box - 30 pieces - 375g - the perfect gift,1100.0,ferrero,375,1.0,2026-06-25,375.0
n37956072a,noon,grocery,"creal,oats,jams&honey",cran berries and coconut protein bar 70grams,61.0,abu auf,70,1.0,2026-06-25,70.0
n12280415a,noon,grocery,"creal,oats,jams&honey",granola crispy cereal flakes chocolate 350grams,209.0,sante,350,1.0,2026-06-25,350.0
z31c5bcc6f1fe0dd64a67z,noon,grocery,"creal,oats,jams&honey",chocolate spread sweetened with monk fruit,420.0,lakanto,320,1.0,2026-06-25,480.82792874896444
z612119b1bc0e37cfff95z,noon,grocery,"creal,oats,jams&honey",hadrami mountain sidr honey 500 grams,1428.0,imtenan,500,1.0,2026-06-25,500.0
z8f39522280136afaadc0z,noon,grocery,"creal,oats,jams&honey",spring flower honey hexagon 250grams,68.0,imtenan,250,1.0,2026-06-25,250.0
zc432ced9ca870ffb70f0z,noon,grocery,"creal,oats,jams&honey",chocolate sifted roasted hazelnut cream 750 g,359.1,asmacup,750,1.0,2026-06-25,750.0
n29779381a,noon,grocery,"creal,oats,jams&honey",blackberries jam 340grams,185.0,prima frutta,340,1.0,2026-06-25,340.0
zcc38a1758b68877678faz,noon,grocery,"creal,oats,jams&honey",guilt free chocolate spread-370g,275.0,organic nation,370,1.0,2026-06-25,370.0
zf30b961149b6efed69c0z,noon,grocery,"creal,oats,jams&honey",guilt free chocolate spread high protein-200g,225.0,organic nation,200,1.0,2026-06-25,200.0
z2d1a310e5a2cb9849dedz,noon,grocery,"creal,oats,jams&honey",honey mini jar - 28.3grams (pack of 3),52.0,hero,320,1.0,2026-06-25,480.82792874896444
n29595053a,noon,grocery,"creal,oats,jams&honey",vitrac creamy strawberry jam - 430grams,63.0,vitrac,430,1.0,2026-06-25,430.0
z46e9c9ccbfd09e497066z,noon,grocery,"creal,oats,jams&honey",coconut protein bar 70 grams,56.0,imtenan,70,1.0,2026-06-25,70.0
zba4eb8050a7f04041218z,noon,grocery,"creal,oats,jams&honey",zero protein pistachio bar 70g,180.0,zero,70,1.0,2026-06-25,70.0
zbec581a5e5910d75414dz,noon,grocery,"creal,oats,jams&honey",original ferrero rocher chocolate - 8 pieces - small luxury gift,460.0,ferrero,8,1.0,2026-06-25,8.0
za0a2cb8aaa04743196c1z,noon,grocery,"creal,oats,jams&honey",marjoram honey hexagon 450grams,129.0,imtenan,450,1.0,2026-06-25,450.0
n52103811a,noon,grocery,"creal,oats,jams&honey",honey with almonds 250g,138.0,isis,250,1.0,2026-06-25,250.0
n35958671a,noon,grocery,"creal,oats,jams&honey",crunchy peanut butter 340grams,150.0,dobella,340,1.0,2026-06-25,340.0
z1e794254b56057fd3668z,noon,grocery,"creal,oats,jams&honey",apricot jam 350 grams,42.25,al bawadi,350,1.0,2026-06-25,350.0
z908065878b39ba6d893dz,noon,grocery,"creal,oats,jams&honey",sesame halawa with chocolate 250gm,61.0,halwani bros,250,1.0,2026-06-25,250.0
za1ec4843e8a2657eccdbz,noon,grocery,"creal,oats,jams&honey",sokradorf peanut cream with chocolate 300g no added sugar creamy peanut & cocoa spread with coconut oil,300.0,sokradorf,300,1.0,2026-06-25,300.0
n34912204a,noon,grocery,"creal,oats,jams&honey",choco scopes 250grams,76.0,lino,250,1.0,2026-06-25,250.0
n35958672a,noon,grocery,"creal,oats,jams&honey",honey peanut butter 340grams,173.0,dobella,340,1.0,2026-06-25,340.0
n29595079a,noon,grocery,"creal,oats,jams&honey",vitrac apricot jam 230grams,38.0,vitrac,230,1.0,2026-06-25,230.0
n29595060a,noon,grocery,"creal,oats,jams&honey",vitrac apricot jam 850grams,103.0,vitrac,850,1.0,2026-06-25,850.0
n29598753a,noon,grocery,"creal,oats,jams&honey",prima frutta mixed fruit jam 340grams,172.0,menz&gasser,340,1.0,2026-06-25,340.0
z908c151db5d09aac001bz,noon,grocery,"creal,oats,jams&honey",date spread with hazelnut 230g,114.0,abu auf,230,1.0,2026-06-25,230.0
n44807103a,noon,grocery,"creal,oats,jams&honey",fig jam mini jar - 28.3grams,15.0,hero,28,1.0,2026-06-25,28.3
zd89077084214d4a88ad2z,noon,grocery,"creal,oats,jams&honey",clover honey 2.2kg,657.5,imtenan,2,1.0,2026-06-25,2200.0
n28676068a,noon,grocery,"creal,oats,jams&honey",molasse 450grams,81.0,gold,450,1.0,2026-06-25,450.0
z4a18cb31f3bb4938db60z,noon,grocery,"creal,oats,jams&honey",citrus honey squeeze 450 grams,178.0,hero,450,1.0,2026-06-25,450.0
n30856910a,noon,grocery,"creal,oats,jams&honey",strawberry jam 360grams,39.0,add-me,360,1.0,2026-06-25,360.0
n15224306a,noon,grocery,"creal,oats,jams&honey",hero jam with raspberry flavor - 350grams,107.0,hero,350,1.0,2026-06-25,350.0
n29595359a,noon,grocery,"creal,oats,jams&honey",extra honey 250g,358.0,isis,250,1.0,2026-06-25,250.0
n44900107a,noon,grocery,"creal,oats,jams&honey",50% cherry jam 340grams,172.0,menz&gasser,340,1.0,2026-06-25,340.0
n29762538a,noon,grocery,"creal,oats,jams&honey",vitrac bitter orange jam - 430grams,63.25,vitrac,430,1.0,2026-06-25,430.0
z1adb847e2b7d7430ec2cz,noon,grocery,"creal,oats,jams&honey",natural clover honey 400g,163.0,dr. baby,400,1.0,2026-06-25,400.0
z0d1fc96b8ec769c3b387z,noon,grocery,"creal,oats,jams&honey",citrus honey 225 grams,57.25,el bawadi,225,1.0,2026-06-25,225.0
z014736d65658fdb51644z,noon,grocery,"creal,oats,jams&honey",nutella & go! snack pack with breadsticks (box of 12 individual packs),1650.0,nutella,320,1.0,2026-06-25,480.82792874896444
z02067ca0681c4fe3a7dez,noon,grocery,"creal,oats,jams&honey",guilt free cashew spread -200g-vanilla birthday cake,250.0,organic nation,200,1.0,2026-06-25,200.0
n27682637a,noon,grocery,"creal,oats,jams&honey",jam with black cherry flavor - 350grams,107.0,hero,350,1.0,2026-06-25,350.0
z4d9637c730f22b8cfb6az,noon,grocery,"creal,oats,jams&honey","dobeln chocolate dubai kunafa filling spread (1kg, kunafa mint)",594.0,cgs,1000,1.0,2026-06-25,1000.0
zd75b2a666965f8c58013z,noon,grocery,"creal,oats,jams&honey",bar protein peanut butter 70g,59.0,lino,70,1.0,2026-06-25,70.0
n27747725a,noon,grocery,"creal,oats,jams&honey",protein go on coccoa and inulin chocolate bar 50grams,75.0,sante,50,1.0,2026-06-25,50.0
z809d7213f9064dde342bz,noon,grocery,"creal,oats,jams&honey",diet peanut butter 220g,112.0,shana,220,1.0,2026-06-25,220.0
n42554197a,noon,grocery,"creal,oats,jams&honey",delicia spring blossom honey - 225grams,72.0,hero,225,1.0,2026-06-25,225.0
z093b5603d4674758ecfcz,noon,grocery,"creal,oats,jams&honey",gotella bisky lava white chocolate spread with crunchy biscuits 60 gm pack 12 pieces,195.0,gotella chocolate,720,1.0,2026-06-25,720.0
z9ccd48197340fa07a214z,noon,grocery,"creal,oats,jams&honey",halawa spread with caramel 285 grams,74.0,el bawadi,285,1.0,2026-06-25,285.0
z47031864acf3f6df7cbcz,noon,grocery,"creal,oats,jams&honey",yummies cherry spread 300g,75.0,el bawadi,300,1.0,2026-06-25,300.0
z48a60ed86a2778cc252dz,noon,grocery,"creal,oats,jams&honey",halawa spread with caramel 150 grams,39.25,el bawadi,150,1.0,2026-06-25,150.0
zdfbf25bc286d258a64e1z,noon,grocery,"creal,oats,jams&honey",gotella chocolate spread with hazelnut 350 gm,95.0,gotella chocolate,350,1.0,2026-06-25,350.0
n28852316a,noon,grocery,"creal,oats,jams&honey",granola bar cocount and almond 40grams pack of 4,207.0,lino,160,1.0,2026-06-25,160.0
n48045637a,noon,grocery,"creal,oats,jams&honey",oat flakes 500grams,69.0,daria,500,1.0,2026-06-25,500.0
n29779470a,noon,grocery,"creal,oats,jams&honey",vitrac apricot jam - 430grams,61.0,vitrac,430,1.0,2026-06-25,430.0
zf4f5357c945e030dc476z,noon,grocery,"creal,oats,jams&honey",fruit preserve apricot 700gm jam,66.0,halwani bros,750,1.0,2026-06-25,750.0
n52569753a,noon,grocery,"creal,oats,jams&honey",protein vanilla inuli chocolate bar 50grams,75.0,go on,50,1.0,2026-06-25,50.0
z4ae18c04fbd616f392b0z,noon,grocery,"creal,oats,jams&honey","greenuts tropical granola pineapple & coconut 300g – crunchy oats granola with real dried pineapple & coconut flakes, high fiber breakfast cereal",190.0,greenuts,300,1.0,2026-06-25,300.0
zdee62053a4c2bd23e578z,noon,grocery,"creal,oats,jams&honey",tropical granola – pineapple & coconut – 300g,200.0,greenuts,300,1.0,2026-06-25,300.0
z26bc234fab25773bb351z,noon,grocery,"creal,oats,jams&honey",marjoram natural honey - 225 grams,84.0,royal,225,1.0,2026-06-25,225.0
z326276c63623c7dc5d3fz,noon,grocery,"creal,oats,jams&honey",orange honey hexagonal 450grams,138.0,imtenan,450,1.0,2026-06-25,450.0
zefb5d86616cf560c77a7z,noon,grocery,"creal,oats,jams&honey",nutella biscuits - tube filled with hazelnut spread with cocoa (166g),430.0,nutella,1,1.0,2026-06-25,1992.0
z70b5182080c111005973z,noon,grocery,"creal,oats,jams&honey",secrets protein bar-70g-banoffee pie,75.0,organic nation,70,1.0,2026-06-25,70.0
n33801900a,noon,grocery,"creal,oats,jams&honey",sidr mountain kashmir honey 400grams,750.0,organic nation,400,1.0,2026-06-25,400.0
n34912208a,noon,grocery,"creal,oats,jams&honey",oat bran stars 250grams,76.0,lino,250,1.0,2026-06-25,250.0
za89e8e7d6d3eb7e10b38z,noon,grocery,"creal,oats,jams&honey","spread white chocolate , 1kg",178.0,lavida,1000,1.0,2026-06-25,1000.0
zf0a5934a0f1cf47407f7z,noon,grocery,"creal,oats,jams&honey",clover blossom honey 250 gm,95.0,imtenan,250,1.0,2026-06-25,250.0
n29598755a,noon,grocery,"creal,oats,jams&honey",fichi fig jam 340grams,160.0,prima frutta,340,1.0,2026-06-25,340.0
z75d8e22ab01cfc620485z,noon,grocery,"creal,oats,jams&honey",peanut butter premium sauce 750 gm,169.2,asmacup,750,1.0,2026-06-25,750.0
n28907187a,noon,grocery,"creal,oats,jams&honey",high protein peanut butter 340grams,324.25,lino,340,1.0,2026-06-25,340.0
n27682639a,noon,grocery,"creal,oats,jams&honey",hero jam with black cherry flavor - light - 320grams,136.0,hero,320,1.0,2026-06-25,320.0
zed520f3ed156adf29d43z,noon,grocery,"creal,oats,jams&honey",honey with echinacea extract 180grams,107.0,imtenan,180,1.0,2026-06-25,180.0
zac8fc481705809a57d0az,noon,grocery,"creal,oats,jams&honey",3 zero protein parfacil 70g,272.0,zero,70,1.0,2026-06-25,70.0
z411bec597614085d203bz,noon,grocery,"creal,oats,jams&honey",ginkgo honey hexagonal 450grams,145.0,imtenan,450,1.0,2026-06-25,450.0
zbf2328cdf0a41794c5f9z,noon,grocery,"creal,oats,jams&honey",clover honey 450g,122.0,shana nature house,450,1.0,2026-06-25,450.0
z48758b3f2ca2e7d2eeefz,noon,grocery,"creal,oats,jams&honey",beeswax honey with nuts 500g,312.0,haj arafa,500,1.0,2026-06-25,500.0
z1c183d2d0500c3715c42z,noon,grocery,"creal,oats,jams&honey",manuka health-manuka honey mgo 115+ 250g,2299.0,manuka health new zealand ltd,250,1.0,2026-06-25,250.0
z2235554a2ee1aeadd34fz,noon,grocery,"creal,oats,jams&honey",coconut butter 375g bundle,970.0,healthy & tasty,375,1.0,2026-06-25,375.0
n27675268a,noon,grocery,"creal,oats,jams&honey",jam with orange flavor - 350grams,73.0,hero,350,1.0,2026-06-25,350.0
z9fe88a542270469f985dz,noon,grocery,"creal,oats,jams&honey",banana pillow 250 gram,84.0,kiddo,250,1.0,2026-06-25,250.0
z9c48b3cffaeb1845e750z,noon,grocery,"creal,oats,jams&honey",gotella fun chocolate spread with hazelnut 100 gm pack 12 pieces,295.0,gotella chocolate,1,1.0,2026-06-25,1200.0
zf20a9eb5c8a29ea58ec1z,noon,grocery,"creal,oats,jams&honey","Extra Crunchy Peanut Butter, 454g",324.0,Jeff,454,1.0,2026-06-25,454.0
zdb5cb324901cd73d317az,noon,grocery,"creal,oats,jams&honey",guilt free almond spread -200g-espresso creme,250.0,organic nation,200,1.0,2026-06-25,200.0
n52834424a,noon,grocery,"creal,oats,jams&honey",carrot jam 430grams single,55.0,vitrac,430,1.0,2026-06-25,430.0
n51182037a,noon,grocery,"creal,oats,jams&honey",protein bar banana with cashew bar 70grams,94.0,abu auf,70,1.0,2026-06-25,70.0
zadd964d14d2c9177bd80z,noon,grocery,"creal,oats,jams&honey",original chocolate spread 375 grams,300.0,healthy & tasty,375,1.0,2026-06-25,375.0
zc8cc6ee34d58af3f10efz,noon,grocery,"creal,oats,jams&honey",saegh black honey polyethylene 350 g,44.0,saegh,350,1.0,2026-06-25,350.0
n27747728a,noon,grocery,"creal,oats,jams&honey",crunchy banana chocolate bar 40grams,38.0,sante,40,1.0,2026-06-25,40.0
z3549a169acbbc335d888z,noon,grocery,"creal,oats,jams&honey",guilt free hazelnut butter with dark chocolate 200g,350.0,organic nation,200,1.0,2026-06-25,200.0
zaef2b27047b5dd4c4d87z,noon,grocery,"creal,oats,jams&honey",lotus biscoff spread 400g,576.0,lotus,400,1.0,2026-06-25,400.0
n52490736a,noon,grocery,"creal,oats,jams&honey",pure honey - 450g,148.25,isis,450,1.0,2026-06-25,450.0
n48663849a,noon,grocery,"creal,oats,jams&honey",blackcurrant jam spread 284grams,310.0,st.dalfour,284,1.0,2026-06-25,284.0
z2d1d1ce7ba8f5a8cbae4z,noon,grocery,"creal,oats,jams&honey",energy honey 500g,342.0,haj arafa,500,1.0,2026-06-25,500.0
zef2c1e26a57ad9400783z,noon,grocery,"creal,oats,jams&honey",natural marjoram honey 500g,195.0,haj arafa,500,1.0,2026-06-25,500.0
z5ea66725e647a6124da2z,noon,grocery,"creal,oats,jams&honey",al-nawara honey 500 grams - 100% natural from uni smart group,120.0,uni smart group,500,1.0,2026-06-25,500.0
n48663603a,noon,grocery,"creal,oats,jams&honey",breakfast cereals with oats 375grams,104.0,lino,375,1.0,2026-06-25,375.0
z8a5b6ff8de5765cac29bz,noon,grocery,"creal,oats,jams&honey",fig jam 190 grams,29.0,el bawadi,190,1.0,2026-06-25,190.0
za7ed371762d8c7d40e84z,noon,grocery,"creal,oats,jams&honey",gotella mini mango chocolate spread 30 gm pack 24 pieces,195.0,gotella chocolate,720,1.0,2026-06-25,720.0
n28940009a,noon,grocery,"creal,oats,jams&honey",orange fruit jam 284grams,310.0,st.dalfour,284,1.0,2026-06-25,284.0
n29761996a,noon,grocery,"creal,oats,jams&honey",vitrac raspberry jam - 430grams,73.0,vitrac,430,1.0,2026-06-25,430.0
n28909707a,noon,grocery,"creal,oats,jams&honey",white oats 500grams,115.0,green's,500,1.0,2026-06-25,500.0
z8fed04449815361dd037z,noon,grocery,"creal,oats,jams&honey",citrus blossom bee honey 950g,190.0,herbistice,950,1.0,2026-06-25,950.0
n29595083a,noon,grocery,"creal,oats,jams&honey",citrus honey - 650grams,219.0,hero,650,1.0,2026-06-25,650.0
z5b788cfb9ebd8cbe1b7fz,noon,grocery,"creal,oats,jams&honey",choco scopes - 250 grams,61.0,tolo,250,1.0,2026-06-25,250.0
n29595082a,noon,grocery,"creal,oats,jams&honey",hero clover honey - 650grams,219.0,hero,650,1.0,2026-06-25,650.0
z2a4970df5d11a95fa992z,noon,grocery,"creal,oats,jams&honey",natural clover honey 500g,157.0,haj arafa,500,1.0,2026-06-25,500.0
n42868130a,noon,grocery,"creal,oats,jams&honey",go on protein 50grams,105.0,sante,50,1.0,2026-06-25,50.0
z3882461dd0f3b7f43ec7z,noon,grocery,"creal,oats,jams&honey",yummies ginger and lemon spread 300g,75.0,el bawadi,300,1.0,2026-06-25,300.0
z57c3fc31b3fd56d97894z,noon,grocery,"creal,oats,jams&honey",quinoa seeds 400 gm,185.0,ma vie food,400,1.0,2026-06-25,400.0
n52490739a,noon,grocery,"creal,oats,jams&honey",pure marjoram honey - 250grams,111.0,isis,250,1.0,2026-06-25,250.0
z41346ab824df7d75c586z,noon,grocery,"creal,oats,jams&honey",cashew spread -275g.-lotus,295.0,organic nation,275,1.0,2026-06-25,275.0
ze55bafffdf1fec4d6488z,noon,grocery,"creal,oats,jams&honey",pack of 2 white honey with glass jar - 1 kg,205.0,sun garden,2,1.0,2026-06-25,2000.0
n28909106a,noon,grocery,"creal,oats,jams&honey",ginesing honey 250g,291.25,isis,250,1.0,2026-06-25,250.0
z7205c02b096c71c7e5d3z,noon,grocery,"creal,oats,jams&honey",granola bar apple and cinnamon 40g,41.0,lino,40,1.0,2026-06-25,40.0
n28940006a,noon,grocery,"creal,oats,jams&honey",black cherry fruit jam 284grams,239.0,st.dalfour,284,1.0,2026-06-25,284.0
n28909118a,noon,grocery,"creal,oats,jams&honey",royal jelly honey 250grams,330.0,isis,250,1.0,2026-06-25,250.0
z20f40b3311d4c3c046a6z,noon,grocery,"creal,oats,jams&honey","spread strawberry chocolate , 1kg",167.0,lavida,1000,1.0,2026-06-25,1000.0
z14d5620893a689d35c41z,noon,grocery,"creal,oats,jams&honey",gotella vegan chocolate spread with hazelnut 425 gm,95.0,gotella chocolate,425,1.0,2026-06-25,425.0
n27675266a,noon,grocery,"creal,oats,jams&honey",jam with strawberry flavor - 350grams,73.0,hero,350,1.0,2026-06-25,350.0
zd4a90268019395f2837bz,noon,grocery,"creal,oats,jams&honey",egyptian sidr mountain honey 500g,484.95,haj arafa,500,1.0,2026-06-25,500.0
zb407bc855ea597551478z,noon,grocery,"creal,oats,jams&honey",egyptian sidr mountain honey 500g,484.95,haj arafa,500,1.0,2026-06-25,500.0
z81ac19207e23742ab3f5z,noon,grocery,"creal,oats,jams&honey",orange crispy spread 300g,75.0,el bawadi,300,1.0,2026-06-25,300.0
z153c20433bd5d2a6ff97z,noon,grocery,"creal,oats,jams&honey",wildflower honey hexagonal 450grams,138.0,imtenan,450,1.0,2026-06-25,450.0
n43765118a,noon,grocery,"creal,oats,jams&honey",strawberry jam 1kg,93.75,add-me,1000,1.0,2026-06-25,1000.0
n28907196a,noon,grocery,"creal,oats,jams&honey",fruit puffs breakfast cereals with oats 250grams,76.0,lino,250,1.0,2026-06-25,250.0
z3a200d0c48470b3ad6c2z,noon,grocery,"creal,oats,jams&honey",corn flakes 250 gram,58.0,kiddo,250,1.0,2026-06-25,250.0
n34912221a,noon,grocery,"creal,oats,jams&honey",fruit puffs with oats 375grams,104.0,lino,375,1.0,2026-06-25,375.0
n28852314a,noon,grocery,"creal,oats,jams&honey",peanut butter crunchy 340grams,205.25,lino,340,1.0,2026-06-25,340.0
z939db65c8ae1550660edz,noon,grocery,"creal,oats,jams&honey",gum arabic honey 350 grams - 100% natural from uni smart group,85.0,uni smart group,350,1.0,2026-06-25,350.0
n52490740a,noon,grocery,"creal,oats,jams&honey",pure pollen grain honey – 250grams,97.75,isis,250,1.0,2026-06-25,250.0
z152ff23558c0f0e532d5z,noon,grocery,"creal,oats,jams&honey",yummies hazelnut spread 300g,203.0,el bawadi,300,1.0,2026-06-25,300.0
n27747711a,noon,grocery,"creal,oats,jams&honey",tropical fruits muesli 1kg,421.0,sante,1000,1.0,2026-06-25,1000.0
z4fe7667c198eb7f622bdz,noon,grocery,"creal,oats,jams&honey",keto double chocolate bar 60 grams bundle,250.0,healthy & tasty,320,1.0,2026-06-25,480.82792874896444
z43ce1837892439778c2bz,noon,grocery,"creal,oats,jams&honey",sugarcane serum 750 g - 100% natural from uni smart group,77.0,unismart_group,750,1.0,2026-06-25,750.0
zdc040cc16a63afc8ddafz,noon,grocery,"creal,oats,jams&honey",halawa spread 150 grams,37.25,el bawadi,150,1.0,2026-06-25,150.0
n44900089a,noon,grocery,"creal,oats,jams&honey",honey hunaja cheerios 375grams,156.0,nestle,375,1.0,2026-06-25,375.0
n34912209a,noon,grocery,"creal,oats,jams&honey",oat bran rings 250grams,76.0,lino,250,1.0,2026-06-25,250.0
ze426ec5a8eb2c35fdd66z,noon,grocery,"creal,oats,jams&honey",keto coconut chocolate bar 60 grams bundle,250.0,healthy & tasty,320,1.0,2026-06-25,480.82792874896444
z25dadb19c11c8ce5dbdcz,noon,grocery,"creal,oats,jams&honey",chocolate peanut butter 375g bundle,970.0,healthy & tasty,375,1.0,2026-06-25,375.0
z1043f437742f6454ecd6z,noon,grocery,"creal,oats,jams&honey",spring blossom honey 420 grams,108.25,el bawadi,420,1.0,2026-06-25,420.0
n29469995a,noon,grocery,"creal,oats,jams&honey",apricot jam 284grams,310.0,st.dalfour,284,1.0,2026-06-25,284.0
z31399f454202d9ff74ffz,noon,grocery,"creal,oats,jams&honey",herb flower (anise) honey 850 gm,265.0,zary,850,1.0,2026-06-25,850.0
z2e4ec66f35a0f6c92b35z,noon,grocery,"creal,oats,jams&honey",creamy peanut butter454g,480.0,jif,454,1.0,2026-06-25,454.0
n29595080a,noon,grocery,"creal,oats,jams&honey",hero clover honey - 365grams,114.0,hero,365,1.0,2026-06-25,365.0
n29782476a,noon,grocery,"creal,oats,jams&honey",vitrac creamy fig jam - 430grams,55.0,vitrac,430,1.0,2026-06-25,430.0
z2c24713af3dc43e68f93z,noon,grocery,"creal,oats,jams&honey",marjoram honey 500 grams - 100% natural from uni smart group,122.0,uni smart group,500,1.0,2026-06-25,500.0
n15224304a,noon,grocery,"creal,oats,jams&honey",hero jam with fig flavor - 350grams,73.0,hero,350,1.0,2026-06-25,350.0
n29779181a,noon,grocery,"creal,oats,jams&honey",greek forest honey 500grams,1021.0,fino,500,1.0,2026-06-25,500.0
z0938a8958ab556028d99z,noon,grocery,"creal,oats,jams&honey",anise honey 500 grams - 100% natural from uni smart group,130.0,uni smart group,500,1.0,2026-06-25,500.0
n29779101a,noon,grocery,"creal,oats,jams&honey",greek honey with flora and thyme 500grams,1225.0,attiki,500,1.0,2026-06-25,500.0
z006f12be30af90a52a55z,noon,grocery,"creal,oats,jams&honey",arabian wildflower honey 850 gm,815.0,zary,850,1.0,2026-06-25,850.0
z106c37c01956b74b52a3z,noon,grocery,"creal,oats,jams&honey",herb flower (anise) honey 450 gm,160.0,zary,450,1.0,2026-06-25,450.0
z4c36145082bfb39c9476z,noon,grocery,"creal,oats,jams&honey",summer flowers honey 450 gm,145.0,zary,450,1.0,2026-06-25,450.0
zc74888edbb306a3c9b6bz,noon,grocery,"creal,oats,jams&honey",pistachio butter 210g bundle,1270.0,healthy & tasty,320,1.0,2026-06-25,480.82792874896444
z1cf4fa91d85707accc14z,noon,grocery,"creal,oats,jams&honey",black seed flower honey 950g,240.0,shana nature house,950,1.0,2026-06-25,950.0
zd0e6067724bb078b1cc9z,noon,grocery,"creal,oats,jams&honey",herbistice natural bee honey citrus flowers 500g,140.0,herbistice,500,1.0,2026-06-25,500.0
z27703266f64b86e731c9z,noon,grocery,"creal,oats,jams&honey",high protein peanut butter 375g bundle,1050.0,healthy & tasty,250,1.0,2026-06-25,250.0
z706905ceed03d3e6b607z,noon,grocery,"creal,oats,jams&honey",gotella white chocolate spread 425 gm,95.0,gotella chocolate,425,1.0,2026-06-25,425.0
zee7060668c69d909e59bz,noon,grocery,"creal,oats,jams&honey",clover flowers honey 850 gm,250.0,zary,850,1.0,2026-06-25,850.0
n51181869a,noon,grocery,"creal,oats,jams&honey",honey - medium squeeze 270grams,624.0,fino,270,1.0,2026-06-25,270.0
n28940008a,noon,grocery,"creal,oats,jams&honey",red berries fruit jam 284grams,310.0,st.dalfour,284,1.0,2026-06-25,284.0
z45788582c91fd52e467ez,noon,grocery,"creal,oats,jams&honey",manuka health-manuka honey mgo 400+ 250g,3699.0,manuka health new zealand ltd,250,1.0,2026-06-25,250.0
n29594894a,noon,grocery,"creal,oats,jams&honey",greek honey jar 250grams,737.0,attica,250,1.0,2026-06-25,250.0
n27747764a,noon,grocery,"creal,oats,jams&honey",crispy oat & honey granola bar 40grams,42.0,sante,40,1.0,2026-06-25,40.0
z4ef37baecdad510682dbz,noon,grocery,"creal,oats,jams&honey",caesar honey 350 grams - 100% natural from uni smart group,135.0,uni smart group,350,1.0,2026-06-25,350.0
zda3eb1dd82adeb9b92a4z,noon,grocery,"creal,oats,jams&honey",natural black seed bee honey 500g,140.0,herbistice,500,1.0,2026-06-25,500.0
za635298389a212a4b613z,noon,grocery,"creal,oats,jams&honey",anise wonder bee honey 950 gm,185.0,wonder bee honey,950,1.0,2026-06-25,950.0
zd892c0855666516319f0z,noon,grocery,"creal,oats,jams&honey",gotella mango chocolate spread 425 gm,95.0,gotella chocolate,425,1.0,2026-06-25,425.0
n42554196a,noon,grocery,"creal,oats,jams&honey",hero citrus honey - 225grams,72.0,hero,225,1.0,2026-06-25,225.0
z90814dab508e00ce0895z,noon,grocery,"creal,oats,jams&honey",children's chocolate spread 375 grams bundle,850.0,healthy & tasty,375,1.0,2026-06-25,375.0
z9af95b545aad05a6cf65z,noon,grocery,"creal,oats,jams&honey",fenugreek honey 350 g - 100% natural from uni smart group,100.0,uni smart group,350,1.0,2026-06-25,350.0
n38731558a,noon,grocery,"creal,oats,jams&honey",strawberry jams 370grams,365.0,bonne maman,370,1.0,2026-06-25,370.0
z1541941c3e313bc2f9afz,noon,grocery,"creal,oats,jams&honey","clover blossom honey from ahla seha - 865g - 100% natural, rich in vitamins and minerals",201.0,ahla seha,865,1.0,2026-06-25,865.0
n25262585a,noon,grocery,"creal,oats,jams&honey",jam with mixed fruits flavor - 350grams,73.0,hero,350,1.0,2026-06-25,350.0
n27747723a,noon,grocery,"creal,oats,jams&honey",protein go on cranberry chocolate bar 50grams,75.0,sante,50,1.0,2026-06-25,50.0
zd912451ddf231af3a1baz,noon,grocery,"creal,oats,jams&honey",nutmeg honey 350 g - 100% natural from uni smart group,95.0,uni smart group,350,1.0,2026-06-25,350.0
n29012952a,noon,grocery,"creal,oats,jams&honey",clover honey 250grams,76.5,al shifa,250,1.0,2026-06-25,250.0
z22f9e1452c8f553abc9az,noon,grocery,"creal,oats,jams&honey",gotella lava mango chocolate spread with crunchy biscuits 60 gm pack 12 pieces,195.0,gotella chocolate,720,1.0,2026-06-25,720.0
n29779471a,noon,grocery,"creal,oats,jams&honey",fig jam 230grams,35.0,vitrac,230,1.0,2026-06-25,230.0
n52188263a,noon,grocery,"creal,oats,jams&honey",hero spring blossom honey - 365grams,130.25,hero,365,1.0,2026-06-25,365.0
n29779246a,noon,grocery,"creal,oats,jams&honey",black seed honey 800g,288.25,isis,800,1.0,2026-06-25,800.0
zdc51fa1cfacce7f51eddz,noon,grocery,"creal,oats,jams&honey",peanut butter 375g bundle,850.0,healthy & tasty,375,1.0,2026-06-25,375.0
zfd385eb022555db39dd0z,noon,grocery,"creal,oats,jams&honey","clover blossom honey from ahla seha - 450g - 100% natural, rich in vitamins and minerals, beneficial for diabetics, ideal for healthy sweetening and snacks",121.0,ahla seha,450,1.0,2026-06-25,450.0
zd8790ff7c42320b749a6z,noon,grocery,"creal,oats,jams&honey",honey cinnamon syrup - 100% natural from uni smart group,62.0,uni smart group,320,1.0,2026-06-25,480.82792874896444
zda02f03e4227fdbe3062z,noon,grocery,"creal,oats,jams&honey",apricot jam 190 grams (pack of 2),50.0,el bawadi,190,1.0,2026-06-25,190.0
zc44c1aea991a2730e227z,noon,grocery,"creal,oats,jams&honey",natural black seed honey 500g,182.0,haj arafa,500,1.0,2026-06-25,500.0
n29595081a,noon,grocery,"creal,oats,jams&honey",hero citrus honey - 365grams,104.0,hero,365,1.0,2026-06-25,365.0
zed11ebf27dfbfa5afc5cz,noon,grocery,"creal,oats,jams&honey","al-jabli egyptian sidr honey – 100% natural honey, excellent quality & economical price – 250 g",370.0,algable,250,1.0,2026-06-25,250.0
zb7703574ec420b487aabz,noon,grocery,"creal,oats,jams&honey",manuka health - new zealand raw manuka honey - mgo 263+ - 500g,2899.0,manuka health,500,1.0,2026-06-25,500.0
z74b13a4a4e01dfa47368z,noon,grocery,"creal,oats,jams&honey",premium imported royal jelly (grade a) - superior concentration & guaranteed purity to boost immunity & vitality - original value pack.,275.0,oshba,400,1.0,2026-06-25,400.0
z8ee3d18402d8110765bdz,noon,grocery,"creal,oats,jams&honey",manuka health-manuka honey mgo 573+ 250g,4299.0,manuka health new zealand ltd,250,1.0,2026-06-25,250.0
zef2d8c5232589bb2aa71z,noon,grocery,"creal,oats,jams&honey",clover honey 950sq,155.0,sennara honey,950,1.0,2026-06-25,950.0
zb40099c2bef10392b354z,noon,grocery,"creal,oats,jams&honey",clover 450 sq,86.0,honey_sennara,450,1.0,2026-06-25,450.0
z4e5bdab34e329b317ecfz,noon,grocery,"creal,oats,jams&honey",(black seed) nigella sativa honey 450 gm,133.0,zary,450,1.0,2026-06-25,450.0
z4146a409999467557ca9z,noon,grocery,"creal,oats,jams&honey",jar of honey with vega men's food mix 400 grams,460.0,zadna,400,1.0,2026-06-25,400.0
zd01094e009aff3c77f01z,noon,grocery,"creal,oats,jams&honey",secrets protein bar-70g-mocha,75.0,organic nation,70,1.0,2026-06-25,70.0
z4038021812b32a975101z,noon,grocery,"creal,oats,jams&honey",margoram 450 sq,94.0,sennara honey,450,1.0,2026-06-25,450.0
z3d971716604ac0a0ab56z,noon,grocery,"creal,oats,jams&honey",wildflower honey 450 gm,433.0,zary,450,1.0,2026-06-25,450.0
n29595054a,noon,grocery,"creal,oats,jams&honey",vitrac creamy apricot jam - 430grams,69.25,vitrac,430,1.0,2026-06-25,430.0
zeef7b2e0f1edd55a3e99z,noon,grocery,"creal,oats,jams&honey",Premium Healthy Pistachio Cream - Sugar Free & Low Calorie - Naturally Sweetened with Erythritol - Premium Roasted Pistachios Without the Guilt - 100% Natural & Creamy Texture,800.0,Sockerdorf,320,1.0,2026-06-25,480.82792874896444
zee6388fcc985e8a41858z,noon,grocery,"creal,oats,jams&honey",dried fruit & nuts bar 40 grams,65.0,imtenan,40,1.0,2026-06-25,40.0
z35e4acf0fa6c39087717z,noon,grocery,"creal,oats,jams&honey",secrets protein bar-70g-vanilla birthday cake,75.0,organic nation,70,1.0,2026-06-25,70.0
zea8bdd434c2ccbc58429z,noon,grocery,"creal,oats,jams&honey",squeez marjoram honey 950 grams,187.0,sennara,950,1.0,2026-06-25,950.0
n39272814a,noon,grocery,"creal,oats,jams&honey",crispy granola original 350grams,150.25,abu auf,350,1.0,2026-06-25,350.0
zfe5d8b680e34435f2adbz,noon,grocery,"creal,oats,jams&honey",citrus honey 450 gm,145.0,zary,450,1.0,2026-06-25,450.0
zc9832886cd1ce4988212z,noon,grocery,"creal,oats,jams&honey",citrus honey 225 gm,90.0,zary,225,1.0,2026-06-25,225.0
zc9748bd10c2c843cd843z,noon,grocery,"creal,oats,jams&honey",secrets protein bar-70g-apple pie,75.0,organic nation,70,1.0,2026-06-25,70.0
z8dd0b5337ef111cc9859z,noon,grocery,"creal,oats,jams&honey",black seeds wonder bee honey950gm,189.0,wonder bee honey,950,1.0,2026-06-25,950.0
zfd6b36c3b77119eb4620z,noon,grocery,"creal,oats,jams&honey",psyllium husk jar 100g,250.0,zadna,100,1.0,2026-06-25,100.0
n28992073a,noon,grocery,"creal,oats,jams&honey",pure greek honey 270grams,737.0,attiki,270,1.0,2026-06-25,270.0
z8d952b9a0859ad3af825z,noon,grocery,"creal,oats,jams&honey",clover flowers honey 225 gm,90.0,zary,225,1.0,2026-06-25,225.0
n39019221a,noon,grocery,"creal,oats,jams&honey",apricot preserve 370grams,365.0,bonne maman,370,1.0,2026-06-25,370.0
z9b3a898d2e82d7e370ddz,noon,grocery,"creal,oats,jams&honey",my breakfast oats & fruits,68.0,my breakfast,320,1.0,2026-06-25,480.82792874896444
z70f684990596ab8390eez,noon,grocery,"creal,oats,jams&honey",my breakfast oats & chia,68.0,my breakfast,320,1.0,2026-06-25,480.82792874896444
z53cfdb9926890c31e0eaz,noon,grocery,"creal,oats,jams&honey",clover flowers honey 450 gm,145.0,zary,450,1.0,2026-06-25,450.0
z85f8117b111a90bc5969z,noon,grocery,"creal,oats,jams&honey",honey 450g,126.0,saltana,450,1.0,2026-06-25,450.0
n51181868a,noon,grocery,"creal,oats,jams&honey",greek forest honey 250grams,680.0,fino,250,1.0,2026-06-25,250.0
n43406312a,noon,grocery,"creal,oats,jams&honey",easy open honey 455grams,851.0,attiki,455,1.0,2026-06-25,455.0
n27675267a,noon,grocery,"creal,oats,jams&honey",jam with apricot flavor - 350grams,81.0,hero,350,1.0,2026-06-25,350.0
n29762533a,noon,grocery,"creal,oats,jams&honey",vitrac fig jam - 430grams,63.25,vitrac,430,1.0,2026-06-25,430.0
z293d1e8df8254c606ee6z,noon,grocery,"creal,oats,jams&honey",attiki premium greek honey 455g,960.0,attiki pittas,455,1.0,2026-06-25,455.0
n29779226a,noon,grocery,"creal,oats,jams&honey",hero spring blossom honey - 650grams,219.0,hero,650,1.0,2026-06-25,650.0
z7db90f18fcb98ba0d629z,noon,grocery,"creal,oats,jams&honey",honey rings - 250 grams,61.0,tolo,250,1.0,2026-06-25,250.0
z9601864d5cac80dc3816z,noon,grocery,"creal,oats,jams&honey",pistachio spread 385 gm,175.0,lavida,385,1.0,2026-06-25,385.0
z7719e6686acd38f64523z,noon,grocery,"creal,oats,jams&honey",honey rings 250 gram,63.0,kiddo,250,1.0,2026-06-25,250.0
zbb9888f94fc5ff41c987z,noon,grocery,"creal,oats,jams&honey",herb flower (anise) honey 225 gm,100.0,zary,225,1.0,2026-06-25,225.0
z46f6771dc59938ea2e89z,noon,grocery,"creal,oats,jams&honey",herbistice black seed bee honey 950g,200.0,herbistice,950,1.0,2026-06-25,950.0
n43406313a,noon,grocery,"creal,oats,jams&honey",dark brown honey - 500grams,1225.0,attiki,500,1.0,2026-06-25,500.0
z91be7f655eb0317430b5z,noon,grocery,"creal,oats,jams&honey",children's chocolate spread 375 grams,300.0,healthy & tasty,375,1.0,2026-06-25,375.0
z40a39b0723f7c372e7d8z,noon,grocery,salt,imtenan monk fruit natural sweetener - 150g,237.0,imtenan,150,1.0,2026-06-25,150.0
z3bce0394b65d16f58147z,noon,grocery,salt,mivolis sweetener tablets 1200 sticks 72grams,275.0,mivolis,1200,1.0,2026-06-25,1200.0
z16f46fd51ab5d5a97e5bz,noon,grocery,salt,rich almond sugar substitute – box of 75 sachets (2 spoon equivalents per sachet),85.0,rich diet,75,1.0,2026-06-25,75.0
z3f703372568b5ddb3cd2z,noon,grocery,salt,rich sugar fructose 500g box,165.31,rich diet,500,1.0,2026-06-25,500.0
za03c8c6cf684efc3d25bz,noon,grocery,salt,steviana from stevia leaves healthy and tasty 100 sachets250grams with mug free,550.0,steviana,100,1.0,2026-06-25,100.0
z99db2bd514105e30b4f0z,noon,grocery,salt,himalayan salt 500g.,45.95,mr. food,500,1.0,2026-06-25,500.0
zd5cad4f23cf3caeed193z,noon,grocery,salt,"better taste stevia liquid drops, 20ml",153.0,better taste,20,1.0,2026-06-25,20.0
z6714486582e8828916e1z,noon,grocery,salt,stevia diet sugar zero calories 50 sachets,85.0,rich diet,50,1.0,2026-06-25,50.0
zb5643e0985286ff30a37z,noon,grocery,salt,brown sugar 100 sheets 400grams,76.0,imtenan,100,1.0,2026-06-25,100.0
zbd6ac40d27573f479334z,noon,grocery,salt,sweetener from stevia leaves healthy and tasty 100 sachets250grams with mug free,550.0,steviana,100,1.0,2026-06-25,100.0
ze3782df275712f09c3e0z,noon,grocery,salt,stevia sugar 80g (herb),73.0,shana,80,1.0,2026-06-25,80.0
n52405007a,noon,grocery,salt,sukker diet 30 sachets- 2 spoonful -diet sugar sweetener 30grams,70.0,mozn,30,1.0,2026-06-25,30.0
zfa6f28ebeedd095020d8z,noon,grocery,salt,stevia pure time 200 g,185.0,stevia pure time,200,1.0,2026-06-25,200.0
z19521fdd183a421ea556z,noon,grocery,salt,refined stevia sugar 150g,221.0,shana,150,1.0,2026-06-25,150.0
z28400162478b8ed70b17z,noon,grocery,salt,suessli german sweetener tablets 1200pcs in dispenser - lactose free recipe - imported from germany,347.0,suessli,1200,1.0,2026-06-25,1200.0
n52405008a,noon,grocery,salt,sukker diet powder - diet sugar sweetener 200grams,160.0,mozn,200,1.0,2026-06-25,200.0
z2067f2dcd9c200addeaaz,noon,grocery,salt,tropicana slim low calorie sweetener – 50 sachets – healthy sugar-free substitute,650.0,tropicana,50,1.0,2026-06-25,50.0
n52405006a,noon,grocery,salt,sukker diet 48 sachets- 2 spoonful -diet sugar sweetener 1grams,95.0,mozn,48,1.0,2026-06-25,48.0
za4589ca27908a2f24e65z,noon,grocery,salt,sweetal stevia diet sugar 100 stick,155.0,sweetal,100,1.0,2026-06-25,100.0
zbcc26ed7ae884d7069f4z,noon,grocery,salt,rich almond sugar substitute – box of 50 sachets (2 spoon equivalents per sachet),70.0,rich diet,50,1.0,2026-06-25,50.0
z4d36aec4adaa2b554c69z,noon,grocery,salt,classic monkfruit and erythritol sweetener - 40 sachet,130.0,lakanto,40,1.0,2026-06-25,40.0
z4b1e4542cf0303306f06z,noon,grocery,salt,rich sugar natural fruit fructose – box of 100 sachets,165.31,rich diet,100,1.0,2026-06-25,100.0
z06febdfbaa247b65b355z,noon,grocery,salt,white sugar 5 kg,220.0,saltana,5000,1.0,2026-06-25,5000.0
zaa1e7e43d79e69719667z,noon,grocery,salt,stevia pure time 220 tablets,180.0,stevia pure time,220,1.0,2026-06-25,220.0
n52405011a,noon,grocery,salt,sukker stevia 30 sachets- 2 spoonful-diet sugar sweetener 60grams,95.0,mozn,30,1.0,2026-06-25,30.0
za6716caf5ee56ba661a9z,noon,grocery,salt,stevia diet sugar zero calories 250g jar,220.0,rich diet,250,1.0,2026-06-25,250.0
zf47837e6c4fdadaaf66ez,noon,grocery,salt,sweetal stevia diet sugar 25 stick,55.0,sweetal,25,1.0,2026-06-25,25.0
z5fbe6f102b8273a5b0efz,noon,grocery,salt,sweetal diet sugar sweetal 100 tab,70.0,sweetal,100,1.0,2026-06-25,100.0
z1ab2a731be1be8135e98z,noon,grocery,salt,classic monkfruit and erythritol sweetener - 100 sachet,240.0,lakanto,100,1.0,2026-06-25,100.0
zaa66ba43f799d663518bz,noon,grocery,salt,sweet&slim 100 sachets stevia,150.0,stevia,100,1.0,2026-06-25,100.0
zea36ef2dfdeb28a6b14cz,noon,grocery,salt,sokradorf drops 15 ml,269.0,sokradorf,15,1.0,2026-06-25,15.0
z4673f6cac51b8e3bb05dz,noon,grocery,salt,steviadiet 300gm jar,135.0,steviadiet,300,1.0,2026-06-25,300.0
z9d89cc6ff75761d223fez,noon,grocery,salt,sweet&slim 400 sachets,499.95,sweet & slim,400,1.0,2026-06-25,400.0
n28727470a,noon,grocery,salt,pink himalayan salt crystals 400grams,54.25,abu auf,400,1.0,2026-06-25,400.0
z935951562aa4d30680c2z,noon,grocery,salt,sweetal diet sugar sweetal stevia 50 sachet,95.0,sweetal,50,1.0,2026-06-25,50.0
n30522023a,noon,grocery,salt,white sugar 1kg,50.0,rehana,1000,1.0,2026-06-25,1000.0
za5c1509f7b86bdb48192z,noon,grocery,salt,sweetal diet sugar sweetal 100 stick 1 gram,120.0,sweetal,100,1.0,2026-06-25,100.0
z2c5f118a0810e99d6a4az,noon,grocery,salt,sweetal diet sugar sweetal 75 sachet 1 gram,95.0,sweetal,75,1.0,2026-06-25,75.0
z2925573b59a62c2a7402z,noon,grocery,salt,classic monkfruit and erythritol sweetener - 235g,180.0,lakanto,235,1.0,2026-06-25,235.0
z5c57a0fe0fbeb7449abaz,noon,grocery,salt,sweetal diet sugar sweetal 50 sachet 2 grams,95.0,sweetal,50,1.0,2026-06-25,50.0
zc2ee90697236aab76380z,noon,grocery,salt,"splendays minis dissolvable tablets, 300 -count",344.0,splendays,300,1.0,2026-06-25,300.0
n52405012a,noon,grocery,salt,sukker stevia powder -diet sugar sweetener 200grams,170.0,mozn,200,1.0,2026-06-25,200.0
z769690e19ae28c7547dfz,noon,grocery,salt,steviola jar 250g powder + steviola jar 250g powder,299.0,steviola,5,1.0,2026-06-25,5.0
n51084544a,noon,grocery,salt,diet sugar sweetener 1200 sticks 72grams,280.0,mivolis,1200,1.0,2026-06-25,1200.0
ze811a1383cae90f86285z,noon,grocery,salt,sweetal diet sugar sweetal 300 tab,140.0,sweetal,300,1.0,2026-06-25,300.0
z0105b3a9415d9e9c4f2az,noon,grocery,salt,sweetal diet sugar sweetal jar 250 grams,150.0,sweetal,250,1.0,2026-06-25,250.0
z7fce3e7084799de1a790z,noon,grocery,salt,offer 2 diet sugar sweetener stevia 96 sachets x 2gram- 2 spoonful,180.0,mozn,96,1.0,2026-06-25,96.0
z146a781c31b8f0138151z,noon,grocery,salt,classic monkfruit and erythritol sweetener - 454g,340.0,lakanto,454,1.0,2026-06-25,454.0
z5d87b56412399d2057d8z,noon,grocery,salt,sweetener tablets 1200 sticks 72 gm,285.0,mivolis,1200,1.0,2026-06-25,1200.0
n52343966a,noon,grocery,salt,sweetener tablets 1200 sticks 72grams,343.0,mivolis,1200,1.0,2026-06-25,1200.0
z05288297eb8e26503081z,noon,grocery,salt,sweetener from stevia leaves healthy and tasty 50 sachets 125grams,350.0,steviana,50,1.0,2026-06-25,50.0
z575fbb6dd7c96c084733z,noon,grocery,salt,pure time stevia 200 gm,193.0,stevia,200,1.0,2026-06-25,200.0
z618e870cfc0b968a93a7z,noon,grocery,salt,rich almond sugar substitute – box of 75 hanging sachets,80.0,rich diet,75,1.0,2026-06-25,75.0
z20ecb8c1d892dbb7675cz,noon,grocery,salt,himalayan salt 500g,43.0,ragab el attar,500,1.0,2026-06-25,500.0
z0dc8c9e724b0ad5616d2z,noon,grocery,salt,stevia natural sweetener 100 tablets,92.0,sekem,100,1.0,2026-06-25,100.0
z6cbf7a0b098730818a98z,noon,grocery,salt,monk fruit sugar 50 sticks,110.0,right nutrition,50,1.0,2026-06-25,50.0
z4a43c5a4230ccb8faac5z,noon,grocery,salt,sucralose 250 g – sugar alternative,200.0,rich diet,250,1.0,2026-06-25,250.0
z043c53b7ce0d4ccc8d5dz,noon,grocery,salt,tropicana slim low calorie sweetener - sugar substitute - 100 sachets,850.0,tropicana,100,1.0,2026-06-25,100.0
n52406600a,noon,grocery,salt,premium powder sugar 1kg,42.0,haboba,1000,1.0,2026-06-25,1000.0
zd181e210f0b6bf1c36f1z,noon,grocery,salt,"nocal drops 30 ml, half a spoonful",175.0,nocal,30,1.0,2026-06-25,30.0
zf816368170c74e8a057az,noon,grocery,salt,steviana natural sweetener – 100 sachets – healthy sugar substitute from stevia leaves,865.0,steviana,100,1.0,2026-06-25,100.0
zfae9166159bcd6c6fbefz,noon,grocery,salt,rich sugar natural fruit fructose – box of 250 sachets,80.0,rich diet,250,1.0,2026-06-25,250.0
z619bce572eddd16a98adz,noon,grocery,salt,sugar diet 1200 tablets -72gm,279.0,mivolis,1200,1.0,2026-06-25,1200.0
zc67fe6ea6d4cdecc496fz,noon,grocery,salt,stevia original 50 stick packs,152.0,limitless,50,1.0,2026-06-25,50.0
z813186807bfd3db92ea7z,noon,grocery,salt,bliss sweetner - zero calorie sweetener - 30 sachets,65.0,organic nation,30,1.0,2026-06-25,30.0
zbae2c5a984f08e975562z,noon,grocery,salt,"rich sugar substitute, 150 packets, spoon",140.0,rich diet,150,1.0,2026-06-25,150.0
n28727462a,noon,grocery,salt,pink himalayan salt crystals (rocks) 400grams,58.25,abu auf,400,1.0,2026-06-25,400.0
zb592fddad475b4793b77z,noon,grocery,salt,rich sugar substitute – almond sugar – 150 sachets box – 2 sachets per serving,150.0,rich diet,150,1.0,2026-06-25,150.0
z8e6c741b98919f5d4fcdz,noon,grocery,salt,rich sugar stevia 150 packets,190.0,rich diet,150,1.0,2026-06-25,150.0
zb36b00c68b6620beafa1z,noon,grocery,salt,steviana sweetener from stevia leaves 50 sachets each pack of 2 (imported),650.0,steviana,100,1.0,2026-06-25,100.0
zd1f83f917fd0de8e1a3fz,noon,grocery,salt,rich white sugar box 120 packs,97.75,rich diet,120,1.0,2026-06-25,120.0
zc441186ad801ec1a6549z,noon,grocery,salt,"steviana sweetener from natural stevia leaves - 100 sachets (sugar substitute, low calorie)",910.0,steviana,100,1.0,2026-06-25,100.0
z23434a354467c9e72388z,noon,grocery,salt,stevia pure time 40 sachets 80 g,95.0,stevia pure time,40,1.0,2026-06-25,40.0
za1d66715c751d05ae063z,noon,grocery,salt,himalayan pink salt- 110g,73.0,dayma,110,1.0,2026-06-25,110.0
zd0d746ab88d70c9c1df6z,noon,grocery,salt,magic moments lemon salt powder 150g - pack of 2,166.0,magic moments,300,1.0,2026-06-25,300.0
zf9116685060148f301efz,noon,grocery,salt,rich diet brown sugar 500g box,80.0,rich diet,500,1.0,2026-06-25,500.0
zc1ec1d190977792b0f30z,noon,grocery,salt,diet sugar 50 sachets one sachet = two spoons of sugar,90.0,no cal,50,1.0,2026-06-25,50.0
z460f3ea7fa9720a1f0fcz,noon,grocery,salt,imtenan monk fruit sweetener 150g - pack of 2,437.0,imtenan,300,1.0,2026-06-25,300.0
z804bc76516f8c966b18ez,noon,grocery,salt,stevania sweetener - natural zero calorie sweetener - 50 sachets,540.0,steviana,50,1.0,2026-06-25,50.0
zd1a8717f9be5868659b1z,noon,grocery,salt,premium grade pink himalayan fine salt-650g,99.0,organic nation,650,1.0,2026-06-25,650.0
z5dd732fcc7ad5b4a7efaz,noon,grocery,salt,zero calorie sweetener 1000 sachets (pack of 1).,3529.0,splenda,1000,1.0,2026-06-25,1000.0
za86a3d48b4cd6f3befbcz,noon,grocery,salt,richmix white sugar – 120 easy‑open 5g sticks – premium hospitality pack,99.0,rich mix,600,1.0,2026-06-25,600.0
z5f7cc2c0ed74bdb8ba9dz,noon,grocery,salt,splenda sugar alternative tablets - 100 tablets,191.0,splendays,100,1.0,2026-06-25,100.0
z5c6559b98adee3169af7z,noon,grocery,salt,rich sugar stevia 75 packets,105.23,rich diet,75,1.0,2026-06-25,75.0
z5503a69eef75304d6069z,noon,grocery,salt,rich brown sugar 250g box,55.0,rich diet,250,1.0,2026-06-25,250.0
z70ff63c37cc33b14cb38z,noon,grocery,salt,mexicana brown sugar -500 gm,50.95,mr. food,500,1.0,2026-06-25,500.0
zb18327dd413551c7c526z,noon,grocery,salt,suss stoff german diet sugar 1200 pcs,340.0,belbake,1200,1.0,2026-06-25,1200.0
zab178d48bd827ffd7765z,noon,grocery,salt,diet sugar 1gm 70sachet,70.0,steviadiet,70,1.0,2026-06-25,70.0
z255962e8eb2687bfd52dz,noon,grocery,salt,chinese salt 250 gm,73.95,seco salt,250,1.0,2026-06-25,250.0
za650be0b8edcd33fa366z,noon,grocery,salt,coconut sugar 250g,254.0,virco,250,1.0,2026-06-25,250.0
zca44e8945c7181306d27z,noon,grocery,salt,himalayan coarse salt 250 grams,28.0,imtenan,250,1.0,2026-06-25,250.0
zf44b7dd8e3a083ff5927z,noon,grocery,salt,steviana sugar-free stevia sweetener powder 200g,450.0,steviana,200,1.0,2026-06-25,200.0
z0352e7ea59ecfea9cfacz,noon,grocery,salt,al-zaeem white sugar - value pack of 10 bags (1kg each),473.0,alzaeem,10000,1.0,2026-06-25,10000.0
z3a7d7ca63c61eec490ddz,noon,grocery,salt,rich white sugar cubes 1 kg,120.46,rich diet,1000,1.0,2026-06-25,1000.0
zc4f317f5c3c27c21219bz,noon,grocery,salt,stevia jar - 250 grams,255.0,sekem,250,1.0,2026-06-25,250.0
zcb57001d5c1b02e76beez,noon,grocery,salt,himalaya salt 1kg,80.0,ragab el attar,1000,1.0,2026-06-25,1000.0
n52599059a,noon,grocery,salt,sweetener 200 sachets,270.0,stevia,200,1.0,2026-06-25,200.0
z4a7cf51d66c36a1748a0z,noon,grocery,salt,sweet & slim - stevia 250 gm,160.0,sweet & slim,250,1.0,2026-06-25,250.0
zbfc5deb635b381c3b6baz,noon,grocery,salt,himalayan salt 165g,30.75,haj arafa,165,1.0,2026-06-25,165.0
z4f40fbed2d74a45b8d75z,noon,grocery,salt,steviana sweetener from stevia leaves 100 sachets each pack of 2,1200.0,steviana,200,1.0,2026-06-25,200.0
z5a7bc410617d5db18dbdz,noon,grocery,salt,diet sugar 300 tablet,194.0,sweetal,300,1.0,2026-06-25,300.0
z621b5c8b43f3ad17e6eez,noon,grocery,salt,"Rich white sugar, bag of 100 packets",80.0,Rich Diet,100,1.0,2026-06-25,100.0
zcefacc28777767f694c6z,noon,grocery,salt,Stevia Pure Time 110 tablets,120.0,Stevia Pure Time,110,1.0,2026-06-25,110.0
z6d2f970bc54e2c040c90z,noon,grocery,salt,Rich brown sugar cubes 1 kg,125.0,Rich Diet,1000,1.0,2026-06-25,1000.0
z84be4468580bd8aa1622z,noon,grocery,salt,Winter warmth box,255.0,Sultanate,3700,1.0,2026-06-25,3700.0
ze69786e7e710a043cc88z,noon,grocery,salt,"Offer of two packages of diet sugar weighing 96 bags, 1 gram - sweetened diet sugar",160.0,Mazn,96,1.0,2026-06-25,96.0
z7eddc9a83767eba1b29fz,noon,grocery,salt,bliss sweetner-150g,185.0,organic nation,150,1.0,2026-06-25,150.0
zf91f44bea2b2ee5496f5z,noon,grocery,salt,"Diet sugar 100 sachets, each sachet = 2 spoons",155.0,no cal,100,1.0,2026-06-25,100.0
zdd12b468366358ddb00az,noon,grocery,salt,rich brown sugar bag 100 packets,90.0,rich diet,100,1.0,2026-06-25,100.0
zeec1bbc4690829c6642ez,noon,grocery,salt,sweetal 300 tablets,248.0,sweetal,300,1.0,2026-06-25,300.0
z615ec19d15a5ee752053z,noon,grocery,salt,sweetener tablets 1200 sticks 72grams,290.0,generic,1200,1.0,2026-06-25,1200.0
z9cbb2e86cd59910b9530z,noon,grocery,salt,stevia – 250g jar (2 for 1 offer),383.53,generic,500,1.0,2026-06-25,500.0
z9ceb5ecc66b936da8e40z,noon,grocery,salt,suss stoff sweetener 1200 tablets,310.0,suss stoff,1200,1.0,2026-06-25,1200.0
ze8a11ada0919eefa472cz,noon,grocery,salt,vitamin c brausetabletten 20 st 82g,401.0,mivolis,320,1.0,2026-06-25,480.82792874896444
z52e4630e8c6730965e90z,noon,grocery,salt,brown sugar 250gm,60.0,star,250,1.0,2026-06-25,250.0
z2060e5b6881179de476ez,noon,grocery,salt,sucralose 250 g – sugar alternative 2*1,367.66,rich diet,250,1.0,2026-06-25,250.0
zd59e66ed63b9db0f75b9z,noon,grocery,salt,star diet brown sugar 500gm,85.0,star diet,500,1.0,2026-06-25,500.0
n29595529a,noon,grocery,salt,icing sugar 500grams,46.0,al doha,500,1.0,2026-06-25,500.0
z977fb9d213753edd72f2z,noon,grocery,salt,500g sugar cubes,114.0,shana,500,1.0,2026-06-25,500.0
zbe22e1a3260aca519ba4z,noon,grocery,salt,richmix natural brown sugar – 120 5g sticks – premium hospitality pack,110.0,rich mix,600,1.0,2026-06-25,600.0
z947ca96d15954300fa8ez,noon,grocery,salt,lakanto monkfruit classic sweetener 235 g,195.0,lakanto,235,1.0,2026-06-25,235.0
n27665625a,noon,grocery,salt,premium natural white powder sugar 1kg,49.75,zamzam,1000,1.0,2026-06-25,1000.0
z8034dd068886b1665e5bz,noon,grocery,salt,natural sweetner 40 sachets grams,84.75,stevia,40,1.0,2026-06-25,40.0
z324b67c7cac83393b4cdz,noon,grocery,salt,sugar monk fruit (monk fruit) 250 gm,200.0,right nutrition,250,1.0,2026-06-25,250.0
z43ae19ff762817857c78z,noon,grocery,salt,fructose sugar 250 g,84.0,shana,250,1.0,2026-06-25,250.0
n52490730a,noon,grocery,salt,stevia 40 sachets.,76.0,stevia,40,1.0,2026-06-25,40.0
z828a9d37599ca34dda67z,noon,grocery,salt,rich brown sugar 100 packets,95.0,rich diet,100,1.0,2026-06-25,100.0
zb1b86ed6cf2359eb137az,noon,grocery,salt,himalayan salt 200g fine,65.0,shana,200,1.0,2026-06-25,200.0
z1bce85785b26ecbec573z,noon,grocery,salt,natural sweetner 110 tablets grams,128.0,stevia,110,1.0,2026-06-25,110.0
z28265f445f5cbcfb7978z,noon,grocery,salt,white stevia sugar - 50 gm,92.0,dhyaan house,50,1.0,2026-06-25,50.0
ze4df6f113fa3920a06fdz,noon,grocery,salt,sugar tea and cloves,260.0,saltana,320,1.0,2026-06-25,480.82792874896444
z4debb1a121e4e25748adz,noon,grocery,salt,steviana natural sweetener from stevia leaves - 37.5g (25 sachets x 1.5g),180.0,steviana,25,1.0,2026-06-25,25.0
z71ae3f716866cae78bcaz,noon,grocery,salt,herbal salt 125 grams,87.75,imtenan,125,1.0,2026-06-25,125.0
z6d92ad4ad54d8ee648faz,noon,grocery,salt,richmix natural brown cane sugar – 500g premium loose pack,98.0,rich mix,500,1.0,2026-06-25,500.0
zf1f7ba6caaf3283fc50az,noon,grocery,salt,brown sugar 100 packets,100.0,shana,100,1.0,2026-06-25,100.0
z9e3878cce5b3d89aade3z,noon,grocery,salt,brown sugar with cinnamon 120 gram,34.25,dobella,120,1.0,2026-06-25,120.0
n30522024a,noon,grocery,salt,icing sugar 1kg,66.0,rehana,1000,1.0,2026-06-25,1000.0
z9a24d57a3127aa80f2eaz,noon,grocery,salt,steviana big offer( steviana 100 sachets + steviana 50 sachets + steviana jar 200gm + steviana 25 sticks gift + mug free ),1400.0,steviana,320,1.0,2026-06-25,480.82792874896444
zf43dbab607ab32f13ad1z,noon,grocery,salt,natural sweetner 220 tablets,198.0,stevia,220,1.0,2026-06-25,220.0
za1f11487ceaa4cd6c4d8z,noon,grocery,salt,sweetener substitute sugar 150g,110.0,shana,150,1.0,2026-06-25,150.0
zb81602f43da6eb6f2dafz,noon,grocery,salt,white sugar 1 kg,49.25,alzaeem,1000,1.0,2026-06-25,1000.0
n44808136a,noon,grocery,salt,white sugar cubes 500grams,65.25,dobella,500,1.0,2026-06-25,500.0
z2b261f5e05899a8eed07z,noon,grocery,salt,stevia pure time 60 sachets 120 g,125.0,stevia pure time,60,1.0,2026-06-25,60.0
z06a526a37a3fbf127aaaz,noon,grocery,salt,icing sugar (powder sugar) 1k,49.95,mr. food,1000,1.0,2026-06-25,1000.0
z36faf525aa6ba28b954cz,noon,grocery,salt,sugarfree sweetener 250 grams,135.0,la sweet,250,1.0,2026-06-25,250.0
zbe2968ea547cbac03b91z,noon,grocery,salt,pure green sugar alternative stevia powder - 50 gm,83.0,dhyaan house,50,1.0,2026-06-25,50.0
z8b763b38ee8fed974772z,noon,grocery,salt,sweetener tablets 1200 sticks 72grams,299.0,generic,1200,1.0,2026-06-25,1200.0
z2ab89f8f03837ec3cc9fz,noon,grocery,salt,oacheto stevia,69.0,generic,320,1.0,2026-06-25,480.82792874896444
ze0b799e80b607dbb4539z,noon,grocery,salt,sucralose sweetener 50 sachets,75.0,recipe pharma,320,1.0,2026-06-25,480.82792874896444
z67a96e62dad141726142z,noon,grocery,salt,zero calorie sweetener 1000 sachets,3400.0,splenda,1000,1.0,2026-06-25,1000.0
z963a905a6afbe8a06c2ez,noon,grocery,salt,mivolis multi-mineral effervescent tablets orange-passion fruit flavor - 20 tablets,350.0,mivolis,320,1.0,2026-06-25,480.82792874896444
z8c177478023f75f3d80cz,noon,grocery,salt,diet sweetener 50 sachets pack of 4,196.0,strony,200,1.0,2026-06-25,200.0
zc51af1405ad3af22f689z,noon,grocery,salt,castello sweetener 60 sachets,199.0,stevia,100,1.0,2026-06-25,100.0
z1e94ab21b851167b1259z,noon,grocery,salt,Sorbamet 250 grams,150.0,Sorbamet,250,1.0,2026-06-25,250.0
z26fe7efc1860bffe97cdz,noon,grocery,salt,diet sugar 100 tablet,55.0,diet sweet,30,1.0,2026-06-25,30.0
zb9b46be60d506fa2944fz,noon,grocery,salt,Stevia sugar drops 30 ml,180.0,Wright Nutrition,30,1.0,2026-06-25,30.0
z6f866606e63c2c782bf1z,noon,grocery,salt,wholesome organic powdered confectioners sugar - 454 gm,1500.0,wholesome,454,1.0,2026-06-25,454.0
z33a3b1de558d05c0a68fz,noon,grocery,salt,zero calorie sweetener 50g pack of 50 sachet ( 5 pack offer),375.0,recipe pharma,50,1.0,2026-06-25,50.0
zcfaa95a78ac4bd83c97bz,noon,grocery,salt,sucra lose 50 packets (2 packs),150.0,right nutrition,100,1.0,2026-06-25,100.0
zbf98d9036be8accc3dd1z,noon,grocery,salt,diet sugar - 75 sachets (1 spoon),95.0,so sweet,75,1.0,2026-06-25,75.0
z1b33fa6fa4a47304b4b7z,noon,grocery,salt,"sorbamt 250 grams and sorbamt 50 sachets of 1 gram, special price",150.0,sorbamt,50,1.0,2026-06-25,50.0
z73e59a5c20148e3f1890z,noon,grocery,salt,sorbamt 50 sachets,90.0,sorbamt,50,1.0,2026-06-25,50.0
z4afbe219801e506eae10z,noon,grocery,salt,diet sugar - 250 sachets (1 spoon),235.0,so sweet,250,1.0,2026-06-25,250.0
z0abf8bfa0307115c2b46z,noon,grocery,salt,stevia sweetener sachets 125g * 50,750.0,steviana,50,1.0,2026-06-25,50.0
z5254be0a079bb07af408z,noon,grocery,salt,uni fructose diet sugar 450 gm,190.0,uni,450,1.0,2026-06-25,450.0
zb50aa4e3d6f01641c492z,noon,grocery,salt,"dr. foods himalayan pink salt block for cooking, grilling & baking – 30 cm × 20 cm × 5 cm | salt cutting board | culinary serving stone",1500.0,dr. foods,3,1.0,2026-06-25,3.0
z2c209980a6326f3ee77bz,noon,grocery,salt,100tab,69.0,diet sweet,100,1.0,2026-06-25,100.0
z38475f498ab58ae21671z,noon,grocery,salt,sweetener from stevia leaves healthy and tasty 50 sachets 125grams,350.0,steviana,50,1.0,2026-06-25,50.0
z4151592fee1618277ea5z,noon,grocery,salt,sweet&slim 100 sachets,220.0,sweet & slim,100,1.0,2026-06-25,100.0
z24d86337832c5e6685bcz,noon,grocery,salt,steviana sweetener from stevia leaves 25 sachets,399.0,steviana,25,1.0,2026-06-25,25.0
z8fc17d0e4446cdd45a07z,noon,grocery,salt,berry kiwi zero sugar,440.0,elberry_roastery,320,1.0,2026-06-25,480.82792874896444
zcc013a28ccce548e8b3ez,noon,grocery,salt,steviana from stevia leaves healthy and tasty 100 sachets250grams with mug free,1440.0,steviana,320,1.0,2026-06-25,480.82792874896444
zb73783c7a0d1c87aa3aaz,noon,grocery,salt,steviana natural sweetener from stevia leaves - 37.5g (25 sachets x 1.5g),444.0,steviana,25,1.0,2026-06-25,25.0
z6fcb332db4339f4bfa89z,noon,grocery,salt,sweetener tablets 1200 sticks - 72grams,399.0,mivolis,1200,1.0,2026-06-25,1200.0
zc33c4067598d3f55f67cz,noon,grocery,sauces,hot ketchup sauce 500 grams,55.5,giardino,500,1.0,2026-06-25,500.0
n51413313a,noon,grocery,sauces,salsa dip hot 310grams,132.5,poco loco,310,1.0,2026-06-25,310.0
z2f5af3e20963cd937c4bz,noon,grocery,sauces,cheezy sauce - 200 gram,75.0,good france,200,1.0,2026-06-25,200.0
n42868027a,noon,grocery,sauces,sweet chilli sauce 725ml single,186.75,flying goose,725,1.0,2026-06-25,725.0
zd67fef42c587f080844dz,noon,grocery,sauces,signature dark soy sauce- 500 ml,171.0,haday,500,1.0,2026-06-25,500.0
n47697076a,noon,grocery,sauces,big burger sauce 400grams,89.75,good france,400,1.0,2026-06-25,400.0
n47697075a,noon,grocery,sauces,hot ketchup 400grams,52.25,good france,400,1.0,2026-06-25,400.0
z86698748d6b2c9cbc1bez,noon,grocery,sauces,mayo smoked mayonnaise sauce 380 g,120.0,durra,380,1.0,2026-06-25,380.0
n47697080a,noon,grocery,sauces,texas burger sauce 200grams,51.0,good france,200,1.0,2026-06-25,200.0
n28727633a,noon,grocery,sauces,happy kitchen tomato puree 500ml,38.0,juhayna,500,1.0,2026-06-25,500.0
n30328294a,noon,grocery,sauces,ketchup bottle 400grams,37.95,good france,400,1.0,2026-06-25,400.0
n48704761a,noon,grocery,sauces,ranch dressing 400grams,79.25,good france,400,1.0,2026-06-25,400.0
n43440632a,noon,grocery,sauces,harissa cooking paste 190grams,28.0,wadi food,190,1.0,2026-06-25,190.0
n49538629a,noon,grocery,sauces,vanilla food liquid 100ml,72.0,dobella,100,1.0,2026-06-25,100.0
z6e9582a48cf5b3e79adfz,noon,grocery,sauces,texas spicy sauce 400 grams,150.0,good france,400,1.0,2026-06-25,400.0
n30328292a,noon,grocery,sauces,mayonnaise sandwich bottle 400grams,63.25,good france,400,1.0,2026-06-25,400.0
z53d2ff11cd6dba8d14a1z,noon,grocery,sauces,caramel sauce squeeze - 480gm,120.0,asmacup,480,1.0,2026-06-25,480.0
z8e12cce9d781b466d0e1z,noon,grocery,sauces,pistachio cream sauce 500gm,299.0,asmacup,480,1.0,2026-06-25,480.0
n49538600a,noon,grocery,sauces,worcestershire sauce 500ml,325.0,heinz,500,1.0,2026-06-25,500.0
n47961278a,noon,grocery,sauces,bbq sauce 2.25kg,145.0,lavida,2,1.0,2026-06-25,2250.0
z53e159738dc0ae233868z,noon,grocery,sauces,"indofood sweet soy sauce (kecap manis), rich & thick glaze, authentic flavour, 140ml bottle",324.0,indofood,140,1.0,2026-06-25,140.0
n48704751a,noon,grocery,sauces,1000 island dressing 400grams,61.5,good france,400,1.0,2026-06-25,400.0
z5329e370dbe0469d40f5z,noon,grocery,sauces,mustard sauce - diet sauce 76 grams,44.75,naturesta,76,1.0,2026-06-25,76.0
z6391157412012a5bcd22z,noon,grocery,sauces,classic mayonnaise -250ml,37.75,dixie mills,250,1.0,2026-06-25,250.0
n47697079a,noon,grocery,sauces,b.b.q sauce 200grams,33.25,good france,200,1.0,2026-06-25,200.0
zbfe115d7b610bbd28db5z,noon,grocery,sauces,dates syrup 450grams,91.5,imtenan,450,1.0,2026-06-25,450.0
zc0cf6795db28e0f98d59z,noon,grocery,sauces,bbq sauce 430 gm,52.0,lavida,430,1.0,2026-06-25,430.0
z10cbe1dea9ba65d0759dz,noon,grocery,sauces,mocha syrup - 170 grams,48.25,magic moments,170,1.0,2026-06-25,170.0
z5431ace9d6c17a1a7c95z,noon,grocery,sauces,hot sauce 175ml,31.0,durra,175,1.0,2026-06-25,175.0
z19e85cdd9f1a4ba5f7ddz,noon,grocery,sauces,guilt free ketchup - zero added sugar-350ml,120.0,organic nation,350,1.0,2026-06-25,350.0
n34976231a,noon,grocery,sauces,natural mayonnaise 3.29kg,470.25,giardino,3,1.0,2026-06-25,3290.0
n47697078a,noon,grocery,sauces,mayonnaise sandwich 200grams,33.75,good france,200,1.0,2026-06-25,200.0
z5319523eaf7374f5e56ez,noon,grocery,sauces,tomato ketchup bucket - 10 kg,460.25,add-me,10,1.0,2026-06-25,10000.0
z91ab26a09cceb2c2ecfaz,noon,grocery,sauces,superior oyster sauce- 700 gram,135.25,haday,700,1.0,2026-06-25,700.0
n30328298a,noon,grocery,sauces,texas burger sauce 400grams,109.25,good france,400,1.0,2026-06-25,400.0
zffd14fdfa7819afdbd14z,noon,grocery,sauces,"al safi pure sesame tahini  3kg | smooth & rich tahina for cooking, sauces & dips",700.0,arkan,3,1.0,2026-06-25,3000.0
ze13395efdef9f6060020z,noon,grocery,sauces,ranch sauce 370 ml,94.95,add-me,370,1.0,2026-06-25,370.0
za6124b556f5cd398a940z,noon,grocery,sauces,buttermilk ranch 400 grams,104.25,good france,400,1.0,2026-06-25,400.0
n42868019a,noon,grocery,sauces,sriracha hot chilli sauce 730ml single,421.0,flying goose,730,1.0,2026-06-25,730.0
n48704759a,noon,grocery,sauces,sweet chili sauce 400grams,58.25,good france,400,1.0,2026-06-25,400.0
n42868076a,noon,grocery,sauces,dark soya sauce 330ml single,30.25,thio,330,1.0,2026-06-25,330.0
zddfd62e496b8d17cbce8z,noon,grocery,sauces,hot ketchup 200 grams,24.5,good france,200,1.0,2026-06-25,200.0
z515efecdd0d9c465611dz,noon,grocery,sauces,sedjet aged habanero pepper sauce,145.0,sedjet,140,1.0,2026-06-25,140.0
n42868018a,noon,grocery,sauces,strained tomatoes 100% italian 690grams,121.25,granoro,690,1.0,2026-06-25,690.0
z2b41ac77ce76545a8bc8z,noon,grocery,sauces,tomato paste double concentrated 400g,61.0,durra,400,1.0,2026-06-25,400.0
z5a3e282f9b6bf0a17a16z,noon,grocery,sauces,"indofood sumatra hot sauce  140ml | spicy condiment with authentic sumatra flavor | perfect for cooking, dipping & adding heat to your meals",199.0,indofood,140,1.0,2026-06-25,140.0
n12281277a,noon,grocery,sauces,grenadine molasse 750ml,355.0,yamama,750,1.0,2026-06-25,750.0
n29012990a,noon,grocery,sauces,hot sauce 474ml,72.75,rana,474,1.0,2026-06-25,474.0
n29012988a,noon,grocery,sauces,hot sauce 100ml,20.5,rana,100,1.0,2026-06-25,100.0
z956125814a1d52280b04z,noon,grocery,sauces,chocolate sauce premium-750 gm asmacup,170.0,asmacup,750,1.0,2026-06-25,750.0
zadfbae12b57f6f7cd156z,noon,grocery,sauces,caramel premium sauce 750 gm,199.0,asmacup,750,1.0,2026-06-25,750.0
z64c85d2f28170cafd61bz,noon,grocery,sauces,saegh pomegranate molasses 350g squeeze,83.0,saegh,350,1.0,2026-06-25,350.0
z63f5275feb31a433a703z,noon,grocery,sauces,ketchup 340 grams,210.0,healthy & tasty,340,1.0,2026-06-25,340.0
z357479f3ab575ca399fdz,noon,grocery,sauces,hot chili sauce and lemon - diet sauce 79 grams,81.0,naturesta,79,1.0,2026-06-25,79.0
n28676071a,noon,grocery,sauces,soy sauce 500ml,240.0,yamama,500,1.0,2026-06-25,500.0
z50551254b0295508f03bz,noon,grocery,sauces,"pomegranate molasses, 540 gm",147.0,lavida,540,1.0,2026-06-25,540.0
n41989243a,noon,grocery,sauces,light soya sauce 640ml single,313.0,tai hua,640,1.0,2026-06-25,640.0
z6d55e90ee62c0c023581z,noon,grocery,sauces,thousand island dressing - 200 grams,52.0,good france,200,1.0,2026-06-25,200.0
z7ade748aa67d9b6298f6z,noon,grocery,sauces,original tomato sauce-diet sauce 300 gm,118.0,naturesta,300,1.0,2026-06-25,300.0
z5fa905fe9170d99337e2z,noon,grocery,sauces,melting cheese sauce 400 grams,126.0,good france,400,1.0,2026-06-25,400.0
z8cc025e5ab0a27af071cz,noon,grocery,sauces,mustard sauce 150 grams,30.25,chefy mix,150,1.0,2026-06-25,150.0
z5ccb18f710b014a472e7z,noon,grocery,sauces,texas burger sauce 260g,44.0,daria,260,1.0,2026-06-25,260.0
n12281278a,noon,grocery,sauces,grenadine molasse 300ml,153.75,yamama,300,1.0,2026-06-25,300.0
z7ad985f2dd0235501f85z,noon,grocery,sauces,extra hot hot sauce - diet sauce 79 grams,81.0,naturesta,79,1.0,2026-06-25,79.0
n42868021a,noon,grocery,sauces,sriracha mayonnaise sauce 730ml,428.0,flying goose,730,1.0,2026-06-25,730.0
zcb612918ea4e18e5d70ez,noon,grocery,sauces,pasta sauce - 300 gram,187.0,naturesta,300,1.0,2026-06-25,300.0
n49538620a,noon,grocery,sauces,yellow food coloring 30ml,28.0,dobella,30,1.0,2026-06-25,30.0
z48728b4aefd5a2957073z,noon,grocery,sauces,natural tahini - 500 gm - no additives or preservatives,155.0,alloloa,500,1.0,2026-06-25,500.0
z78e758db8f719e41b35bz,noon,grocery,sauces,"mustard squeeze , 540 gm",64.0,lavida,540,1.0,2026-06-25,540.0
n46494151a,noon,grocery,sauces,lemon juice substitute 1000ml,84.25,fersan,1000,1.0,2026-06-25,1000.0
n52160844a,noon,grocery,sauces,coconut syrup 250ml,270.75,monin,250,1.0,2026-06-25,250.0
z629d4fd685ee12b0c4f8z,noon,grocery,sauces,mustard honey 266 gram,108.5,naturesta,266,1.0,2026-06-25,266.0
n30328291a,noon,grocery,sauces,mayonnaise classic 400grams,61.0,good france,400,1.0,2026-06-25,400.0
n43894896a,noon,grocery,sauces,cherry tomato with basil ready sauce 330grams,183.25,agromonte,330,1.0,2026-06-25,330.0
z97d228d8a7fa0445855fz,noon,grocery,sauces,pizza sauce tomato with olive oil - 300 gram,195.0,naturesta,300,1.0,2026-06-25,300.0
n42868028a,noon,grocery,sauces,hoisin sauce 200ml,160.0,flying goose,200,1.0,2026-06-25,200.0
n42868020a,noon,grocery,sauces,sriracha hot chilli sauce 200ml single,178.0,flying goose,200,1.0,2026-06-25,200.0
z8039898e335126e1fe43z,noon,grocery,sauces,arkan pure sesame tahini - 100% natural - creamy texture & authentic taste,230.0,arkan,800,1.0,2026-06-25,800.0
zedb69968e64e41a3ee12z,noon,grocery,sauces,ranch sauce bucket - 3.25 kg,506.25,add-me,3,1.0,2026-06-25,3250.0
n52986117a,noon,grocery,sauces,real mayonnaise chili 400grams single,211.95,american garden,400,1.0,2026-06-25,400.0
z164e6429e04a3d31bf8ez,noon,grocery,sauces,ranch sauce 285 gm,59.5,bubuzy,285,1.0,2026-06-25,285.0
n41989245a,noon,grocery,sauces,light soy sauce 2liters single,557.25,tai hua,2,1.0,2026-06-25,2.0
z75b7f0deb98d576fa240z,noon,grocery,sauces,umami dark soy sauce,94.0,haday,500,1.0,2026-06-25,500.0
z65e84fa1b6e1936179aaz,noon,grocery,sauces,hot sriracha sauce - diet sauce 180 grams,187.0,naturesta,180,1.0,2026-06-25,180.0
z23166fcd7beec2e208edz,noon,grocery,sauces,olive & basilico sauce 400 grams,178.95,panzani,400,1.0,2026-06-25,400.0
n35958692a,noon,grocery,sauces,dark soy sauce 300ml,59.0,mega foods,300,1.0,2026-06-25,300.0
zc9a09a43ac2af269be84z,noon,grocery,sauces,"sedjet premium ketchup - made with fresh tomatoes, 335 gm",89.0,sedjet,335,1.0,2026-06-25,335.0
z7185a99aa42132eea59bz,noon,grocery,sauces,smokey chipotle bbq sauce - 355 gram,121.5,naturesta,355,1.0,2026-06-25,355.0
zd54a426b731b7efb7942z,noon,grocery,sauces,guilt free barbecue - zero added sugar-350ml,130.0,organic nation,350,1.0,2026-06-25,350.0
z3a8863ff59f51c04b71ez,noon,grocery,sauces,sesame pure tahina sauce jar 710g,159.75,halwani bros,710,1.0,2026-06-25,710.0
z16deb0ef397c97febcaez,noon,grocery,sauces,al-tayyibat lebanese liquid seasoning  authentic easmiddle eastern marinade & flavor enhancer  premium quality  250ml bottleal-tayyibat lebanese liquid seasoning  authentic middle tern marinade & flavor enhancer  premium quality  400ml bottle,59.99,altayebat,400,1.0,2026-06-25,400.0
zf863979e633246ac8eccz,noon,grocery,sauces,indofood mild soy sauce  light & balanced flavor  perfect for cooking & seasoning  88ml bottle,199.0,indofood,88,1.0,2026-06-25,88.0
n48704764a,noon,grocery,sauces,smoked mayonnaise 400grams,51.5,good france,400,1.0,2026-06-25,400.0
z72cf13db49454696a2a5z,noon,grocery,sauces,pizza sauce 355 g,51.0,lavida,355,1.0,2026-06-25,355.0
z5e62c139fdc7bf147b82z,noon,grocery,sauces,"al-tayyibat barbecue sauce  rich smoky flavor, perfect for grilled meat & chicken  250ml bottle",59.99,altayebat,250,1.0,2026-06-25,250.0
z4f1982038301b20a5028z,noon,grocery,sauces,"bbq sauce , 5 kg",299.0,lavida,5,1.0,2026-06-25,5000.0
zdf7f9a90b51a91b70e27z,noon,grocery,sauces,original ketchup - diet sauce 1 kg,437.0,naturesta,1000,1.0,2026-06-25,1000.0
z7ce76b4ba0b146f4f097z,noon,grocery,sauces,hot sauce sweet chili lime - diet sauce 180 grams,105.5,naturesta,180,1.0,2026-06-25,180.0
z50a959a3e58fafd47116z,noon,grocery,sauces,tomato paste (sachets) 35g - pack of 24,83.5,bubuzy,24,1.0,2026-06-25,24.0
z962dccef6c1d352610b8z,noon,grocery,sauces,halwani brothers sesame pure tahina sauce jar 240g,70.25,halwani bros,240,1.0,2026-06-25,240.0
z58723d01bc56f26455b9z,noon,grocery,sauces,"al tayebat pure pomegranate molasses, 400 ml",64.99,altayebat,400,1.0,2026-06-25,400.0
z5f5e4a1acacd161c0deaz,noon,grocery,sauces,"al tayibat pomegranate molasses  100% natural, authentic middle eastern flavor  400ml bottle",70.0,altayebat,400,1.0,2026-06-25,400.0
z589859fb6b4b15feaba4z,noon,grocery,sauces,"altayebat hot sauce  authentic spicy chili pepper condiment, 380ml bottle",59.99,altayebat,380,1.0,2026-06-25,380.0
z4faa38ddb2c7464a8a29z,noon,grocery,sauces,tomato paste double concentrated 1375 gm,226.0,durra,1,1.0,2026-06-25,1375.0
n40074721a,noon,grocery,sauces,tahini 225grams,70.25,el bawadi,225,1.0,2026-06-25,225.0
z3290f0da7026a7042ce3z,noon,grocery,sauces,durra pizza sauce - 350g | rich flavor & authentic taste,74.99,durra,350,1.0,2026-06-25,350.0
zd3631c76a02eac931519z,noon,grocery,sauces,tayebat pure pomegranate molasses & soy sauce + natural apple vinegar gift,120.0,altayebat,320,1.0,2026-06-25,480.82792874896444
z64145bc24dc8eff9960az,noon,grocery,sauces,saegh classic mayo ketchup sauce 280 gm,57.0,saegh,280,1.0,2026-06-25,280.0
zb137fe41eb2585331b31z,noon,grocery,sauces,"spicy ketchup squeeze , 585 gm",54.0,lavida,585,1.0,2026-06-25,585.0
zad5389d75f0802ef7d72z,noon,grocery,sauces,bbq sauce 380 ml,44.0,lavida,380,1.0,2026-06-25,380.0
z4e88426471bf2d256c23z,noon,grocery,sauces,"sedjet hot ketchup - made with fresh tomatoes, 335 gm",89.0,sedjet,335,1.0,2026-06-25,335.0
z2d5bbdbf87bac3c085dez,noon,grocery,sauces,original harissa hot sauce - diet sauce 85 grams,81.0,naturesta,85,1.0,2026-06-25,85.0
z630721826eeba6f45ab8z,noon,grocery,sauces,pizza sauce tomato oregano - 300 gram,108.5,naturesta,300,1.0,2026-06-25,300.0
z0be6e28a7a7e84ce8308z,noon,grocery,sauces,teriyaki sauce 325 ml,71.75,choice,325,1.0,2026-06-25,325.0
zbdf2e3f7cbe0499c9d9bz,noon,grocery,sauces,squeeze bottle ketchup 310 gm,45.5,bubuzy,310,1.0,2026-06-25,310.0
zd12789622ac9033a2e3az,noon,grocery,sauces,demi glace sauce 700 grams,316.95,chefy mix,700,1.0,2026-06-25,700.0
z884a3d943ddbb26ea383z,noon,grocery,sauces,american mustard 200 grams,34.75,good france,200,1.0,2026-06-25,200.0
z9d86bec934b1c80ae3bbz,noon,grocery,sauces,guilt free hot barbecue - zero added sugar -350ml,130.0,organic nation,350,1.0,2026-06-25,350.0
z903806b7b4b918ee978bz,noon,grocery,sauces,hot ketchup squeeze 425,57.5,add-me,425,1.0,2026-06-25,425.0
z5a8c273256de12318f1ez,noon,grocery,sauces,soya sauce light 170 ml,36.75,dobella,170,1.0,2026-06-25,170.0
n30328295a,noon,grocery,sauces,american mustard sauce 400grams,65.0,good france,400,1.0,2026-06-25,400.0
zf18494f17a1b0925bb0ez,noon,grocery,sauces,extra hot hot sauce - diet sauce 180 grams,187.0,naturesta,180,1.0,2026-06-25,180.0
n41989266a,noon,grocery,sauces,sweet chili sauce 300ml single,106.5,sunlee,300,1.0,2026-06-25,300.0
z730bdf9096343a27b6dcz,noon,grocery,sauces,oyster flavoured sauce 700ml  asian sauce for stir fry & seafood cooking,350.0,mr.hung,700,1.0,2026-06-25,700.0
z69c91a355c0c2b5e3486z,noon,grocery,sauces,halwani brothers sesame pure tahina sauce jar 120g,37.25,halwani bros,120,1.0,2026-06-25,120.0
z358467434ae1c4d1ca60z,noon,grocery,sauces,coffee premium sauce 650 gm,177.0,asmacup,650,1.0,2026-06-25,650.0
z096aae606d5233fc9be7z,noon,grocery,sauces,pomgrana hone - 350 ml,94.0,sun garden,350,1.0,2026-06-25,350.0
z8f5635cc63d6d9feb391z,noon,grocery,sauces,soya sauce dark 170 ml,36.75,dobella,170,1.0,2026-06-25,170.0
z12ac6f7b5d5e30fdf266z,noon,grocery,sauces,ketchup spicy - 1 kg,482.0,naturesta,1000,1.0,2026-06-25,1000.0
z93581d7019b8f12dcdefz,noon,grocery,sauces,light soy sauce 210ml,63.0,saegh,210,1.0,2026-06-25,210.0
z6f5563d3978fa183fab3z,noon,grocery,sauces,heinz light creamy mayonnaise  310g  pack of 2,188.0,heinz,620,1.0,2026-06-25,620.0
zcad56e9c5788137cb117z,noon,grocery,sauces,"arkan natural sesame tahini  100% pure sesame paste | healthy middle eastern ingredient for hummus, sauces & desserts  800g",125.0,arkan,400,1.0,2026-06-25,400.0
z26a54498b484fd46bf47z,noon,grocery,sauces,bundle  tomato paste 650g + picual olives 700g + mixed pickles 720g,210.0,durra,320,1.0,2026-06-25,480.82792874896444
zf707f4cdde966d1cdeb7z,noon,grocery,sauces,honey mustard squeeze - 275 grams,44.25,dixie mills,275,1.0,2026-06-25,275.0
z2ce87a8de9521fb9829az,noon,grocery,sauces,umami dark soy sauce,53.0,haday,150,1.0,2026-06-25,150.0
z2ac701196fe66157690dz,noon,grocery,sauces,"durra tomato ketchup  special offer family pack 900g + 225g | rich flavor, fresh tomatoes, value size",119.99,durra,1,1.0,2026-06-25,1130.0
n30328301a,noon,grocery,sauces,coleslaw sauce 400grams,51.25,good france,400,1.0,2026-06-25,400.0
z7bb2fa00a7d6d3115abez,noon,grocery,sauces,carbo buldak (roast chicken) hot spicy liquid sauce 200 ml,339.0,samyang,200,1.0,2026-06-25,200.0
z7465ef37f81372171eb0z,noon,grocery,sauces,thai chili sauce 340 g,70.0,lavida,340,1.0,2026-06-25,340.0
zce3b6d54e3fe12feaca5z,noon,grocery,sauces,"bbq sauce squeeze , 585 gm",70.0,lavida,585,1.0,2026-06-25,585.0
z9bb6dd99558d7b5ffdcaz,noon,grocery,sauces,honey mustard dressing - 210 gram,81.0,naturesta,210,1.0,2026-06-25,210.0
z9b8c41b72552c436a7d7z,noon,grocery,sauces,sesame seeds tahina cream - 500 gram,120.0,al sharq,500,1.0,2026-06-25,500.0
n41989247a,noon,grocery,sauces,barbeque sauce 150ml,150.0,tai hua,150,1.0,2026-06-25,150.0
n52149605a,noon,grocery,sauces,thousand island 300grams,58.95,mc sauce,300,1.0,2026-06-25,300.0
n52986116a,noon,grocery,sauces,real mayonnaise 400grams single,211.95,american garden,400,1.0,2026-06-25,400.0
z0a42dabf17e1505b5012z,noon,grocery,sauces,sriracha sauce 340 grams,210.0,healthy & tasty,340,1.0,2026-06-25,340.0
z13fd513766a8ce503c00z,noon,grocery,sauces,samyang buldak artificial spicy hot chicken flavoured sauce original 200g,333.0,samyang,200,1.0,2026-06-25,200.0
zf72f60f395271c7254f5z,noon,grocery,sauces,"rana hot sauce  474ml | spicy chili sauce | perfect for meals, snacks & marinades 2 pcs",114.98,rana,948,1.0,2026-06-25,948.0
z7af7eecc8aede60c6177z,noon,grocery,sauces,hand crafted hot sauce 85% habanero 200 gm,250.0,felfelaty,200,1.0,2026-06-25,200.0
z43780ea6e7ab10309715z,noon,grocery,sauces,honey mustard sauce 340 grams,210.0,healthy & tasty,340,1.0,2026-06-25,340.0
z5df8078bb40e5a713e5az,noon,grocery,sauces,hand crafted hot sauce chipotle 200 gm,250.0,felfelaty,200,1.0,2026-06-25,200.0
n34976230a,noon,grocery,sauces,natural mayonnaise 280grams,62.95,giardino,280,1.0,2026-06-25,280.0
n41989246a,noon,grocery,sauces,hoisin sauce 150ml,139.0,tai hua,150,1.0,2026-06-25,150.0
n49538627a,noon,grocery,sauces,green food coloring gel 30ml,31.25,dobella,30,1.0,2026-06-25,30.0
z8e57de9de74fb8bfd090z,noon,grocery,sauces,guilt free hot ketchup - zero added sugar-350ml,120.0,organic nation,350,1.0,2026-06-25,350.0
n14501243a,noon,grocery,sauces,"garlic mayonnaise, 340ml",286.0,mazola,340,1.0,2026-06-25,340.0
n52598004a,noon,grocery,sauces,sauce burger 285ml,65.5,giardino,285,1.0,2026-06-25,285.0
z1f3baec21a743a344574z,noon,grocery,sauces,bbq sauce gold 79 gram,81.0,naturesta,79,1.0,2026-06-25,79.0
z77b6c0dbeb07016b86c9z,noon,grocery,sauces,saegh red chili sauce 280g,55.0,saegh,280,1.0,2026-06-25,280.0
z503de57da5ce71fc2e1dz,noon,grocery,sauces,saegh tomato puree 3 kg,243.0,saegh,3,1.0,2026-06-25,3000.0
zef8fcf42c6dfe5e0ec87z,noon,grocery,sauces,mustard - 250ml,31.75,dixie mills,270,1.0,2026-06-25,270.0
n42652830a,noon,grocery,sauces,garlic sauce bottle 400grams,55.0,good france,400,1.0,2026-06-25,400.0
zcef43fde66a92de67d1dz,noon,grocery,sauces,"premium natural capers with tangy, fresh flavor 910 gm",700.0,virginia green gardens,910,1.0,2026-06-25,910.0
n49496935a,noon,grocery,sauces,lemon juice substitute 250ml,48.5,fersan,250,1.0,2026-06-25,250.0
z2b9baa329c7ea2ff69c8z,noon,grocery,sauces,lemon pickle sauce 350 g,75.0,lavida,350,1.0,2026-06-25,350.0
ze63f0ad1ea981bd131efz,noon,grocery,sauces,mustard honey - 1 kg,618.0,naturesta,1000,1.0,2026-06-25,1000.0
n34976224a,noon,grocery,sauces,tomato ketchup 280grams,42.25,giardino,280,1.0,2026-06-25,280.0
zfd341e7de7a7e5665b0az,noon,grocery,sauces,saegh pomegranate molasses 175 g,55.0,saegh,175,1.0,2026-06-25,175.0
z85d3eff16c31c7f5f893z,noon,grocery,sauces,mustard sauce 215 g,54.0,durra,215,1.0,2026-06-25,215.0
za37b7f5d468ccb76d778z,noon,grocery,sauces,saegh tomato ketchup sauce 280 gm,53.0,saegh,280,1.0,2026-06-25,280.0
n29042935a,noon,grocery,sauces,tomato ketchup 475grams,50.0,mc sauce,475,1.0,2026-06-25,475.0
z5d923aa0d26c2a49c00ez,noon,grocery,sauces,hot buffalo sauce - diet sauce 79 grams,81.0,naturesta,79,1.0,2026-06-25,79.0
zca027a58d83f19a5f7dez,noon,grocery,sauces,ranch dressing - 200 grams,53.0,good france,200,1.0,2026-06-25,200.0
zd4244895f5a33e535a4cz,noon,grocery,sauces,chilli mayonnaise 340 g,51.0,lavida,340,1.0,2026-06-25,340.0
z9dd03b1b0df7fbac6232z,noon,grocery,sauces,marinated tomato sauce -spicy ala al tabkha 375 grams,44.95,add-me,375,1.0,2026-06-25,375.0
n49538599a,noon,grocery,sauces,oyster sauce 500ml,325.0,heinz,500,1.0,2026-06-25,500.0
z4accf973d970e422368ez,noon,grocery,sauces,heinz truffle mayonnaise - top-down squeezy bottle - 225ml,224.0,heinz,225,1.0,2026-06-25,225.0
zcd9227680a88c7ad4d69z,noon,grocery,sauces,heinz smoky mayonnaise - top-down squeeze bottle 225ml,214.0,heinz,225,1.0,2026-06-25,225.0
n46544494a,noon,grocery,sauces,whole grain mustard 350grams,255.0,cemeraire,350,1.0,2026-06-25,350.0
z20cde45abca00ac84337z,noon,grocery,sauces,sauce wings and buffalo dip - 79 gram,81.0,naturesta,79,1.0,2026-06-25,79.0
z7ddc2905a202b8bce30az,noon,grocery,sauces,hot sweet chili sauce - diet sauce 180 grams,104.25,naturesta,180,1.0,2026-06-25,180.0
n34041973a,noon,grocery,sauces,premium light soy sauce 150ml,132.0,heinz,150,1.0,2026-06-25,150.0
zd942e50494e34c6bb75az,source,grocery,sauces,pomegranate molasses 275ml pack of 2,120.0,saegh,550,1.0,2026-06-25,550.0
n48704758a,noon,grocery,sauces,cowboy sauce 400grams,46.75,good france,400,1.0,2026-06-25,400.0
z2f73c2b80d723df2654fz,noon,grocery,sauces,rana original saudi hot sauce - perfect for restaurants and quick meals - 100ml,140.0,rana,100,1.0,2026-06-25,100.0
zf9e348c930347e3e6043z,noon,grocery,sauces,"durra double concentrated tomato paste  rich flavor, 800g tin",120.0,durra,800,1.0,2026-06-25,800.0
n40074720a,noon,grocery,sauces,tahini 115grams,42.0,el bawadi,115,1.0,2026-06-25,115.0
z1427ab693a3e9ed8e5d8z,noon,grocery,sauces,"saudia premium tomato sauce, rich & pure flavour, multipack of 3",300.0,saudia,3,1.0,2026-06-25,3.0
n53271953a,noon,grocery,sauces,light soya sauce 330ml,30.0,thio,330,1.0,2026-06-25,330.0
z3aa823cb9bf4429b9b81z,noon,grocery,sauces,original harissa hot sauce - diet sauce 180 grams,187.0,naturesta,180,1.0,2026-06-25,180.0
z7b4d836cba60ce38b6b8z,noon,grocery,sauces,mustard sauce 235 grams,53.5,giardino,235,1.0,2026-06-25,235.0
n34976220a,noon,grocery,sauces,tomato ketchup 320grams,42.5,giardino,320,1.0,2026-06-25,320.0
n39930959a,noon,grocery,sauces,tomato ketchup 430grams,45.0,lavida,430,1.0,2026-06-25,430.0
zbb098e966a23becf73efz,noon,grocery,sauces,samyang 2x buldak korean spicy hot chicken flavor sauce 200g,333.0,samyang,200,1.0,2026-06-25,200.0
zab0a3307936c85970ce1z,noon,grocery,sauces,chili ketchup bottle 340 grams,45.25,chefy mix,340,1.0,2026-06-25,340.0
n30328297a,noon,grocery,sauces,new york burger sauce 400grams,82.0,good france,400,1.0,2026-06-25,400.0
z1420fd5b881ab456c515z,noon,grocery,sauces,squeeze bottle mayonnaise 285 gm,49.5,bubuzy,285,1.0,2026-06-25,285.0
n42868025a,noon,grocery,sauces,sriracha super hot chilli sauce 200ml single,141.75,flying goose,200,1.0,2026-06-25,200.0
z94c9408889d5421ff7a3z,noon,grocery,sauces,dark soy sauce,63.0,saegh,320,1.0,2026-06-25,480.82792874896444
zd50df63b1c6c3efa74f8z,noon,grocery,sauces,hot ketchup 310g,34.0,bubuzy,310,1.0,2026-06-25,310.0
zc533cbb3a66ee9d6a6f9z,noon,grocery,sauces,barbecue sauce 420g,81.0,durra,420,1.0,2026-06-25,420.0
n30328296a,noon,grocery,sauces,barbecue sauce 400grams,54.75,good france,400,1.0,2026-06-25,400.0
n29012992a,noon,grocery,sauces,halpino sauce 100ml,68.0,rana,100,1.0,2026-06-25,100.0
ze72708ca686192df1283z,noon,grocery,sauces,halpino sauce 100ml,68.0,rana,100,1.0,2026-06-25,100.0
zb6a2cd3a70145330813dz,noon,grocery,sauces,sweet chili sauce 300 ml,76.5,choice,300,1.0,2026-06-25,300.0
n38961001a,noon,grocery,sauces,tomato paste jar 320grams,43.0,wadi food,320,1.0,2026-06-25,320.0
n29595818a,noon,grocery,sauces,thai sweet chilli sauce 240grams,213.0,heinz,240,1.0,2026-06-25,240.0
zafd1f8c21d0f6601b80fz,noon,grocery,sauces,basil pasta sauce - 300 gram,187.0,naturesta,300,1.0,2026-06-25,300.0
n52598011a,noon,grocery,sauces,tomato ketchup sauce 310ml single,48.5,giardino,310,1.0,2026-06-25,310.0
z7abc8f7e01c112f44236z,noon,grocery,sauces,potato sauce 320g,66.0,smart value,320,1.0,2026-06-25,320.0
z7fb12ff1637f849bb2aaz,noon,grocery,sauces,mexican sauce 340 g,61.0,lavida,340,1.0,2026-06-25,340.0
n43406250a,noon,grocery,sauces,bbq sauce - 300grams,71.75,choice,300,1.0,2026-06-25,300.0
zfcdd7883c9c51b3e9641z,noon,grocery,sauces,bbq sauce gold - 1 kg,519.0,naturesta,1000,1.0,2026-06-25,1000.0
zd1c6a351cbd84871cbc9z,noon,grocery,sauces,ma-yo sauce 200g,90.0,durra,200,1.0,2026-06-25,200.0
z1aae2120e73ae03b9ffez,noon,grocery,sauces,mustard sauce bucket - 5 kg,384.25,add-me,5,1.0,2026-06-25,5000.0
z150df284a00698eb56d2z,noon,grocery,sauces,spicy bbq sauce - 79 gram,81.0,naturesta,79,1.0,2026-06-25,79.0
zf0c143f137b8308397ecz,noon,grocery,sauces,hot buffalo sauce - diet sauce 1 kg,631.0,naturesta,1000,1.0,2026-06-25,1000.0
za57b030ae55c3f8b9694z,noon,grocery,sauces,"red curry paste 400g | authentic thai curry paste for curries, stir-fry & marinades",370.0,bysri,400,1.0,2026-06-25,400.0
z2b1227e8ae333524019cz,noon,grocery,sauces,"yellow curry paste 400g | authentic thai curry paste for curries, stir-fry & marinades",370.0,bysri,400,1.0,2026-06-25,400.0
z54650810ea59e30a6395z,noon,grocery,sauces,sweet chili 385 g,66.0,lavida,385,1.0,2026-06-25,385.0
z6ded67375929095b520fz,noon,grocery,sauces,saegh sweet chili sauce 280 g,60.0,saegh,280,1.0,2026-06-25,280.0
z480c79956efd5432901bz,noon,grocery,sauces,mustard 355 g,55.0,lavida,355,1.0,2026-06-25,355.0
n28727603a,noon,grocery,sauces,pure tomato juice 1liters,59.25,juhayna,1000,1.0,2026-06-25,1000.0
z0a262bdc636b35c7d12cz,noon,grocery,sauces,"durra tomato ketchup  premium quality, rich tomato flavor, 500g",84.99,durra,500,1.0,2026-06-25,500.0
z893b71016cf45a2d8244z,noon,grocery,sauces,mango premium natural sauce 750 gm,170.0,asmacup,750,1.0,2026-06-25,750.0
zd4961193c00533032c23z,noon,grocery,sauces,bbq 340 grams,210.0,healthy & tasty,340,1.0,2026-06-25,340.0
zd76ab5d4cc9421282994z,noon,grocery,sauces,pomegranate molasses squeeze - 500 ml,355.0,yamama,500,1.0,2026-06-25,500.0
n29595690a,noon,grocery,sauces,minced natural garlic 200grams,60.5,gold alex,200,1.0,2026-06-25,200.0
z0f557183b70fce9a481bz,noon,grocery,sauces,"chili & garlic sauce 700ml  spicy asian sauce for stir fry, marinades & dipping",350.0,mr.hung,700,1.0,2026-06-25,700.0
zf94e0d3f20feb2759307z,noon,grocery,sauces,umami light soy sauce,94.0,haday,500,1.0,2026-06-25,500.0
z3003d29e628379e76730z,noon,grocery,sauces,umami light soy sauce,53.0,haday,150,1.0,2026-06-25,150.0
zcf162bc8296987e41204z,noon,grocery,sauces,samyang buldak korean spicy hot chicken flavor sauce back of 2x - carbonara - original 3* 200g,1099.0,samyang,600,1.0,2026-06-25,600.0
zd4767475d3f2eb564857z,noon,grocery,sauces,mustard sauce - diet sauce 1 kg,596.0,naturesta,1000,1.0,2026-06-25,1000.0
zf99aaabf3a6e71c256f8z,noon,grocery,sauces,ketchup 380g,38.0,lavida,380,1.0,2026-06-25,380.0
n39930966a,noon,grocery,sauces,mustard 400grams,64.0,lavida,400,1.0,2026-06-25,400.0
n53320334a,noon,grocery,sauces,taco topping sauce medium roast 230grams single,129.5,poco loco,230,1.0,2026-06-25,230.0
zec4f3a5e25b058583d3ez,noon,grocery,sauces,mayo mayonnaise sauce 380 g,130.0,durra,380,1.0,2026-06-25,380.0
zc52e42e8062f9c0e53bbz,noon,grocery,sauces,saegh pomegranate molasses 550 g,110.0,saegh,550,1.0,2026-06-25,550.0
n41989241a,noon,grocery,sauces,light soy sauce 320ml single,143.75,tai hua,320,1.0,2026-06-25,320.0
z452e32451ba2202ba19ez,noon,grocery,sauces,durra tomato paste - 365g glass jar | rich texture & authentic natural taste,64.99,durra,365,1.0,2026-06-25,365.0
n29042934a,noon,grocery,sauces,mustard sauce 250grams,36.75,mc sauce,250,1.0,2026-06-25,250.0
z3fa7c0ba3df83939f190z,noon,grocery,sauces,mustard diet sauce 266 grams,180.0,naturesta,266,1.0,2026-06-25,266.0
z9b0848164b2a8e09f610z,noon,grocery,sauces,superior light soy sauce- 150 ml,85.0,haday,150,1.0,2026-06-25,150.0
z36946f324e2fbdd05607z,noon,grocery,sauces,hand crafted hot sauce pesto hot savce 200 gm,250.0,felfelaty,200,1.0,2026-06-25,200.0
z8e0bccd13aed6b06bb46z,noon,grocery,sauces,original ketchup - diet sauce 79 grams,47.0,naturesta,79,1.0,2026-06-25,79.0
zc000271b1ede7cdad3dbz,noon,grocery,sauces,concentrated pomegranate 340gm molasses,94.95,choice,340,1.0,2026-06-25,340.0
n52986118a,noon,grocery,sauces,real mayonnaise garlic 400grams single,211.95,american garden,400,1.0,2026-06-25,400.0
z1ba4f17700e1e5572952z,noon,grocery,sauces,smart value lemon juice substitute 250ml,34.0,smart value,250,1.0,2026-06-25,250.0
zc0bb1d4ec71023a20f6dz,noon,grocery,sauces,coffee premium sauce 225 gm,85.0,asmacup,225,1.0,2026-06-25,225.0
n49538628a,noon,grocery,sauces,black food coloring gel 30ml,38.0,dobella,30,1.0,2026-06-25,30.0
zdf6455b7c4ac0a5e4b21z,noon,grocery,sauces,strawberry concentrated premium sauce 750 gm,155.0,asmacup,750,1.0,2026-06-25,750.0
z9a6158be359f22185529z,noon,grocery,sauces,mayonnaise classic 200 grams,52.0,good france,200,1.0,2026-06-25,200.0
z633322dc6d4af023248fz,noon,grocery,sauces,sriracha-cha suace 260 gm - pack of 3,239.76,miam,780,1.0,2026-06-25,780.0
z7bd257113d4dd5e02f19z,noon,grocery,sauces,pomegranate molasses to improve the digestive system 250ml,99.1,elhawag,250,1.0,2026-06-25,250.0
z05d4b197453c406dcb16z,noon,grocery,sauces,tomato & mushroom sauce jar 210ml,129.5,panzani,190,1.0,2026-06-25,190.0
z94d6c3a953c9dbe37432z,noon,grocery,sauces,100g dried grated onion,67.0,shana,100,1.0,2026-06-25,100.0
z985f603c91f06ab450c0z,noon,grocery,sauces,sriracha sauce 340 grams bundle,600.0,healthy & tasty,320,1.0,2026-06-25,480.82792874896444
zf4e7747f0b7b142efd30z,noon,grocery,sauces,soy sauce for seafood- 450 ml,195.0,haday,450,1.0,2026-06-25,450.0
z641971d16a9171e3d421z,noon,grocery,sauces,ketchup 340 grams bundle,600.0,healthy & tasty,380,1.0,2026-06-25,380.0
n47707258a,noon,grocery,sauces,pomegranate molasses 350ml,78.0,daria,350,1.0,2026-06-25,350.0
n34976234a,noon,grocery,sauces,mustard sauce 5kg,379.25,giardino,5,1.0,2026-06-25,5000.0
n27747738a,noon,grocery,sauces,concentrated lemon 330ml,71.0,yamama,330,1.0,2026-06-25,330.0
z1672662c9324ef07c720z,noon,grocery,sauces,"alwalimah kabsa spice mix, 300g | authentic middle eastern seasoning blend for rice, chicken & meat dishes | traditional saudi flavor",541.0,al walimah,300,1.0,2026-06-25,300.0
z4818f8da6baa75b8c047z,noon,grocery,sauces,smokey chipotle bbq sauce - 5 kg,2304.0,naturesta,5,1.0,2026-06-25,5000.0
n43894907a,noon,grocery,sauces,cherry tomato with olives bruschetta sauce 200grams,339.25,agromonte,200,1.0,2026-06-25,200.0
zf80f4aecafc5a190c6b5z,noon,grocery,sauces,light soy sauce - 250 ml,79.95,gardenia,250,1.0,2026-06-25,250.0
za88b1031b2015948e8d6z,noon,grocery,sauces,natural pomegranate molasses 250 ml,95.0,elhawag,250,1.0,2026-06-25,250.0
z6118157a19dbbc527736z,noon,grocery,sauces,super hot sauce 79 gram,81.0,naturesta,79,1.0,2026-06-25,79.0
z8d97c4a209a1e95c2e4ez,noon,grocery,sauces,cold ketchup sauce 7g,194.0,bubuzy,1750,1.0,2026-06-25,1750.0
n41989240a,noon,grocery,sauces,dark soy sauce 320ml single,163.5,tai hua,320,1.0,2026-06-25,320.0
zf6cfc9bac2eeac42b9e9z,noon,grocery,sauces,chili mayo mayonnaise sauce 380 g,116.0,durra,380,1.0,2026-06-25,380.0
z6136025c8c8cfc7cdfc1z,noon,grocery,sauces,tomato vinaigrette dressing - 210 gram,141.0,naturesta,210,1.0,2026-06-25,210.0
zab926239da994a5676caz,noon,grocery,sauces,hot chili sauce and lemon - diet sauce 180 grams,187.0,naturesta,180,1.0,2026-06-25,180.0
zda934863f0444aa9a108z,noon,grocery,sauces,hot sriracha sauce - diet sauce 1 kg,631.0,naturesta,1000,1.0,2026-06-25,1000.0
n39019291a,noon,grocery,sauces,soy sauce 500ml,263.0,heinz,500,1.0,2026-06-25,500.0
z14e9dd62745a74f647ddz,noon,grocery,sauces,"durra mustard sauce squeeze bottle 290g  premium smooth mustard for sandwiches, hot dogs, burgers & fast food  rich flavor, ready to use, easy squeeze packaging",69.99,durra,290,1.0,2026-06-25,290.0
za77ff0d461e44a26c9e6z,noon,grocery,sauces,easy dip sweet & sour sauce - 310g squeeze bottle | perfect for dipping and stir-fry,79.9,easy dip,310,1.0,2026-06-25,310.0
zad2df559fbb28f76097az,noon,grocery,sauces,ketchup spicy - 5 kg,2185.0,naturesta,5,1.0,2026-06-25,5000.0
z195c789a23fb1640c2e0z,noon,grocery,sauces,kdd tomato paste - pack of 2 (135g each) | 100% natural & no added salt | premium quality puree,199.95,kdd,270,1.0,2026-06-25,270.0
z7ee1e7ea4d646098165cz,noon,grocery,sauces,sauce wings and buffalo dip - 180 gram,187.0,naturesta,180,1.0,2026-06-25,180.0
n29595819a,noon,grocery,sauces,superior dark soy sauce 500ml,263.0,heinz,500,1.0,2026-06-25,500.0
n29595821a,noon,grocery,sauces,classic soya sauce 150ml,132.0,heinz,150,1.0,2026-06-25,150.0
n47696700a,noon,grocery,sauces,bbq sauce-chili sauce 250ml,134.0,remia,250,1.0,2026-06-25,250.0
n30328293a,noon,grocery,sauces,ketchup mayo 400grams,72.75,good france,400,1.0,2026-06-25,400.0
z4980f831114c814ef59ez,noon,grocery,sauces,tomato puree sauce 800g,95.0,saegh,800,1.0,2026-06-25,800.0
z378296018a044baf6221z,noon,grocery,sauces,"durra hot pepper paste 370g  authentic middle eastern red chili paste, rich flavor & spicy taste, premium quality paprika paste for cooking, marinades & sauces",80.0,durra,370,1.0,2026-06-25,370.0
z25960db2b73cb90e6163z,noon,grocery,sauces,original hot sauce - diet sauce 1 kg,631.0,naturesta,1000,1.0,2026-06-25,1000.0
z6a7538d60fccdfeacd81z,noon,grocery,sauces,puree tomato herbs & garlic - 210 gram,127.0,naturesta,210,1.0,2026-06-25,210.0
za11c7cd1a62765385b25z,noon,grocery,sauces,rana classic hot sauce with aged peppers and lemon - 474g,350.0,rana,474,1.0,2026-06-25,474.0
z0c223b5ade735b9c6147z,noon,grocery,sauces,burger sauce 380 g,167.0,durra,380,1.0,2026-06-25,380.0
z0aac88afad4ffa239bbcz,noon,grocery,sauces,light mayonnaise - 400 ml,211.95,american garden,400,1.0,2026-06-25,400.0
n30328300a,noon,grocery,sauces,harissa dressing 400grams,87.0,good france,400,1.0,2026-06-25,400.0
n12281285a,noon,grocery,sauces,lemon juice substitute 1liters,113.75,yamama,1000,1.0,2026-06-25,1000.0
zd35485ba8f75cc87e9eaz,noon,grocery,sauces,honey mustard 340 g,70.0,lavida,340,1.0,2026-06-25,340.0
n30328299a,noon,grocery,sauces,cheddar sauce 400grams,122.0,good france,400,1.0,2026-06-25,400.0
n34976221a,noon,grocery,sauces,hot tomato ketchup 320grams,42.5,giardino,320,1.0,2026-06-25,320.0
z7114c6c9f723f7fa0bb3z,noon,grocery,sauces,sweet chili sauce 340 grams,210.0,healthy & tasty,340,1.0,2026-06-25,340.0
z8bfe1ee691a9070aa87bz,noon,grocery,sauces,chocolate dark sauce squeeze - 480 gm,135.0,asmacup,480,1.0,2026-06-25,480.0
z0d87390cbbf5604449ffz,noon,grocery,sauces,"crystal original hot sauce, authentic cayenne pepper sauce, 88 ml bottle",129.0,crystal,88,1.0,2026-06-25,88.0
z07a14ddfba172669109dz,noon,grocery,sauces,hot sauce chipotle - 79 gram,81.0,naturesta,79,1.0,2026-06-25,79.0
z0828c306ae7392603863z,noon,grocery,sauces,"kdd béchamel sauce 1l  creamy white cooking sauce for pasta, lasagna & baked dishes  ready to use cooking sauce",616.25,kdd,1000,1.0,2026-06-25,1000.0
zda66b77cfa03a4f28210z,noon,grocery,sauces,dark soy sauce - 250 ml,79.95,sun garden,250,1.0,2026-06-25,250.0
n38793018a,noon,grocery,sauces,olive pasta sauce 360grams,94.75,puidor,360,1.0,2026-06-25,360.0
zd87a7fb20c3ff37db0f6z,noon,grocery,sauces,mustard sauce 5 kg,385.5,chefy mix,5,1.0,2026-06-25,5000.0
n38793020a,noon,grocery,sauces,lebanese cooking sauce 360grams,94.75,puidor,360,1.0,2026-06-25,360.0
z5e81d654cb5a1603d68cz,noon,grocery,sauces,squeeze bottle mustard 300 gm,47.75,bubuzy,300,1.0,2026-06-25,300.0
z3b1c059b340523524040z,noon,grocery,sauces,puree tomato salt pepper & onion - 210 gram,127.0,naturesta,210,1.0,2026-06-25,210.0
z9b0501c09bae743f9f8dz,noon,grocery,sauces,sweet chili sauce 900ml,159.0,sun garden,900,1.0,2026-06-25,900.0
z42b78141dc5a54e77a25z,noon,grocery,sauces,"sweet chili sauce with pineapple 700ml  asian fruity sauce for stir fry, marinades & dipping",350.0,mr.hung,700,1.0,2026-06-25,700.0
n52996297a,noon,grocery,sauces,sesame oil 250ml single,280.0,nabtah,250,1.0,2026-06-25,250.0
z5c255bac06a10d845b04z,noon,grocery,sauces,sweet chili sauce bucket 3.5 kg,422.25,add-me,3,1.0,2026-06-25,3500.0
z43ebba8bcb41db0efc02z,noon,grocery,sauces,sriracha hot chili sauce  squeeze bottle 220ml | thai spicy sauce,200.0,mr.hung,220,1.0,2026-06-25,220.0
z36957c2735ee0c48f32ez,noon,grocery,sauces,"kdd bechamel sauce (500ml)  ready-to-use creamy white sauce  rich & velvety texture for pasta bechamel, lasagna, and gratins  long-life uht liquid base",369.75,kdd,500,1.0,2026-06-25,500.0
z1f43abc2d584dda1d967z,noon,grocery,sauces,hot sauce chipotle - 180 gram,195.0,naturesta,180,1.0,2026-06-25,180.0
zf536e55f6094b83d803dz,noon,grocery,sauces,rana hot sauce  pack of 3 bottles  strong spicy flavor for daily use  imported product,330.0,rana,3,1.0,2026-06-25,3.0
z320796bf6f709379ff0az,noon,grocery,sauces,bbq 340 grams bundle,600.0,healthy & tasty,79,1.0,2026-06-25,79.0
zbf8047c839cce6fd404dz,noon,grocery,sauces,sweet chili sauce bottle235ml,227.0,real thai,235,1.0,2026-06-25,235.0
z143f81e491d6467d9cc8z,noon,grocery,sauces,bbq sauce 310g,45.0,bubuzy,310,1.0,2026-06-25,310.0
n29595820a,noon,grocery,sauces,bbq sauce 370grams,246.0,heinz,370,1.0,2026-06-25,370.0
z52eb06615c1edbe25b11z,noon,grocery,sauces,super hot sauce - 180 gram,195.0,naturesta,180,1.0,2026-06-25,180.0
zee7a507d4273ccc2e080z,noon,grocery,sauces,superior light soy sauce 500 ml,163.0,royal arm,70,1.0,2026-06-25,70.0
zc007a2d9adab26393b2fz,noon,grocery,sauces,easy dip sriracha sauce - 340g - hot chili all-purpose dipping & seasoning sauce,79.9,easy dip,340,1.0,2026-06-25,340.0
z7a3d74d9d2a65d48976dz,noon,grocery,sauces,ketchup sauce 340 grams,43.5,chefy mix,340,1.0,2026-06-25,340.0
n42868023a,noon,grocery,sauces,sriracha green chilli sauce 200ml single,182.0,flying goose,200,1.0,2026-06-25,200.0
z7963a2319bd1ed901a16z,noon,grocery,sauces,thai sriracha chili sauce 430ml,240.0,real thai,430,1.0,2026-06-25,430.0
z247b3ce9ff37557e5ef9z,noon,grocery,sauces,pickled hot chili with glass bottle - 370 grams,53.0,gardenia,370,1.0,2026-06-25,370.0
za067db2def4da51f971az,noon,grocery,sauces,dark soy sauce - 150 ml,51.0,sun garden,150,1.0,2026-06-25,150.0
n44423698a,noon,grocery,sauces,sweet chili sauce 700ml single,226.0,sunlee,700,1.0,2026-06-25,700.0
z93f45665d0a13049a88bz,noon,grocery,sauces,green hot sauce - diet sauce 1 kg,631.0,naturesta,1000,1.0,2026-06-25,1000.0
n28676070a,noon,grocery,sauces,soy sauce 300ml,164.0,yamama,300,1.0,2026-06-25,300.0
zecf7ab884c9e1c635e6az,noon,grocery,sauces,"sweet chili sauce 700ml tangy spicy asian sauce for stir-fry, dipping & marinades",350.0,mr.hung,700,1.0,2026-06-25,700.0
z4d359546f9d94d584fe3z,noon,grocery,sauces,light soy sauce - 150 ml,51.0,sun garden,300,1.0,2026-06-25,300.0
zf0804efc8a2e91d3ced6z,noon,grocery,sauces,mayonnaise classic 385gm,100.0,lavida,385,1.0,2026-06-25,385.0
zae19a254b794585285aez,noon,grocery,sauces,rana hot sauce  pack of 2 bottles  rich spicy flavor for cooking & serving  imported product,240.0,rana,2,1.0,2026-06-25,2.0
zb4b2a8f7a1c71fa18535z,noon,grocery,sauces,bbq sauce bucket - 5 kg,383.0,add-me,5,1.0,2026-06-25,5000.0
n43406301a,noon,grocery,sauces,liquid lemon juice - 250ml,45.5,choice,250,1.0,2026-06-25,250.0
n43894912a,noon,grocery,sauces,green olives bruschetta sauce 200grams,339.25,agromonte,200,1.0,2026-06-25,200.0
zca09537277e47b922bf0z,noon,grocery,sauces,bbq sauce gold - 5 kg,2304.0,naturesta,5,1.0,2026-06-25,5000.0
za8a0834f42e90c38aaafz,noon,grocery,sauces,sauce wings and buffalo dip - 1 kg,908.0,naturesta,1000,1.0,2026-06-25,1000.0
n43894902a,noon,grocery,sauces,norma pasta sauce of cherry tomato and eggplant 260grams,190.25,agromonte,260,1.0,2026-06-25,260.0
z26ba4398bfe291e3d000z,noon,grocery,sauces,sweet chili sauce 340 grams bundle,600.0,healthy & tasty,320,1.0,2026-06-25,480.82792874896444
z938951f7c69d98cffe43z,noon,grocery,sauces,durra barbecue sauce - 290g - premium smoky flavor for grilling and dipping,65.0,durra,290,1.0,2026-06-25,290.0
n29779225a,noon,grocery,sauces,barbecue sauce 570grams,300.0,heinz,570,1.0,2026-06-25,570.0
za42193b91d27b2b601daz,noon,grocery,sauces,spicy bbq sauce - 5 kg,2304.0,naturesta,5,1.0,2026-06-25,5000.0
z7fdb4f87d0969100acdbz,noon,grocery,sauces,saegh pomegranate molasses 275 g,62.0,saegh,275,1.0,2026-06-25,275.0
z5d155ae9ff69652ed439z,noon,grocery,sauces,"rana jalapeño hot sauce  spicy green chili sauce with tangy flavor | pack of 3 bottles | perfect for tacos, burgers, pizza & grilled foods | authentic hot pepper taste",288.0,rana,3,1.0,2026-06-25,3.0
zbe2aee45f295edeb14efz,noon,grocery,sauces,85% yellow ghost sauce,250.0,felfelaty,200,1.0,2026-06-25,200.0
z65e9c6ccc8f431186205z,noon,grocery,sauces,honey mustard sauce 340 grams bundle,600.0,healthy & tasty,266,1.0,2026-06-25,266.0
z5929adc96d1eaafbc4faz,noon,grocery,sauces,"rana extra hot sauce 100g pack of 2  spicy chili pepper sauce, bold flavor hot sauce for pizza, burgers, shawarma & snacks",199.98,rana,200,1.0,2026-06-25,200.0
z504254d11fa9a64caf38z,noon,grocery,sauces,"rana original chili sauce, authentic saudi spicy sauce for dipping & cooking, 100ml bottle",139.0,rana,100,1.0,2026-06-25,100.0
zb5667a1170ce0b21dbbcz,noon,grocery,sauces,rana hot sauce - 474 ml,288.0,rana,474,1.0,2026-06-25,474.0
z54913006fb5ddd9b6ea9z,noon,grocery,sauces,harissa chilli 355 gm,43.0,lavida,355,1.0,2026-06-25,355.0
z71f7173528923dd8a37cz,noon,grocery,sauces,????? ??????? ????? ??????? 800 ????,123.0,unknown,800,1.0,2026-06-25,800.0
z41ce5302dceb5b04c88fz,noon,grocery,sauces,??? ???? ???? ??? ???? 480 ??,130.0,??????,480,1.0,2026-06-25,480.0
z94f8cce6110e1a32b006z,noon,grocery,sauces,heinz hot tomato ketchup - 285g - pack of 2,177.0,heinz,570,1.0,2026-06-25,570.0
z9fdef82f5050d06c4f9cz,noon,grocery,sauces,??? ????? ?????  800 ???? × 3 ????? | ????? ????? ???? ???? ??? ?????,299.99,unknown,2,1.0,2026-06-25,2400.0
z544387540fa5a18a3956z,noon,grocery,sauces,durra tomato paste double concentrate  4400g | rich & thick tomato paste for cooking,425.0,durra,4,1.0,2026-06-25,4400.0
z3485bf79b5313f0429e1z,noon,grocery,sauces,al tayebat pro sauce cold ketchup - 500 gm,49.99,generic,500,1.0,2026-06-25,500.0
zdd539e3c317df621cb53z,noon,grocery,sauces,???????? ?????? ???? ??? - 1 ???,485.0,????????,1000,1.0,2026-06-25,1000.0
za6aa45c37e54fd17d2d3z,source,grocery,sauces,guilt free sauce - zero added sugar - berries - 350ml,200.0,organic nation,350,1.0,2026-06-25,350.0
z3348ebd755c3e6388c39z,noon,grocery,sauces,????? ???? ???? 400 ??  ????? ???? ???????? ???? ?????? ??????? ???? ??????????,370.0,??????,400,1.0,2026-06-25,400.0
z9a65c3593fe664a61166z,noon,grocery,sauces,???? ???? ???????? ?????? ?????? 125 ??,125.0,???????,125,1.0,2026-06-25,125.0
z16eea1b218918a3d1142z,noon,grocery,sauces,durra tomato paste  premium quality  rich natural flavor  2.8 kg family size can,270.0,durra,2,1.0,2026-06-25,2800.0
zf987dde72f1fe9fe78acz,noon,grocery,sauces,pizza & pasta sauce - 340 gm,75.0,easy dip,340,1.0,2026-06-25,340.0
z2c97357c068e23457d15z,noon,grocery,sauces,altayebat bbq sauce 250ml,54.99,altayebat,250,1.0,2026-06-25,250.0
z568fd03905f629529edaz,noon,grocery,sauces,???? ??? ???? ??? 280 ????,57.0,????,280,1.0,2026-06-25,280.0
z43efdefa3ffaf5ed2a70z,noon,grocery,sauces,????? ????? ???? ??????????? 480 ??,145.0,??????,480,1.0,2026-06-25,480.0
z000316e4b525960c78aaz,noon,grocery,sauces,???? 350 ?? ??????,70.0,??????,350,1.0,2026-06-25,350.0
z13de8c5980ab0008b8dcz,noon,grocery,sauces,black olive paste with hot pepper 300grams (pack of 2),59.0,wadi food,320,1.0,2026-06-25,480.82792874896444
zcee4c64150f47b0a8e80z,noon,grocery,sauces,???? ??? 250 ??,99.0,????,250,1.0,2026-06-25,250.0
z46f3cc2c71e607df6588z,noon,grocery,sauces,??? ???? ?????? - 3.25 ???,531.25,?? ??,3,1.0,2026-06-25,3250.0
z8a9a09988f18b7e47b38z,noon,grocery,sauces,cheddar daddy sauce 280 gm - pack of 3,288.36,miam,840,1.0,2026-06-25,840.0
z3e9bd4c5517014c803a4z,noon,grocery,sauces,"wasabi paste sachets 2.5g pack of 10 for sushi, sashimi, seafood, noodles and meals",90.0,generic,10,1.0,2026-06-25,10.0
z01b02f9e91ecc369a04dz,noon,grocery,sauces,hand crafted hot sauce lemon 200 gm,250.0,felfelaty,200,1.0,2026-06-25,200.0
z59879e6b94290e631ed2z,noon,grocery,sauces,natural tahini - 700 gm - no additives or preservatives,195.0,alloloa,320,1.0,2026-06-25,480.82792874896444
z40e3eaa8c136247af563z,noon,grocery,sauces,alternative lemon sour - 250 ml,65.5,sun garden,500,1.0,2026-06-25,500.0
ze6726e79667393360dc2z,noon,grocery,sauces,"sweet & sour sauce 700ml | tangy fruity asian sauce for stir-fry, marinades & dipping",350.0,mr.hung,700,1.0,2026-06-25,700.0
z9e2c994ffedde84e8be7z,noon,grocery,sauces,heinz dynamite sauce  225ml,233.0,heinz,225,1.0,2026-06-25,225.0
n38961002a,noon,grocery,sauces,tomato paste tin 3kg,248.0,wadi food,3,1.0,2026-06-25,3000.0
z8e5a9e340165151686faz,noon,grocery,sauces,"red roaster hot sauce, 88ml | spicy chili sauce for cooking & condiments | pack of 1",177.0,louisiana,88,1.0,2026-06-25,88.0
z22557a963c081c148705z,noon,grocery,sauces,rana hot sauce  pack of 5 bottles  value pack for spicy food lovers  imported product,425.0,rana,320,1.0,2026-06-25,480.82792874896444
n53320333a,noon,grocery,sauces,taco topping sauce chili pepper 230grams single,129.5,poco loco,230,1.0,2026-06-25,230.0
z6c71181bad3546dae900z,noon,grocery,sauces,sriracha hot chili sauce extra hot 740ml  thai spicy sauce with rich chili flavor,350.0,mr.hung,740,1.0,2026-06-25,740.0
z352e5d10c38ba14147b5z,noon,grocery,sauces,"easy dip green sriracha sauce - hot green chili all purpose dipping sauce, 340g",79.9,easy dip,340,1.0,2026-06-25,340.0
z552931b34b2d39ddefefz,noon,grocery,sauces,"al-tayyibat rose water 250ml | natural floral essence for cooking, baking & skincare",39.99,altayebat,250,1.0,2026-06-25,250.0
z397f3d96e61fb86dcb1dz,noon,grocery,sauces,sweet chilli sauce 700 ml,232.0,floating swan,700,1.0,2026-06-25,700.0
n45218573a,noon,grocery,sauces,honey mustard 210grams,188.95,temeraire,210,1.0,2026-06-25,210.0
z2cee97a9ee977b910fb8z,noon,grocery,sauces,saegh mexican sauce 280 gm,57.0,saegh,260,1.0,2026-06-25,260.0
z7c6c6aae6ca12ebd7880z,noon,grocery,sauces,harissa cooking paste 190grams (pack of 2),45.0,wadi food,320,1.0,2026-06-25,480.82792874896444
n47961262a,noon,grocery,sauces,honey mustard 440grams,83.0,lavida,440,1.0,2026-06-25,440.0
z476fdca7f67b9e9d51eez,noon,grocery,sauces,"sriracha, gruffalo, sweet chili - 260-250-260 gm",235.44,miam,200,1.0,2026-06-25,200.0
zf8fc2a3c546abcf3571fz,noon,grocery,sauces,rizi world sweet chili sauce 700 ml,179.0,rizi,700,1.0,2026-06-25,700.0
zc8a0680b8b0e3ffedea7z,noon,grocery,sauces,rana jalapeno hot sauce  authentic spicy taste,170.0,rana,320,1.0,2026-06-25,480.82792874896444
zef94f0940bea17f3c37cz,noon,grocery,sauces,super hot sauce - 1 kg,955.0,naturesta,1000,1.0,2026-06-25,1000.0
n38793022a,noon,grocery,sauces,mushrom pizza sauce 360grams,116.0,puidor,360,1.0,2026-06-25,360.0
n43894908a,noon,grocery,sauces,cherry tomato with artichokes bruschetta sauce 200grams,339.25,agromonte,200,1.0,2026-06-25,200.0
z68c31eb3370229416ae2z,noon,grocery,sauces,sesame seeds tahina cream - 1 kg,255.0,al sharq,1000,1.0,2026-06-25,1000.0
n43894910a,noon,grocery,sauces,artichokes bruschetta sauce 200grams,339.25,agromonte,200,1.0,2026-06-25,200.0
n38793021a,noon,grocery,sauces,arrabbiata pasta sauce 360grams,116.0,puidor,360,1.0,2026-06-25,360.0
zfd84bcb3b7578847c256z,noon,grocery,sauces,a bottle of ketchup and mayonnaise,50.0,generic,200,1.0,2026-06-25,200.0
z1900729ec7e4f5c91f01z,noon,grocery,sauces,natural tahini - 1000 gm - no additives or preservatives,260.0,alloloa,1000,1.0,2026-06-25,1000.0
z15d880d3a7b515e091fdz,noon,grocery,sauces,ragu simply chunky garden vegetables sauce with olive oil without sugar 680g,345.0,ragu,680,1.0,2026-06-25,680.0
z83f4a85ca7012c1d92e4z,noon,grocery,sauces,heinz original bbq sauce,239.9,heinz,570,1.0,2026-06-25,570.0
z867888c00ef221597981z,noon,grocery,sauces,mj's italian pizza sauce 410g,199.0,mj's,410,1.0,2026-06-25,410.0
z90e4bb284fc579c26b6dz,noon,grocery,sauces,mr hung sriracha hot chili sauce,359.9,mr.hung,320,1.0,2026-06-25,480.82792874896444
z21e9f3dbd0c91188b4f1z,noon,grocery,sauces,hp sauce 255ml,350.0,hp,255,1.0,2026-06-25,255.0
zad84799122f5d782877dz,noon,grocery,sauces,ragu chunky six cheese sauce 680g,355.0,ragu,680,1.0,2026-06-25,680.0
z9d3dbaa96ce0b48a39bbz,noon,grocery,sauces,"cheddar daddy , smokey jockey burger & the great garlic butter 252 gm (burger boss bundle)",252.0,miam,730,1.0,2026-06-25,730.0
z5e29fa541c16799ca8d3z,noon,grocery,sauces,harvest sauce 30g sachet - carton of 24 pieces,210.0,harvest,24,1.0,2026-06-25,24.0
z5676b5b421b4a1d2a377z,noon,grocery,sauces,"tabasco brand original red pepper hot sauce, medium heat, glass bottle, classic & versatile flavor, three simple ingredients, great for dips, tacos, eggs, pizza, oysters & more, 2 fl oz (pack of 1)",400.0,tabasco,2,1.0,2026-06-25,2.0
ze0050a6eec41c38dc53bz,noon,grocery,sauces,"hot bustard, great garlic, kissed - 250-270-270 gm",245.16,miam,790,1.0,2026-06-25,790.0
zbfbc72ea750963dd8d0cz,noon,grocery,sauces,harvest tomato paste  800g,199.99,harvest,800,1.0,2026-06-25,800.0
z406744bdde6035c94384z,noon,grocery,sauces,heinz spicy ketchup  squeeze pack 285g,170.0,heinz,285,1.0,2026-06-25,285.0
z1f224edf855998664574z,noon,grocery,sauces,kraft spreadable cheddar cheese 230g,450.0,kraft,230,1.0,2026-06-25,230.0
z9d1c2eb95a5627f10c8fz,noon,grocery,sauces,harvest tomato paste  320g,199.0,harvest,320,1.0,2026-06-25,320.0
z6ca21cb1c0df00f39d2ez,noon,beverages,soft drinks,alrabei pineapple juice – 185ml – pack of 3 | refreshing tropical drink made from real pineapple | rich in vitamin c & no added preservatives,239.0,al rabie,555,1.0,2026-06-25,555.0
z51800d4bcc900eb182dfz,noon,beverages,soft drinks,"alrabie mango juice, 125 ml – pack of 6 | refreshing tropical mango fruit juice drink | sweet & smooth flavor",299.95,al rabie,750,1.0,2026-06-25,750.0
n28991813a,noon,beverages,soft drinks,soft drink cans 240ml,25.25,pepsi,240,1.0,2026-06-25,240.0
n51736580a,noon,beverages,soft drinks,energy drink 250ml pack of 4,183.0,power horse,1000,1.0,2026-06-25,1000.0
zdc3a418c97efb226e70fz,noon,beverages,soft drinks,forever citron vert lime sleek drink 330 ml,185.0,perrier,330,1.0,2026-06-25,330.0
zfd97d86db2727054994fz,noon,beverages,soft drinks,"mogu mogu peach flavoured drink with nata de coco, 320ml – pack of 3 | refreshing tropical beverage with chewy coconut jelly",194.97,mogu mogu,960,1.0,2026-06-25,960.0
z742d776e20f7d83f7ad8z,noon,beverages,soft drinks,soft drink with white grape flavor 250 ml,44.0,rauch,250,1.0,2026-06-25,250.0
zdf83d74c2e0b08872584z,noon,beverages,soft drinks,vimto,209.9,vimto,320,1.0,2026-06-25,480.82792874896444
z2db7d2a48db9b7bcd86cz,noon,beverages,soft drinks,kdd orange & grape mixed fruit juice – 125ml (pack of 6) – refreshing natural fruit blend with no added preservatives,299.94,kdd,750,1.0,2026-06-25,750.0
z8f82ce133aa8f0e9a84fz,noon,beverages,soft drinks,"flash carbonated soft drink 250ml – chamomile, lemon, cherry & mint | refreshing sparkling beverage",139.52,flash,250,1.0,2026-06-25,250.0
ze3ec7feb3bf9343ad207z,noon,beverages,soft drinks,mogu mogu strawberry flavoured drink – 320ml pack of 3 | refreshing fruity beverage with chewy nata de coco bits,239.97,mogu mogu,960,1.0,2026-06-25,960.0
z0ae1d1645f2fce1f1000z,noon,beverages,soft drinks,naturally sweetened lemon lime with monk fruit - 5 bottles + 1 free,140.0,lakanto,320,1.0,2026-06-25,480.82792874896444
ze63e0450b70ff94e1301z,noon,beverages,soft drinks,"alrabie mango juice, 185ml (pack of 3) – refreshing tropical drink with rich mango flavor",237.0,alrabie,555,1.0,2026-06-25,555.0
z5f151917ec29ee00bd52z,noon,beverages,soft drinks,kdd orange juice – pack of 1 | refreshing orange drink with natural citrus taste | ready to drink,130.0,kdd,320,1.0,2026-06-25,480.82792874896444
z7e3d3c9b41307d8da78az,noon,beverages,soft drinks,7up 150ml (small size) saudi version,58.0,7 up,150,1.0,2026-06-25,150.0
z667d3a2556622264d473z,noon,beverages,soft drinks,alrabie mixed berry juice – pack of 6 | refreshing fruit juice drink with rich berry flavor | ready to drink,299.0,al rabie,6,1.0,2026-06-25,6.0
zd287102c5033e4a3cb1az,noon,beverages,soft drinks,forever citron lemon flavored sparkling water 330ml,175.0,maison perrier,330,1.0,2026-06-25,330.0
za2b3091d003acb022280z,noon,beverages,soft drinks,beyti family bundle - set of 4 mixed juice flavors - premium quality,221.0,beyti,320,1.0,2026-06-25,480.82792874896444
z24e01de29d1f54e76d9dz,noon,beverages,soft drinks,"flash carbonated soft drink 250ml – chamomile, lemon, ginger & mint | refreshing sparkling beverage",139.52,flash,250,1.0,2026-06-25,250.0
z087efa9915ffc74b48efz,noon,beverages,soft drinks,naturally sweetened lemon lime with monk fruit - 3 bottles,75.0,lakanto,320,1.0,2026-06-25,480.82792874896444
z5bd6d01059a36e340614z,noon,beverages,soft drinks,"mogu mogu watermelon flavoured drink with nata de coco, 320ml – pack of 3 | refreshing tropical juice beverage with chewy coconut bits",194.97,mogu mogu,960,1.0,2026-06-25,960.0
za3d4381cf5dbe6eb2848z,noon,beverages,soft drinks,pomegranate malt non alcoholic drink 250grams (pack of 3),45.0,snaps,320,1.0,2026-06-25,480.82792874896444
z2826a283b6a178ba309bz,noon,beverages,soft drinks,"rita sparkling berry drink | refreshing carbonated berry beverage | fruity & fizzy taste | perfect for parties, meals & refreshment pack of 2",210.0,rita,320,1.0,2026-06-25,480.82792874896444
z59f86964b06db97e9ea1z,noon,beverages,soft drinks,dr pepper soda 330 ml,95.0,dr pepper,330,1.0,2026-06-25,330.0
n52422173a,noon,beverages,soft drinks,berry mix 275ml,57.25,freez,275,1.0,2026-06-25,275.0
zbc278c8eb25d1d70f2b7z,noon,beverages,soft drinks,"masala flavored karak iced tea – refreshing spiced milk tea drink | authentic indian chai taste | 250ml cans, pack of 3",269.97,karak tea,750,1.0,2026-06-25,750.0
z8a1b0a875277070421a2z,noon,beverages,soft drinks,schweppes sparkling pomegranate flavoured drink - 1l per bottle - pack of 6 bottles,400.0,schweppes,6,1.0,2026-06-25,6.0
z1ed223e5d51e49e2c57fz,noon,beverages,soft drinks,"kinza citrus soft drink, 300 ml – pack of 3 | refreshing carbonated citrus beverage | crisp lemon & lime flavor",239.97,kinza,900,1.0,2026-06-25,900.0
z0d4cc3ef7fcce4a732f8z,noon,beverages,soft drinks,"pepsi 150ml (small size), saudi version",58.0,pepsi,150,1.0,2026-06-25,150.0
z4eac8f5d2572ec01f166z,noon,beverages,soft drinks,red bull power drink 250 ml*4 pack,305.0,red bull,1000,1.0,2026-06-25,1000.0
z9a4a4d0088c3e44d1b4cz,noon,beverages,soft drinks,kdd fruit juice – mango & grape blend | refreshing mixed fruit juice drink | naturally sweet & delicious taste1 pack,114.0,unknown,320,1.0,2026-06-25,480.82792874896444
z1c64475dc496ffc5b4f6z,noon,beverages,soft drinks,vimto fruit flavored drink – 250ml (pack of 2) – original refreshing fruit blend – ready to drink – pocket size,159.98,vimto,500,1.0,2026-06-25,500.0
zd87aa6b6e942031ecf8bz,noon,beverages,soft drinks,pepsi saudi – original cola soft drink in can – refreshing carbonated beverage pack of 2,270.0,pepsi,2,1.0,2026-06-25,2.0
z5ee8236a0cd63b08dca0z,noon,beverages,soft drinks,soft drink can cherry 330 ml,180.0,dr pepper,330,1.0,2026-06-25,330.0
zbf3909aad4fab5d3aa02z,noon,beverages,soft drinks,"al rabie orange juice – refreshing orange drink – 125ml, pack of 3",156.0,al rabie,375,1.0,2026-06-25,375.0
z1703eae26dddaadd78aaz,noon,beverages,soft drinks,"elsaudia chocolate milk drink, 200ml pack of 3 – rich & creamy chocolate flavoured milk – nutritious ready-to-drink beverage for kids & adults",216.0,saudia,600,1.0,2026-06-25,600.0
z4e79e19681a0174dbc9fz,noon,beverages,soft drinks,"kinza cola soft drink, 300 ml – pack of 3 | classic carbonated cola beverage | refreshing & fizzy taste",299.97,kinza,900,1.0,2026-06-25,900.0
z12a891449755e0f25bd1z,noon,beverages,soft drinks,orange-flavored soft drink 355ml,19.0,mirinda,320,1.0,2026-06-25,480.82792874896444
z65ab63311436622cd5f4z,noon,beverages,soft drinks,cola-flavored soft drink 355ml,19.0,pepsi,320,1.0,2026-06-25,480.82792874896444
zcd5fb58ed82cc1711095z,noon,beverages,soft drinks,lemon-flavored soft drink 355ml,19.0,7up,320,1.0,2026-06-25,480.82792874896444
zf69b4272c4324a843430z,noon,beverages,soft drinks,karak ice tea with cardamom flavour – pack of 3 cans | refreshing ready-to-drink iced tea with rich karak aroma & cardamom spice,284.97,karak tea,320,1.0,2026-06-25,480.82792874896444
zbc06f0ec9a5e5e1fb8dcz,noon,beverages,soft drinks,soft drink with peach flavor 250 ml,44.0,rauch,250,1.0,2026-06-25,250.0
z4939bd669a65ad44067cz,noon,beverages,soft drinks,soft drink with red grape flavor 250 ml,44.0,rauch,250,1.0,2026-06-25,250.0
n43539734a,noon,beverages,soft drinks,lemon flavored ice tea can 330ml,90.0,lipton,330,1.0,2026-06-25,330.0
zbafdf960735fd7aaf78dz,noon,beverages,soft drinks,sun top apple pack of 6 250ml,164.0,suntop,1,1.0,2026-06-25,1.5
z0437f935dfe4f2b8cbb3z,noon,beverages,soft drinks,soft drink grape flavor 1.25 liters,37.0,double dare,1,1.0,2026-06-25,1.25
z5480f05e3ad5fefa9436z,noon,beverages,soft drinks,vitamin sparkling drink 100% natural flavors - pina colada,14.0,v7,300,1.0,2026-06-25,300.0
za5cd04ce73a243125c4fz,noon,beverages,soft drinks,authentic zamzam water 5l bottle certified by the custodian of the two holy mosques project,870.0,zamzam,5000,1.0,2026-06-25,5000.0
z956cc311c04270d55edez,noon,beverages,soft drinks,vitamin sparkling drink 100% natural flavors - pomegranate,14.0,v7,300,1.0,2026-06-25,300.0
z90ac5a68fb098b80318cz,noon,beverages,soft drinks,vitamin sparkling drink 100% natural flavors - blueberry,14.0,v7,300,1.0,2026-06-25,300.0
zca8f8f1cdd63b62fa48bz,noon,beverages,soft drinks,sun sip popping boba tea – mixed berries flavor – refreshing juice-filled boba pearls – 325ml (pack of 2),189.99,generic,650,1.0,2026-06-25,650.0
zb23fd511bdbbf1111df7z,noon,beverages,soft drinks,sun sip fruit popping boba tea (strawberry flavor) – with real popping boba pearls – value pack of 2 (325ml per can),189.98,generic,650,1.0,2026-06-25,650.0
zfbed6f3dd75fec394789z,noon,beverages,soft drinks,7 up 150ml 2,360.0,7 up,300,1.0,2026-06-25,300.0
zd207cab3e60d953c94b1z,noon,beverages,soft drinks,oronamin c japanese carbonated drink 120ml,91.0,oronamin c,120,1.0,2026-06-25,120.0
z59345fb64bdd875d0c83z,noon,beverages,soft drinks,dr pepper original sparkling soft drink 330l x2,360.0,dr pepper,300,1.0,2026-06-25,300.0
n28991823a,noon,beverages,soft drinks,soft drink 400ml,16.0,7up,390,1.0,2026-06-25,390.0
z490daf6b688d8e704b95z,noon,beverages,soft drinks,soft drink extra fizz 2.43 liters,32.0,pepsi,2,1.0,2026-06-25,2.43
zc2156dcbac991998f999z,noon,beverages,soft drinks,soft drink bottle 1.47 liters,44.0,7up,1,1.0,2026-06-25,1.47
n28991824a,noon,beverages,soft drinks,lemon soda cans 240ml,17.0,7up,240,1.0,2026-06-25,240.0
n29340589a,noon,beverages,soft drinks,soft drink - 250ml,12.0,7up,250,1.0,2026-06-25,250.0
n28991815a,noon,beverages,soft drinks,miranda orange 2.43liters,50.0,mirinda,2,1.0,2026-06-25,2.43
n29340601a,noon,beverages,soft drinks,mirinda orange 250ml,12.0,mirinda,250,1.0,2026-06-25,250.0
n29595586a,noon,beverages,soft drinks,miranda green apple 2.43liters,45.0,mirinda,2,1.0,2026-06-25,2.43
z5ca35a62cb9912b915ecz,noon,beverages,soft drinks,"Sun-Cola non-carbonated drink with classic cola flavour, can of 6 x 125 ml",234.0,Sun Cola,750,1.0,2026-06-25,750.0
z131242f494c492ebeb65z,noon,beverages,soft drinks,Rita Sparkling Drink Mixed Fruit Flavor - Pack of 2 (240 ml each) | Natural freshness and rich taste,158.0,Rita,480,1.0,2026-06-25,480.0
n29340596a,noon,beverages,soft drinks,soft drink 250ml,12.0,pepsi,250,1.0,2026-06-25,250.0
z1c22b28299f41a4a3fa4z,noon,beverages,soft drinks,soft drink 2.43 liters,65.25,pepsi,2,1.0,2026-06-25,2.43
n28991787a,noon,beverages,soft drinks,soft drinks can orange 240ml,17.0,mirinda,240,1.0,2026-06-25,240.0
n28991816a,noon,beverages,soft drinks,soft drink 2.43liters,50.0,7up,2,1.0,2026-06-25,2.43
zc1610a58cfe47a4cce8az,noon,beverages,soft drinks,diet soft drink pet bottle 1.47l,44.0,pepsi,1,1.0,2026-06-25,1.5
n28991845a,noon,beverages,soft drinks,soft drink 400ml,25.25,pepsi,390,1.0,2026-06-25,390.0
zc3ab4c0d63712c9c5669z,noon,beverages,soft drinks,soft drink bottle 1.47l,57.25,pepsi,1,1.0,2026-06-25,1.47
zd139b406b8950500e4c3z,noon,beverages,soft drinks,orange 1.47 liters,44.0,mirinda,1,1.0,2026-06-25,1.47
z9466b093770e21ccac7dz,noon,beverages,soft drinks,green apple 1.47 liters,44.0,mirinda,1,1.0,2026-06-25,1.5
