sku,source,category,sub_category,product_name,price,brand,item_weight,unit_count,number_of_items,package_weight,rating,rating_count,date
N40074717A,noon,Grocery,"creal,oats,Jams&Honey",Black Honey 650grams,58.25,AL BAWADI,650g  |  EGP 8.96/100g,,,,,,2026-06-25
ZAD890806A37EE3AE16B0Z,noon,Grocery,"creal,oats,Jams&Honey",Fig jam 650 grams,61.0,AL BAWADI,650g  |  EGP 9.38/100g,,,,,,2026-06-25
N28968489A,noon,Grocery,"creal,oats,Jams&Honey",Nesquik Cereal 330grams,111.0,Nesquik,330g  |  EGP 33.64/100g,,,,,,2026-06-25
Z281DAB0FCE9342F92C46Z,noon,Grocery,"creal,oats,Jams&Honey",said Korean Red Ginseng Golden Liquid 30g,1950.0,SAMSIDAE,30g  |  EGP 6500.00/100g,,,,,,2026-06-25
N42906482A,noon,Grocery,"creal,oats,Jams&Honey",Premium Oat Flakes 500grams,82.75,AL DOHA,500g  |  EGP 16.55/100g,,,,,,2026-06-25
N51182040A,noon,Grocery,"creal,oats,Jams&Honey",protein bar Hazelnut Bar 70grams,84.25,Abu Auf,70g  |  EGP 120.36/100g,,,,,,2026-06-25
Z6511FE2550A2C24EBC3EZ,noon,Grocery,"creal,oats,Jams&Honey",Couscous - 700 g,94.95,Mr. Food,700g  |  EGP 13.56/100g,,,,,,2026-06-25
Z160669AC9F6317461082Z,noon,Grocery,"creal,oats,Jams&Honey",Jumbo Oats Set - 300 Gram,66.0,Lino,300g  |  EGP 22.00/100g,,,,,,2026-06-25
Z20B36B3D2515C11E30EDZ,noon,Grocery,"creal,oats,Jams&Honey",Arkan Premium Tahini Halva with Pistachio – 300g – Smooth Texture & Authentic Rich Nutty Flavor,120.0,ARKAN,300g  |  EGP 40.00/100g,,,,,,2026-06-25
ZF99F016E373C23B9998EZ,noon,Grocery,"creal,oats,Jams&Honey",Fruit Preserve Light Diet 340gm Strawberry Jam,48.0,Halwani Bros,340g  |  EGP 14.12/100g,,,,,,2026-06-25
Z0566E605CFA30885CC9AZ,noon,Grocery,"creal,oats,Jams&Honey",Healthy spread original chocolate 210 gm,123.25,Healthy Spread,210g  |  EGP 58.69/100g,,,,,,2026-06-25
N27747712A,noon,Grocery,"creal,oats,Jams&Honey",Traditional Musli 350grams,121.0,Sante,350g  |  EGP 34.57/100g,,,,,,2026-06-25
Z7795C871FD783C22D6F3Z,noon,Grocery,"creal,oats,Jams&Honey",Granola - Coconut with Superseeds 350 Grams,152.9,GoodHands,350g  |  EGP 43.69/100g,,,,,,2026-06-25
N40074716A,noon,Grocery,"creal,oats,Jams&Honey",Black Honey 340grams,27.0,El bawadi,340g  |  EGP 7.94/100g,,,,,,2026-06-25
Z50D7B3C01825D49ED1C0Z,noon,Grocery,"creal,oats,Jams&Honey",Clover honey 2 kg,399.0,Shana nature house,2kg  |  EGP 19.95/100g,,,,,,2026-06-25
Z0DA9936E6902915A8164Z,noon,Grocery,"creal,oats,Jams&Honey",Pistachio Crunchy Bites Spread 285g,98.25,El bawadi,300g  |  EGP 32.75/100g,,,,,,2026-06-25
Z5A5EBD6856CD9EB646A5Z,noon,Grocery,"creal,oats,Jams&Honey",Nutella - Hazelnut Spread with Cocoa - Perfect for Breakfast and Baking (Pack size 600 gm),565.0,Nutella,600g  |  EGP 94.17/100g,,,,,,2026-06-25
Z6DA6119CD13785550967Z,noon,Grocery,"creal,oats,Jams&Honey",Dubai filling Kunafa & Pistachio 500 Gram,243.0,ASMACUP,450g  |  EGP 54.00/100g,,,,,,2026-06-25
ZA5E1CF2559A0D4861689Z,noon,Grocery,"creal,oats,Jams&Honey",Chocolate Breakfast Cereal 330g,186.0,KitKat,330g  |  EGP 56.36/100g,,,,,,2026-06-25
Z66E9B9E668328868283CZ,noon,Grocery,"creal,oats,Jams&Honey","manuka honey 400mgo, 500g",6999.0,Manuka health,500g  |  EGP 1399.80/100g,,,,,,2026-06-25
ZBA56042CF2DDC41D61EBZ,noon,Grocery,"creal,oats,Jams&Honey",High protein peanut butter 375g,365.0,HEALTHY & TASTY,375g  |  EGP 97.33/100g,,,,,,2026-06-25
Z8925E56E5B6129F00030Z,noon,Grocery,"creal,oats,Jams&Honey","Alsham NEBRAS Apricot Jam – Premium Natural Fruit Spread, Authentic Taste, Golden Lid Jar, 450g",89.99,ALSHAM NEBRAS,450g  |  EGP 20.00/100g,,,,,,2026-06-25
Z57EDF6148520E2D85BE9Z,noon,Grocery,"creal,oats,Jams&Honey","Maxtella - Soft Hazelnut Chocolate Spread with Cocoa Butter Substitutes, 200g",74.99,Maxtella,220g  |  EGP 34.09/100g,,,,,,2026-06-25
ZB1BCCBE9B56DF5292D8CZ,noon,Grocery,"creal,oats,Jams&Honey",Maxtella White Spread Chocolate – Creamy Cocoa Butter Substitute – Sweet White Chocolate Flavor – 350g Jar,175.0,Maxtella,900g  |  EGP 19.44/100g,,,,,,2026-06-25
Z329942EF4AD9E4F898E6Z,noon,Grocery,"creal,oats,Jams&Honey",Nutella chocolate with hazelnut - 350 gm (Assorted Packaging),349.95,Nutella,350g  |  EGP 99.99/100g,,,,,,2026-06-25
ZC2E36A4FB5459FEA3804Z,noon,Grocery,"creal,oats,Jams&Honey",Choco Bites 225 Grams,82.0,Real,225g  |  EGP 36.44/100g,,,,,,2026-06-25
N39272815A,noon,Grocery,"creal,oats,Jams&Honey",Cranberries And Raisins Granola 350grams,195.25,Abu Auf,350g  |  EGP 55.79/100g,,,,,,2026-06-25
N39599812A,noon,Grocery,"creal,oats,Jams&Honey",Lotus Biscoff spread 400grams,441.0,Lotus,400g  |  EGP 110.25/100g,,,,,,2026-06-25
Z41C9F155199374C36B71Z,noon,Grocery,"creal,oats,Jams&Honey",Shira sweetener mixture of honey and natural fructose 3 kg - 60% natural from Uni Smart Group,250.0,Uni Smart Group,3kg  |  EGP 8.33/100g,,,,,,2026-06-25
Z061875817EC16B24A0FDZ,noon,Grocery,"creal,oats,Jams&Honey",Quaker White Oats – 100% Natural Whole Grain Oats – Heart Healthy & High Fiber – Perfect for Breakfast & Soup – 500g Pack,320.0,Quaker,500g  |  EGP 64.00/100g,,,,,,2026-06-25
N12280414A,noon,Grocery,"creal,oats,Jams&Honey",Peanut Butter Gronola Crispy Cereal Flakes 350grams,159.25,Sante,350g  |  EGP 45.50/100g,,,,,,2026-06-25
Z42828349552AA91BC511Z,noon,Grocery,"creal,oats,Jams&Honey","Maxtella Raw Chocolate – Premium Cocoa, Special Offer, Baking & Desserts",59.99,Maxtella,180g  |  EGP 0.33/g,,,,,,2026-06-25
ZE4DAAB162F53F36C1344Z,noon,Grocery,"creal,oats,Jams&Honey",Nutella Spread (350g)  Rich Cocoa and Hazelnut Cream,370.0,Nutella,350g  |  EGP 105.71/100g,,,,,,2026-06-25
Z43362AAA47EE5298908AZ,noon,Grocery,"creal,oats,Jams&Honey",Oat Flakes Quick Cooking-600G,85.0,Organic Nation,600g  |  EGP 14.17/100g,,,,,,2026-06-25
ZB0E453F008880C5D9D07Z,noon,Grocery,"creal,oats,Jams&Honey",Arkan Halawa Tehenia with Extra Pistachios - 500g - Premium Quality & Rich Taste,400.0,ARKAN,500g  |  EGP 80.00/100g,,,,,,2026-06-25
Z407E2DA785C73C7EC709Z,noon,Grocery,"creal,oats,Jams&Honey",oats 500 grams,76.5,Ragab El Attar,500g  |  EGP 15.30/100g,,,,,,2026-06-25
Z65F7BDA0DA4081EBEAD9Z,noon,Grocery,"creal,oats,Jams&Honey",Minis Cereals,86.0,Nesquik,,,,,,,2026-06-25
Z45EC3A1FD3B5EA3559D4Z,noon,Grocery,"creal,oats,Jams&Honey",Choco Pillow Corn Flakes 250 grams,43.0,Cornexi,250g  |  EGP 17.20/100g,,,,,,2026-06-25
N42868001A,noon,Grocery,"creal,oats,Jams&Honey",Gold Granola With Nuts And Honey 300grams,181.0,Sante,300g  |  EGP 60.33/100g,,,,,,2026-06-25
ZD3CE280CF402B0F17C89Z,noon,Grocery,"creal,oats,Jams&Honey",Arkan Premium Halva with Extra Walnuts – 500g | Authentic Middle Eastern Sesame Sweet | Traditional Dessert Egypt,250.0,ARKAN,500g  |  EGP 14.17/oz,,,,,,2026-06-25
N13710064A,noon,Grocery,"creal,oats,Jams&Honey",Fruit Muesli 350grams,168.25,Sante,350g  |  EGP 48.07/100g,,,,,,2026-06-25
Z7D5ADC5221BF351411D4Z,noon,Grocery,"creal,oats,Jams&Honey",ماكستيلا سبريد الشوكولاتة بالبندق – 900 جرام | كريمة كاكاو بالبندق ناعمة للإفطار والحلويات,175.0,ماكس تيلا,900g  |  EGP 19.44/100g,,,,,,2026-06-25
ZB375C232D32C8E5723CAZ,noon,Grocery,"creal,oats,Jams&Honey",Kind kids Spread Cream 350 gm,99.0,ASMACUP,350g  |  EGP 28.29/100g,,,,,,2026-06-25
Z579F028569FDA55A06D1Z,noon,Grocery,"creal,oats,Jams&Honey",Saegh Whole Grain Oats 400g,80.0,Saegh,400g  |  EGP 20.00/100g,,,,,,2026-06-25
N42868005A,noon,Grocery,"creal,oats,Jams&Honey",Fit Granola Nuts And Cocoa - No Sugar Added 300grams,208.25,Sante,300g  |  EGP 69.42/100g,,,,,,2026-06-25
N48663892A,noon,Grocery,"creal,oats,Jams&Honey",High Protein Instant Oatmeal The Chocolate Mocha 300grams,80.25,Kayy,300g  |  EGP 26.75/100g,,,,,,2026-06-25
ZCD12CD88703751F4A0E7Z,noon,Grocery,"creal,oats,Jams&Honey",Saegh black Honey polyethylene 700 g,68.0,Saegh,700g  |  EGP 2.75/oz,,,,,,2026-06-25
Z2CDCA10C6CE1950E1C51Z,noon,Grocery,"creal,oats,Jams&Honey",Sezar honey - 12 sachets x 18 grams,480.0,Uni Smart Group,12 pieces  |  EGP 40.00/piece,,,,,,2026-06-25
N12280413A,noon,Grocery,"creal,oats,Jams&Honey",Granola Fruit 350grams,186.25,Sante,350g  |  EGP 53.21/100g,,,,,,2026-06-25
N27747713A,noon,Grocery,"creal,oats,Jams&Honey",Crunchy Fruits Grain Oat Flake 350grams,149.0,Sante,350g  |  EGP 42.57/100g,,,,,,2026-06-25
Z6CFB0EEDFE09E8E86096Z,noon,Grocery,"creal,oats,Jams&Honey",Saegh Alfalfa Blossom Honey 450 gm,119.0,Saegh,450g  |  EGP 26.44/100g,,,,,,2026-06-25
Z2519ADEA5027508C785AZ,noon,Grocery,"creal,oats,Jams&Honey",Hazelnut Spread Chocolate-350g,144.0,Milkato,350g  |  EGP 41.14/100g,,,,,,2026-06-25
Z30D5A2A3B3CD4528C8EFZ,noon,Grocery,"creal,oats,Jams&Honey",Hazelnut Chocolate Spread Sweetened With Monkfruit - 250g,211.0,LAKANTO,250g  |  EGP 84.40/100g,,,,,,2026-06-25
Z636C8E176E4441665B72Z,noon,Grocery,"creal,oats,Jams&Honey",Dark Chocolate Spread Sweetened With Monkfruit - 250g,211.0,LAKANTO,250g  |  EGP 84.40/100g,,,,,,2026-06-25
Z4BE483981C4D41F0F3CAZ,noon,Grocery,"creal,oats,Jams&Honey",MoUni VIP - 12 sachets x 16 grams - from Uni Smart Group,225.0,Uni Smart Group,12 pieces  |  EGP 18.75/piece,,,,,,2026-06-25
Z6E7776360B944DDBD50EZ,noon,Grocery,"creal,oats,Jams&Honey",Oat Whole Grain 500G,57.0,Haj Arafa,500g  |  EGP 11.40/100g,,,,,,2026-06-25
Z67E4983F4C7BB9BE04B1Z,noon,Grocery,"creal,oats,Jams&Honey",Maxtella Chocolate Hazelnut Spread – 450g Jar – Rich Creamy Chocolate with Premium Hazelnuts,94.99,Maxtella,450g  |  EGP 21.11/100g,,,,,,2026-06-25
Z5D5E063D2FE1C5D29D54Z,noon,Grocery,"creal,oats,Jams&Honey",Saegh honey with nuts 250g,137.0,Saegh,250g  |  EGP 15.54/oz,,,,,,2026-06-25
ZED330BB26A58F6584666Z,noon,Grocery,"creal,oats,Jams&Honey",Healthy Spread Chocolate Extra Nuts with Hazelnut Pieces 375 gm,216.0,Milkato,375g  |  EGP 57.60/100g,,,,,,2026-06-25
N30328302A,noon,Grocery,"creal,oats,Jams&Honey",Whey Protein Oats 500grams,105.0,Kayy,500g  |  EGP 21.00/100g,,,,,,2026-06-25
ZA31487989356E91E27EEZ,noon,Grocery,"creal,oats,Jams&Honey",Speculoos Biscuits Spread 380 gm,171.0,Milkato,380g  |  EGP 45.00/100g,,,,,,2026-06-25
ZFF638991D748CB593F57Z,noon,Grocery,"creal,oats,Jams&Honey","Chocolate spread from X Spread with natural hazelnut pieces, 350 g.",90.0,Mozn,350g  |  EGP 25.71/100g,,,,,,2026-06-25
Z6A8CACC9AD838D13AC9EZ,noon,Grocery,"creal,oats,Jams&Honey",Healthy Spread  Chocolate Original with Hazelnut 375 gm,200.0,Milkato,375g  |  EGP 53.33/100g,,,,,,2026-06-25
ZC61DF738357B6F3296C9Z,noon,Grocery,"creal,oats,Jams&Honey",Crunchy Peanut Butter 320g,112.0,Haj Arafa,320g  |  EGP 9.92/oz,,,,,,2026-06-25
Z8784CB5DB1AE8F4833DFZ,noon,Grocery,"creal,oats,Jams&Honey",Beeswax 500 grams - 100% natural from Uni Smart Group,145.0,Uni Smart Group,500g  |  EGP 29.00/100g,,,,,,2026-06-25
N28548504A,noon,Grocery,"creal,oats,Jams&Honey",High Fibre Oats Flakes 500grams,133.0,Sante,500g  |  EGP 26.60/100g,,,,,,2026-06-25
ZB63FEB5B966B98E7A90DZ,noon,Grocery,"creal,oats,Jams&Honey",Citrus Honey 2.2kg,687.0,Imtenan,2.2kg  |  EGP 31.23/100g,,,,,,2026-06-25
N42868104A,noon,Grocery,"creal,oats,Jams&Honey",Fruit Rings 250grams,36.0,Cornexi,250g  |  EGP 14.40/100g,,,,,,2026-06-25
Z3F874EBF1F408CB6907EZ,noon,Grocery,"creal,oats,Jams&Honey",Peanut Protein Bar 70 grams,56.0,Imtenan,70g  |  EGP 80.00/100g,,,,,,2026-06-25
ZD7FAB2707A43241E364AZ,noon,Grocery,"creal,oats,Jams&Honey",Plain Sesame Halawa 250gm,37.0,Halwani Bros,250g  |  EGP 14.80/100g,,,,,,2026-06-25
N51182038A,noon,Grocery,"creal,oats,Jams&Honey",Protein Almond Bar 70grams,94.0,Abu Auf,70g  |  EGP 134.29/100g,,,,,,2026-06-25
Z343D67BF71B0822ADCC2Z,noon,Grocery,"creal,oats,Jams&Honey",Rotus Caramel and Cinnamon Biscuit Sauce - Dessert Topping & Syrup - 350g,99.99,Rotus,350g  |  EGP 28.57/100g,,,,,,2026-06-25
Z8EBDB4E55C3020B9E4EEZ,noon,Grocery,"creal,oats,Jams&Honey","Abu Auf Peanut Butter No Added Sugar , 330 gm",169.9,Abu Auf,330g  |  EGP 51.48/100g,,,,,,2026-06-25
N35958675A,noon,Grocery,"creal,oats,Jams&Honey",Crunchy Peanut Butter 510grams,126.0,DOBELLA,510g  |  EGP 24.71/100g,,,,,,2026-06-25
ZFBAA6308D770B54DA4EFZ,noon,Grocery,"creal,oats,Jams&Honey",Luxury Coconut and Almond Chocolate Gift Box - 15 Pieces - 156g,690.0,Ferrero,156g  |  EGP 4.42/100g,,,,,,2026-06-25
Z7D8121EA1810BFD73D47Z,noon,Grocery,"creal,oats,Jams&Honey",Egyptian Mountain Sidr Honey 2.2kg,1676.0,Imtenan,2.2kg  |  EGP 76.18/100g,,,,,,2026-06-25
Z055A3289FBCEFF600906Z,noon,Grocery,"creal,oats,Jams&Honey",Corn Flakes 400 grams,83.0,Imtenan,400g  |  EGP 20.75/100g,,,,,,2026-06-25
ZBE9AB769292239BDC2BBZ,noon,Grocery,"creal,oats,Jams&Honey",ElHelwa Plain Sesame Halawa 700g,121.25,Halwani Bros,700g  |  EGP 17.32/100g,,,,,,2026-06-25
ZE5677A7D35E3C270D968Z,noon,Grocery,"creal,oats,Jams&Honey",El Mordjene - Gourmet Hazelnut Spread - 700gm,699.75,El Mordjene,700g  |  EGP 99.96/100g,,,,,,2026-06-25
ZA84EE19DBDFF8B30953EZ,noon,Grocery,"creal,oats,Jams&Honey",Sesame Halawa with Pistachio 250g,90.0,Halwani Bros,250g  |  EGP 36.00/100g,,,,,,2026-06-25
ZED634AA5FC7C5324DDCFZ,noon,Grocery,"creal,oats,Jams&Honey",Protein Flex Brownies Pops 250g,76.0,Real,250g  |  EGP 30.40/100g,,,,,,2026-06-25
Z2144CDACCDA60FA77DFAZ,noon,Grocery,"creal,oats,Jams&Honey",Bran Flakes 400 grams,92.0,Imtenan,400g  |  EGP 23.00/100g,,,,,,2026-06-25
ZB252F3214C55179FD316Z,noon,Grocery,"creal,oats,Jams&Honey",Arkan Halawa with Chocolate – 400g Sweet Sesame Dessert – Authentic Middle Eastern Confection,105.0,ARKAN,300g  |  EGP 35.00/100g,,,,,,2026-06-25
N12280411A,noon,Grocery,"creal,oats,Jams&Honey",Tropical Flavour Muesli 350grams,136.0,Sante,350g  |  EGP 38.86/100g,,,,,,2026-06-25
ZFF638991D748CB593F57Z,noon,Grocery,"creal,oats,Jams&Honey","Chocolate spread from X Spread with natural hazelnut pieces, 350 g.",90.0,Mozn,350g  |  EGP 25.71/100g,,,,,,2026-06-25
Z6A8CACC9AD838D13AC9EZ,noon,Grocery,"creal,oats,Jams&Honey",Healthy Spread  Chocolate Original with Hazelnut 375 gm,200.0,Milkato,375g  |  EGP 53.33/100g,,,,,,2026-06-25
Z2E6F9211FA9DB57EE875Z,noon,Grocery,"creal,oats,Jams&Honey",عسل سدر جبلي طبيعي فاخر – 400 جم | نقي، صحي، أصيل,550.0,,1000g  |  EGP 55.00/100g,,,,,,2026-06-25
N29595074A,noon,Grocery,"creal,oats,Jams&Honey",Vitrac Fig Light Jam 220grams,40.25,Vitrac,220g  |  EGP 18.30/100g,,,,,,2026-06-25
N42868058A,noon,Grocery,"creal,oats,Jams&Honey",Oat Flakes 500grams,72.0,Class A,500g  |  EGP 14.40/100g,,,,,,2026-06-25
Z6BE59A081E5D6B7F1A38Z,noon,Grocery,"creal,oats,Jams&Honey",Chocolate Hazelnut Crunchy Spread 300g,106.0,El bawadi,300g  |  EGP 35.33/100g,,,,,,2026-06-25
Z3EC07756F9105745FAB9Z,noon,Grocery,"creal,oats,Jams&Honey",Squeez Honey 1000g,230.0,Saegh,1000g  |  EGP 23.00/100g,,,,,,2026-06-25
ZC0ACC66106703A4B3913Z,noon,Grocery,"creal,oats,Jams&Honey",Toffee Bites 225gm,82.0,Real,225g  |  EGP 36.44/100g,,,,,,2026-06-25
N35958674A,noon,Grocery,"creal,oats,Jams&Honey",Creamy Peanut Butter 510grams,126.0,DOBELLA,510g  |  EGP 24.71/100g,,,,,,2026-06-25
ZE3E1CD3F48950B0F6608Z,noon,Grocery,"creal,oats,Jams&Honey",Healthy Matcha Granola 275G,239.0,Greenuts,275g  |  EGP 86.91/100g,,,,,,2026-06-25
N29595072A,noon,Grocery,"creal,oats,Jams&Honey",Strawberry Light Jam 220grams,40.25,Vitrac,220g  |  EGP 18.30/100g,,,,,,2026-06-25
ZD6A2986B2E7A18A67CD2Z,noon,Grocery,"creal,oats,Jams&Honey",Asmacup peanut butter Spread 900 gm,211.5,ASMACUP,900g  |  EGP 23.50/100g,,,,,,2026-06-25
N42868074A,noon,Grocery,"creal,oats,Jams&Honey",Oats Flour Gluten Free 500grams,143.25,Healthy Mill,500g  |  EGP 28.65/100g,,,,,,2026-06-25
Z145183CFAA081A8DBDB8Z,noon,Grocery,"creal,oats,Jams&Honey",Keto Bar Almonds 60 grams,100.0,HEALTHY & TASTY,60g  |  EGP 166.67/100g,,,,,,2026-06-25
ZE791930F39178D9506EDZ,noon,Grocery,"creal,oats,Jams&Honey",Dubai filling Kunafa & Pistachio 1 KG,449.1,ASMACUP,1000g  |  EGP 44.91/100g,,,,,,2026-06-25
N28727425A,noon,Grocery,"creal,oats,Jams&Honey",Peanut Butter With Dark Chocolate 330grams,173.25,Abu Auf,330g  |  EGP 52.50/100g,,,,,,2026-06-25
Z1DDAB03A25D4D659BE9FZ,noon,Grocery,"creal,oats,Jams&Honey",Gold Hazelnuts Cream 350 gm,180.0,Milkato,350g  |  EGP 51.43/100g,,,,,,2026-06-25
Z44F7310633693BD7AD3DZ,noon,Grocery,"creal,oats,Jams&Honey",Imported Ferrero Rocher Chocolate - 16 Pieces - 200g - Rich Hazelnut Flavour,495.0,Ferrero,200g  |  EGP 2.48/100g,,,,,,2026-06-25
Z474CCC0F72DEAA126622Z,noon,Grocery,"creal,oats,Jams&Honey",Chocolate Hazelnut Spread 350g,108.0,ASMACUP,350g  |  EGP 30.86/100g,,,,,,2026-06-25
ZAD6B876D43B1D47C3F8CZ,noon,Grocery,"creal,oats,Jams&Honey","Max tilla Hazelnut and Chocolate Spread Savings Bundle - 3 Packs x 900g (Total 2.7kg) - Rich Flavor & Creamy Texture, Perfect for Sandwiches, Crepes and Desserts",480.0,Maxtella,2.7kg  |  EGP 17.78/100g,,,,,,2026-06-25
Z02D1837EDABC2817543EZ,noon,Grocery,"creal,oats,Jams&Honey",Pistachio Spread Cream 1 KG,585.0,ASMACUP,1000g  |  EGP 58.50/100g,,,,,,2026-06-25
N52906986A,noon,Grocery,"creal,oats,Jams&Honey",Greek Honey 455grams,964.0,Attiki,455g  |  EGP 211.87/100g,,,,,,2026-06-25
N35958663A,noon,Grocery,"creal,oats,Jams&Honey",Oat Flakes 500grams,72.0,MEGA FOODS,500g  |  EGP 14.40/100g,,,,,,2026-06-25
ZC750D224D5CF2F421655Z,noon,Grocery,"creal,oats,Jams&Honey",Keto Coconut Chocolate Bar 60 grams,100.0,HEALTHY & TASTY,60g  |  EGP 166.67/100g,,,,,,2026-06-25
Z44A8181C9AC111A8AAFCZ,noon,Grocery,"creal,oats,Jams&Honey",asmacup White Chocolate Oreo Spread 900 gm,202.5,ASMACUP,900g  |  EGP 22.50/100g,,,,,,2026-06-25
N28548501A,noon,Grocery,"creal,oats,Jams&Honey",Crunchy Banana With Chocolate 350grams,149.0,Sante,350g  |  EGP 42.57/100g,,,,,,2026-06-25
ZE10514430A1B47023A5EZ,noon,Grocery,"creal,oats,Jams&Honey",Pomegranate Molasses  540 Gram,77.0,DOBELLA,540g  |  EGP 14.26/100g,,,,,,2026-06-25
ZB8E7C8AF706E781CD731Z,noon,Grocery,"creal,oats,Jams&Honey",Hazelnut Chocolate Spread 900g,179.1,ASMACUP,900g  |  EGP 19.90/100g,,,,,,2026-06-25
Z494C85084FCD5952D8E5Z,noon,Grocery,"creal,oats,Jams&Honey",Max Tella Hazelnut and Cocoa Chocolate Spread - Rich Creamy Texture for Breakfast & Desserts - Value Pack 900g,175.0,Maxtella,1.8kg  |  EGP 9.72/100g,,,,,,2026-06-25
ZEA15FD7AA5FE5BC44BFEZ,noon,Grocery,"creal,oats,Jams&Honey",Creamy Peanut Butter 320g,112.0,Haj Arafa,320g  |  EGP 9.92/oz,,,,,,2026-06-25
N12280412A,noon,Grocery,"creal,oats,Jams&Honey",Crunchy Classic Crispy Cereal Flakes 350grams,121.0,Sante,350g  |  EGP 34.57/100g,,,,,,2026-06-25
Z76B3BBE886ACD5DB82F3Z,noon,Grocery,"creal,oats,Jams&Honey",Plain Sesame Light Diet Halawa,80.0,Halwani Bros,250g  |  EGP 32.00/100g,,,,,,2026-06-25
ZA70C3813CDAB9E571AC3Z,noon,Grocery,"creal,oats,Jams&Honey",Rotus Spread Cream – Cinnamon & Caramel Flavor – Smooth & Creamy Dessert Filling – Family Snack – 350g,95.0,Rotus,350g  |  EGP 27.14/100g,,,,,,2026-06-25
N42868072A,noon,Grocery,"creal,oats,Jams&Honey",Gluten Free Whole Grain Oats 500grams,146.75,Healthy Mill,500g  |  EGP 29.35/100g,,,,,,2026-06-25
Z8F11FD8CFB38F18461BBZ,noon,Grocery,"creal,oats,Jams&Honey",Rocher spread Cream  Irresistible Luxurious Rocher Goodness 350 gm,162.0,ASMACUP,350g  |  EGP 46.29/100g,,,,,,2026-06-25
Z1ACFB0C3E83A7BF8B5E2Z,noon,Grocery,"creal,oats,Jams&Honey",فستق اسبريد  200 جرام,179.1,اسماكب,200g  |  EGP 89.55/100g,,,,,,2026-06-25
Z4BA27EF7129F14D5CBC5Z,noon,Grocery,"creal,oats,Jams&Honey",Maxtella Chocolate Hazelnut Spread - 320g,99.99,Maxtella,320g  |  EGP 31.25/100g,,,,,,2026-06-25
Z2519ADEA5027508C785AZ,noon,Grocery,"creal,oats,Jams&Honey",Hazelnut Spread Chocolate-350g,144.0,Milkato,350g  |  EGP 41.14/100g,,,,,,2026-06-25
N42868004A,noon,Grocery,"creal,oats,Jams&Honey",Fit Granola Strawberry And Cherry 300grams,208.25,Sante,300g  |  EGP 69.42/100g,,,,,,2026-06-25
Z3D684EC7B8F717AB7B3CZ,noon,Grocery,"creal,oats,Jams&Honey",Nawara honey with honey 450 g,126.0,Shana nature house,470g  |  EGP 26.81/100g,,,,,,2026-06-25
Z6DA6119CD13785550967Z,noon,Grocery,"creal,oats,Jams&Honey",Dubai filling Kunafa & Pistachio 500 Gram,243.0,ASMACUP,450g  |  EGP 54.00/100g,,,,,,2026-06-25
ZBAC47AFBE9D043CC1535Z,noon,Grocery,"creal,oats,Jams&Honey",Classic Chocolate Spread With hazelnut 900g,270.0,Milkato,900g  |  EGP 30.00/100g,,,,,,2026-06-25
ZDD63BFAFA8AC6D96B249Z,noon,Grocery,"creal,oats,Jams&Honey",Crunchy Caramel Bar- 23.5 gm - pack of 6,107.0,Fitness,23.5g  |  EGP 455.32/100g,,,,,,2026-06-25
N42652842A,noon,Grocery,"creal,oats,Jams&Honey",Fruit Flakes Box 250grams,36.0,Cornexi,250g  |  EGP 14.40/100g,,,,,,2026-06-25
ZF1AA20DF3DAFAAB8DE62Z,noon,Grocery,"creal,oats,Jams&Honey",Bee Immunity Honey Propolis 170 grams,296.5,Imtenan,170g  |  EGP 174.41/100g,,,,,,2026-06-25
N42868000A,noon,Grocery,"creal,oats,Jams&Honey",Gold Granola With Chocolate And Orange 300grams,228.0,Sante,300g  |  EGP 76.00/100g,,,,,,2026-06-25
Z92F2187B0188A9587163Z,noon,Grocery,"creal,oats,Jams&Honey",Pistachio Spread 350 gm ( Premium Quality ),324.0,Milkato,350g  |  EGP 92.57/100g,,,,,,2026-06-25
ZAD6B876D43B1D47C3F8CZ,noon,Grocery,"creal,oats,Jams&Honey","Max tilla Hazelnut and Chocolate Spread Savings Bundle - 3 Packs x 900g (Total 2.7kg) - Rich Flavor & Creamy Texture, Perfect for Sandwiches, Crepes and Desserts",480.0,Maxtella,2.7kg  |  EGP 17.78/100g,,,,,,2026-06-25
Z02D1837EDABC2817543EZ,noon,Grocery,"creal,oats,Jams&Honey",Pistachio Spread Cream 1 KG,585.0,ASMACUP,1000g  |  EGP 58.50/100g,,,,,,2026-06-25
N28992059A,noon,Grocery,"creal,oats,Jams&Honey",Pure Honey 250grams,94.0,ISIS,250g  |  EGP 37.60/100g,,,,,,2026-06-25
Z1E2A9A99EFBB2BB80B37Z,noon,Grocery,"creal,oats,Jams&Honey",Protein Bar Peanut Butter 70 gm,61.0,Abu Auf,70g  |  EGP 87.14/100g,,,,,,2026-06-25
Z95782E5C2ECA73E3A8D6Z,noon,Grocery,"creal,oats,Jams&Honey",Pure Black Seed Honey – Kidney Support & Natural Protection 200g,166.5,Wadyan,200g  |  EGP 83.25/100g,,,,,,2026-06-25
Z66A4B7E26018279C14CDZ,noon,Grocery,"creal,oats,Jams&Honey",Nuts Bar Coconut & Fruit Nut 40 grams,44.0,Abu Auf,40g  |  EGP 110.00/100g,,,,,,2026-06-25
N44900122A,noon,Grocery,"creal,oats,Jams&Honey",Marroni Chestnut Cream 340grams,138.0,MENZ&GASSER,340g  |  EGP 40.59/100g,,,,,,2026-06-25
N51182034A,noon,Grocery,"creal,oats,Jams&Honey",protein bar Nuts & Caramel 40grams,84.25,Abu Auf,40g  |  EGP 210.62/100g,,,,,,2026-06-25
Z972669CC840EB3544899Z,noon,Grocery,"creal,oats,Jams&Honey",Greenuts Bran Flakes High-Fiber Breakfast Cereal 250g – Healthy Wheat Bran Flakes for Digestive Support,99.0,Greenuts,250g  |  EGP 39.60/100g,,,,,,2026-06-25
N35958764A,noon,Grocery,"creal,oats,Jams&Honey",Chocolate Topping 250grams,61.0,Solo,250g  |  EGP 24.40/100g,,,,,,2026-06-25
N52490743A,noon,Grocery,"creal,oats,Jams&Honey",Pure Honey Squeeze 450g,152.0,ISIS,500g  |  EGP 30.40/100g,,,,,,2026-06-25
Z5659E8A4B6070A5B0D7AZ,noon,Grocery,"creal,oats,Jams&Honey",Nutella Food Service - Hazelnut Spread with Cocoa - Professional & Bulk Size 3 kg,3100.0,Nutella,3kg  |  EGP 103.33/100g,,,,,,2026-06-25
N42652841A,noon,Grocery,"creal,oats,Jams&Honey",Corn Flakes Box 250grams,48.0,Cornexi,250g  |  EGP 19.20/100g,,,,,,2026-06-25
N28727408A,noon,Grocery,"creal,oats,Jams&Honey",Peanut Butter 330grams,162.25,Abu Auf,330g  |  EGP 49.17/100g,,,,,,2026-06-25
ZFAD04B16FAF5E34F0A38Z,noon,Grocery,"creal,oats,Jams&Honey",Tasbera Crunchy Hazelnuts Cream with Cocoa 350 gm,180.0,Milkato,350g  |  EGP 51.43/100g,,,,,,2026-06-25
N29595061A,noon,Grocery,"creal,oats,Jams&Honey",Vitrac Fig Jam 850grams,107.0,Vitrac,850g  |  EGP 12.59/100g,,,,,,2026-06-25
Z6DA6119CD13785550967Z,noon,Grocery,"creal,oats,Jams&Honey",Dubai filling Kunafa & Pistachio 500 Gram,243.0,ASMACUP,450g  |  EGP 54.00/100g,,,,,,2026-06-25
Z8925E56E5B6129F00030Z,noon,Grocery,"creal,oats,Jams&Honey","Alsham NEBRAS Apricot Jam – Premium Natural Fruit Spread, Authentic Taste, Golden Lid Jar, 450g",89.99,ALSHAM NEBRAS,450g  |  EGP 20.00/100g,,,,,,2026-06-25
N40201453A,noon,Grocery,"creal,oats,Jams&Honey",High Protein Instant Apple Oat Meal 300grams,70.25,Kayy,300g  |  EGP 23.42/100g,,,,,,2026-06-25
Z7200C73618FAC873CB34Z,noon,Grocery,"creal,oats,Jams&Honey",Plain Date Spread 230g,113.0,Abu Auf,230g  |  EGP 49.13/100g,,,,,,2026-06-25
ZCD8411394F6385FDF8D7Z,noon,Grocery,"creal,oats,Jams&Honey",Spring Flowers Honey Squeezed 450grams,118.0,Imtenan,450g  |  EGP 26.22/100g,,,,,,2026-06-25
Z9C154494B856CF817029Z,noon,Grocery,"creal,oats,Jams&Honey",Cereal Bars Strawberry Flavor - 168 Gram,97.0,Lino,2.352kg  |  EGP 4.12/100g,,,,,,2026-06-25
N29153210A,noon,Grocery,"creal,oats,Jams&Honey",Oats + Turmeric And Ginger 500grams,87.0,Kayy,500g  |  EGP 17.40/100g,,,,,,2026-06-25
Z474CCC0F72DEAA126622Z,noon,Grocery,"creal,oats,Jams&Honey",Chocolate Hazelnut Spread 350g,108.0,ASMACUP,350g  |  EGP 30.86/100g,,,,,,2026-06-25
Z57EDF6148520E2D85BE9Z,noon,Grocery,"creal,oats,Jams&Honey","Maxtella - Soft Hazelnut Chocolate Spread with Cocoa Butter Substitutes, 200g",74.99,Maxtella,220g  |  EGP 34.09/100g,,,,,,2026-06-25
N29595052A,noon,Grocery,"creal,oats,Jams&Honey",Vitrac Mix Starwberry and Raspberry Jam - 430grams,54.5,Vitrac,430g  |  EGP 12.67/100g,,,,,,2026-06-25
ZBAC47AFBE9D043CC1535Z,noon,Grocery,"creal,oats,Jams&Honey",Classic Chocolate Spread With hazelnut 900g,270.0,Milkato,900g  |  EGP 30.00/100g,,,,,,2026-06-25
Z1DDAB03A25D4D659BE9FZ,noon,Grocery,"creal,oats,Jams&Honey",Gold Hazelnuts Cream 350 gm,180.0,Milkato,350g  |  EGP 51.43/100g,,,,,,2026-06-25
N42652944A,noon,Grocery,"creal,oats,Jams&Honey",Coconut And Milk Chocolate Protein Vitamin Bar 50grams,75.0,Sante,50g  |  EGP 150.00/100g,,,,,,2026-06-25
N51182039A,noon,Grocery,"creal,oats,Jams&Honey",protein bar Caramel Biscuits Bar 70grams,61.0,Abu Auf,70g  |  EGP 87.14/100g,,,,,,2026-06-25
Z36C57E37CA4AC2B6E7D1Z,noon,Grocery,"creal,oats,Jams&Honey",Citrus Blossom Honey 950g,254.0,Shana nature house,950g  |  EGP 26.74/100g,,,,,,2026-06-25
Z44A8181C9AC111A8AAFCZ,noon,Grocery,"creal,oats,Jams&Honey",asmacup White Chocolate Oreo Spread 900 gm,202.5,ASMACUP,900g  |  EGP 22.50/100g,,,,,,2026-06-25
ZB1BCCBE9B56DF5292D8CZ,noon,Grocery,"creal,oats,Jams&Honey",Maxtella White Spread Chocolate – Creamy Cocoa Butter Substitute – Sweet White Chocolate Flavor – 350g Jar,175.0,Maxtella,900g  |  EGP 19.44/100g,,,,,,2026-06-25
N52422171A,noon,Grocery,"creal,oats,Jams&Honey",Clover Honey 500ml,134.0,Al Shifa,500ml  |  EGP 26.80/100ml,,,,,,2026-06-25
Z42828349552AA91BC511Z,noon,Grocery,"creal,oats,Jams&Honey","Maxtella Raw Chocolate – Premium Cocoa, Special Offer, Baking & Desserts",59.99,Maxtella,180g  |  EGP 0.33/g,,,,,,2026-06-25
ZBB71302CCE11CDD170BDZ,noon,Grocery,"creal,oats,Jams&Honey","Max Tella - Smooth Hazelnut Chocolate Cream - Rich Cocoa Butter & Hazelnut Spread - Family Pack (Specify Weight, e.g., 1kg)",175.0,Maxtella,900g  |  EGP 19.44/100g,,,,,,2026-06-25
ZD3CE280CF402B0F17C89Z,noon,Grocery,"creal,oats,Jams&Honey",Arkan Premium Halva with Extra Walnuts – 500g | Authentic Middle Eastern Sesame Sweet | Traditional Dessert Egypt,250.0,ARKAN,500g  |  EGP 14.17/oz,,,,,,2026-06-25
ZE3E1CD3F48950B0F6608Z,noon,Grocery,"creal,oats,Jams&Honey",Healthy Matcha Granola 275G,239.0,Greenuts,275g  |  EGP 86.91/100g,,,,,,2026-06-25
Z1FFC8A07D20F957C3EFDZ,noon,Grocery,"creal,oats,Jams&Honey",Chewy Bar With Chocolate Chips Flavor - 144 Gram Pack of 6,81.0,Lino,1.152kg  |  EGP 7.03/100g,,,,,,2026-06-25
N30344944A,noon,Grocery,"creal,oats,Jams&Honey",Oats With Chia 500grams,69.0,Healthy Mill,500g  |  EGP 13.80/100g,,,,,,2026-06-25
Z7D5ADC5221BF351411D4Z,noon,Grocery,"creal,oats,Jams&Honey",ماكستيلا سبريد الشوكولاتة بالبندق – 900 جرام | كريمة كاكاو بالبندق ناعمة للإفطار والحلويات,175.0,ماكس تيلا,900g  |  EGP 19.44/100g,,,,,,2026-06-25
Z20CBF2374920CD18088AZ,noon,Grocery,"creal,oats,Jams&Honey",Hazelnut Milk Chocolate Spread With No Added Sugar 320g,201.0,Haj Arafa,320g  |  EGP 62.81/100g,,,,,,2026-06-25
Z204C6436FDAB96E54501Z,noon,Grocery,"creal,oats,Jams&Honey",Wild herbs wonder bee honey 950gm,188.0,Wonder Bee Honey,950g  |  EGP 19.79/100g,,,,,,2026-06-25
Z193C56116DDAEE8AC6F6Z,noon,Grocery,"creal,oats,Jams&Honey",Peanut Bites 225g,82.0,Real,225g  |  EGP 36.44/100g,,,,,,2026-06-25
Z579F028569FDA55A06D1Z,noon,Grocery,"creal,oats,Jams&Honey",Saegh Whole Grain Oats 400g,80.0,Saegh,400g  |  EGP 20.00/100g,,,,,,2026-06-25
ZB375C232D32C8E5723CAZ,noon,Grocery,"creal,oats,Jams&Honey",Kind kids Spread Cream 350 gm,99.0,ASMACUP,350g  |  EGP 28.29/100g,,,,,,2026-06-25
Z16E8C5535FEE9C98C912Z,noon,Grocery,"creal,oats,Jams&Honey",Dreem Chocolate Spread with Natural Hazelnut - 900G,337.0,Dreem,900g  |  EGP 37.44/100g,,,,,,2026-06-25
N52103812A,noon,Grocery,"creal,oats,Jams&Honey",Honey with nuts 250g,226.0,ISIS,250g  |  EGP 90.40/100g,,,,,,2026-06-25
Z30AF572D625DB3703994Z,noon,Grocery,"creal,oats,Jams&Honey",Peanut butter -350G,140.0,Organic Nation,350g  |  EGP 40.00/100g,,,,,,2026-06-25
ZCBB36BCFEE2D3A11C2ABZ,noon,Grocery,"creal,oats,Jams&Honey",Clover Blossom Honey Squeeze 450grams,118.0,Imtenan,450g  |  EGP 26.22/100g,,,,,,2026-06-25
ZCD12CD88703751F4A0E7Z,noon,Grocery,"creal,oats,Jams&Honey",Saegh black Honey polyethylene 700 g,68.0,Saegh,700g  |  EGP 2.75/oz,,,,,,2026-06-25
Z6CFB0EEDFE09E8E86096Z,noon,Grocery,"creal,oats,Jams&Honey",Saegh Alfalfa Blossom Honey 450 gm,119.0,Saegh,450g  |  EGP 26.44/100g,,,,,,2026-06-25
Z2519ADEA5027508C785AZ,noon,Grocery,"creal,oats,Jams&Honey",Hazelnut Spread Chocolate-350g,144.0,Milkato,350g  |  EGP 41.14/100g,,,,,,2026-06-25
Z57CB71403CA460DF2253Z,noon,Grocery,"creal,oats,Jams&Honey",Protein Fruits Rings 250g,76.0,Real,250g  |  EGP 30.40/100g,,,,,,2026-06-25
N27747712A,noon,Grocery,"creal,oats,Jams&Honey",Traditional Musli 350grams,121.0,Sante,350g  |  EGP 34.57/100g,,,,,,2026-06-25
Z67E4983F4C7BB9BE04B1Z,noon,Grocery,"creal,oats,Jams&Honey",Maxtella Chocolate Hazelnut Spread – 450g Jar – Rich Creamy Chocolate with Premium Hazelnuts,94.99,Maxtella,450g  |  EGP 21.11/100g,,,,,,2026-06-25
Z5D5E063D2FE1C5D29D54Z,noon,Grocery,"creal,oats,Jams&Honey",Saegh honey with nuts 250g,137.0,Saegh,250g  |  EGP 15.54/oz,,,,,,2026-06-25
ZED330BB26A58F6584666Z,noon,Grocery,"creal,oats,Jams&Honey",Healthy Spread Chocolate Extra Nuts with Hazelnut Pieces 375 gm,216.0,Milkato,375g  |  EGP 57.60/100g,,,,,,2026-06-25
Z87A88CD2BFDAB9905D67Z,noon,Grocery,"creal,oats,Jams&Honey",Clover Blossom Honey- 225 grams,70.0,Royal,225g  |  EGP 31.11/100g,,,,,,2026-06-25
Z106AF01A51A49A519394Z,noon,Grocery,"creal,oats,Jams&Honey",Coconut butter 375g,340.0,HEALTHY & TASTY,375g  |  EGP 90.67/100g,,,,,,2026-06-25
Z90FDA044BD6F5D1B53C9Z,noon,Grocery,"creal,oats,Jams&Honey",Strawberry Jam 650 grams,54.25,AL BAWADI,650g  |  EGP 8.35/100g,,,,,,2026-06-25
ZDCEDC3097C06FE651678Z,noon,Grocery,"creal,oats,Jams&Honey",Protein Vanilla Flakes 250g,76.0,Real,250g  |  EGP 30.40/100g,,,,,,2026-06-25
Z840D6CC4BDB7B7743AF8Z,noon,Grocery,"creal,oats,Jams&Honey",Citrus Honey 420 grams,108.25,El bawadi,420g  |  EGP 25.77/100g,,,,,,2026-06-25
Z4AD066C7E02648C47170Z,noon,Grocery,"creal,oats,Jams&Honey",Nawara Clover Honey Hexagonal 250grams,71.75,Imtenan,250g  |  EGP 28.70/100g,,,,,,2026-06-25
ZEAC6F66419662190BE3DZ,noon,Grocery,"creal,oats,Jams&Honey",Natural Citrus Honey 500g,195.0,Haj Arafa,500g  |  EGP 39.00/100g,,,,,,2026-06-25
Z6CFB0EEDFE09E8E86096Z,noon,Grocery,"creal,oats,Jams&Honey",Saegh Alfalfa Blossom Honey 450 gm,119.0,Saegh,450g  |  EGP 26.44/100g,,,,,,2026-06-25
ZBDCD62CBB00CEC17CD3FZ,noon,Grocery,"creal,oats,Jams&Honey",Sesame Halawa with Hazelnuts 250gm,69.0,Halwani Bros,250g  |  EGP 27.60/100g,,,,,,2026-06-25
N44807102A,noon,Grocery,"creal,oats,Jams&Honey",Black Cherry Jam Mini Jar - 28.3grams,18.0,Hero,28.3g  |  EGP 63.60/100g,,,,,,2026-06-25
ZB21CE2FEB8829FF2A6C6Z,noon,Grocery,"creal,oats,Jams&Honey",Chewy Bar With Marshmallow Flavor - 144 Gram Pack of 8,81.0,Lino,1.152kg  |  EGP 7.03/100g,,,,,,2026-06-25
N35958670A,noon,Grocery,"creal,oats,Jams&Honey",Creamy Peanut Butter 340grams,96.0,DOBELLA,340g  |  EGP 28.24/100g,,,,,,2026-06-25
N47961266A,noon,Grocery,"creal,oats,Jams&Honey",Spread Chocolate With Mint 475grams,125.0,Lavida,475g  |  EGP 26.32/100g,,,,,,2026-06-25
Z1B4F71F11E39A188B54BZ,noon,Grocery,"creal,oats,Jams&Honey",Sesame Halawa With Chocolate 530g,95.0,Halwani Bros,530g  |  EGP 17.92/100g,,,,,,2026-06-25
Z0D5D29476479C54C88F2Z,noon,Grocery,"creal,oats,Jams&Honey",Spring Blossom Honey 780 grams,193.25,El bawadi,780g  |  EGP 24.78/100g,,,,,,2026-06-25
Z300054146D1116E474AEZ,noon,Grocery,"creal,oats,Jams&Honey",Fruit Preserve Fig Jam Glass Jar 340 grams,41.0,Halwani Bros,380g  |  EGP 10.79/100g,,,,,,2026-06-25
ZF01A4AD64B95D0921A15Z,noon,Grocery,"creal,oats,Jams&Honey",Hadrami Mountain Sidr Honey 2.25kg,4752.0,Imtenan,2.25kg  |  EGP 211.20/100g,,,,,,2026-06-25
ZCDC7AA0A4395934A9142Z,noon,Grocery,"creal,oats,Jams&Honey",Abu Auf Almond Butter 180 gm,299.95,Abu Auf,180g  |  EGP 166.64/100g,,,,,,2026-06-25
N40201455A,noon,Grocery,"creal,oats,Jams&Honey",High Protein Instant Blueberry Oat Meal 300grams,70.25,Kayy,300g  |  EGP 23.42/100g,,,,,,2026-06-25
N35958657A,noon,Grocery,"creal,oats,Jams&Honey",Oat Flakes Bag 500grams,73.0,DOBELLA,500g  |  EGP 14.60/100g,,,,,,2026-06-25
Z7D5ADC5221BF351411D4Z,noon,Grocery,"creal,oats,Jams&Honey",ماكستيلا سبريد الشوكولاتة بالبندق – 900 جرام | كريمة كاكاو بالبندق ناعمة للإفطار والحلويات,175.0,ماكس تيلا,900g  |  EGP 19.44/100g,,,,,,2026-06-25
ZB375C232D32C8E5723CAZ,noon,Grocery,"creal,oats,Jams&Honey",Kind kids Spread Cream 350 gm,99.0,ASMACUP,350g  |  EGP 28.29/100g,,,,,,2026-06-25
ZB1BCCBE9B56DF5292D8CZ,noon,Grocery,"creal,oats,Jams&Honey",Maxtella White Spread Chocolate – Creamy Cocoa Butter Substitute – Sweet White Chocolate Flavor – 350g Jar,175.0,Maxtella,900g  |  EGP 19.44/100g,,,,,,2026-06-25
Z70BB90F84A0B0D28EA5BZ,noon,Grocery,"creal,oats,Jams&Honey",Clover Flower Honey 780 grams,217.0,El bawadi,780g  |  EGP 27.82/100g,,,,,,2026-06-25
Z5D5F1CDFBCB4EE4AAC3AZ,noon,Grocery,"creal,oats,Jams&Honey",Crunchy Pillow 250 Gram,84.0,Kiddo,250g  |  EGP 33.60/100g,,,,,,2026-06-25
Z0504D0D52699454DF1D2Z,noon,Grocery,"creal,oats,Jams&Honey",Delicia Peanut Butter No Added Sugar 300gm,136.25,Hero,300g  |  EGP 45.42/100g,,,,,,2026-06-25
N51893766A,noon,Grocery,"creal,oats,Jams&Honey",Cooking oats 450grams,88.25,Abu Auf,450g  |  EGP 19.61/100g,,,,,,2026-06-25
Z35B048A0427F29E56BA3Z,noon,Grocery,"creal,oats,Jams&Honey",BARS 25g - 6 Bars,115.0,Nesquik,150g  |  EGP 76.67/100g,,,,,,2026-06-25
N28548502A,noon,Grocery,"creal,oats,Jams&Honey",Fruit Muesli 1kg,337.0,Sante,1000g  |  EGP 33.70/100g,,,,,,2026-06-25
ZED330BB26A58F6584666Z,noon,Grocery,"creal,oats,Jams&Honey",Healthy Spread Chocolate Extra Nuts with Hazelnut Pieces 375 gm,216.0,Milkato,375g  |  EGP 57.60/100g,,,,,,2026-06-25
ZD3CE280CF402B0F17C89Z,noon,Grocery,"creal,oats,Jams&Honey",Arkan Premium Halva with Extra Walnuts – 500g | Authentic Middle Eastern Sesame Sweet | Traditional Dessert Egypt,250.0,ARKAN,500g  |  EGP 14.17/oz,,,,,,2026-06-25
N52188264A,noon,Grocery,"creal,oats,Jams&Honey",Delicia Crunchy Peanut Butter - 300grams,136.25,Hero,300g  |  EGP 45.42/100g,,,,,,2026-06-25
N34912219A,noon,Grocery,"creal,oats,Jams&Honey",Chocolate Puffs With Oats 375grams,104.0,Lino,375g  |  EGP 27.73/100g,,,,,,2026-06-25
ZB1EBB9F63CE069D383CEZ,noon,Grocery,"creal,oats,Jams&Honey",Maxtella Chocolate Hazelnut Spread - 900 Gm,157.5,Maxtella,900g  |  EGP 17.50/100g,,,,,,2026-06-25
N52490737A,noon,Grocery,"creal,oats,Jams&Honey",Pure Black Seed Honey - 450grams,158.75,ISIS,450g  |  EGP 35.28/100g,,,,,,2026-06-25
Z6DD80919207A0F22FF46Z,noon,Grocery,"creal,oats,Jams&Honey",Date Spread With Hazelnut 230g,140.75,Imtenan,230g  |  EGP 61.20/100g,,,,,,2026-06-25
Z1265D3E3F576F578F874Z,noon,Grocery,"creal,oats,Jams&Honey",Keto Double Chocolate Bar 60 grams,100.0,HEALTHY & TASTY,60g  |  EGP 166.67/100g,,,,,,2026-06-25
ZFF638991D748CB593F57Z,noon,Grocery,"creal,oats,Jams&Honey","Chocolate spread from X Spread with natural hazelnut pieces, 350 g.",90.0,Mozn,350g  |  EGP 25.71/100g,,,,,,2026-06-25
N28907202A,noon,Grocery,"creal,oats,Jams&Honey",Jumbo Oats Can 500grams,123.0,Lino,500g  |  EGP 24.60/100g,,,,,,2026-06-25
Z67E4983F4C7BB9BE04B1Z,noon,Grocery,"creal,oats,Jams&Honey",Maxtella Chocolate Hazelnut Spread – 450g Jar – Rich Creamy Chocolate with Premium Hazelnuts,94.99,Maxtella,450g  |  EGP 21.11/100g,,,,,,2026-06-25
ZBAC47AFBE9D043CC1535Z,noon,Grocery,"creal,oats,Jams&Honey",Classic Chocolate Spread With hazelnut 900g,270.0,Milkato,900g  |  EGP 30.00/100g,,,,,,2026-06-25
Z2519ADEA5027508C785AZ,noon,Grocery,"creal,oats,Jams&Honey",Hazelnut Spread Chocolate-350g,144.0,Milkato,350g  |  EGP 41.14/100g,,,,,,2026-06-25
N29762167A,noon,Grocery,"creal,oats,Jams&Honey",Delicia Peanut Butter Creamy - 300grams,136.25,Hero,300g  |  EGP 45.42/100g,,,,,,2026-06-25
Z53AE791D18FC1EFFE59EZ,noon,Grocery,"creal,oats,Jams&Honey",Guilt Free Chocolate Spread High Protein-370G,350.0,Organic Nation,370g  |  EGP 94.59/100g,,,,,,2026-06-25
N30344946A,noon,Grocery,"creal,oats,Jams&Honey",Advanced Protein Bar - Coconut And Honey 70grams,45.0,ASN,70g  |  EGP 64.29/100g,,,,,,2026-06-25
Z781877CEA9C5326C150DZ,noon,Grocery,"creal,oats,Jams&Honey",Blackstrap Molasses 800g,71.0,Shana,800g  |  EGP 8.88/100g,,,,,,2026-06-25
ZDB0A4A2B5B2DBFFDDD6BZ,noon,Grocery,"creal,oats,Jams&Honey",Natural Peanut Butter with Honey — 350 g,126.0,ASMACUP,350g  |  EGP 0.36/100g,,,,,,2026-06-25
ZD766CEB962EB20BE569BZ,noon,Grocery,"creal,oats,Jams&Honey",Protein Flex Caramel Loops 250g,76.0,Real,250g  |  EGP 30.40/100g,,,,,,2026-06-25
N28675993A,noon,Grocery,"creal,oats,Jams&Honey",Peanut Butter Crunchy - 300grams,98.25,class,300g  |  EGP 32.75/100g,,,,,,2026-06-25
ZA31487989356E91E27EEZ,noon,Grocery,"creal,oats,Jams&Honey",Speculoos Biscuits Spread 380 gm,171.0,Milkato,380g  |  EGP 45.00/100g,,,,,,2026-06-25
Z6A8CACC9AD838D13AC9EZ,noon,Grocery,"creal,oats,Jams&Honey",Healthy Spread  Chocolate Original with Hazelnut 375 gm,200.0,Milkato,375g  |  EGP 53.33/100g,,,,,,2026-06-25
ZE6568F9C9EEB2C485A41Z,noon,Grocery,"creal,oats,Jams&Honey",Egyptian Mountain Sidr Honey 500 grams,538.5,Imtenan,500g  |  EGP 107.70/100g,,,,,,2026-06-25
ZDBA75E2F0D2782F53A15Z,noon,Grocery,"creal,oats,Jams&Honey",Nutella Original Hazelnut & Cocoa Spread – 1000g,1200.0,Nutella,1000g  |  EGP 120.00/100g,,,,,,2026-06-25
Z60340007EC39DC70BC45Z,noon,Grocery,"creal,oats,Jams&Honey",biscuit Spread Cream 200 Gm,81.0,ASMACUP,200g  |  EGP 40.50/100g,,,,,,2026-06-25
Z2A46994361CAECBF0840Z,noon,Grocery,"creal,oats,Jams&Honey",ARKAN Vanilla Flavored Halawa – Sweet Sesame Tahini Confectionery – Traditional Middle Eastern Dessert – 300g,110.0,ARKAN,300g  |  EGP 36.67/100g,,,,,,2026-06-25
N28940007A,noon,Grocery,"creal,oats,Jams&Honey",Strawberry Fruit Jam 284grams,310.0,St.Dalfour,284g  |  EGP 109.15/100g,,,,,,2026-06-25
Z2E6F9211FA9DB57EE875Z,noon,Grocery,"creal,oats,Jams&Honey",عسل سدر جبلي طبيعي فاخر – 400 جم | نقي، صحي، أصيل,550.0,,1000g  |  EGP 55.00/100g,,,,,,2026-06-25
ZE3E1CD3F48950B0F6608Z,noon,Grocery,"creal,oats,Jams&Honey",Healthy Matcha Granola 275G,239.0,Greenuts,275g  |  EGP 86.91/100g,,,,,,2026-06-25
Z1DDAB03A25D4D659BE9FZ,noon,Grocery,"creal,oats,Jams&Honey",Gold Hazelnuts Cream 350 gm,180.0,Milkato,350g  |  EGP 51.43/100g,,,,,,2026-06-25
Z608E0BF2AD0E16783B7DZ,noon,Grocery,"creal,oats,Jams&Honey",Plain Date Spread 230g,92.5,Imtenan,230g  |  EGP 40.22/100g,,,,,,2026-06-25
ZDD63BFAFA8AC6D96B249Z,noon,Grocery,"creal,oats,Jams&Honey",Crunchy Caramel Bar- 23.5 gm - pack of 6,107.0,Fitness,23.5g  |  EGP 455.32/100g,,,,,,2026-06-25
Z474CCC0F72DEAA126622Z,noon,Grocery,"creal,oats,Jams&Honey",Chocolate Hazelnut Spread 350g,108.0,ASMACUP,350g  |  EGP 30.86/100g,,,,,,2026-06-25
ZAD6B876D43B1D47C3F8CZ,noon,Grocery,"creal,oats,Jams&Honey","Max tilla Hazelnut and Chocolate Spread Savings Bundle - 3 Packs x 900g (Total 2.7kg) - Rich Flavor & Creamy Texture, Perfect for Sandwiches, Crepes and Desserts",480.0,Maxtella,2.7kg  |  EGP 17.78/100g,,,,,,2026-06-25
Z02D1837EDABC2817543EZ,noon,Grocery,"creal,oats,Jams&Honey",Pistachio Spread Cream 1 KG,585.0,ASMACUP,1000g  |  EGP 58.50/100g,,,,,,2026-06-25
N48663602A,noon,Grocery,"creal,oats,Jams&Honey",Breakfast Cereals with Oats 500grams,95.0,Lino,500g  |  EGP 19.00/100g,,,,,,2026-06-25
Z5C1CAA79693645379F4AZ,noon,Grocery,"creal,oats,Jams&Honey",Tahina 115g + Black Honey 335 grams,65.25,El bawadi,350g  |  EGP 18.64/100g,,,,,,2026-06-25
N38731566A,noon,Grocery,"creal,oats,Jams&Honey",Chestnut 370grams,293.0,Bonne Maman,370g  |  EGP 79.19/100g,,,,,,2026-06-25
ZD1B3A6318F79D4FF8EE9Z,noon,Grocery,"creal,oats,Jams&Honey",Apricot Creamy Jam- 350 Gram,40.0,El bawadi,365g  |  EGP 10.96/100g,,,,,,2026-06-25
Z225CA5CD6423415B34AFZ,noon,Grocery,"creal,oats,Jams&Honey",Arkan Chocolate Halawa 300g – Premium Egyptian Sesame Sweet with Chocolate Swirls | Traditional Halva Dessert,99.99,ARKAN,300g  |  EGP 33.33/100g,,,,,,2026-06-25
Z89D8E02BC3947A4D2F4CZ,noon,Grocery,"creal,oats,Jams&Honey",Citrus Honey 1kg,344.0,Imtenan,1000g  |  EGP 34.40/100g,,,,,,2026-06-25
N29595078A,noon,Grocery,"creal,oats,Jams&Honey",Vitrac Strawberry Jam 230grams,35.0,Vitrac,230g  |  EGP 15.22/100g,,,,,,2026-06-25
N28852319A,noon,Grocery,"creal,oats,Jams&Honey",Muesli Choclate And Hazelunt 375grams,157.0,Lino,375g  |  EGP 41.87/100g,,,,,,2026-06-25
Z4BCF2C8B9BB7684D8F8DZ,noon,Grocery,"creal,oats,Jams&Honey",Chocolate peanut butter 375g,340.0,HEALTHY & TASTY,375g  |  EGP 90.67/100g,,,,,,2026-06-25
ZF8AB106DAA2F7F26E9A8Z,noon,Grocery,"creal,oats,Jams&Honey",Wildflower Honey 1kg,332.0,Imtenan,1000g  |  EGP 33.20/100g,,,,,,2026-06-25
Z19E93885F59F34985277Z,noon,Grocery,"creal,oats,Jams&Honey",Honey Nuts 350grams,321.0,Imtenan,350g  |  EGP 91.71/100g,,,,,,2026-06-25
Z3B81BFF10B097BC8AA4CZ,noon,Grocery,"creal,oats,Jams&Honey",Clover Honey 1kg,315.0,Imtenan,1000g  |  EGP 31.50/100g,,,,,,2026-06-25
ZF1B4DB1D58BE548C2F0CZ,noon,Grocery,"creal,oats,Jams&Honey","Greenuts Pistachio Matcha Granola 300g – Crunchy Oats with Japanese Matcha & Roasted Pistachios, High Fiber Natural Breakfast Cereal",229.0,Greenuts,300g  |  EGP 76.33/100g,,,,,,2026-06-25
ZD4EBF3BE2DF8814A069AZ,noon,Grocery,"creal,oats,Jams&Honey",Fruit Preserve Strawberry Jam Glass Jar 700 grams,79.25,Halwani Bros,750g  |  EGP 10.57/100g,,,,,,2026-06-25
Z3877A6798C29C6FD5E82Z,noon,Grocery,"creal,oats,Jams&Honey","Mix Chocolate & Cream Spread — 350 g | Double Flavor Cocoa & Vanilla Swirl | Smooth Texture, Rich Taste, No Palm Oil",126.0,ASMACUP,350g  |  EGP 0.36/100g,,,,,,2026-06-25
N44807100A,noon,Grocery,"creal,oats,Jams&Honey",Raspberry Jam Mini Jar - 28.3grams,18.0,Hero,28.3g  |  EGP 63.60/100g,,,,,,2026-06-25
N48663851A,noon,Grocery,"creal,oats,Jams&Honey",Four Fruits Jam Spread 284grams,310.0,St.Dalfour,284g  |  EGP 109.15/100g,,,,,,2026-06-25
N48663850A,noon,Grocery,"creal,oats,Jams&Honey",Blackberry Jam Spread 284grams,310.0,St.Dalfour,284g  |  EGP 109.15/100g,,,,,,2026-06-25
ZE3E72499D682525398BFZ,noon,Grocery,"creal,oats,Jams&Honey",Apricot jam 190 grams,28.25,El bawadi,190g  |  EGP 14.87/100g,,,,,,2026-06-25
N27747732A,noon,Grocery,"creal,oats,Jams&Honey",Corn Flakes 250grams,103.0,Sante,250g  |  EGP 41.20/100g,,,,,,2026-06-25
Z2EAB4EF9E583BE0A8478Z,noon,Grocery,"creal,oats,Jams&Honey",Nutella Hazelnut Spread with Cocoa 350g,321.0,Nutella,180g  |  EGP 178.33/100g,,,,,,2026-06-25
Z93E5E82262505BF633F0Z,noon,Grocery,"creal,oats,Jams&Honey",Secrets Protein Bar-70G-Blueberry Cheese Cake,75.0,Organic Nation,70g  |  EGP 107.14/100g,,,,,,2026-06-25
ZE3E1CD3F48950B0F6608Z,noon,Grocery,"creal,oats,Jams&Honey",Healthy Matcha Granola 275G,239.0,Greenuts,275g  |  EGP 86.91/100g,,,,,,2026-06-25
Z1DDAB03A25D4D659BE9FZ,noon,Grocery,"creal,oats,Jams&Honey",Gold Hazelnuts Cream 350 gm,180.0,Milkato,350g  |  EGP 51.43/100g,,,,,,2026-06-25
Z474CCC0F72DEAA126622Z,noon,Grocery,"creal,oats,Jams&Honey",Chocolate Hazelnut Spread 350g,108.0,ASMACUP,350g  |  EGP 30.86/100g,,,,,,2026-06-25
ZAE98C63D39DE642433B8Z,noon,Grocery,"creal,oats,Jams&Honey",Pistachio butter 210g,440.0,HEALTHY & TASTY,210g  |  EGP 209.52/100g,,,,,,2026-06-25
Z04B266C5E855BE121913Z,noon,Grocery,"creal,oats,Jams&Honey",Strawberry Pillow 250 Gram,84.0,Kiddo,250g  |  EGP 33.60/100g,,,,,,2026-06-25
Z927579C8E3ABEE29D113Z,noon,Grocery,"creal,oats,Jams&Honey",Nuts Bar Salted Pretzel & Almond Nut 40 grams,46.0,Abu Auf,40g  |  EGP 115.00/100g,,,,,,2026-06-25
Z300A1F0347FBFBCE998CZ,noon,Grocery,"creal,oats,Jams&Honey",Date Spread with Cinnamon 230g,106.25,Abu Auf,230g  |  EGP 46.20/100g,,,,,,2026-06-25
Z0D8780DC047CAF9EB807Z,noon,Grocery,"creal,oats,Jams&Honey",Saegh black honey  1200 gm,102.0,Saegh,1.2kg  |  EGP 8.50/100g,,,,,,2026-06-25
Z3161402008DD5B848D57Z,noon,Grocery,"creal,oats,Jams&Honey",Choco Puffs 250 grams,61.0,TOLO,250g  |  EGP 24.40/100g,,,,,,2026-06-25
Z7A1301E80FCBD731CFD8Z,noon,Grocery,"creal,oats,Jams&Honey",Ginger honey 350 grams - 100% natural from Uni Smart Group,110.0,Uni Smart Group,350g  |  EGP 31.43/100g,,,,,,2026-06-25
ZAD6B876D43B1D47C3F8CZ,noon,Grocery,"creal,oats,Jams&Honey","Max tilla Hazelnut and Chocolate Spread Savings Bundle - 3 Packs x 900g (Total 2.7kg) - Rich Flavor & Creamy Texture, Perfect for Sandwiches, Crepes and Desserts",480.0,Maxtella,2.7kg  |  EGP 17.78/100g,,,,,,2026-06-25
N42554195A,noon,Grocery,"creal,oats,Jams&Honey",Natural Honey- 225grams,72.0,Hero,225g  |  EGP 32.00/100g,,,,,,2026-06-25
N33801898A,noon,Grocery,"creal,oats,Jams&Honey",Black Seed Honey 400grams,140.0,Organic Nation,400g  |  EGP 35.00/100g,,,,,,2026-06-25
Z57B46F3A67F08ED1B903Z,noon,Grocery,"creal,oats,Jams&Honey",Creamy Peanut Butter 360g,142.0,Shana,360g  |  EGP 39.44/100g,,,,,,2026-06-25
Z2A5563836B42FDE39755Z,noon,Grocery,"creal,oats,Jams&Honey",Honey Clover-400G,140.0,Organic Nation,400g  |  EGP 35.00/100g,,,,,,2026-06-25
ZA9B3C40B9462B6AC3AF0Z,noon,Grocery,"creal,oats,Jams&Honey",Yummies Caramel With Coffee Spread 300g,75.0,El bawadi,300g  |  EGP 0.25/100g,,,,,,2026-06-25
N28548493A,noon,Grocery,"creal,oats,Jams&Honey",Crunchy Nuts & Almond Bar 40grams,26.0,Sante,40g  |  EGP 65.00/100g,,,,,,2026-06-25
N29012954A,noon,Grocery,"creal,oats,Jams&Honey",Clover Honey 750grams,196.0,Al Shifa,750g  |  EGP 26.13/100g,,,,,,2026-06-25
Z02D1837EDABC2817543EZ,noon,Grocery,"creal,oats,Jams&Honey",Pistachio Spread Cream 1 KG,585.0,ASMACUP,1000g  |  EGP 58.50/100g,,,,,,2026-06-25
Z96387ADE9E475811B05DZ,noon,Grocery,"creal,oats,Jams&Honey",Nawara Honey 980 grams - 100% natural from Uni Smart Group,200.0,Uni Smart Group,980g  |  EGP 20.41/100g,,,,,,2026-06-25
Z44A8181C9AC111A8AAFCZ,noon,Grocery,"creal,oats,Jams&Honey",asmacup White Chocolate Oreo Spread 900 gm,202.5,ASMACUP,900g  |  EGP 22.50/100g,,,,,,2026-06-25
ZB8E7C8AF706E781CD731Z,noon,Grocery,"creal,oats,Jams&Honey",Hazelnut Chocolate Spread 900g,179.1,ASMACUP,900g  |  EGP 19.90/100g,,,,,,2026-06-25
ZEB59A17295F29E4721C2Z,noon,Grocery,"creal,oats,Jams&Honey",Quick Cooking Oats Set - 300 Gram,75.25,Lino,300g  |  EGP 25.08/100g,,,,,,2026-06-25
Z5D5E063D2FE1C5D29D54Z,noon,Grocery,"creal,oats,Jams&Honey",Saegh honey with nuts 250g,137.0,Saegh,250g  |  EGP 15.54/oz,,,,,,2026-06-25
N25262586A,noon,Grocery,"creal,oats,Jams&Honey",Jam With Strawberry Flavor - Light - 320grams,81.0,Hero,320g  |  EGP 25.31/100g,,,,,,2026-06-25
Z8F11FD8CFB38F18461BBZ,noon,Grocery,"creal,oats,Jams&Honey",Rocher spread Cream  Irresistible Luxurious Rocher Goodness 350 gm,162.0,ASMACUP,350g  |  EGP 46.29/100g,,,,,,2026-06-25
Z494C85084FCD5952D8E5Z,noon,Grocery,"creal,oats,Jams&Honey",Max Tella Hazelnut and Cocoa Chocolate Spread - Rich Creamy Texture for Breakfast & Desserts - Value Pack 900g,175.0,Maxtella,1.8kg  |  EGP 9.72/100g,,,,,,2026-06-25
ZA6189E51D31876991243Z,noon,Grocery,"creal,oats,Jams&Honey",Ferrero Nutella Chocolate 600 gm,499.95,Nutella,600g  |  EGP 83.32/100g,,,,,,2026-06-25
N29598752A,noon,Grocery,"creal,oats,Jams&Honey",Strawberry Jam 340grams,160.0,Prima Frutta,340g  |  EGP 47.06/100g,,,,,,2026-06-25
Z1ACFB0C3E83A7BF8B5E2Z,noon,Grocery,"creal,oats,Jams&Honey",فستق اسبريد  200 جرام,179.1,اسماكب,200g  |  EGP 89.55/100g,,,,,,2026-06-25
Z4BA27EF7129F14D5CBC5Z,noon,Grocery,"creal,oats,Jams&Honey",Maxtella Chocolate Hazelnut Spread - 320g,99.99,Maxtella,320g  |  EGP 31.25/100g,,,,,,2026-06-25
N42307145A,noon,Grocery,"creal,oats,Jams&Honey",Halawa Spread 285grams,71.25,El bawadi,285g  |  EGP 25.00/100g,,,,,,2026-06-25
N28907195A,noon,Grocery,"creal,oats,Jams&Honey",Honey Rings With Oats 250grams,75.25,Lino,250g  |  EGP 30.10/100g,,,,,,2026-06-25
Z68CF8B04AD481192FE2BZ,noon,Grocery,"creal,oats,Jams&Honey",Tahini Halva 250g,150.0,HEALTHY & TASTY,250g  |  EGP 60.00/100g,,,,,,2026-06-25
Z5775D2E62AB16614B101Z,noon,Grocery,"creal,oats,Jams&Honey",Nawara Honey 344 grams - 100% natural from Uni Smart Group,60.0,Uni Smart Group,344g  |  EGP 17.44/100g,,,,,,2026-06-25
N28852323A,noon,Grocery,"creal,oats,Jams&Honey",Cornflakes Chocolate Puffs 250grams,82.25,Lino,250g  |  EGP 32.90/100g,,,,,,2026-06-25
Z3D684EC7B8F717AB7B3CZ,noon,Grocery,"creal,oats,Jams&Honey",Nawara honey with honey 450 g,126.0,Shana nature house,470g  |  EGP 26.81/100g,,,,,,2026-06-25
Z6DA6119CD13785550967Z,noon,Grocery,"creal,oats,Jams&Honey",Dubai filling Kunafa & Pistachio 500 Gram,243.0,ASMACUP,450g  |  EGP 54.00/100g,,,,,,2026-06-25
Z8925E56E5B6129F00030Z,noon,Grocery,"creal,oats,Jams&Honey","Alsham NEBRAS Apricot Jam – Premium Natural Fruit Spread, Authentic Taste, Golden Lid Jar, 450g",89.99,ALSHAM NEBRAS,450g  |  EGP 20.00/100g,,,,,,2026-06-25
ZADB356E5ADE6375C7589Z,noon,Grocery,"creal,oats,Jams&Honey",Fig jam 350 grams,43.0,El bawadi,350g  |  EGP 12.29/100g,,,,,,2026-06-25
ZC85B6E60E0C8FC0EF251Z,noon,Grocery,"creal,oats,Jams&Honey",Summer Flowers Honey 850 gm,250.0,ZARY,850g  |  EGP 29.41/100g,,,,,,2026-06-25
Z57EDF6148520E2D85BE9Z,noon,Grocery,"creal,oats,Jams&Honey","Maxtella - Soft Hazelnut Chocolate Spread with Cocoa Butter Substitutes, 200g",74.99,Maxtella,220g  |  EGP 34.09/100g,,,,,,2026-06-25
ZB1BCCBE9B56DF5292D8CZ,noon,Grocery,"creal,oats,Jams&Honey",Maxtella White Spread Chocolate – Creamy Cocoa Butter Substitute – Sweet White Chocolate Flavor – 350g Jar,175.0,Maxtella,900g  |  EGP 19.44/100g,,,,,,2026-06-25
ZBB71302CCE11CDD170BDZ,noon,Grocery,"creal,oats,Jams&Honey","Max Tella - Smooth Hazelnut Chocolate Cream - Rich Cocoa Butter & Hazelnut Spread - Family Pack (Specify Weight, e.g., 1kg)",175.0,Maxtella,900g  |  EGP 19.44/100g,,,,,,2026-06-25
N28548503A,noon,Grocery,"creal,oats,Jams&Honey",Oat Flakes 500grams,91.0,Sante,500g  |  EGP 18.20/100g,,,,,,2026-06-25
ZB6757E682251979B1515Z,noon,Grocery,"creal,oats,Jams&Honey","El Mordjene Hazelnut Cream Spread – 700g Jar – Smooth & Creamy Chocolate Hazelnut Spread for Bread, Toast, Desserts, Baking & Sweet Snacks",899.0,El Mordjene,700g  |  EGP 1.28/100g,,,,,,2026-06-25
ZF7AA1902B66599EC375CZ,noon,Grocery,"creal,oats,Jams&Honey",Honey With Beeswax 500g,155.0,Haj Arafa,500g  |  EGP 31.00/100g,,,,,,2026-06-25
Z8B3EF8B7745C02E46C22Z,noon,Grocery,"creal,oats,Jams&Honey",Al Maeda Honey Blend – Honey Substitute 800 g + 800 g,169.0,Saegh,1.6kg  |  EGP 10.56/100g,,,,,,2026-06-25
Z587C01396C25B3B2A9ACZ,noon,Grocery,"creal,oats,Jams&Honey","Al-Jabli Russian White Creamed Honey (Manila Blossom) – Smooth Texture & Sweet Taste, Natural Sugar Alternative – 250 g",550.0,AlGable,250g  |  EGP 220.00/100g,,,,,,2026-06-25
ZD9D0A6CA7B496DA78385Z,noon,Grocery,"creal,oats,Jams&Honey",Blackseed Honey Hexagonal 250grams,93.5,Imtenan,250g  |  EGP 37.40/100g,,,,,,2026-06-25
Z2FBE6B9D42D3FF025869Z,noon,Grocery,"creal,oats,Jams&Honey",Thistle Honey Hexagonal 450grams,163.0,Imtenan,450g  |  EGP 36.22/100g,,,,,,2026-06-25
Z04C063AF7520C2DCA56BZ,noon,Grocery,"creal,oats,Jams&Honey","Italian Choco Cream – Smooth & Rich Chocolate Spread | Pack of 12 | Perfect for Bread, Pastries & Desserts",273.75,SOCADO,12 pieces  |  EGP 22.81/piece,,,,,,2026-06-25
Z6549FFFC3083E464A24AZ,noon,Grocery,"creal,oats,Jams&Honey",Sokradorf Healthy Roasted Almond Butter – Zero Added Sugar – Natural Almond Spread – 300g,450.0,sokradorf,300g  |  EGP 150.00/100g,,,,,,2026-06-25
N28548439A,noon,Grocery,"creal,oats,Jams&Honey",Choco Pops 250grams,55.0,Cornexi,250g  |  EGP 22.00/100g,,,,,,2026-06-25
ZD14F1EA662667E2D59F3Z,noon,Grocery,"creal,oats,Jams&Honey",Chococremo 250 Gram,77.0,Kiddo,250g  |  EGP 30.80/100g,,,,,,2026-06-25
N27747763A,noon,Grocery,"creal,oats,Jams&Honey",Crispy Bar Granola Chocolate & Oats 40grams,32.0,Sante,40g  |  EGP 80.00/100g,,,,,,2026-06-25
N30856912A,noon,Grocery,"creal,oats,Jams&Honey",Apricot Jam 360grams,36.0,Add-Me,360g  |  EGP 10.00/100g,,,,,,2026-06-25
N28907189A,noon,Grocery,"creal,oats,Jams&Honey",Creamy Peanut Butter 340grams,153.0,Lino,340g  |  EGP 45.00/100g,,,,,,2026-06-25
N29762006A,noon,Grocery,"creal,oats,Jams&Honey",Vitrac Strawberry Jam - 430grams,58.75,Vitrac,430g  |  EGP 13.66/100g,,,,,,2026-06-25
Z014B432297C03B0E2E51Z,noon,Grocery,"creal,oats,Jams&Honey",Citrus Blossom Honey- 125 grams,63.0,Royal,125g  |  EGP 50.40/100g,,,,,,2026-06-25
N29779382A,noon,Grocery,"creal,oats,Jams&Honey",Blueberry Jam 340grams,185.0,Prima Frutta,340g  |  EGP 54.41/100g,,,,,,2026-06-25
ZD21B7E90ED2B0F1BF719Z,noon,Grocery,"creal,oats,Jams&Honey",Sesame Halawa With Pistachio 530 grams,208.0,Halwani Bros,530g  |  EGP 39.25/100g,,,,,,2026-06-25
ZCC6B577C6F820F638F8FZ,noon,Grocery,"creal,oats,Jams&Honey",Hazelnut And Cocoa Cream Spreads 300- 315 Gram,115.0,boboo,315g  |  EGP 36.51/100g,,,,,,2026-06-25
N49538578A,noon,Grocery,"creal,oats,Jams&Honey",Peanut Butter Crunchy Diet m 340grams,98.0,DOBELLA,340g  |  EGP 28.82/100g,,,,,,2026-06-25
ZFAA6AFE1AD53F6BDC1A4Z,noon,Grocery,"creal,oats,Jams&Honey",Halawah Spread Keto - Diet - Zero Sugar - 350 gram,425.0,KETO ROCKETS,350g  |  EGP 121.43/100g,,,,,,2026-06-25
Z5F1F72F8A87A1268A9C1Z,noon,Grocery,"creal,oats,Jams&Honey",Honey with nuts 500 grams - 100% natural from Uni Smart Group,200.0,Uni Smart Group,500g  |  EGP 40.00/100g,,,,,,2026-06-25
Z8F11FD8CFB38F18461BBZ,noon,Grocery,"creal,oats,Jams&Honey",Rocher spread Cream  Irresistible Luxurious Rocher Goodness 350 gm,162.0,ASMACUP,350g  |  EGP 46.29/100g,,,,,,2026-06-25
Z1ACFB0C3E83A7BF8B5E2Z,noon,Grocery,"creal,oats,Jams&Honey",فستق اسبريد  200 جرام,179.1,اسماكب,200g  |  EGP 89.55/100g,,,,,,2026-06-25
Z4BA27EF7129F14D5CBC5Z,noon,Grocery,"creal,oats,Jams&Honey",Maxtella Chocolate Hazelnut Spread - 320g,99.99,Maxtella,320g  |  EGP 31.25/100g,,,,,,2026-06-25
Z6C823F146EAA49E0BB62Z,noon,Grocery,"creal,oats,Jams&Honey",Instant White Oats 500 gm,77.0,ZARY,500g  |  EGP 15.40/100g,,,,,,2026-06-25
Z390CEFB240D8712B887FZ,noon,Grocery,"creal,oats,Jams&Honey",Marjoram Natural Honey - 450 grams,138.0,Royal,450g  |  EGP 30.67/100g,,,,,,2026-06-25
ZC314ED96277B6AC2BA49Z,noon,Grocery,"creal,oats,Jams&Honey",Marjoram Natural Honey - 450 grams,138.0,Royal,450g  |  EGP 30.67/100g,,,,,,2026-06-25
N52103813A,noon,Grocery,"creal,oats,Jams&Honey",walnuts honey 250grams,154.0,ISIS,250g  |  EGP 61.60/100g,,,,,,2026-06-25
N29595073A,noon,Grocery,"creal,oats,Jams&Honey",Apricot Light Jam 220grams,44.25,Vitrac,220g  |  EGP 20.11/100g,,,,,,2026-06-25
ZBBDAF9A2445009052FEBZ,noon,Grocery,"creal,oats,Jams&Honey",Clover Flower Honey 420 grams,108.25,El bawadi,420g  |  EGP 25.77/100g,,,,,,2026-06-25
Z3D684EC7B8F717AB7B3CZ,noon,Grocery,"creal,oats,Jams&Honey",Nawara honey with honey 450 g,126.0,Shana nature house,470g  |  EGP 26.81/100g,,,,,,2026-06-25
Z5EAE413FF2DC89648A78Z,noon,Grocery,"creal,oats,Jams&Honey",Marjoram Natural Honey - 125 grams,50.0,Royal,125g  |  EGP 40.00/100g,,,,,,2026-06-25
Z05BB8585A06C4C39FBBCZ,noon,Grocery,"creal,oats,Jams&Honey",Choco Flakes 250 Gram,63.0,Kiddo,250g  |  EGP 25.20/100g,,,,,,2026-06-25
Z1BD86CCFB33E2F6292E6Z,noon,Grocery,"creal,oats,Jams&Honey","Egyptian Royal Clover Honey, 100% Natural Bee Honey - 450g",139.99,Egyptian Royal Honey,450g  |  EGP 31.11/100g,,,,,,2026-06-25
N30328249A,noon,Grocery,"creal,oats,Jams&Honey",Peanut Butter Soft 300grams,99.0,Class A,300g  |  EGP 33.00/100g,,,,,,2026-06-25
N27747729A,noon,Grocery,"creal,oats,Jams&Honey",Crunchy Plum Chocolate Bar 40grams,28.0,Sante,40g  |  EGP 70.00/100g,,,,,,2026-06-25
ZFE2632AAFF15A4EF663BZ,noon,Grocery,"creal,oats,Jams&Honey",Corn Flakes With Chocolate 250g,65.75,Haj Arafa,,,,,,,2026-06-25
Z6DA6119CD13785550967Z,noon,Grocery,"creal,oats,Jams&Honey",Dubai filling Kunafa & Pistachio 500 Gram,243.0,ASMACUP,450g  |  EGP 54.00/100g,,,,,,2026-06-25
ZDE70B05F95FD1CC7E99DZ,noon,Grocery,"creal,oats,Jams&Honey",100% Healthy Corn Flakes 250g,65.75,Haj Arafa,,,,,,,2026-06-25
Z8925E56E5B6129F00030Z,noon,Grocery,"creal,oats,Jams&Honey","Alsham NEBRAS Apricot Jam – Premium Natural Fruit Spread, Authentic Taste, Golden Lid Jar, 450g",89.99,ALSHAM NEBRAS,450g  |  EGP 20.00/100g,,,,,,2026-06-25
Z57EDF6148520E2D85BE9Z,noon,Grocery,"creal,oats,Jams&Honey","Maxtella - Soft Hazelnut Chocolate Spread with Cocoa Butter Substitutes, 200g",74.99,Maxtella,220g  |  EGP 34.09/100g,,,,,,2026-06-25
ZB1BCCBE9B56DF5292D8CZ,noon,Grocery,"creal,oats,Jams&Honey",Maxtella White Spread Chocolate – Creamy Cocoa Butter Substitute – Sweet White Chocolate Flavor – 350g Jar,175.0,Maxtella,900g  |  EGP 19.44/100g,,,,,,2026-06-25
ZF77C0AD2F4278187555FZ,noon,Grocery,"creal,oats,Jams&Honey",Strawberry Zero Sugar Jam  300 grams,198.0,Florentine Foods,300g  |  EGP 66.00/100g,,,,,,2026-06-25
ZC802F59B84A0C4FD32BAZ,noon,Grocery,"creal,oats,Jams&Honey",Peanut butter 375g,300.0,HEALTHY & TASTY,375g  |  EGP 80.00/100g,,,,,,2026-06-25
N52087646A,noon,Grocery,"creal,oats,Jams&Honey",Honey Pure +Free Honey Pure 750+250grams,270.25,ISIS,100g  |  EGP 270.25/100g,,,,,,2026-06-25
ZBB71302CCE11CDD170BDZ,noon,Grocery,"creal,oats,Jams&Honey","Max Tella - Smooth Hazelnut Chocolate Cream - Rich Cocoa Butter & Hazelnut Spread - Family Pack (Specify Weight, e.g., 1kg)",175.0,Maxtella,900g  |  EGP 19.44/100g,,,,,,2026-06-25
ZF0EC57FBB2013037A24DZ,noon,Grocery,"creal,oats,Jams&Honey",Squeeze Citrus Blossom Honey 450grams,138.0,Imtenan,450g  |  EGP 30.67/100g,,,,,,2026-06-25
Z6A7F08F668705F929DF5Z,noon,Grocery,"creal,oats,Jams&Honey",Creamy Peanut Butter - 340 grams,162.0,Ruparel's,340g  |  EGP 47.65/100g,,,,,,2026-06-25
Z1B3232449080167F5776Z,noon,Grocery,"creal,oats,Jams&Honey",Peanut butter with honey -350G,120.0,Organic Nation,350g  |  EGP 34.29/100g,,,,,,2026-06-25
ZD3CE280CF402B0F17C89Z,noon,Grocery,"creal,oats,Jams&Honey",Arkan Premium Halva with Extra Walnuts – 500g | Authentic Middle Eastern Sesame Sweet | Traditional Dessert Egypt,250.0,ARKAN,500g  |  EGP 14.17/oz,,,,,,2026-06-25
Z7D5ADC5221BF351411D4Z,noon,Grocery,"creal,oats,Jams&Honey",ماكستيلا سبريد الشوكولاتة بالبندق – 900 جرام | كريمة كاكاو بالبندق ناعمة للإفطار والحلويات,175.0,ماكس تيلا,900g  |  EGP 19.44/100g,,,,,,2026-06-25
N27747730A,noon,Grocery,"creal,oats,Jams&Honey",Crunchy Cranberry & Raspberry muesli Bar 40grams,38.0,Sante,40g  |  EGP 95.00/100g,,,,,,2026-06-25
Z708A0142CC3D053D705FZ,noon,Grocery,"creal,oats,Jams&Honey",Hazelnut Milk Chocolate Spread 320g,194.0,Haj Arafa,,,,,,,2026-06-25
ZE0B95FC4F2337246F2ECZ,noon,Grocery,"creal,oats,Jams&Honey","B.LABAN Spread Cream Hazelnut Chocolate ,80gm  Pack of 2",108.0,B.laban,160g  |  EGP 0.68/100g,,,,,,2026-06-25
Z1856E9003057B2FE7494Z,noon,Grocery,"creal,oats,Jams&Honey",Curcumin honey 350 grams - 100% natural from Uni Smart Group,110.0,Uni Smart Group,350g  |  EGP 31.43/100g,,,,,,2026-06-25
ZDCA9E83A99EF2A61D19EZ,noon,Grocery,"creal,oats,Jams&Honey",Crunchy Peanut Butter 340g,148.5,Ruparel's,340g  |  EGP 43.68/100g,,,,,,2026-06-25
Z42828349552AA91BC511Z,noon,Grocery,"creal,oats,Jams&Honey","Maxtella Raw Chocolate – Premium Cocoa, Special Offer, Baking & Desserts",59.99,Maxtella,180g  |  EGP 0.33/g,,,,,,2026-06-25
ZB375C232D32C8E5723CAZ,noon,Grocery,"creal,oats,Jams&Honey",Kind kids Spread Cream 350 gm,99.0,ASMACUP,350g  |  EGP 28.29/100g,,,,,,2026-06-25
ZFF638991D748CB593F57Z,noon,Grocery,"creal,oats,Jams&Honey","Chocolate spread from X Spread with natural hazelnut pieces, 350 g.",90.0,Mozn,350g  |  EGP 25.71/100g,,,,,,2026-06-25
ZD5E785018BE5ADCDA9BCZ,noon,Grocery,"creal,oats,Jams&Honey","Chocolate spread from X Spread with natural hazelnut pieces, 850 g",170.0,Mozn,850g  |  EGP 20.00/100g,,,,,,2026-06-25
Z0B0DEB17D996C9EEFF4FZ,noon,Grocery,"creal,oats,Jams&Honey",gotella Dark Chocolate Spread 425 gm,225.0,Gotella Chocolate,425g  |  EGP 52.94/100g,,,,,,2026-06-25
Z67E4983F4C7BB9BE04B1Z,noon,Grocery,"creal,oats,Jams&Honey",Maxtella Chocolate Hazelnut Spread – 450g Jar – Rich Creamy Chocolate with Premium Hazelnuts,94.99,Maxtella,450g  |  EGP 21.11/100g,,,,,,2026-06-25
ZBAC47AFBE9D043CC1535Z,noon,Grocery,"creal,oats,Jams&Honey",Classic Chocolate Spread With hazelnut 900g,270.0,Milkato,900g  |  EGP 30.00/100g,,,,,,2026-06-25
Z2519ADEA5027508C785AZ,noon,Grocery,"creal,oats,Jams&Honey",Hazelnut Spread Chocolate-350g,144.0,Milkato,350g  |  EGP 41.14/100g,,,,,,2026-06-25
N51029376A,noon,Grocery,"creal,oats,Jams&Honey",High Protein Oats With Pumpkin Spice Latte 300grams,86.0,Kayy,300g  |  EGP 28.67/100g,,,,,,2026-06-25
Z1A1AE525F6D0937A997BZ,noon,Grocery,"creal,oats,Jams&Honey",Mariam honey - 15 sachets x 15 grams - from Uni Smart Group,350.0,Uni Smart Group,15 pieces  |  EGP 23.33/piece,,,,,,2026-06-25
N33801899A,noon,Grocery,"creal,oats,Jams&Honey",Citrus Honey 400grams,140.0,Organic Nation,400g  |  EGP 35.00/100g,,,,,,2026-06-25
ZE29265BE959BFAC84A66Z,noon,Grocery,"creal,oats,Jams&Honey",Nuts Bar Cocoa & Hazelnut 40 grams,63.0,Abu Auf,40g  |  EGP 157.50/100g,,,,,,2026-06-25
Z49A1EB88C0682E02ABD9Z,noon,Grocery,"creal,oats,Jams&Honey",Rotus Caramel and Cinnamon Biscuit Topping Sauce - 350g,99.99,Rotus,350g  |  EGP 28.57/100g,,,,,,2026-06-25
Z949EBF1FC49CF7EEEF25Z,noon,Grocery,"creal,oats,Jams&Honey",Super Immune Honey Chocolate falvor 380grams,178.0,Imtenan,380g  |  EGP 46.84/100g,,,,,,2026-06-25
ZE09D101DE46BC0A5A403Z,noon,Grocery,"creal,oats,Jams&Honey","Imtenan Super Immune Honey with Vanilla for Immune Support, 380g",251.0,Imtenan,380g  |  EGP 66.05/100g,,,,,,2026-06-25
ZE81DFC6C7E97AD64F005Z,noon,Grocery,"creal,oats,Jams&Honey",Nawara Al Clover Honey 750 g - 100% Natural from Uni Smart Group,150.0,Uni Smart Group,750g  |  EGP 20.00/100g,,,,,,2026-06-25
Z6DBE11659E1A74BA43D1Z,noon,Grocery,"creal,oats,Jams&Honey",Kunafa Crunchy Halva Spread 300g,75.0,El bawadi,300g  |  EGP 25.00/100g,,,,,,2026-06-25
Z4BA27EF7129F14D5CBC5Z,noon,Grocery,"creal,oats,Jams&Honey",Maxtella Chocolate Hazelnut Spread - 320g,99.99,Maxtella,320g  |  EGP 31.25/100g,,,,,,2026-06-25
N15224305A,noon,Grocery,"creal,oats,Jams&Honey",Jam With Blueberry Flavor - 350grams,107.0,Hero,350g  |  EGP 30.57/100g,,,,,,2026-06-25
ZDACF5E5A566C4C71C543Z,noon,Grocery,"creal,oats,Jams&Honey",Kashmiri Mountain Sidr Honey 180grams,406.0,Imtenan,180g  |  EGP 225.56/100g,,,,,,2026-06-25
N13421849A,noon,Grocery,"creal,oats,Jams&Honey",Caramel And Chocolate Breakfast Cereal 400grams,148.0,Nestle,400g  |  EGP 37.00/100g,,,,,,2026-06-25
N39272816A,noon,Grocery,"creal,oats,Jams&Honey",Crispy Granola Nuts 350grams,267.75,Abu Auf,350g  |  EGP 76.50/100g,,,,,,2026-06-25
N35958662A,noon,Grocery,"creal,oats,Jams&Honey",Oats Quick Cooking 500grams,72.0,MEGA FOODS,500g  |  EGP 14.40/100g,,,,,,2026-06-25
Z5313FD71E0F916098976Z,noon,Grocery,"creal,oats,Jams&Honey",Abu Auf Peanut Butter with Chocolate 330 gm,199.75,Abu Auf,330g  |  EGP 60.53/100g,,,,,,2026-06-25
N52490741A,noon,Grocery,"creal,oats,Jams&Honey",Wax Honey 250 gm 250grams,105.75,ISIS,250g  |  EGP 42.30/100g,,,,,,2026-06-25
Z613B56747548FDBAD3E8Z,noon,Grocery,"creal,oats,Jams&Honey",Chewy Bar With Peanut Butter & Chocolate Chipflavor - 144 Gram Pack of 8,81.0,Lino,1.152kg  |  EGP 7.03/100g,,,,,,2026-06-25
N27682640A,noon,Grocery,"creal,oats,Jams&Honey",Jam With Forest Berry Flavor- Light- 320grams,136.25,Hero,320g  |  EGP 42.58/100g,,,,,,2026-06-25
Z2802E012377F7F84EE01Z,noon,Grocery,"creal,oats,Jams&Honey",Blackseed Honey Hexagonal 450grams,194.0,Imtenan,450g  |  EGP 43.11/100g,,,,,,2026-06-25
Z232E04EECF1D71FE0550Z,noon,Grocery,"creal,oats,Jams&Honey",Strawberry Jam 350 grams,38.25,AL BAWADI,350g  |  EGP 10.93/100g,,,,,,2026-06-25
ZA83F170A908FACFBDB61Z,noon,Grocery,"creal,oats,Jams&Honey",White Chocolate Squeeze 480 Gm Squeeze Bottle,126.0,ASMACUP,480g  |  EGP 26.25/100g,,,,,,2026-06-25
Z42828349552AA91BC511Z,noon,Grocery,"creal,oats,Jams&Honey","Maxtella Raw Chocolate – Premium Cocoa, Special Offer, Baking & Desserts",59.99,Maxtella,180g  |  EGP 0.33/g,,,,,,2026-06-25
ZB375C232D32C8E5723CAZ,noon,Grocery,"creal,oats,Jams&Honey",Kind kids Spread Cream 350 gm,99.0,ASMACUP,350g  |  EGP 28.29/100g,,,,,,2026-06-25
ZFF638991D748CB593F57Z,noon,Grocery,"creal,oats,Jams&Honey","Chocolate spread from X Spread with natural hazelnut pieces, 350 g.",90.0,Mozn,350g  |  EGP 25.71/100g,,,,,,2026-06-25
Z8B35BBBBFB3853AFD847Z,noon,Grocery,"creal,oats,Jams&Honey",Date Spread with Coconut 230g,119.0,Abu Auf,230g  |  EGP 51.74/100g,,,,,,2026-06-25
Z795BCD78E06015767242Z,noon,Grocery,"creal,oats,Jams&Honey",Clover Flower Honey 225 grams,57.25,El bawadi,225g  |  EGP 25.44/100g,,,,,,2026-06-25
N43878351A,noon,Grocery,"creal,oats,Jams&Honey",Marjoram Honey 400grams,160.0,Organic Nation,400g  |  EGP 40.00/100g,,,,,,2026-06-25
ZA6BC5E9956A35BDB010AZ,noon,Grocery,"creal,oats,Jams&Honey",Mix Strawberry & Cream Spread — 350 g,99.0,ASMACUP,350g  |  EGP 0.28/100g,,,,,,2026-06-25
ZE64BD5CA00592301BF76Z,noon,Grocery,"creal,oats,Jams&Honey",Pistachio Premium Sauce 225 Gm,159.3,ASMACUP,225g  |  EGP 70.80/100g,,,,,,2026-06-25
N40074715A,noon,Grocery,"creal,oats,Jams&Honey",Natural Sweetener Molasses 180grams,19.0,El bawadi,180g  |  EGP 10.56/100g,,,,,,2026-06-25
N52834422A,noon,Grocery,"creal,oats,Jams&Honey",Bitter Orange Marmalade Jam Mini Jar - 28.3grams  Single,15.0,Hero,28.3g  |  EGP 53.00/100g,,,,,,2026-06-25
Z67E4983F4C7BB9BE04B1Z,noon,Grocery,"creal,oats,Jams&Honey",Maxtella Chocolate Hazelnut Spread – 450g Jar – Rich Creamy Chocolate with Premium Hazelnuts,94.99,Maxtella,450g  |  EGP 21.11/100g,,,,,,2026-06-25
N29779468A,noon,Grocery,"creal,oats,Jams&Honey",Vitrac Mango Jam - 430grams,55.0,Vitrac,430g  |  EGP 12.79/100g,,,,,,2026-06-25
Z196D6B067D87D76EBAADZ,noon,Grocery,"creal,oats,Jams&Honey",Honey With Nigella Sativa Extract 180grams,93.5,Imtenan,180g  |  EGP 51.94/100g,,,,,,2026-06-25
ZB0C1004FEED69FE879CEZ,noon,Grocery,"creal,oats,Jams&Honey",Fruit Preserve Light Diet Orange Jam Glass Jar 340g,70.0,Halwani Bros,340g  |  EGP 20.59/100g,,,,,,2026-06-25
N27682641A,noon,Grocery,"creal,oats,Jams&Honey",Hero Jam With Raspberry Flavor- Light - 320grams,120.0,Hero,320g  |  EGP 37.50/100g,,,,,,2026-06-25
Z5BB8C97B1AD937178EFCZ,noon,Grocery,"creal,oats,Jams&Honey",Fig Creamy Jam- 350 Gram,37.0,El bawadi,365g  |  EGP 10.14/100g,,,,,,2026-06-25
N29594932A,noon,Grocery,"creal,oats,Jams&Honey",Fig Creamy Jam- 350 Gram,37.0,El bawadi,365g  |  EGP 10.14/100g,,,,,,2026-06-25
ZFB18DF5D827E44F206B4Z,noon,Grocery,"creal,oats,Jams&Honey","Socradorf Chocolate Sesame Cream Spread 300g  No White Sugar, No Hydrogenated Oils",300.0,sokradorf,,,,,,,2026-06-25
ZBAC47AFBE9D043CC1535Z,noon,Grocery,"creal,oats,Jams&Honey",Classic Chocolate Spread With hazelnut 900g,270.0,Milkato,900g  |  EGP 30.00/100g,,,,,,2026-06-25
N44807098A,noon,Grocery,"creal,oats,Jams&Honey",Honey Mini Jar - 28.3grams,19.0,Hero,28.3g  |  EGP 67.14/100g,,,,,,2026-06-25
Z2519ADEA5027508C785AZ,noon,Grocery,"creal,oats,Jams&Honey",Hazelnut Spread Chocolate-350g,144.0,Milkato,350g  |  EGP 41.14/100g,,,,,,2026-06-25
ZED330BB26A58F6584666Z,noon,Grocery,"creal,oats,Jams&Honey",Healthy Spread Chocolate Extra Nuts with Hazelnut Pieces 375 gm,216.0,Milkato,375g  |  EGP 57.60/100g,,,,,,2026-06-25
Z6A8CACC9AD838D13AC9EZ,noon,Grocery,"creal,oats,Jams&Honey",Healthy Spread  Chocolate Original with Hazelnut 375 gm,200.0,Milkato,375g  |  EGP 53.33/100g,,,,,,2026-06-25
Z8A35FF76F33228FF157EZ,noon,Grocery,"creal,oats,Jams&Honey",Granola Bar Choclate And Hazelnut,43.0,Lino,40g  |  EGP 107.50/100g,,,,,,2026-06-25
Z1EC67EF950BD8C09E195Z,noon,Grocery,"creal,oats,Jams&Honey",Citrus Blossom Honey 2 kg,428.0,Shana nature house,2kg  |  EGP 21.40/100g,,,,,,2026-06-25
ZF7E9CDCFB65F90A82D69Z,noon,Grocery,"creal,oats,Jams&Honey",Protein Bar Cocoa 70 grams,56.0,Imtenan,70g  |  EGP 80.00/100g,,,,,,2026-06-25
ZA31487989356E91E27EEZ,noon,Grocery,"creal,oats,Jams&Honey",Speculoos Biscuits Spread 380 gm,171.0,Milkato,380g  |  EGP 45.00/100g,,,,,,2026-06-25
ZD97BF534F9A9B8957E9DZ,noon,Grocery,"creal,oats,Jams&Honey",Raffaello Chocolate Spread 900 gm,198.0,ASMACUP,900g  |  EGP 22.00/100g,,,,,,2026-06-25
ZBCB52C38F865DB5C1C22Z,noon,Grocery,"creal,oats,Jams&Honey",Cereal Bar With Blue Berry Flavor - 168 Gram,97.0,Lino,2.352kg  |  EGP 4.12/100g,,,,,,2026-06-25
ZDA6625B6071BE8F2500AZ,noon,Grocery,"creal,oats,Jams&Honey",Apricot jam 650 grams,63.25,El bawadi,650g  |  EGP 9.73/100g,,,,,,2026-06-25
Z2E6F9211FA9DB57EE875Z,noon,Grocery,"creal,oats,Jams&Honey",عسل سدر جبلي طبيعي فاخر – 400 جم | نقي، صحي، أصيل,550.0,,1000g  |  EGP 55.00/100g,,,,,,2026-06-25
ZE3E1CD3F48950B0F6608Z,noon,Grocery,"creal,oats,Jams&Honey",Healthy Matcha Granola 275G,239.0,Greenuts,275g  |  EGP 86.91/100g,,,,,,2026-06-25
N34912220A,noon,Grocery,"creal,oats,Jams&Honey",Honey Rings With Oats 375grams,104.0,Lino,375g  |  EGP 27.73/100g,,,,,,2026-06-25
N29762539A,noon,Grocery,"creal,oats,Jams&Honey",Vitrac Blueberry Jam - 430grams,73.0,Vitrac,430g  |  EGP 16.98/100g,,,,,,2026-06-25
Z781877CEA9C5326C150DZ,noon,Grocery,"creal,oats,Jams&Honey",Blackstrap Molasses 800g,71.0,Shana,800g  |  EGP 8.88/100g,,,,,,2026-06-25
N15224494A,noon,Grocery,"creal,oats,Jams&Honey",Hero Jam With Apricot Flavor- Light - 320grams,98.75,Hero,320g  |  EGP 30.86/100g,,,,,,2026-06-25
Z66EC7B1C436B90B1BBECZ,noon,Grocery,"creal,oats,Jams&Honey",Guilt free Cashew Spread -200G-Cookies N'Cream,250.0,Organic Nation,200g  |  EGP 125.00/100g,,,,,,2026-06-25
Z1DDAB03A25D4D659BE9FZ,noon,Grocery,"creal,oats,Jams&Honey",Gold Hazelnuts Cream 350 gm,180.0,Milkato,350g  |  EGP 51.43/100g,,,,,,2026-06-25
Z474CCC0F72DEAA126622Z,noon,Grocery,"creal,oats,Jams&Honey",Chocolate Hazelnut Spread 350g,108.0,ASMACUP,350g  |  EGP 30.86/100g,,,,,,2026-06-25
ZAD6B876D43B1D47C3F8CZ,noon,Grocery,"creal,oats,Jams&Honey","Max tilla Hazelnut and Chocolate Spread Savings Bundle - 3 Packs x 900g (Total 2.7kg) - Rich Flavor & Creamy Texture, Perfect for Sandwiches, Crepes and Desserts",480.0,Maxtella,2.7kg  |  EGP 17.78/100g,,,,,,2026-06-25
Z5C34A41B942AAFB7265FZ,noon,Grocery,"creal,oats,Jams&Honey",800g Clover Blossom Honey + Luxury Thermal Mug,200.0,Saegh,,,,,,,2026-06-25
Z5F4EFEEB7EEF55CAF8D2Z,noon,Grocery,"creal,oats,Jams&Honey",Chocolate Spread Halawa 150 grams,40.25,El bawadi,150g  |  EGP 26.83/100g,,,,,,2026-06-25
Z02D1837EDABC2817543EZ,noon,Grocery,"creal,oats,Jams&Honey",Pistachio Spread Cream 1 KG,585.0,ASMACUP,1000g  |  EGP 58.50/100g,,,,,,2026-06-25
Z44A8181C9AC111A8AAFCZ,noon,Grocery,"creal,oats,Jams&Honey",asmacup White Chocolate Oreo Spread 900 gm,202.5,ASMACUP,900g  |  EGP 22.50/100g,,,,,,2026-06-25
Z494C85084FCD5952D8E5Z,noon,Grocery,"creal,oats,Jams&Honey",Max Tella Hazelnut and Cocoa Chocolate Spread - Rich Creamy Texture for Breakfast & Desserts - Value Pack 900g,175.0,Maxtella,1.8kg  |  EGP 9.72/100g,,,,,,2026-06-25
Z1BECB4AB3B6E7F3B16B9Z,noon,Grocery,"creal,oats,Jams&Honey",Bar Oatmeal Protein Cookies 70g,54.0,Lino,70g  |  EGP 77.14/100g,,,,,,2026-06-25
ZB89D80C10D8F6924B117Z,noon,Grocery,"creal,oats,Jams&Honey",Saegh natural beeswax 450 g,130.0,Saegh,450g  |  EGP 28.89/100g,,,,,,2026-06-25
N44900123A,noon,Grocery,"creal,oats,Jams&Honey",50% Apricot Jam 340grams,160.0,MENZ&GASSER,340g  |  EGP 47.06/100g,,,,,,2026-06-25
ZAE4B8AFE3598B7B31748Z,noon,Grocery,"creal,oats,Jams&Honey",Sesame Halawa with Almonds 250gm,69.0,Halwani Bros,250g  |  EGP 27.60/100g,,,,,,2026-06-25
ZDD36F7F27643EF4986FEZ,noon,Grocery,"creal,oats,Jams&Honey",Kashmiri Mountain Sidr Honey 2.2kg,3302.0,Imtenan,2.2kg  |  EGP 150.09/100g,,,,,,2026-06-25
N42868129A,noon,Grocery,"creal,oats,Jams&Honey",Go On Protein 50grams,105.0,Sante,50g  |  EGP 210.00/100g,,,,,,2026-06-25
Z511E51177DBF20FC9F62Z,noon,Grocery,"creal,oats,Jams&Honey",Chocolate Spread  Keto- Diet- Zero sugar - Healthy - 350 gram,435.0,KETO ROCKETS,350g  |  EGP 124.29/100g,,,,,,2026-06-25
Z171DE4231FF42B7AF25EZ,noon,Grocery,"creal,oats,Jams&Honey",Kids Blend – Natural Honey Immunity Booster for Kids  (500g),295.0,Kids Blend,500g  |  EGP 0.59/100g,,,,,,2026-06-25
ZF589D83E5A75214BBA76Z,noon,Grocery,"creal,oats,Jams&Honey",Strawberry Creamy Jam- 350Gram,36.5,El bawadi,365g  |  EGP 10.00/100g,,,,,,2026-06-25
Z55AA474769F4643CC19EZ,noon,Grocery,"creal,oats,Jams&Honey",Tasbera Crunchy Hazelnuts Cream 350 gm,216.0,Milkato,350g  |  EGP 61.71/100g,,,,,,2026-06-25
N42868017A,noon,Grocery,"creal,oats,Jams&Honey",Protein Granola Nuts 300grams,293.0,GO ON,300g  |  EGP 97.67/100g,,,,,,2026-06-25
Z356E1CBABDE16381DD70Z,noon,Grocery,"creal,oats,Jams&Honey",Al Murjan Hazelnut Cream with Cocoa Spread 700 gm,649.0,Almarjan,700g  |  EGP 92.71/100g,,,,,,2026-06-25
Z6FA87E9807890E34956DZ,noon,Grocery,"creal,oats,Jams&Honey",Luxury Ferrero Rocher Chocolate Box - 30 Pieces - 375g - The Perfect Gift,1100.0,Ferrero,375g  |  EGP 2.93/100g,,,,,,2026-06-25
N37956072A,noon,Grocery,"creal,oats,Jams&Honey",Cran Berries And Coconut Protein Bar 70grams,61.0,Abu Auf,70g  |  EGP 87.14/100g,,,,,,2026-06-25
N12280415A,noon,Grocery,"creal,oats,Jams&Honey",Granola Crispy Cereal Flakes Chocolate 350grams,209.0,Sante,350g  |  EGP 59.71/100g,,,,,,2026-06-25
Z31C5BCC6F1FE0DD64A67Z,noon,Grocery,"creal,oats,Jams&Honey",Chocolate Spread Sweetened With Monk Fruit,420.0,LAKANTO,,,,,,,2026-06-25
Z612119B1BC0E37CFFF95Z,noon,Grocery,"creal,oats,Jams&Honey",Hadrami Mountain Sidr Honey 500 grams,1428.0,Imtenan,500g  |  EGP 285.60/100g,,,,,,2026-06-25
Z8F39522280136AFAADC0Z,noon,Grocery,"creal,oats,Jams&Honey",Spring Flower Honey Hexagon 250grams,68.0,Imtenan,250g  |  EGP 27.20/100g,,,,,,2026-06-25
ZC432CED9CA870FFB70F0Z,noon,Grocery,"creal,oats,Jams&Honey",chocolate sifted roasted hazelnut cream 750 g,359.1,ASMACUP,750g  |  EGP 0.48/100g,,,,,,2026-06-25
N29779381A,noon,Grocery,"creal,oats,Jams&Honey",Blackberries Jam 340grams,185.0,Prima Frutta,340g  |  EGP 54.41/100g,,,,,,2026-06-25
ZCC38A1758B68877678FAZ,noon,Grocery,"creal,oats,Jams&Honey",Guilt Free Chocolate Spread-370G,275.0,Organic Nation,370g  |  EGP 74.32/100g,,,,,,2026-06-25
ZF30B961149B6EFED69C0Z,noon,Grocery,"creal,oats,Jams&Honey",Guilt Free Chocolate Spread High Protein-200G,225.0,Organic Nation,200g  |  EGP 112.50/100g,,,,,,2026-06-25
Z494C85084FCD5952D8E5Z,noon,Grocery,"creal,oats,Jams&Honey",Max Tella Hazelnut and Cocoa Chocolate Spread - Rich Creamy Texture for Breakfast & Desserts - Value Pack 900g,175.0,Maxtella,1.8kg  |  EGP 9.72/100g,,,,,,2026-06-25
ZB8E7C8AF706E781CD731Z,noon,Grocery,"creal,oats,Jams&Honey",Hazelnut Chocolate Spread 900g,179.1,ASMACUP,900g  |  EGP 19.90/100g,,,,,,2026-06-25
Z8F11FD8CFB38F18461BBZ,noon,Grocery,"creal,oats,Jams&Honey",Rocher spread Cream  Irresistible Luxurious Rocher Goodness 350 gm,162.0,ASMACUP,350g  |  EGP 46.29/100g,,,,,,2026-06-25
Z2D1A310E5A2CB9849DEDZ,noon,Grocery,"creal,oats,Jams&Honey",Honey Mini Jar - 28.3grams (Pack of 3),52.0,Hero,,,,,,,2026-06-25
N29595053A,noon,Grocery,"creal,oats,Jams&Honey",Vitrac Creamy Strawberry Jam - 430grams,63.0,Vitrac,430g  |  EGP 14.65/100g,,,,,,2026-06-25
Z46E9C9CCBFD09E497066Z,noon,Grocery,"creal,oats,Jams&Honey",Coconut Protein Bar 70 grams,56.0,Imtenan,70g  |  EGP 80.00/100g,,,,,,2026-06-25
ZBA4EB8050A7F04041218Z,noon,Grocery,"creal,oats,Jams&Honey",Zero Protein Pistachio Bar 70g,180.0,Zero,70g  |  EGP 257.14/100g,,,,,,2026-06-25
ZBEC581A5E5910D75414DZ,noon,Grocery,"creal,oats,Jams&Honey",Original Ferrero Rocher Chocolate - 8 Pieces - Small Luxury Gift,460.0,Ferrero,8 pieces  |  EGP 57.50/piece,,,,,,2026-06-25
ZA0A2CB8AAA04743196C1Z,noon,Grocery,"creal,oats,Jams&Honey",Marjoram Honey Hexagon 450grams,129.0,Imtenan,450g  |  EGP 28.67/100g,,,,,,2026-06-25
N52103811A,noon,Grocery,"creal,oats,Jams&Honey",Honey with Almonds 250g,138.0,ISIS,250g  |  EGP 55.20/100g,,,,,,2026-06-25
Z1ACFB0C3E83A7BF8B5E2Z,noon,Grocery,"creal,oats,Jams&Honey",فستق اسبريد  200 جرام,179.1,اسماكب,200g  |  EGP 89.55/100g,,,,,,2026-06-25
N35958671A,noon,Grocery,"creal,oats,Jams&Honey",Crunchy Peanut Butter 340grams,150.0,DOBELLA,340g  |  EGP 44.12/100g,,,,,,2026-06-25
Z1E794254B56057FD3668Z,noon,Grocery,"creal,oats,Jams&Honey",Apricot jam 350 grams,42.25,AL BAWADI,350g  |  EGP 12.07/100g,,,,,,2026-06-25
Z908065878B39BA6D893DZ,noon,Grocery,"creal,oats,Jams&Honey",Sesame Halawa with Chocolate 250gm,61.0,Halwani Bros,250g  |  EGP 24.40/100g,,,,,,2026-06-25
ZA1EC4843E8A2657ECCDBZ,noon,Grocery,"creal,oats,Jams&Honey",Sokradorf Peanut Cream with Chocolate 300g  No Added Sugar Creamy Peanut & Cocoa Spread with Coconut Oil,300.0,sokradorf,300g  |  EGP 100.00/100g,,,,,,2026-06-25
N34912204A,noon,Grocery,"creal,oats,Jams&Honey",Choco Scopes 250grams,76.0,Lino,250g  |  EGP 30.40/100g,,,,,,2026-06-25
N35958672A,noon,Grocery,"creal,oats,Jams&Honey",Honey Peanut Butter 340grams,173.0,DOBELLA,340g  |  EGP 50.88/100g,,,,,,2026-06-25
N29595079A,noon,Grocery,"creal,oats,Jams&Honey",Vitrac Apricot Jam 230grams,38.0,Vitrac,230g  |  EGP 16.52/100g,,,,,,2026-06-25
Z4BA27EF7129F14D5CBC5Z,noon,Grocery,"creal,oats,Jams&Honey",Maxtella Chocolate Hazelnut Spread - 320g,99.99,Maxtella,320g  |  EGP 31.25/100g,,,,,,2026-06-25
N29595060A,noon,Grocery,"creal,oats,Jams&Honey",Vitrac Apricot Jam 850grams,103.0,Vitrac,850g  |  EGP 12.12/100g,,,,,,2026-06-25
Z3D684EC7B8F717AB7B3CZ,noon,Grocery,"creal,oats,Jams&Honey",Nawara honey with honey 450 g,126.0,Shana nature house,470g  |  EGP 26.81/100g,,,,,,2026-06-25
Z6DA6119CD13785550967Z,noon,Grocery,"creal,oats,Jams&Honey",Dubai filling Kunafa & Pistachio 500 Gram,243.0,ASMACUP,450g  |  EGP 54.00/100g,,,,,,2026-06-25
Z8925E56E5B6129F00030Z,noon,Grocery,"creal,oats,Jams&Honey","Alsham NEBRAS Apricot Jam – Premium Natural Fruit Spread, Authentic Taste, Golden Lid Jar, 450g",89.99,ALSHAM NEBRAS,450g  |  EGP 20.00/100g,,,,,,2026-06-25
N29598753A,noon,Grocery,"creal,oats,Jams&Honey",Prima Frutta Mixed Fruit Jam 340grams,172.0,MENZ&GASSER,340g  |  EGP 50.59/100g,,,,,,2026-06-25
Z908C151DB5D09AAC001BZ,noon,Grocery,"creal,oats,Jams&Honey",Date Spread with Hazelnut 230g,114.0,Abu Auf,230g  |  EGP 49.57/100g,,,,,,2026-06-25
N44807103A,noon,Grocery,"creal,oats,Jams&Honey",Fig Jam Mini Jar - 28.3grams,15.0,Hero,28.3g  |  EGP 53.00/100g,,,,,,2026-06-25
Z57EDF6148520E2D85BE9Z,noon,Grocery,"creal,oats,Jams&Honey","Maxtella - Soft Hazelnut Chocolate Spread with Cocoa Butter Substitutes, 200g",74.99,Maxtella,220g  |  EGP 34.09/100g,,,,,,2026-06-25
ZD89077084214D4A88AD2Z,noon,Grocery,"creal,oats,Jams&Honey",Clover Honey 2.2kg,657.5,Imtenan,2.2kg  |  EGP 29.89/100g,,,,,,2026-06-25
N28676068A,noon,Grocery,"creal,oats,Jams&Honey",Molasse 450grams,81.0,Gold,450g  |  EGP 18.00/100g,,,,,,2026-06-25
Z4A18CB31F3BB4938DB60Z,noon,Grocery,"creal,oats,Jams&Honey",Citrus Honey Squeeze 450 grams,178.0,Hero,450g  |  EGP 39.56/100g,,,,,,2026-06-25
ZB1BCCBE9B56DF5292D8CZ,noon,Grocery,"creal,oats,Jams&Honey",Maxtella White Spread Chocolate – Creamy Cocoa Butter Substitute – Sweet White Chocolate Flavor – 350g Jar,175.0,Maxtella,900g  |  EGP 19.44/100g,,,,,,2026-06-25
ZBB71302CCE11CDD170BDZ,noon,Grocery,"creal,oats,Jams&Honey","Max Tella - Smooth Hazelnut Chocolate Cream - Rich Cocoa Butter & Hazelnut Spread - Family Pack (Specify Weight, e.g., 1kg)",175.0,Maxtella,900g  |  EGP 19.44/100g,,,,,,2026-06-25
N30856910A,noon,Grocery,"creal,oats,Jams&Honey",Strawberry Jam 360grams,39.0,Add-Me,360g  |  EGP 10.83/100g,,,,,,2026-06-25
N15224306A,noon,Grocery,"creal,oats,Jams&Honey",Hero Jam With Raspberry Flavor - 350grams,107.0,Hero,350g  |  EGP 30.57/100g,,,,,,2026-06-25
N29595359A,noon,Grocery,"creal,oats,Jams&Honey",Extra Honey 250g,358.0,ISIS,250g  |  EGP 143.20/100g,,,,,,2026-06-25
N44900107A,noon,Grocery,"creal,oats,Jams&Honey",50% Cherry  Jam 340grams,172.0,MENZ&GASSER,340g  |  EGP 50.59/100g,,,,,,2026-06-25
N29762538A,noon,Grocery,"creal,oats,Jams&Honey",Vitrac Bitter Orange Jam - 430grams,63.25,Vitrac,430g  |  EGP 14.71/100g,,,,,,2026-06-25
Z7D5ADC5221BF351411D4Z,noon,Grocery,"creal,oats,Jams&Honey",ماكستيلا سبريد الشوكولاتة بالبندق – 900 جرام | كريمة كاكاو بالبندق ناعمة للإفطار والحلويات,175.0,ماكس تيلا,900g  |  EGP 19.44/100g,,,,,,2026-06-25
Z42828349552AA91BC511Z,noon,Grocery,"creal,oats,Jams&Honey","Maxtella Raw Chocolate – Premium Cocoa, Special Offer, Baking & Desserts",59.99,Maxtella,180g  |  EGP 0.33/g,,,,,,2026-06-25
ZD3CE280CF402B0F17C89Z,noon,Grocery,"creal,oats,Jams&Honey",Arkan Premium Halva with Extra Walnuts – 500g | Authentic Middle Eastern Sesame Sweet | Traditional Dessert Egypt,250.0,ARKAN,500g  |  EGP 14.17/oz,,,,,,2026-06-25
Z1ADB847E2B7D7430EC2CZ,noon,Grocery,"creal,oats,Jams&Honey",Natural Clover Honey 400g,163.0,Dr. Baby,400g  |  EGP 40.75/100g,,,,,,2026-06-25
Z0D1FC96B8EC769C3B387Z,noon,Grocery,"creal,oats,Jams&Honey",Citrus Honey 225 grams,57.25,El bawadi,225g  |  EGP 25.44/100g,,,,,,2026-06-25
ZB375C232D32C8E5723CAZ,noon,Grocery,"creal,oats,Jams&Honey",Kind kids Spread Cream 350 gm,99.0,ASMACUP,350g  |  EGP 28.29/100g,,,,,,2026-06-25
ZFF638991D748CB593F57Z,noon,Grocery,"creal,oats,Jams&Honey","Chocolate spread from X Spread with natural hazelnut pieces, 350 g.",90.0,Mozn,350g  |  EGP 25.71/100g,,,,,,2026-06-25
Z67E4983F4C7BB9BE04B1Z,noon,Grocery,"creal,oats,Jams&Honey",Maxtella Chocolate Hazelnut Spread – 450g Jar – Rich Creamy Chocolate with Premium Hazelnuts,94.99,Maxtella,450g  |  EGP 21.11/100g,,,,,,2026-06-25
Z014736D65658FDB51644Z,noon,Grocery,"creal,oats,Jams&Honey",Nutella & GO! Snack Pack with Breadsticks (Box of 12 Individual Packs),1650.0,Nutella,,,,,,,2026-06-25
Z02067CA0681C4FE3A7DEZ,noon,Grocery,"creal,oats,Jams&Honey",Guilt free Cashew Spread -200G-Vanilla Birthday Cake,250.0,Organic Nation,200g  |  EGP 125.00/100g,,,,,,2026-06-25
N27682637A,noon,Grocery,"creal,oats,Jams&Honey",Jam With Black Cherry Flavor - 350grams,107.0,Hero,350g  |  EGP 30.57/100g,,,,,,2026-06-25
Z4D9637C730F22B8CFB6AZ,noon,Grocery,"creal,oats,Jams&Honey","Dobeln Chocolate Dubai Kunafa Filling Spread (1kg, Kunafa Mint)",594.0,CGS,1000g  |  EGP 59.40/100g,,,,,,2026-06-25
ZD75B2A666965F8C58013Z,noon,Grocery,"creal,oats,Jams&Honey",Bar Protein Peanut Butter 70g,59.0,Lino,70g  |  EGP 84.29/100g,,,,,,2026-06-25
N27747725A,noon,Grocery,"creal,oats,Jams&Honey",Protein Go On Coccoa And Inulin Chocolate Bar 50grams,75.0,Sante,50g  |  EGP 150.00/100g,,,,,,2026-06-25
Z809D7213F9064DDE342BZ,noon,Grocery,"creal,oats,Jams&Honey",Diet Peanut Butter 220g,112.0,Shana,220g  |  EGP 50.91/100g,,,,,,2026-06-25
N42554197A,noon,Grocery,"creal,oats,Jams&Honey",Delicia Spring Blossom Honey - 225grams,72.0,Hero,225g  |  EGP 32.00/100g,,,,,,2026-06-25
Z093B5603D4674758ECFCZ,noon,Grocery,"creal,oats,Jams&Honey",gotella Bisky Lava White Chocolate Spread With Crunchy Biscuits 60 gm pack 12 pieces,195.0,Gotella Chocolate,720g  |  EGP 27.08/100g,,,,,,2026-06-25
Z9CCD48197340FA07A214Z,noon,Grocery,"creal,oats,Jams&Honey",Halawa Spread With Caramel 285 grams,74.0,El bawadi,285g  |  EGP 25.96/100g,,,,,,2026-06-25
Z47031864ACF3F6DF7CBCZ,noon,Grocery,"creal,oats,Jams&Honey",Yummies Cherry Spread 300g,75.0,El bawadi,300g  |  EGP 0.25/100g,,,,,,2026-06-25
Z48A60ED86A2778CC252DZ,noon,Grocery,"creal,oats,Jams&Honey",Halawa Spread With Caramel 150 grams,39.25,El bawadi,150g  |  EGP 26.17/100g,,,,,,2026-06-25
ZDFBF25BC286D258A64E1Z,noon,Grocery,"creal,oats,Jams&Honey",gotella Chocolate Spread With Hazelnut 350 gm,95.0,Gotella Chocolate,350g  |  EGP 27.14/100g,,,,,,2026-06-25
N28852316A,noon,Grocery,"creal,oats,Jams&Honey",Granola Bar Cocount And Almond 40grams Pack of 4,207.0,Lino,160g  |  EGP 129.38/100g,,,,,,2026-06-25
N48045637A,noon,Grocery,"creal,oats,Jams&Honey",Oat Flakes 500grams,69.0,Daria,500g  |  EGP 13.80/100g,,,,,,2026-06-25
N29779470A,noon,Grocery,"creal,oats,Jams&Honey",Vitrac Apricot Jam - 430grams,61.0,Vitrac,430g  |  EGP 14.19/100g,,,,,,2026-06-25
ZF4F5357C945E030DC476Z,noon,Grocery,"creal,oats,Jams&Honey",Fruit Preserve Apricot 700gm Jam,66.0,Halwani Bros,750g  |  EGP 8.80/100g,,,,,,2026-06-25
N52569753A,noon,Grocery,"creal,oats,Jams&Honey",Protein Vanilla Inuli Chocolate Bar 50grams,75.0,GO ON,50g  |  EGP 150.00/100g,,,,,,2026-06-25
Z4AE18C04FBD616F392B0Z,noon,Grocery,"creal,oats,Jams&Honey","Greenuts Tropical Granola Pineapple & Coconut 300g – Crunchy Oats Granola with Real Dried Pineapple & Coconut Flakes, High Fiber Breakfast Cereal",190.0,Greenuts,300g  |  EGP 63.33/100g,,,,,,2026-06-25
ZDEE62053A4C2BD23E578Z,noon,Grocery,"creal,oats,Jams&Honey",Tropical Granola – Pineapple & Coconut – 300g,200.0,Greenuts,300g  |  EGP 66.67/100g,,,,,,2026-06-25
Z26BC234FAB25773BB351Z,noon,Grocery,"creal,oats,Jams&Honey",Marjoram Natural Honey - 225 grams,84.0,Royal,225g  |  EGP 37.33/100g,,,,,,2026-06-25
Z326276C63623C7DC5D3FZ,noon,Grocery,"creal,oats,Jams&Honey",Orange Honey Hexagonal 450grams,138.0,Imtenan,450g  |  EGP 30.67/100g,,,,,,2026-06-25
Z8F11FD8CFB38F18461BBZ,noon,Grocery,"creal,oats,Jams&Honey",Rocher spread Cream  Irresistible Luxurious Rocher Goodness 350 gm,162.0,ASMACUP,350g  |  EGP 46.29/100g,,,,,,2026-06-25
Z1ACFB0C3E83A7BF8B5E2Z,noon,Grocery,"creal,oats,Jams&Honey",فستق اسبريد  200 جرام,179.1,اسماكب,200g  |  EGP 89.55/100g,,,,,,2026-06-25
Z3D684EC7B8F717AB7B3CZ,noon,Grocery,"creal,oats,Jams&Honey",Nawara honey with honey 450 g,126.0,Shana nature house,470g  |  EGP 26.81/100g,,,,,,2026-06-25
ZEFB5D86616CF560C77A7Z,noon,Grocery,"creal,oats,Jams&Honey",Nutella Biscuits - Tube Filled with Hazelnut Spread with Cocoa (166g),430.0,Nutella,1.992kg  |  EGP 21.59/100g,,,,,,2026-06-25
Z70B5182080C111005973Z,noon,Grocery,"creal,oats,Jams&Honey",Secrets Protein Bar-70G-Banoffee Pie,75.0,Organic Nation,70g  |  EGP 107.14/100g,,,,,,2026-06-25
N33801900A,noon,Grocery,"creal,oats,Jams&Honey",Sidr Mountain Kashmir Honey 400grams,750.0,Organic Nation,400g  |  EGP 187.50/100g,,,,,,2026-06-25
N34912208A,noon,Grocery,"creal,oats,Jams&Honey",Oat Bran Stars 250grams,76.0,Lino,250g  |  EGP 30.40/100g,,,,,,2026-06-25
ZA89E8E7D6D3EB7E10B38Z,noon,Grocery,"creal,oats,Jams&Honey","Spread White Chocolate , 1kg",178.0,Lavida,1000g  |  EGP 17.80/100g,,,,,,2026-06-25
ZF0A5934A0F1CF47407F7Z,noon,Grocery,"creal,oats,Jams&Honey",Clover Blossom Honey 250 gm,95.0,Imtenan,250g  |  EGP 38.00/100g,,,,,,2026-06-25
N29598755A,noon,Grocery,"creal,oats,Jams&Honey",Fichi Fig Jam 340grams,160.0,Prima Frutta,340g  |  EGP 47.06/100g,,,,,,2026-06-25
Z6DA6119CD13785550967Z,noon,Grocery,"creal,oats,Jams&Honey",Dubai filling Kunafa & Pistachio 500 Gram,243.0,ASMACUP,450g  |  EGP 54.00/100g,,,,,,2026-06-25
Z75D8E22AB01CFC620485Z,noon,Grocery,"creal,oats,Jams&Honey",Peanut Butter premium Sauce 750 gm,169.2,ASMACUP,750g  |  EGP 22.56/100g,,,,,,2026-06-25
N28907187A,noon,Grocery,"creal,oats,Jams&Honey",High Protein Peanut Butter 340grams,324.25,Lino,340g  |  EGP 95.37/100g,,,,,,2026-06-25
N27682639A,noon,Grocery,"creal,oats,Jams&Honey",Hero Jam With Black Cherry Flavor - Light - 320grams,136.0,Hero,320g  |  EGP 42.50/100g,,,,,,2026-06-25
ZED520F3ED156ADF29D43Z,noon,Grocery,"creal,oats,Jams&Honey",Honey With Echinacea Extract 180grams,107.0,Imtenan,180g  |  EGP 59.44/100g,,,,,,2026-06-25
ZAC8FC481705809A57D0AZ,noon,Grocery,"creal,oats,Jams&Honey",3 Zero Protein Parfacil 70g,272.0,Zero,70g  |  EGP 388.57/100g,,,,,,2026-06-25
Z411BEC597614085D203BZ,noon,Grocery,"creal,oats,Jams&Honey",Ginkgo Honey Hexagonal 450grams,145.0,Imtenan,450g  |  EGP 32.22/100g,,,,,,2026-06-25
ZBF2328CDF0A41794C5F9Z,noon,Grocery,"creal,oats,Jams&Honey",Clover Honey 450g,122.0,Shana nature house,450g  |  EGP 27.11/100g,,,,,,2026-06-25
Z8925E56E5B6129F00030Z,noon,Grocery,"creal,oats,Jams&Honey","Alsham NEBRAS Apricot Jam – Premium Natural Fruit Spread, Authentic Taste, Golden Lid Jar, 450g",89.99,ALSHAM NEBRAS,450g  |  EGP 20.00/100g,,,,,,2026-06-25
Z48758B3F2CA2E7D2EEEFZ,noon,Grocery,"creal,oats,Jams&Honey",Beeswax Honey With Nuts 500g,312.0,Haj Arafa,500g  |  EGP 62.40/100g,,,,,,2026-06-25
ZD3CE280CF402B0F17C89Z,noon,Grocery,"creal,oats,Jams&Honey",Arkan Premium Halva with Extra Walnuts – 500g | Authentic Middle Eastern Sesame Sweet | Traditional Dessert Egypt,250.0,ARKAN,500g  |  EGP 14.17/oz,,,,,,2026-06-25
ZB375C232D32C8E5723CAZ,noon,Grocery,"creal,oats,Jams&Honey",Kind kids Spread Cream 350 gm,99.0,ASMACUP,350g  |  EGP 28.29/100g,,,,,,2026-06-25
Z6A8CACC9AD838D13AC9EZ,noon,Grocery,"creal,oats,Jams&Honey",Healthy Spread  Chocolate Original with Hazelnut 375 gm,200.0,Milkato,375g  |  EGP 53.33/100g,,,,,,2026-06-25
Z1C183D2D0500C3715C42Z,noon,Grocery,"creal,oats,Jams&Honey",Manuka Health-Manuka Honey MGO 115+ 250g,2299.0,Manuka Health New Zealand Ltd,250g  |  EGP 919.60/100g,,,,,,2026-06-25
Z494C85084FCD5952D8E5Z,noon,Grocery,"creal,oats,Jams&Honey",Max Tella Hazelnut and Cocoa Chocolate Spread - Rich Creamy Texture for Breakfast & Desserts - Value Pack 900g,175.0,Maxtella,1.8kg  |  EGP 9.72/100g,,,,,,2026-06-25
Z2235554A2EE1AEADD34FZ,noon,Grocery,"creal,oats,Jams&Honey",Coconut butter 375g Bundle,970.0,HEALTHY & TASTY,375g  |  EGP 57.60/100g,,,,,,2026-06-25
ZFF638991D748CB593F57Z,noon,Grocery,"creal,oats,Jams&Honey","Chocolate spread from X Spread with natural hazelnut pieces, 350 g.",90.0,Mozn,350g  |  EGP 25.71/100g,,,,,,2026-06-25
N27675268A,noon,Grocery,"creal,oats,Jams&Honey",Jam With Orange Flavor - 350grams,73.0,Hero,350g  |  EGP 20.86/100g,,,,,,2026-06-25
Z9FE88A542270469F985DZ,noon,Grocery,"creal,oats,Jams&Honey",Banana Pillow 250 Gram,84.0,Kiddo,250g  |  EGP 33.60/100g,,,,,,2026-06-25
Z9C48B3CFFAEB1845E750Z,noon,Grocery,"creal,oats,Jams&Honey",gotella Fun Chocolate Spread With hazelnut 100 gm pack 12 pieces,295.0,Gotella Chocolate,1.2kg  |  EGP 24.58/100g,,,,,,2026-06-25
ZBAC47AFBE9D043CC1535Z,noon,Grocery,"creal,oats,Jams&Honey",Classic Chocolate Spread With hazelnut 900g,270.0,Milkato,900g  |  EGP 30.00/100g,,,,,,2026-06-25
ZF20A9EB5C8A29EA58EC1Z,noon,Grocery,"creal,oats,Jams&Honey",إكسترا كرانتشي زبدة الفول السوداني، 454 غرام,324.0,جيف,454g  |  EGP 0.71/100g,,,,,,2026-06-25
ZDB5CB324901CD73D317AZ,noon,Grocery,"creal,oats,Jams&Honey",Guilt free Almond Spread -200G-Espresso Creme,250.0,Organic Nation,200g  |  EGP 125.00/100g,,,,,,2026-06-25
N52834424A,noon,Grocery,"creal,oats,Jams&Honey",Carrot Jam 430grams  Single,55.0,Vitrac,430g  |  EGP 12.79/100g,,,,,,2026-06-25
N51182037A,noon,Grocery,"creal,oats,Jams&Honey",protein bar Banana with cashew Bar 70grams,94.0,Abu Auf,70g  |  EGP 134.29/100g,,,,,,2026-06-25
ZADD964D14D2C9177BD80Z,noon,Grocery,"creal,oats,Jams&Honey",Original chocolate spread 375 grams,300.0,HEALTHY & TASTY,375g  |  EGP 80.00/100g,,,,,,2026-06-25
ZC8CC6EE34D58AF3F10EFZ,noon,Grocery,"creal,oats,Jams&Honey",Saegh black Honey polyethylene 350 g,44.0,Saegh,350g  |  EGP 12.57/100g,,,,,,2026-06-25
Z2519ADEA5027508C785AZ,noon,Grocery,"creal,oats,Jams&Honey",Hazelnut Spread Chocolate-350g,144.0,Milkato,350g  |  EGP 41.14/100g,,,,,,2026-06-25
ZED330BB26A58F6584666Z,noon,Grocery,"creal,oats,Jams&Honey",Healthy Spread Chocolate Extra Nuts with Hazelnut Pieces 375 gm,216.0,Milkato,375g  |  EGP 57.60/100g,,,,,,2026-06-25
ZA31487989356E91E27EEZ,noon,Grocery,"creal,oats,Jams&Honey",Speculoos Biscuits Spread 380 gm,171.0,Milkato,380g  |  EGP 45.00/100g,,,,,,2026-06-25
N27747728A,noon,Grocery,"creal,oats,Jams&Honey",Crunchy Banana Chocolate Bar 40grams,38.0,Sante,40g  |  EGP 95.00/100g,,,,,,2026-06-25
Z3549A169ACBBC335D888Z,noon,Grocery,"creal,oats,Jams&Honey",Guilt free Hazelnut butter with dark chocolate 200G,350.0,Organic Nation,200g  |  EGP 175.00/100g,,,,,,2026-06-25
Z2E6F9211FA9DB57EE875Z,noon,Grocery,"creal,oats,Jams&Honey",عسل سدر جبلي طبيعي فاخر – 400 جم | نقي، صحي، أصيل,550.0,,1000g  |  EGP 55.00/100g,,,,,,2026-06-25
ZE3E1CD3F48950B0F6608Z,noon,Grocery,"creal,oats,Jams&Honey",Healthy Matcha Granola 275G,239.0,Greenuts,275g  |  EGP 86.91/100g,,,,,,2026-06-25
Z1DDAB03A25D4D659BE9FZ,noon,Grocery,"creal,oats,Jams&Honey",Gold Hazelnuts Cream 350 gm,180.0,Milkato,350g  |  EGP 51.43/100g,,,,,,2026-06-25
ZAEF2B27047B5DD4C4D87Z,noon,Grocery,"creal,oats,Jams&Honey",Lotus Biscoff Spread 400g,576.0,Lotus,400g  |  EGP 1.44/100g,,,,,,2026-06-25
N52490736A,noon,Grocery,"creal,oats,Jams&Honey",Pure Honey - 450g,148.25,ISIS,450g  |  EGP 32.94/100g,,,,,,2026-06-25
N48663849A,noon,Grocery,"creal,oats,Jams&Honey",Blackcurrant Jam Spread 284grams,310.0,St.Dalfour,284g  |  EGP 109.15/100g,,,,,,2026-06-25
Z2D1D1CE7BA8F5A8CBAE4Z,noon,Grocery,"creal,oats,Jams&Honey",Energy Honey 500g,342.0,Haj Arafa,500g  |  EGP 68.40/100g,,,,,,2026-06-25
ZEF2C1E26A57AD9400783Z,noon,Grocery,"creal,oats,Jams&Honey",Natural Marjoram Honey 500g,195.0,Haj Arafa,500g  |  EGP 39.00/100g,,,,,,2026-06-25
Z5EA66725E647A6124DA2Z,noon,Grocery,"creal,oats,Jams&Honey",Al-Nawara honey 500 grams - 100% natural from Uni Smart Group,120.0,Uni Smart Group,500g  |  EGP 24.00/100g,,,,,,2026-06-25
N48663603A,noon,Grocery,"creal,oats,Jams&Honey",Breakfast Cereals with Oats 375grams,104.0,Lino,375g  |  EGP 27.73/100g,,,,,,2026-06-25
Z8A5B6FF8DE5765CAC29BZ,noon,Grocery,"creal,oats,Jams&Honey",Fig jam 190 grams,29.0,El bawadi,190g  |  EGP 15.26/100g,,,,,,2026-06-25
ZA7ED371762D8C7D40E84Z,noon,Grocery,"creal,oats,Jams&Honey",gotella Mini Mango Chocolate Spread 30 gm pack 24 pieces,195.0,Gotella Chocolate,720g  |  EGP 27.08/100g,,,,,,2026-06-25
N28940009A,noon,Grocery,"creal,oats,Jams&Honey",Orange Fruit Jam 284grams,310.0,St.Dalfour,284g  |  EGP 109.15/100g,,,,,,2026-06-25
N29761996A,noon,Grocery,"creal,oats,Jams&Honey",Vitrac Raspberry Jam - 430grams,73.0,Vitrac,430g  |  EGP 16.98/100g,,,,,,2026-06-25
N28909707A,noon,Grocery,"creal,oats,Jams&Honey",White Oats 500grams,115.0,GREEN'S,500g  |  EGP 23.00/100g,,,,,,2026-06-25
Z8FED04449815361DD037Z,noon,Grocery,"creal,oats,Jams&Honey",Citrus Blossom Bee Honey 950g,190.0,Herbistice,950g  |  EGP 20.00/100g,,,,,,2026-06-25
N29595083A,noon,Grocery,"creal,oats,Jams&Honey",Citrus Honey - 650grams,219.0,Hero,650g  |  EGP 33.69/100g,,,,,,2026-06-25
Z5B788CFB9EBD8CBE1B7FZ,noon,Grocery,"creal,oats,Jams&Honey",Choco Scopes - 250 grams,61.0,TOLO,250g  |  EGP 24.40/100g,,,,,,2026-06-25
N29595082A,noon,Grocery,"creal,oats,Jams&Honey",Hero Clover Honey - 650grams,219.0,Hero,650g  |  EGP 33.69/100g,,,,,,2026-06-25
Z2A4970DF5D11A95FA992Z,noon,Grocery,"creal,oats,Jams&Honey",Natural Clover Honey 500g,157.0,Haj Arafa,500g  |  EGP 31.40/100g,,,,,,2026-06-25
N42868130A,noon,Grocery,"creal,oats,Jams&Honey",Go On Protein 50grams,105.0,Sante,50g  |  EGP 210.00/100g,,,,,,2026-06-25
Z3882461DD0F3B7F43EC7Z,noon,Grocery,"creal,oats,Jams&Honey",Yummies Ginger And Lemon Spread 300g,75.0,El bawadi,300g  |  EGP 0.25/100g,,,,,,2026-06-25
Z57C3FC31B3FD56D97894Z,noon,Grocery,"creal,oats,Jams&Honey",Quinoa Seeds 400 gm,185.0,Ma Vie Food,400g  |  EGP 13.11/oz,,,,,,2026-06-25
N52490739A,noon,Grocery,"creal,oats,Jams&Honey",Pure Marjoram Honey - 250grams,111.0,ISIS,250g  |  EGP 44.40/100g,,,,,,2026-06-25
Z41346AB824DF7D75C586Z,noon,Grocery,"creal,oats,Jams&Honey",Cashew Spread -275G.-Lotus,295.0,Organic Nation,275g  |  EGP 107.27/100g,,,,,,2026-06-25
ZE3E1CD3F48950B0F6608Z,noon,Grocery,"creal,oats,Jams&Honey",Healthy Matcha Granola 275G,239.0,Greenuts,275g  |  EGP 86.91/100g,,,,,,2026-06-25
Z1DDAB03A25D4D659BE9FZ,noon,Grocery,"creal,oats,Jams&Honey",Gold Hazelnuts Cream 350 gm,180.0,Milkato,350g  |  EGP 51.43/100g,,,,,,2026-06-25
Z474CCC0F72DEAA126622Z,noon,Grocery,"creal,oats,Jams&Honey",Chocolate Hazelnut Spread 350g,108.0,ASMACUP,350g  |  EGP 30.86/100g,,,,,,2026-06-25
ZE55BAFFFDF1FEC4D6488Z,noon,Grocery,"creal,oats,Jams&Honey",Pack of 2 White Honey With Glass Jar - 1 kg,205.0,SUN GARDEN,2kg  |  EGP 10.25/100g,,,,,,2026-06-25
N28909106A,noon,Grocery,"creal,oats,Jams&Honey",Ginesing Honey 250g,291.25,ISIS,250g  |  EGP 116.50/100g,,,,,,2026-06-25
Z7205C02B096C71C7E5D3Z,noon,Grocery,"creal,oats,Jams&Honey",Granola Bar Apple And Cinnamon 40g,41.0,Lino,40g  |  EGP 102.50/100g,,,,,,2026-06-25
N28940006A,noon,Grocery,"creal,oats,Jams&Honey",Black Cherry Fruit Jam 284grams,239.0,St.Dalfour,284g  |  EGP 84.15/100g,,,,,,2026-06-25
N28909118A,noon,Grocery,"creal,oats,Jams&Honey",Royal Jelly Honey 250grams,330.0,ISIS,250g  |  EGP 132.00/100g,,,,,,2026-06-25
Z20F40B3311D4C3C046A6Z,noon,Grocery,"creal,oats,Jams&Honey","Spread Strawberry Chocolate , 1kg",167.0,Lavida,1000g  |  EGP 16.70/100g,,,,,,2026-06-25
Z14D5620893A689D35C41Z,noon,Grocery,"creal,oats,Jams&Honey",gotella Vegan Chocolate Spread With Hazelnut  425 gm,95.0,Gotella Chocolate,425g  |  EGP 22.35/100g,,,,,,2026-06-25
Z02D1837EDABC2817543EZ,noon,Grocery,"creal,oats,Jams&Honey",Pistachio Spread Cream 1 KG,585.0,ASMACUP,1000g  |  EGP 58.50/100g,,,,,,2026-06-25
N27675266A,noon,Grocery,"creal,oats,Jams&Honey",Jam With Strawberry Flavor - 350grams,73.0,Hero,350g  |  EGP 20.86/100g,,,,,,2026-06-25
Z2EAB4EF9E583BE0A8478Z,noon,Grocery,"creal,oats,Jams&Honey",Nutella Hazelnut Spread with Cocoa 350g,321.0,Nutella,180g  |  EGP 178.33/100g,,,,,,2026-06-25
ZD4A90268019395F2837BZ,noon,Grocery,"creal,oats,Jams&Honey",Egyptian Sidr Mountain Honey 500g,484.95,Haj Arafa,500g  |  EGP 96.99/100g,,,,,,2026-06-25
ZB407BC855EA597551478Z,noon,Grocery,"creal,oats,Jams&Honey",Egyptian Sidr Mountain Honey 500g,484.95,Haj Arafa,500g  |  EGP 96.99/100g,,,,,,2026-06-25
Z81AC19207E23742AB3F5Z,noon,Grocery,"creal,oats,Jams&Honey",Orange Crispy Spread 300g,75.0,El bawadi,300g  |  EGP 25.00/100g,,,,,,2026-06-25
Z153C20433BD5D2A6FF97Z,noon,Grocery,"creal,oats,Jams&Honey",Wildflower Honey Hexagonal 450grams,138.0,Imtenan,450g  |  EGP 30.67/100g,,,,,,2026-06-25
N43765118A,noon,Grocery,"creal,oats,Jams&Honey",Strawberry  Jam 1kg,93.75,Add-Me,1000g  |  EGP 9.38/100g,,,,,,2026-06-25
Z44A8181C9AC111A8AAFCZ,noon,Grocery,"creal,oats,Jams&Honey",asmacup White Chocolate Oreo Spread 900 gm,202.5,ASMACUP,900g  |  EGP 22.50/100g,,,,,,2026-06-25
N28907196A,noon,Grocery,"creal,oats,Jams&Honey",Fruit Puffs Breakfast Cereals With Oats 250grams,76.0,Lino,250g  |  EGP 30.40/100g,,,,,,2026-06-25
ZB8E7C8AF706E781CD731Z,noon,Grocery,"creal,oats,Jams&Honey",Hazelnut Chocolate Spread 900g,179.1,ASMACUP,900g  |  EGP 19.90/100g,,,,,,2026-06-25
Z8F11FD8CFB38F18461BBZ,noon,Grocery,"creal,oats,Jams&Honey",Rocher spread Cream  Irresistible Luxurious Rocher Goodness 350 gm,162.0,ASMACUP,350g  |  EGP 46.29/100g,,,,,,2026-06-25
Z1ACFB0C3E83A7BF8B5E2Z,noon,Grocery,"creal,oats,Jams&Honey",فستق اسبريد  200 جرام,179.1,اسماكب,200g  |  EGP 89.55/100g,,,,,,2026-06-25
Z3A200D0C48470B3AD6C2Z,noon,Grocery,"creal,oats,Jams&Honey",Corn Flakes 250 Gram,58.0,Kiddo,250g  |  EGP 23.20/100g,,,,,,2026-06-25
N34912221A,noon,Grocery,"creal,oats,Jams&Honey",Fruit Puffs With Oats 375grams,104.0,Lino,375g  |  EGP 27.73/100g,,,,,,2026-06-25
N28852314A,noon,Grocery,"creal,oats,Jams&Honey",Peanut Butter Crunchy 340grams,205.25,Lino,340g  |  EGP 60.37/100g,,,,,,2026-06-25
Z3D684EC7B8F717AB7B3CZ,noon,Grocery,"creal,oats,Jams&Honey",Nawara honey with honey 450 g,126.0,Shana nature house,470g  |  EGP 26.81/100g,,,,,,2026-06-25
Z939DB65C8AE1550660EDZ,noon,Grocery,"creal,oats,Jams&Honey",Gum arabic honey 350 grams - 100% natural from Uni Smart Group,85.0,Uni Smart Group,350g  |  EGP 24.29/100g,,,,,,2026-06-25
N52490740A,noon,Grocery,"creal,oats,Jams&Honey",Pure Pollen Grain Honey – 250grams,97.75,ISIS,250g  |  EGP 39.10/100g,,,,,,2026-06-25
Z152FF23558C0F0E532D5Z,noon,Grocery,"creal,oats,Jams&Honey",Yummies Hazelnut Spread 300g,203.0,El bawadi,300g  |  EGP 0.68/100g,,,,,,2026-06-25
Z6DA6119CD13785550967Z,noon,Grocery,"creal,oats,Jams&Honey",Dubai filling Kunafa & Pistachio 500 Gram,243.0,ASMACUP,450g  |  EGP 54.00/100g,,,,,,2026-06-25
Z8925E56E5B6129F00030Z,noon,Grocery,"creal,oats,Jams&Honey","Alsham NEBRAS Apricot Jam – Premium Natural Fruit Spread, Authentic Taste, Golden Lid Jar, 450g",89.99,ALSHAM NEBRAS,450g  |  EGP 20.00/100g,,,,,,2026-06-25
N27747711A,noon,Grocery,"creal,oats,Jams&Honey",Tropical Fruits Muesli 1kg,421.0,Sante,1000g  |  EGP 42.10/100g,,,,,,2026-06-25
Z4FE7667C198EB7F622BDZ,noon,Grocery,"creal,oats,Jams&Honey",Keto Double Chocolate Bar 60 grams Bundle,250.0,HEALTHY & TASTY,,,,,,,2026-06-25
Z43CE1837892439778C2BZ,noon,Grocery,"creal,oats,Jams&Honey",Sugarcane Serum 750 g - 100% Natural from Uni Smart Group,77.0,unismart_group,750g  |  EGP 10.27/100g,,,,,,2026-06-25
ZDC040CC16A63AFC8DDAFZ,noon,Grocery,"creal,oats,Jams&Honey",Halawa Spread 150 grams,37.25,El bawadi,150g  |  EGP 24.83/100g,,,,,,2026-06-25
N44900089A,noon,Grocery,"creal,oats,Jams&Honey",Honey Hunaja Cheerios 375grams,156.0,Nestle,375g  |  EGP 41.60/100g,,,,,,2026-06-25
ZD3CE280CF402B0F17C89Z,noon,Grocery,"creal,oats,Jams&Honey",Arkan Premium Halva with Extra Walnuts – 500g | Authentic Middle Eastern Sesame Sweet | Traditional Dessert Egypt,250.0,ARKAN,500g  |  EGP 14.17/oz,,,,,,2026-06-25
ZB375C232D32C8E5723CAZ,noon,Grocery,"creal,oats,Jams&Honey",Kind kids Spread Cream 350 gm,99.0,ASMACUP,350g  |  EGP 28.29/100g,,,,,,2026-06-25
Z6A8CACC9AD838D13AC9EZ,noon,Grocery,"creal,oats,Jams&Honey",Healthy Spread  Chocolate Original with Hazelnut 375 gm,200.0,Milkato,375g  |  EGP 53.33/100g,,,,,,2026-06-25
N34912209A,noon,Grocery,"creal,oats,Jams&Honey",Oat Bran Rings 250grams,76.0,Lino,250g  |  EGP 30.40/100g,,,,,,2026-06-25
ZE426EC5A8EB2C35FDD66Z,noon,Grocery,"creal,oats,Jams&Honey",Keto Coconut Chocolate Bar 60 grams Bundle,250.0,HEALTHY & TASTY,,,,,,,2026-06-25
ZFF638991D748CB593F57Z,noon,Grocery,"creal,oats,Jams&Honey","Chocolate spread from X Spread with natural hazelnut pieces, 350 g.",90.0,Mozn,350g  |  EGP 25.71/100g,,,,,,2026-06-25
ZBAC47AFBE9D043CC1535Z,noon,Grocery,"creal,oats,Jams&Honey",Classic Chocolate Spread With hazelnut 900g,270.0,Milkato,900g  |  EGP 30.00/100g,,,,,,2026-06-25
Z2519ADEA5027508C785AZ,noon,Grocery,"creal,oats,Jams&Honey",Hazelnut Spread Chocolate-350g,144.0,Milkato,350g  |  EGP 41.14/100g,,,,,,2026-06-25
Z25DADB19C11C8CE5DBDCZ,noon,Grocery,"creal,oats,Jams&Honey",Chocolate peanut butter 375g Bundle,970.0,HEALTHY & TASTY,375g  |  EGP 57.60/100g,,,,,,2026-06-25
Z1043F437742F6454ECD6Z,noon,Grocery,"creal,oats,Jams&Honey",Spring Blossom Honey 420 grams,108.25,El bawadi,420g  |  EGP 25.77/100g,,,,,,2026-06-25
N29469995A,noon,Grocery,"creal,oats,Jams&Honey",Apricot Jam 284grams,310.0,St.Dalfour,284g  |  EGP 109.15/100g,,,,,,2026-06-25
Z31399F454202D9FF74FFZ,noon,Grocery,"creal,oats,Jams&Honey",Herb Flower (Anise) Honey 850 gm,265.0,ZARY,850g  |  EGP 31.18/100g,,,,,,2026-06-25
Z2E4EC66F35A0F6C92B35Z,noon,Grocery,"creal,oats,Jams&Honey",CREAMY PEANUT BUTTER454g,480.0,Jif,454g  |  EGP 1.06/100g,,,,,,2026-06-25
N29595080A,noon,Grocery,"creal,oats,Jams&Honey",Hero Clover Honey - 365grams,114.0,Hero,365g  |  EGP 31.23/100g,,,,,,2026-06-25
N29782476A,noon,Grocery,"creal,oats,Jams&Honey",Vitrac Creamy Fig Jam - 430grams,55.0,Vitrac,430g  |  EGP 12.79/100g,,,,,,2026-06-25
Z2C24713AF3DC43E68F93Z,noon,Grocery,"creal,oats,Jams&Honey",Marjoram Honey 500 grams - 100% Natural from Uni Smart Group,122.0,Uni Smart Group,500g  |  EGP 24.40/100g,,,,,,2026-06-25
N15224304A,noon,Grocery,"creal,oats,Jams&Honey",Hero Jam With Fig Flavor - 350grams,73.0,Hero,350g  |  EGP 20.86/100g,,,,,,2026-06-25
N29779181A,noon,Grocery,"creal,oats,Jams&Honey",Greek Forest Honey 500grams,1021.0,Fino,500g  |  EGP 204.20/100g,,,,,,2026-06-25
Z0938A8958AB556028D99Z,noon,Grocery,"creal,oats,Jams&Honey",Anise Honey 500 grams - 100% Natural from Uni Smart Group,130.0,Uni Smart Group,500g  |  EGP 26.00/100g,,,,,,2026-06-25
N29779101A,noon,Grocery,"creal,oats,Jams&Honey",Greek Honey With Flora And Thyme 500grams,1225.0,Attiki,500g  |  EGP 245.00/100g,,,,,,2026-06-25
Z006F12BE30AF90A52A55Z,noon,Grocery,"creal,oats,Jams&Honey",Arabian Wildflower Honey 850 gm,815.0,ZARY,850g  |  EGP 95.88/100g,,,,,,2026-06-25
Z106C37C01956B74B52A3Z,noon,Grocery,"creal,oats,Jams&Honey",Herb Flower (Anise) Honey 450 gm,160.0,ZARY,450g  |  EGP 35.56/100g,,,,,,2026-06-25
Z4C36145082BFB39C9476Z,noon,Grocery,"creal,oats,Jams&Honey",Summer Flowers Honey 450 gm,145.0,ZARY,450g  |  EGP 32.22/100g,,,,,,2026-06-25
Z225CA5CD6423415B34AFZ,noon,Grocery,"creal,oats,Jams&Honey",Arkan Chocolate Halawa 300g – Premium Egyptian Sesame Sweet with Chocolate Swirls | Traditional Halva Dessert,99.99,ARKAN,300g  |  EGP 33.33/100g,,,,,,2026-06-25
ZC74888EDBB306A3C9B6BZ,noon,Grocery,"creal,oats,Jams&Honey",Pistachio butter 210g Bundle,1270.0,HEALTHY & TASTY,,,,,,,2026-06-25
Z1CF4FA91D85707ACCC14Z,noon,Grocery,"creal,oats,Jams&Honey",Black seed flower honey 950g,240.0,Shana nature house,950g  |  EGP 25.26/100g,,,,,,2026-06-25
ZD0E6067724BB078B1CC9Z,noon,Grocery,"creal,oats,Jams&Honey",Herbistice Natural Bee Honey Citrus Flowers 500g,140.0,Herbistice,500g  |  EGP 28.00/100g,,,,,,2026-06-25
Z27703266F64B86E731C9Z,noon,Grocery,"creal,oats,Jams&Honey",High protein peanut butter 375g Bundle,1050.0,HEALTHY & TASTY,250g  |  EGP 84.40/100g,,,,,,2026-06-25
Z706905CEED03D3E6B607Z,noon,Grocery,"creal,oats,Jams&Honey",gotella White Chocolate Spread 425 gm,95.0,Gotella Chocolate,425g  |  EGP 22.35/100g,,,,,,2026-06-25
ZEE7060668C69D909E59BZ,noon,Grocery,"creal,oats,Jams&Honey",Clover Flowers Honey 850 gm,250.0,ZARY,850g  |  EGP 29.41/100g,,,,,,2026-06-25
Z474CCC0F72DEAA126622Z,noon,Grocery,"creal,oats,Jams&Honey",Chocolate Hazelnut Spread 350g,108.0,ASMACUP,350g  |  EGP 30.86/100g,,,,,,2026-06-25
Z02D1837EDABC2817543EZ,noon,Grocery,"creal,oats,Jams&Honey",Pistachio Spread Cream 1 KG,585.0,ASMACUP,1000g  |  EGP 58.50/100g,,,,,,2026-06-25
Z44A8181C9AC111A8AAFCZ,noon,Grocery,"creal,oats,Jams&Honey",asmacup White Chocolate Oreo Spread 900 gm,202.5,ASMACUP,900g  |  EGP 22.50/100g,,,,,,2026-06-25
N51181869A,noon,Grocery,"creal,oats,Jams&Honey",Honey  - Medium Squeeze 270grams,624.0,Fino,270g  |  EGP 231.11/100g,,,,,,2026-06-25
N28940008A,noon,Grocery,"creal,oats,Jams&Honey",Red Berries Fruit Jam 284grams,310.0,St.Dalfour,284g  |  EGP 109.15/100g,,,,,,2026-06-25
Z45788582C91FD52E467EZ,noon,Grocery,"creal,oats,Jams&Honey",Manuka Health-Manuka Honey MGO 400+ 250g,3699.0,Manuka Health New Zealand Ltd,250g  |  EGP 1479.60/100g,,,,,,2026-06-25
N29594894A,noon,Grocery,"creal,oats,Jams&Honey",Greek Honey Jar 250grams,737.0,Attica,250g  |  EGP 294.80/100g,,,,,,2026-06-25
N27747764A,noon,Grocery,"creal,oats,Jams&Honey",Crispy Oat & Honey Granola Bar 40grams,42.0,Sante,40g  |  EGP 105.00/100g,,,,,,2026-06-25
Z4EF37BAECDAD510682DBZ,noon,Grocery,"creal,oats,Jams&Honey",Caesar Honey 350 grams - 100% natural from Uni Smart Group,135.0,Uni Smart Group,350g  |  EGP 38.57/100g,,,,,,2026-06-25
ZDA3EB1DD82ADEB9B92A4Z,noon,Grocery,"creal,oats,Jams&Honey",Natural Black Seed Bee Honey 500g,140.0,Herbistice,500g  |  EGP 28.00/100g,,,,,,2026-06-25
ZB8E7C8AF706E781CD731Z,noon,Grocery,"creal,oats,Jams&Honey",Hazelnut Chocolate Spread 900g,179.1,ASMACUP,900g  |  EGP 19.90/100g,,,,,,2026-06-25
ZA635298389A212A4B613Z,noon,Grocery,"creal,oats,Jams&Honey",ANISE WONDER BEE HONEY 950 GM,185.0,Wonder Bee Honey,950g  |  EGP 19.47/100g,,,,,,2026-06-25
ZD892C0855666516319F0Z,noon,Grocery,"creal,oats,Jams&Honey",gotella Mango Chocolate Spread 425 gm,95.0,Gotella Chocolate,425g  |  EGP 22.35/100g,,,,,,2026-06-25
N42554196A,noon,Grocery,"creal,oats,Jams&Honey",Hero Citrus Honey - 225grams,72.0,Hero,225g  |  EGP 32.00/100g,,,,,,2026-06-25
Z90814DAB508E00CE0895Z,noon,Grocery,"creal,oats,Jams&Honey",Children's chocolate spread 375 grams Bundle,850.0,HEALTHY & TASTY,375g  |  EGP 57.60/100g,,,,,,2026-06-25
Z9AF95B545AAD05A6CF65Z,noon,Grocery,"creal,oats,Jams&Honey",Fenugreek Honey 350 g - 100% natural from Uni Smart Group,100.0,Uni Smart Group,350g  |  EGP 28.57/100g,,,,,,2026-06-25
N38731558A,noon,Grocery,"creal,oats,Jams&Honey",Strawberry Jams 370grams,365.0,Bonne Maman,370g  |  EGP 98.65/100g,,,,,,2026-06-25
Z1541941C3E313BC2F9AFZ,noon,Grocery,"creal,oats,Jams&Honey","Clover Blossom Honey from Ahla Seha - 865g - 100% Natural, Rich in Vitamins and Minerals",201.0,Ahla Seha,865g  |  EGP 23.24/100g,,,,,,2026-06-25
Z8F11FD8CFB38F18461BBZ,noon,Grocery,"creal,oats,Jams&Honey",Rocher spread Cream  Irresistible Luxurious Rocher Goodness 350 gm,162.0,ASMACUP,350g  |  EGP 46.29/100g,,,,,,2026-06-25
N25262585A,noon,Grocery,"creal,oats,Jams&Honey",Jam With Mixed Fruits Flavor - 350grams,73.0,Hero,350g  |  EGP 20.86/100g,,,,,,2026-06-25
Z1ACFB0C3E83A7BF8B5E2Z,noon,Grocery,"creal,oats,Jams&Honey",فستق اسبريد  200 جرام,179.1,اسماكب,200g  |  EGP 89.55/100g,,,,,,2026-06-25
Z3D684EC7B8F717AB7B3CZ,noon,Grocery,"creal,oats,Jams&Honey",Nawara honey with honey 450 g,126.0,Shana nature house,470g  |  EGP 26.81/100g,,,,,,2026-06-25
Z6DA6119CD13785550967Z,noon,Grocery,"creal,oats,Jams&Honey",Dubai filling Kunafa & Pistachio 500 Gram,243.0,ASMACUP,450g  |  EGP 54.00/100g,,,,,,2026-06-25
N27747723A,noon,Grocery,"creal,oats,Jams&Honey",Protein Go On Cranberry Chocolate Bar 50grams,75.0,Sante,50g  |  EGP 150.00/100g,,,,,,2026-06-25
ZD912451DDF231AF3A1BAZ,noon,Grocery,"creal,oats,Jams&Honey",Nutmeg Honey 350 g - 100% Natural from Uni Smart Group,95.0,Uni Smart Group,350g  |  EGP 27.14/100g,,,,,,2026-06-25
N29012952A,noon,Grocery,"creal,oats,Jams&Honey",Clover Honey 250grams,76.5,Al Shifa,250g  |  EGP 30.60/100g,,,,,,2026-06-25
Z8925E56E5B6129F00030Z,noon,Grocery,"creal,oats,Jams&Honey","Alsham NEBRAS Apricot Jam – Premium Natural Fruit Spread, Authentic Taste, Golden Lid Jar, 450g",89.99,ALSHAM NEBRAS,450g  |  EGP 20.00/100g,,,,,,2026-06-25
Z22F9E1452C8F553ABC9AZ,noon,Grocery,"creal,oats,Jams&Honey",gotella Lava Mango Chocolate Spread With Crunchy Biscuits 60 gm pack 12 pieces,195.0,Gotella Chocolate,720g  |  EGP 27.08/100g,,,,,,2026-06-25
N29779471A,noon,Grocery,"creal,oats,Jams&Honey",Fig Jam 230grams,35.0,Vitrac,230g  |  EGP 15.22/100g,,,,,,2026-06-25
N52188263A,noon,Grocery,"creal,oats,Jams&Honey",Hero Spring Blossom Honey - 365grams,130.25,Hero,365g  |  EGP 35.68/100g,,,,,,2026-06-25
ZD3CE280CF402B0F17C89Z,noon,Grocery,"creal,oats,Jams&Honey",Arkan Premium Halva with Extra Walnuts – 500g | Authentic Middle Eastern Sesame Sweet | Traditional Dessert Egypt,250.0,ARKAN,500g  |  EGP 14.17/oz,,,,,,2026-06-25
ZB375C232D32C8E5723CAZ,noon,Grocery,"creal,oats,Jams&Honey",Kind kids Spread Cream 350 gm,99.0,ASMACUP,350g  |  EGP 28.29/100g,,,,,,2026-06-25
N29779246A,noon,Grocery,"creal,oats,Jams&Honey",Black Seed Honey 800g,288.25,ISIS,800g  |  EGP 36.03/100g,,,,,,2026-06-25
ZDC51FA1CFACCE7F51EDDZ,noon,Grocery,"creal,oats,Jams&Honey",Peanut butter 375g Bundle,850.0,HEALTHY & TASTY,375g  |  EGP 57.60/100g,,,,,,2026-06-25
ZFD385EB022555DB39DD0Z,noon,Grocery,"creal,oats,Jams&Honey","Clover Blossom Honey from Ahla Seha - 450g - 100% Natural, Rich in Vitamins and Minerals, Beneficial for Diabetics, Ideal for Healthy Sweetening and Snacks",121.0,Ahla Seha,450g  |  EGP 26.89/100g,,,,,,2026-06-25
ZD8790FF7C42320B749A6Z,noon,Grocery,"creal,oats,Jams&Honey",Honey Cinnamon Syrup - 100% Natural from Uni Smart Group,62.0,Uni Smart Group,,,,,,,2026-06-25
ZDA02F03E4227FDBE3062Z,noon,Grocery,"creal,oats,Jams&Honey",Apricot jam 190 grams (Pack of 2),50.0,El bawadi,190g  |  EGP 13.16/100g,,,,,,2026-06-25
Z6A8CACC9AD838D13AC9EZ,noon,Grocery,"creal,oats,Jams&Honey",Healthy Spread  Chocolate Original with Hazelnut 375 gm,200.0,Milkato,375g  |  EGP 53.33/100g,,,,,,2026-06-25
ZFF638991D748CB593F57Z,noon,Grocery,"creal,oats,Jams&Honey","Chocolate spread from X Spread with natural hazelnut pieces, 350 g.",90.0,Mozn,350g  |  EGP 25.71/100g,,,,,,2026-06-25
ZBAC47AFBE9D043CC1535Z,noon,Grocery,"creal,oats,Jams&Honey",Classic Chocolate Spread With hazelnut 900g,270.0,Milkato,900g  |  EGP 30.00/100g,,,,,,2026-06-25
ZC44C1AEA991A2730E227Z,noon,Grocery,"creal,oats,Jams&Honey",Natural Black Seed Honey 500g,182.0,Haj Arafa,500g  |  EGP 36.40/100g,,,,,,2026-06-25
N29595081A,noon,Grocery,"creal,oats,Jams&Honey",Hero Citrus Honey - 365grams,104.0,Hero,365g  |  EGP 28.49/100g,,,,,,2026-06-25
Z2519ADEA5027508C785AZ,noon,Grocery,"creal,oats,Jams&Honey",Hazelnut Spread Chocolate-350g,144.0,Milkato,350g  |  EGP 41.14/100g,,,,,,2026-06-25
ZED330BB26A58F6584666Z,noon,Grocery,"creal,oats,Jams&Honey",Healthy Spread Chocolate Extra Nuts with Hazelnut Pieces 375 gm,216.0,Milkato,375g  |  EGP 57.60/100g,,,,,,2026-06-25
ZA31487989356E91E27EEZ,noon,Grocery,"creal,oats,Jams&Honey",Speculoos Biscuits Spread 380 gm,171.0,Milkato,380g  |  EGP 45.00/100g,,,,,,2026-06-25
Z49A1EB88C0682E02ABD9Z,noon,Grocery,"creal,oats,Jams&Honey",Rotus Caramel and Cinnamon Biscuit Topping Sauce - 350g,99.99,Rotus,350g  |  EGP 28.57/100g,,,,,,2026-06-25
ZE09D101DE46BC0A5A403Z,noon,Grocery,"creal,oats,Jams&Honey","Imtenan Super Immune Honey with Vanilla for Immune Support, 380g",251.0,Imtenan,380g  |  EGP 66.05/100g,,,,,,2026-06-25
Z4BA27EF7129F14D5CBC5Z,noon,Grocery,"creal,oats,Jams&Honey",Maxtella Chocolate Hazelnut Spread - 320g,99.99,Maxtella,320g  |  EGP 31.25/100g,,,,,,2026-06-25
ZB6757E682251979B1515Z,noon,Grocery,"creal,oats,Jams&Honey","El Mordjene Hazelnut Cream Spread – 700g Jar – Smooth & Creamy Chocolate Hazelnut Spread for Bread, Toast, Desserts, Baking & Sweet Snacks",899.0,El Mordjene,700g  |  EGP 1.28/100g,,,,,,2026-06-25
Z04C063AF7520C2DCA56BZ,noon,Grocery,"creal,oats,Jams&Honey","Italian Choco Cream – Smooth & Rich Chocolate Spread | Pack of 12 | Perfect for Bread, Pastries & Desserts",273.75,SOCADO,12 pieces  |  EGP 22.81/piece,,,,,,2026-06-25
ZED11EBF27DFBFA5AFC5CZ,noon,Grocery,"creal,oats,Jams&Honey","Al-Jabli Egyptian Sidr Honey – 100% Natural Honey, Excellent Quality & Economical Price – 250 g",370.0,AlGable,250g  |  EGP 148.00/100g,,,,,,2026-06-25
ZB7703574EC420B487AABZ,noon,Grocery,"creal,oats,Jams&Honey",Manuka Health - New Zealand Raw Manuka Honey - MGO 263+ - 500g,2899.0,Manuka health,500g  |  EGP 579.80/100g,,,,,,2026-06-25
Z74B13A4A4E01DFA47368Z,noon,Grocery,"creal,oats,Jams&Honey",Premium Imported Royal Jelly (Grade A) - Superior Concentration & Guaranteed Purity to Boost Immunity & Vitality - Original Value Pack.,275.0,Oshba,400g  |  EGP 68.75/100g,,,,,,2026-06-25
Z1BD86CCFB33E2F6292E6Z,noon,Grocery,"creal,oats,Jams&Honey","Egyptian Royal Clover Honey, 100% Natural Bee Honey - 450g",139.99,Egyptian Royal Honey,450g  |  EGP 31.11/100g,,,,,,2026-06-25
Z8EE3D18402D8110765BDZ,noon,Grocery,"creal,oats,Jams&Honey",Manuka Health-Manuka Honey MGO 573+ 250g,4299.0,Manuka Health New Zealand Ltd,250g  |  EGP 1719.60/100g,,,,,,2026-06-25
ZEF2D8C5232589BB2AA71Z,noon,Grocery,"creal,oats,Jams&Honey",clover honey 950sq,155.0,SENNARA HONEY,950g  |  EGP 16.32/100g,,,,,,2026-06-25
ZB40099C2BEF10392B354Z,noon,Grocery,"creal,oats,Jams&Honey",clover 450 sq,86.0,honey_sennara,450g  |  EGP 19.11/100g,,,,,,2026-06-25
Z4E5BDAB34E329B317ECFZ,noon,Grocery,"creal,oats,Jams&Honey",(Black Seed) Nigella Sativa Honey 450 gm,133.0,ZARY,450g  |  EGP 29.56/100g,,,,,,2026-06-25
Z4146A409999467557CA9Z,noon,Grocery,"creal,oats,Jams&Honey",jar of honey with Vega men's food mix 400 grams,460.0,ZADNA,400g  |  EGP 115.00/100g,,,,,,2026-06-25
ZD01094E009AFF3C77F01Z,noon,Grocery,"creal,oats,Jams&Honey",Secrets Protein Bar-70G-Mocha,75.0,Organic Nation,70g  |  EGP 107.14/100g,,,,,,2026-06-25
Z4038021812B32A975101Z,noon,Grocery,"creal,oats,Jams&Honey",Margoram 450 sq,94.0,SENNARA HONEY,450g  |  EGP 20.89/100g,,,,,,2026-06-25
Z3D971716604AC0A0AB56Z,noon,Grocery,"creal,oats,Jams&Honey",WildFlower Honey 450 gm,433.0,ZARY,450g  |  EGP 96.22/100g,,,,,,2026-06-25
N29595054A,noon,Grocery,"creal,oats,Jams&Honey",Vitrac Creamy Apricot Jam - 430grams,69.25,Vitrac,430g  |  EGP 16.10/100g,,,,,,2026-06-25
ZEEF7B2E0F1EDD55A3E99Z,noon,Grocery,"creal,oats,Jams&Honey",كريمة الفستق الصحية الممتازة - خالية من السكر وقليلة السعرات الحرارية - محلاة طبيعياً بالإريثريتول - فستق محمص فاخر بدون الشعور بالذنب - طبيعية 100% وقوام كريمي,800.0,سوكرادورف,,,,,,,2026-06-25
ZEE6388FCC985E8A41858Z,noon,Grocery,"creal,oats,Jams&Honey",Dried Fruit & Nuts Bar 40 grams,65.0,Imtenan,40g  |  EGP 162.50/100g,,,,,,2026-06-25
Z35E4ACF0FA6C39087717Z,noon,Grocery,"creal,oats,Jams&Honey",Secrets Protein Bar-70G-Vanilla Birthday Cake,75.0,Organic Nation,70g  |  EGP 107.14/100g,,,,,,2026-06-25
ZEA8BDD434C2CCBC58429Z,noon,Grocery,"creal,oats,Jams&Honey",squeez marjoram honey 950 Grams,187.0,sennara,950g  |  EGP 19.68/100g,,,,,,2026-06-25
Z44A8181C9AC111A8AAFCZ,noon,Grocery,"creal,oats,Jams&Honey",asmacup White Chocolate Oreo Spread 900 gm,202.5,ASMACUP,900g  |  EGP 22.50/100g,,,,,,2026-06-25
ZB8E7C8AF706E781CD731Z,noon,Grocery,"creal,oats,Jams&Honey",Hazelnut Chocolate Spread 900g,179.1,ASMACUP,900g  |  EGP 19.90/100g,,,,,,2026-06-25
Z8F11FD8CFB38F18461BBZ,noon,Grocery,"creal,oats,Jams&Honey",Rocher spread Cream  Irresistible Luxurious Rocher Goodness 350 gm,162.0,ASMACUP,350g  |  EGP 46.29/100g,,,,,,2026-06-25
N39272814A,noon,Grocery,"creal,oats,Jams&Honey",Crispy Granola Original 350grams,150.25,Abu Auf,350g  |  EGP 42.93/100g,,,,,,2026-06-25
ZFE5D8B680E34435F2ADBZ,noon,Grocery,"creal,oats,Jams&Honey",Citrus Honey 450 gm,145.0,ZARY,450g  |  EGP 32.22/100g,,,,,,2026-06-25
ZC9832886CD1CE4988212Z,noon,Grocery,"creal,oats,Jams&Honey",Citrus Honey 225 gm,90.0,ZARY,225g  |  EGP 40.00/100g,,,,,,2026-06-25
ZC9748BD10C2C843CD843Z,noon,Grocery,"creal,oats,Jams&Honey",Secrets Protein Bar-70G-Apple Pie,75.0,Organic Nation,70g  |  EGP 107.14/100g,,,,,,2026-06-25
Z8DD0B5337EF111CC9859Z,noon,Grocery,"creal,oats,Jams&Honey",black seeds wonder bee honey950gm,189.0,Wonder Bee Honey,950g  |  EGP 19.89/100g,,,,,,2026-06-25
ZFD6B36C3B77119EB4620Z,noon,Grocery,"creal,oats,Jams&Honey",Psyllium Husk Jar 100g,250.0,ZADNA,100g  |  EGP 250.00/100g,,,,,,2026-06-25
N28992073A,noon,Grocery,"creal,oats,Jams&Honey",Pure Greek Honey 270grams,737.0,Attiki,270g  |  EGP 272.96/100g,,,,,,2026-06-25
Z1ACFB0C3E83A7BF8B5E2Z,noon,Grocery,"creal,oats,Jams&Honey",فستق اسبريد  200 جرام,179.1,اسماكب,200g  |  EGP 89.55/100g,,,,,,2026-06-25
Z8D952B9A0859AD3AF825Z,noon,Grocery,"creal,oats,Jams&Honey",Clover Flowers Honey 225 gm,90.0,ZARY,225g  |  EGP 40.00/100g,,,,,,2026-06-25
N39019221A,noon,Grocery,"creal,oats,Jams&Honey",Apricot Preserve 370grams,365.0,Bonne Maman,370g  |  EGP 98.65/100g,,,,,,2026-06-25
Z9B3A898D2E82D7E370DDZ,noon,Grocery,"creal,oats,Jams&Honey",MY Breakfast Oats & Fruits,68.0,MY Breakfast,,,,,,,2026-06-25
Z70F684990596AB8390EEZ,noon,Grocery,"creal,oats,Jams&Honey",MY Breakfast Oats & Chia,68.0,MY Breakfast,,,,,,,2026-06-25
Z53CFDB9926890C31E0EAZ,noon,Grocery,"creal,oats,Jams&Honey",Clover Flowers Honey 450 gm,145.0,ZARY,450g  |  EGP 32.22/100g,,,,,,2026-06-25
Z85F8117B111A90BC5969Z,noon,Grocery,"creal,oats,Jams&Honey",Honey 450g,126.0,Saltana,450g  |  EGP 28.00/100g,,,,,,2026-06-25
N51181868A,noon,Grocery,"creal,oats,Jams&Honey",Greek Forest Honey 250grams,680.0,Fino,250g  |  EGP 272.00/100g,,,,,,2026-06-25
Z3D684EC7B8F717AB7B3CZ,noon,Grocery,"creal,oats,Jams&Honey",Nawara honey with honey 450 g,126.0,Shana nature house,470g  |  EGP 26.81/100g,,,,,,2026-06-25
ZE0B95FC4F2337246F2ECZ,noon,Grocery,"creal,oats,Jams&Honey","B.LABAN Spread Cream Hazelnut Chocolate ,80gm  Pack of 2",108.0,B.laban,160g  |  EGP 0.68/100g,,,,,,2026-06-25
Z6DA6119CD13785550967Z,noon,Grocery,"creal,oats,Jams&Honey",Dubai filling Kunafa & Pistachio 500 Gram,243.0,ASMACUP,450g  |  EGP 54.00/100g,,,,,,2026-06-25
Z8925E56E5B6129F00030Z,noon,Grocery,"creal,oats,Jams&Honey","Alsham NEBRAS Apricot Jam – Premium Natural Fruit Spread, Authentic Taste, Golden Lid Jar, 450g",89.99,ALSHAM NEBRAS,450g  |  EGP 20.00/100g,,,,,,2026-06-25
ZD3CE280CF402B0F17C89Z,noon,Grocery,"creal,oats,Jams&Honey",Arkan Premium Halva with Extra Walnuts – 500g | Authentic Middle Eastern Sesame Sweet | Traditional Dessert Egypt,250.0,ARKAN,500g  |  EGP 14.17/oz,,,,,,2026-06-25
N43406312A,noon,Grocery,"creal,oats,Jams&Honey",Easy Open Honey 455grams,851.0,Attiki,455g  |  EGP 187.03/100g,,,,,,2026-06-25
N27675267A,noon,Grocery,"creal,oats,Jams&Honey",Jam With Apricot Flavor - 350grams,81.0,Hero,350g  |  EGP 23.14/100g,,,,,,2026-06-25
ZB375C232D32C8E5723CAZ,noon,Grocery,"creal,oats,Jams&Honey",Kind kids Spread Cream 350 gm,99.0,ASMACUP,350g  |  EGP 28.29/100g,,,,,,2026-06-25
N29762533A,noon,Grocery,"creal,oats,Jams&Honey",Vitrac Fig Jam - 430grams,63.25,Vitrac,430g  |  EGP 14.71/100g,,,,,,2026-06-25
Z293D1E8DF8254C606EE6Z,noon,Grocery,"creal,oats,Jams&Honey",Attiki Premium Greek Honey 455g,960.0,Attiki Pittas,455g  |  EGP 2.11/100g,,,,,,2026-06-25
N29779226A,noon,Grocery,"creal,oats,Jams&Honey",Hero Spring Blossom Honey - 650grams,219.0,Hero,650g  |  EGP 33.69/100g,,,,,,2026-06-25
Z6A8CACC9AD838D13AC9EZ,noon,Grocery,"creal,oats,Jams&Honey",Healthy Spread  Chocolate Original with Hazelnut 375 gm,200.0,Milkato,375g  |  EGP 53.33/100g,,,,,,2026-06-25
ZFF638991D748CB593F57Z,noon,Grocery,"creal,oats,Jams&Honey","Chocolate spread from X Spread with natural hazelnut pieces, 350 g.",90.0,Mozn,350g  |  EGP 25.71/100g,,,,,,2026-06-25
Z7DB90F18FCB98BA0D629Z,noon,Grocery,"creal,oats,Jams&Honey",Honey Rings - 250 grams,61.0,TOLO,250g  |  EGP 24.40/100g,,,,,,2026-06-25
Z9601864D5CAC80DC3816Z,noon,Grocery,"creal,oats,Jams&Honey",Pistachio Spread  385 gm,175.0,Lavida,385g  |  EGP 45.45/100g,,,,,,2026-06-25
Z7719E6686ACD38F64523Z,noon,Grocery,"creal,oats,Jams&Honey",Honey Rings 250 Gram,63.0,Kiddo,250g  |  EGP 25.20/100g,,,,,,2026-06-25
ZBB9888F94FC5FF41C987Z,noon,Grocery,"creal,oats,Jams&Honey",Herb Flower (Anise) Honey 225 gm,100.0,ZARY,225g  |  EGP 44.44/100g,,,,,,2026-06-25
Z46F6771DC59938EA2E89Z,noon,Grocery,"creal,oats,Jams&Honey",Herbistice Black Seed Bee Honey 950g,200.0,Herbistice,950g  |  EGP 21.05/100g,,,,,,2026-06-25
ZBAC47AFBE9D043CC1535Z,noon,Grocery,"creal,oats,Jams&Honey",Classic Chocolate Spread With hazelnut 900g,270.0,Milkato,900g  |  EGP 30.00/100g,,,,,,2026-06-25
Z2519ADEA5027508C785AZ,noon,Grocery,"creal,oats,Jams&Honey",Hazelnut Spread Chocolate-350g,144.0,Milkato,350g  |  EGP 41.14/100g,,,,,,2026-06-25
ZED330BB26A58F6584666Z,noon,Grocery,"creal,oats,Jams&Honey",Healthy Spread Chocolate Extra Nuts with Hazelnut Pieces 375 gm,216.0,Milkato,375g  |  EGP 57.60/100g,,,,,,2026-06-25
N43406313A,noon,Grocery,"creal,oats,Jams&Honey",Dark Brown Honey - 500grams,1225.0,Attiki,500g  |  EGP 245.00/100g,,,,,,2026-06-25
Z91BE7F655EB0317430B5Z,noon,Grocery,"creal,oats,Jams&Honey",Children's chocolate spread 375 grams,300.0,HEALTHY & TASTY,375g  |  EGP 80.00/100g,,,,,,2026-06-25
ZA31487989356E91E27EEZ,noon,Grocery,"creal,oats,Jams&Honey",Speculoos Biscuits Spread 380 gm,171.0,Milkato,380g  |  EGP 45.00/100g,,,,,,2026-06-25
Z2E6F9211FA9DB57EE875Z,noon,Grocery,"creal,oats,Jams&Honey",عسل سدر جبلي طبيعي فاخر – 400 جم | نقي، صحي، أصيل,550.0,,1000g  |  EGP 55.00/100g,,,,,,2026-06-25
ZE3E1CD3F48950B0F6608Z,noon,Grocery,"creal,oats,Jams&Honey",Healthy Matcha Granola 275G,239.0,Greenuts,275g  |  EGP 86.91/100g,,,,,,2026-06-25
Z67D0279054350E40E0ADZ,noon,Grocery,Coffee,Instant Coffee Gold (100 g),344.0,Seelaz,100 g grams,27.0,27.0,,4.4,23.0,2026-06-25
Z91AC3D363B0882CB677DZ,noon,Grocery,Coffee,"Lavazza Qualità Rossa, Full-bodied and Balanced Espresso, 10 Capsules, Nespresso Compatible",255.0,Lavazza,57,10.0,10.0,,4.9,25.0,2026-06-25
Z4D862E2381AFAD281DAAZ,noon,Grocery,Coffee,Nescafe Dolce Gusto Flat White 16 Capsules Brand: Nescafe,255.0,Dolce Gusto,95g,16.0,16.0,,4.8,35.0,2026-06-25
Z03699705D20B29609579Z,noon,Grocery,Coffee,Lavazza Crema e Gusto Classico Intensity 7 250gm,234.0,Lavazza,250g,6.0,6.0,,4.3,82.0,2026-06-25
N42611621A,noon,Grocery,Coffee,High Cofee Mix 3*1- 12 Sachet - 18grams,145.0,Coffee Break,18 grams,6.0,6.0,,4.3,55.0,2026-06-25
N28968513A,noon,Grocery,Coffee,Gold 3in1 - 12 sachet 21grams Pack of 12,274.95,Nescafe,21 grams,12.0,12.0,,4.5,121.0,2026-06-25
N35148364A,noon,Grocery,Coffee,Instant Coffee 90grams,255.0,Misr Cafe,90 grams,,,,4.4,177.0,2026-06-25
N52381914A,noon,Grocery,Coffee,Grand Aroma 500grams,234.0,Melitta,500 grams,6.0,6.0,,4.8,56.0,2026-06-25
ZA246798A5075EAA30946Z,noon,Grocery,Coffee,Turkish Coffee Light Blended 500 Grams,324.95,Derma coffee,500 grams,6.0,6.0,,4.3,28.0,2026-06-25
ZCEFDD7D51347F7417B92Z,noon,Grocery,Coffee,Nescafe Dolce Gusto Cafe au lait - 16 Capsules,234.0,Dolce Gusto,47.5g,16.0,16.0,,4.7,17.0,2026-06-25
Z053FE726F04307E54A81Z,noon,Grocery,Coffee,Ground Espresso Decaffeinated Coffee 125g,255.0,Illy,125g,6.0,6.0,,4.7,3.0,2026-06-25
N28968506A,noon,Grocery,Coffee,2 In 1 Original Mix Coffee 10grams Pack of 24,255.0,Nescafe,10 grams,24.0,24.0,,4.7,88.0,2026-06-25
ZB19D1D492F80BADB6212Z,noon,Grocery,Coffee,Diet Cappuccino Instant Mix – No Added Sugar – 200g – Rich Flavor with Creamy Frothy Milk,251.0,UniCafé,200g,10.0,10.0,,4.2,527.0,2026-06-25
ZBBFC9C1E9069F8482C14Z,noon,Grocery,Coffee,Nespresso Ispirazione Firenze Arpeggio Coffee Capsules Intenso,274.95,Nespresso,45g,,,,4.8,6.0,2026-06-25
ZA220F8CD9405FC2318D1Z,noon,Grocery,Coffee,Ground Coffee Espresso - Ethiopia - 125g,274.95,Illy,125g,6.0,6.0,,4.0,8.0,2026-06-25
N27043721A,noon,Grocery,Coffee,Gold Instant Coffee 95grams,255.0,Nescafe,95 grams,12.0,12.0,,4.7,44.0,2026-06-25
N70178151V,noon,Grocery,Coffee,Coffe Gold Decaf With Roasted Arabica - 95grams Single,255.0,Nescafe,95 grams,,,,4.9,8.0,2026-06-25
ZA04C35BB860076BD0A1DZ,noon,Grocery,Coffee,UNICAFE Classic Instant Coffee - 100% Pure Coffee Granules - Rich & Bold Roast - 80g Glass Jar,234.0,UNICAFE,80g,6.0,6.0,,4.5,20.0,2026-06-25
N70277901V,noon,Grocery,Coffee,Nescafe 3in1 Instant Coffee Mix Sachet 20g (24 Sticks) 20g * 24grams Pack of 24,255.0,Nescafe,20g * 24 grams,24.0,24.0,,5.0,1.0,2026-06-25
ZA5981E6D87236854AC5CZ,noon,Grocery,Coffee,lor espresso forza 10 capsules,274.95,L'or,45g,10.0,10.0,,5.0,3.0,2026-06-25
ZC3181DB7D56F0B259F04Z,noon,Grocery,Coffee,Instant Arabic Coffee with Saffron – 30g | Traditional Middle Eastern Coffee | Rich Aroma & Authentic Taste,234.0,Baja,with Saffron – 30g grams,6.0,6.0,,4.5,8.0,2026-06-25
N51090606A,noon,Grocery,Coffee,Espresso Original Coffee 25 Sticks 45grams,255.0,Nescafe,45 grams,6.0,6.0,,4.0,10.0,2026-06-25
N28968548A,noon,Grocery,Coffee,Classic Sachet 200grams,255.0,Nescafe,200 grams,6.0,6.0,,4.6,157.0,2026-06-25
Z28204518BBE86EBD23FDZ,noon,Grocery,Coffee,Lavazza Qualita Oro Compatible Capsules With Nespresso 10 Capsules,234.0,Lavazza,47.5g,10.0,10.0,,4.8,31.0,2026-06-25
ZA407038520881A0FA51EZ,noon,Grocery,Coffee,Lavazza Quality Rossa Ground Coffee Medium Roast 250 grams,255.0,Lavazza,250 g,6.0,6.0,,4.6,11.0,2026-06-25
N42611617A,noon,Grocery,Coffee,Cappuccino Mocha -Pack of 8 - 18.5grams,145.0,Coffee Break,18.5 grams,8.0,8.0,,4.6,65.0,2026-06-25
Z8837BB7F238B6DAD62F4Z,noon,Grocery,Coffee,Brownhills coffee Light Roast Plain 100g,324.95,BrownHills,100g,6.0,6.0,,4.5,13.0,2026-06-25
ZC35E5B6E26352FF203A6Z,noon,Grocery,Coffee,Moody Instant Coffee Gold 200g,255.0,Moody Coffee,200g,6.0,6.0,,4.0,8.0,2026-06-25
Z7AA676B6BCFD9051D2B8Z,noon,Grocery,Coffee,Lavazza Espresso Italiano Arabica 250Gm,255.0,Lavazza,250,6.0,6.0,,4.4,13.0,2026-06-25
Z2530A475ABA661EFBB1FZ,noon,Grocery,Coffee,Lavazza Qualita Oro Compatible Capsules With Nespresso 10 Capsules,234.0,Lavazza,47.5g,10.0,10.0,,5.0,1.0,2026-06-25
Z2DB36F0560B47252B26EZ,noon,Grocery,Coffee,Turkish Coffee Light Roasted Plain 500 GM,324.95,Derma coffee,500 grams,6.0,6.0,,3.9,27.0,2026-06-25
Z8B1A55B8B4072B5014FDZ,noon,Grocery,Coffee,"Abdelmaboud Espresso Ground Coffee, Vacuum Packed for Freshness, Rich Strong Espresso Blend - 250g",324.95,Abdelmaboud,0.25 kg,,,,5.0,1.0,2026-06-25
N70178158V,noon,Grocery,Coffee,Classic Instant Coffee Jar - 95grams Single,274.95,Nescafe,95 grams,6.0,6.0,,4.3,35.0,2026-06-25
Z8D4EC4F177A152AE5090Z,noon,Grocery,Coffee,Shaheen cafe ESPRESSO AUTENTICA 200G,324.95,SHAHEEN,200G,6.0,6.0,,4.5,9.0,2026-06-25
Z0AF5C0C727AAFF0C8149Z,noon,Grocery,Coffee,lor espresso colombia 10 capsules,119.0,L'or,3 l,20.0,20.0,,4.8,6.0,2026-06-25
N28968518A,noon,Grocery,Coffee,Gold Cappuccino Vanilla - 12 Sachets 18.5grams,145.0,Nescafe,18.5 grams,6.0,6.0,,4.3,46.0,2026-06-25
ZF73A1E811995C309A0AEZ,noon,Grocery,Coffee,Lavazza Dek Decafinato Compatible Capsules With Nespresso 10 Capsules Blue,99.0,Lavazza,200g,10.0,10.0,,4.7,10.0,2026-06-25
N21471113A,noon,Grocery,Coffee,Instant Karak Chai 25grams Pack of 8,145.0,Tea BREAK,25 grams,8.0,8.0,,4.4,251.0,2026-06-25
Z9E08D7B4B803967379C7Z,noon,Grocery,Coffee,English: UNICAFE Cappuccino Original - Instant Coffee Mix with Rich Creamy Foam - Pack of 10 Sachets x 20g,99.0,UniCafé,Pack of 10 Sachets x 20g grams,10.0,10.0,,4.2,527.0,2026-06-25
Z4517035AB0E222549F2EZ,noon,Grocery,Coffee,Filter coffee 250 gm,99.0,MasterFoods,250 grams,6.0,6.0,,4.0,18.0,2026-06-25
Z636F5AD40ECCF8CDD33DZ,noon,Grocery,Coffee,Espresso super crema - Roast Medium- 250 Gm,295.0,ecoffee,250 grams,,,,3.9,18.0,2026-06-25
Z53EC180B3E6250AF1356Z,noon,Grocery,Coffee,Medium roasted Plain Turkish Coffee - 200 gm,99.0,Abu Auf,200 g,6.0,6.0,,5.0,4.0,2026-06-25
N48449671A,noon,Grocery,Coffee,Coffee Mix Pouch 400grams,99.0,Bonjorno,400 grams,6.0,6.0,,4.5,477.0,2026-06-25
Z14E9A9FC3C17DD690B0AZ,noon,Grocery,Coffee,"French Coffee, 200 Gm",99.0,Abu Auf,200 G,6.0,6.0,,3.7,5.0,2026-06-25
N28968509A,noon,Grocery,Coffee,Classic Jar 190grams,99.0,Nescafe,190 grams,6.0,6.0,,4.5,133.0,2026-06-25
Z96F92206D45AA51F71D7Z,noon,Grocery,Coffee,illy Classico Classic Roast Ground Espresso Coffee 250g,99.0,illy,250,6.0,6.0,,4.7,51.0,2026-06-25
ZFD53C2BFD73274651D99Z,noon,Grocery,Coffee,Light roasted Plain Turkish Coffee - 200 gm,99.0,Abu Auf,200 g,12.0,12.0,,4.9,9.0,2026-06-25
Z80EC8CF4A81ADAE42ED1Z,noon,Grocery,Coffee,Decaffe Espresso 250 grams,99.0,Bristot,250 grams,,,,4.5,5.0,2026-06-25
N28991975A,noon,Grocery,Coffee,Columbian Coffee Espresso 200grams,99.0,Abu Auf,200 grams,6.0,6.0,,3.8,13.0,2026-06-25
ZE02BFAACCEB3C27D4FD4Z,noon,Grocery,Coffee,Assorted Variety mix of Nespresso Coffee Capsules (10 Capsules + 2 Free) in an Acrylic box holder,119.0,Nespresso,12 Count,20.0,20.0,,4.6,27.0,2026-06-25
Z6AA6CFC7E61AD8C9128FZ,noon,Grocery,Coffee,Ground Coffee 125gr Intense Roasted,99.0,Illy,125g,6.0,6.0,,4.3,8.0,2026-06-25
ZC903E63E65F8ABC394E8Z,noon,Grocery,Coffee,Illy | Premium Coffee Collection | Assorted 100% Arabica Blends (4 Tins*125 g),99.0,Illy,125 g,5.0,5.0,,5.0,1.0,2026-06-25
Z9F02055409760E78283FZ,noon,Grocery,Coffee,Mazago Mix - 12 Sachets,145.0,Bonjorno,15,12.0,12.0,,4.8,22.0,2026-06-25
Z1D472DE0C099E70EEFA1Z,noon,Grocery,Coffee,"UNICAFE Diet Cappuccino – Sugar Free Instant Coffee Mix, Healthy Low‑Calorie Cappuccino Drink for Diet & Fitness Lovers 200gram",99.0,UniCafé,200g grams,10.0,10.0,,4.2,527.0,2026-06-25
N70164594V,noon,Grocery,Coffee,Gold Instant Coffee Pouch Refill 190grams Single,99.0,Nescafe,190 grams,6.0,6.0,,4.9,48.0,2026-06-25
N29594968A,noon,Grocery,Coffee,3-In-1 Rich Instant Coffee Stick 21grams Pack of 12,119.0,Nescafe,21 grams,12.0,12.0,,4.5,105.0,2026-06-25
Z48F60AF37FFA2794542DZ,noon,Grocery,Coffee,Assorted Variety mix of Nespresso Coffee Capsules (20 Capsules + 2 Free) in an Acrylic box holder,126.0,Nespresso,22 Count,22.0,22.0,,3.6,50.0,2026-06-25
N49773874A,noon,Grocery,Coffee,Nescafe Gold Espresso (25 Sticks) 1.8grams,119.0,Nescafe,1.8 grams,20.0,20.0,,4.6,41.0,2026-06-25
Z2C5659F34A81F3E42283Z,noon,Grocery,Coffee,"illy Filter Coffee, 250 gms",119.0,Illy,250 g,20.0,20.0,,5.0,2.0,2026-06-25
ZF1D35E8AC9AABF136A4BZ,noon,Grocery,Coffee,Abu Auf Colmbian Coffee Espresso 1 Kg (Whole Bean),119.0,Abu Auf,1 Kg,20.0,20.0,,4.8,37.0,2026-06-25
N12279136A,noon,Grocery,Coffee,Espresso 57 Instant Coffee 90grams,165.0,Davidoff,90 grams,6.0,6.0,,4.7,99.0,2026-06-25
Z74C027AB88A969C826D6Z,noon,Grocery,Coffee,NESCAFÉ Dolce Gusto Espresso 16 Capsules,165.0,Dolce Gusto,50 g,16.0,16.0,,4.9,13.0,2026-06-25
Z22CAA9FD32D170F5A500Z,noon,Grocery,Coffee,Lavazza Crema E Gusto Classico Compatible Capsules With Nespresso 10 Capsules Blue,119.0,Lavazza,260.00 L,20.0,20.0,,4.8,24.0,2026-06-25
Z0EF8543A654BDC02A83AZ,noon,Grocery,Coffee,Bonjorno Coffee Mix Pouch 400g,119.0,Bonjorno,400g,20.0,20.0,,4.8,7.0,2026-06-25
N29595717A,noon,Grocery,Coffee,Latte Classic Coffee Sachet 18grams Pack of 12,119.0,Bonjorno,18 grams,12.0,12.0,,4.3,39.0,2026-06-25
N70337650V,noon,Grocery,Coffee,Gold Instant Coffee Pouch Refill - 47.5grams Single,165.0,Nescafe,47.5 grams,6.0,6.0,,4.4,7.0,2026-06-25
Z2E20D9BD1E00619E8C31Z,noon,Grocery,Coffee,Hamwi Café Mocha Plain - Fine Ground Turkish Coffee Without Cardamom - 180g,119.0,Coffee,"180g pack, ideal for maintaining freshness and aroma over time.",20.0,20.0,,4.3,3.0,2026-06-25
ZDCF29F70BD48B522F3DAZ,noon,Grocery,Coffee,Blonde Espresso Roast by Nespresso - 10 Capsules,120.0,Starbucks,0.6L,20.0,20.0,,4.7,5.0,2026-06-25
Z738796AE6BE3368D1D9CZ,noon,Grocery,Coffee,lor espresso splendente 10 capsules,120.0,L'or,250.00 L,20.0,20.0,,5.0,2.0,2026-06-25
Z38B472941AE005224CE9Z,noon,Grocery,Coffee,Gold Instant Coffee Tin 200g,126.0,InstaMug,200,6.0,6.0,,4.4,5.0,2026-06-25
Z782D6AC27F5600103D03Z,noon,Grocery,Coffee,"Lavazza Qualita Oro Grounded Coffee Blend, 100% Arabica Medium Roast, 250 grams",119.0,Lavazza,250,20.0,20.0,,4.7,18.0,2026-06-25
Z8714716C384220E2B932Z,noon,Grocery,Coffee,Starbucks House Blend Lungo by Nespresso Capsules,119.0,Starbucks,2 l,20.0,20.0,,5.0,1.0,2026-06-25
N12279137A,noon,Grocery,Coffee,Rich Aroma Instant Coffee 90grams,295.0,Davidoff,90 grams,6.0,6.0,,4.7,107.0,2026-06-25
N35900973A,noon,Grocery,Dairy Cheese and Eggs,Gold Milk Powder 15grams,269.0,Mora,15 grams,,,,3.0,21.0,2026-06-25
Z8DD25E6DAA0877624783Z,noon,Grocery,Dairy Cheese and Eggs,Purity and Natural Taste! Almarai Full Fat Milk 1.5L,107.0,almaraae,1.5L,18.0,18.0,,,,2026-06-25
N28853945A,noon,Grocery,Dairy Cheese and Eggs,Fat Filled Milk Powder 250grams,269.0,Tambo,250 grams,,,,3.5,44.0,2026-06-25
ZAC002C75253979CA0EADZ,noon,Grocery,Dairy Cheese and Eggs,Milk Powder 100 gram,269.0,Nido,100 grams,,,,4.3,104.0,2026-06-25
N28853940A,noon,Grocery,Dairy Cheese and Eggs,"Strawberry Flavored Instant Milk, 30g Pack of 12",269.0,Miro,30g,12.0,12.0,,4.1,30.0,2026-06-25
Z53F3872E64901E1109EDZ,noon,Grocery,Dairy Cheese and Eggs,"Rainbow Evaporated Milk with Vitamin D, 6 x 170g",107.0,Rainbow,170g,18.0,18.0,,4.5,,2026-06-25
N28727617A,noon,Grocery,Dairy Cheese and Eggs,Skimmed milk 1.5Liters Pack of 8,107.0,Juhayna,1.5 Liters,8.0,8.0,,4.6,40.0,2026-06-25
N28968522A,noon,Grocery,Dairy Cheese and Eggs,Growing Up Milk Powder 288grams,269.0,Nido,288 grams,6.0,6.0,,4.5,29.0,2026-06-25
ZFA86081FB5D65F44F560Z,noon,Grocery,Dairy Cheese and Eggs,Instant Full Cream Powder Milk 1600g,269.0,Keshta,1600 grams,1.0,1.0,,4.3,170.0,2026-06-25
N29779251A,noon,Grocery,Dairy Cheese and Eggs,Mix Milk Chocolate 200ml Pack of 27,107.0,Juhayna,200 ml,27.0,27.0,,4.7,183.0,2026-06-25
N29761931A,noon,Grocery,Dairy Cheese and Eggs,Full Cream Milk 1Liters pack_of_12,107.0,Almarai,1 Liters,18.0,18.0,,4.5,193.0,2026-06-25
Z54D239C312096820EC54Z,noon,Grocery,Dairy Cheese and Eggs,Powdered Milk for Children After the First Year - 576 grams,269.0,Nido,576 grams,12.0,12.0,,4.6,25.0,2026-06-25
N28853943A,noon,Grocery,Dairy Cheese and Eggs,Instant Fat Filled Milk Powder 1.5kg,269.0,Tambo,1.5 kg,,,,4.2,110.0,2026-06-25
Z1F3AB0783CDE29C8BCAAZ,noon,Grocery,Dairy Cheese and Eggs,Skimmed Milk Multipack 1 L - Pack of 6,107.0,Juhayna,1 L,6.0,6.0,,4.6,93.0,2026-06-25
Z6EF6C2ECA26D0B2B9DB5Z,noon,Grocery,Dairy Cheese and Eggs,Rainbow Evaporated Milk With Vitamin D 2*170 gm,107.0,Rainbow,2*170 ml,2.0,2.0,,5.0,3.0,2026-06-25
N28853936A,noon,Grocery,Dairy Cheese and Eggs,Skimmed Milk Powder 700grams,269.0,Miro,700 grams,,,,4.5,103.0,2026-06-25
N28853930A,noon,Grocery,Dairy Cheese and Eggs,Full Cream Milk Powder 700grams,269.0,Miro,700 grams,6.0,6.0,,4.6,145.0,2026-06-25
Z52CD1599E18B0D57D9AAZ,noon,Grocery,Dairy Cheese and Eggs,Basic Milk Powder 500g,269.0,Nido,500,6.0,6.0,,3.9,22.0,2026-06-25
N28727620A,noon,Grocery,Dairy Cheese and Eggs,Full Cream Milk 1Liters Pack of 12,107.0,Juhayna,1 Liters,12.0,12.0,,4.5,1185.0,2026-06-25
Z498FDFACAB506B1A1422Z,noon,Grocery,Dairy Cheese and Eggs,Milk Powder 225 Grams,269.0,Nido,225 grams,,,,4.3,104.0,2026-06-25
N35900976A,noon,Grocery,Dairy Cheese and Eggs,Milk Powder 300grams,182.0,Mora,300 grams,,,,4.5,11.0,2026-06-25
N28853939A,noon,Grocery,Dairy Cheese and Eggs,"Chocolate Flavored Instant Milk, 360g (30gx12 Piece) Pack of 12",269.0,Miro,(30gx12 Piece),12.0,12.0,,4.3,20.0,2026-06-25
N28853941A,noon,Grocery,Dairy Cheese and Eggs,Banana Flavored Instant Milk 30grams Pack of 12,121.0,Miro,30 grams,12.0,12.0,,4.2,22.0,2026-06-25
Z6DC317DA728180EFB718Z,noon,Grocery,Dairy Cheese and Eggs,Milk Powder 900 grams,269.0,Nido,900 grams,,,,4.3,104.0,2026-06-25
ZBEAD4D281FEBF4FACAD6Z,noon,Grocery,Dairy Cheese and Eggs,Milk Powder 1200 grams,269.0,Nido,1200 grams,12.0,12.0,,4.3,104.0,2026-06-25
N40871217A,noon,Grocery,Dairy Cheese and Eggs,Mix Banana Milk 200ml Pack of 27,107.0,Juhayna,200 ml,27.0,27.0,,4.6,113.0,2026-06-25
N28853942A,noon,Grocery,Dairy Cheese and Eggs,Vanilla Biscuit Flavored Instant Milk 30grams Pack of 12,269.0,Miro,30 grams,12.0,12.0,,4.4,21.0,2026-06-25
N28727614A,noon,Grocery,Dairy Cheese and Eggs,Skimmed Milk 1Liters pack_of_12,107.0,Juhayna,1 Liters,18.0,18.0,,4.4,72.0,2026-06-25
ZC7F52E672B0E783E6304Z,noon,Grocery,Dairy Cheese and Eggs,Milk Powder Cream - 2500 Gram,269.0,Keshta,2500,,,,5.0,2.0,2026-06-25
N40871216A,noon,Grocery,Dairy Cheese and Eggs,Skimmed Milk 200ml Pack of 27,107.0,Juhayna,200 ml,27.0,27.0,,4.3,9.0,2026-06-25
N28853933A,noon,Grocery,Dairy Cheese and Eggs,Full Cream Milk Powder 250grams,269.0,Miro,250 grams,6.0,6.0,,4.6,59.0,2026-06-25
N28853944A,noon,Grocery,Dairy Cheese and Eggs,Instant Fat Filled Milk Powder 700grams,269.0,Tambo,700 grams,,,,4.2,78.0,2026-06-25
N29762189A,noon,Grocery,Dairy Cheese and Eggs,Vanilla Milk Mix 200ml Pack of 27,107.0,Juhayna,200 ml,27.0,27.0,,4.8,85.0,2026-06-25
Z815D836F4350E7317327Z,noon,Grocery,Dairy Cheese and Eggs,Rainbow Original Evaporated Milk - Rich & Creamy Taste for Tea and Coffee | High-Quality Liquid Milk for Cooking and Baking,269.0,Rainbow,15ml,,,,4.5,,2026-06-25
Z9D48D86C44595540A820Z,noon,Grocery,Dairy Cheese and Eggs,Full Cream Multipack 1 L - Pack of 6,107.0,Juhayna,1 L,6.0,6.0,,4.6,2620.0,2026-06-25
N28853935A,noon,Grocery,Dairy Cheese and Eggs,Full Cream Milk Powder 15grams Pack of 20,269.0,Miro,15 grams,20.0,20.0,,4.7,25.0,2026-06-25
N28853934A,noon,Grocery,Dairy Cheese and Eggs,Full Cream Milk Powder 100grams,269.0,Miro,100 grams,,,,4.3,42.0,2026-06-25
N28853938A,noon,Grocery,Dairy Cheese and Eggs,Skimmed Milk Powder 20grams Pack of 20,269.0,Miro,20 grams,20.0,20.0,,4.4,31.0,2026-06-25
Z8F86FFF2B04741C5C60EZ,noon,Grocery,Dairy Cheese and Eggs,"Elsaudia Milk, Pack of 3 | Fresh & Nutritious Dairy Milk | Rich Taste for Daily Drinking & Cooking",107.0,Saudia,500g,3.0,3.0,,4.5,2.0,2026-06-25
N28853946A,noon,Grocery,Dairy Cheese and Eggs,Instant Fat Filled Milk Powder 20grams Pack of 20,269.0,Tambo,20 grams,20.0,20.0,,3.9,8.0,2026-06-25
N28853929A,noon,Grocery,Dairy Cheese and Eggs,Full Cream Milk Powder 1500grams,269.0,Miro,1500 grams,6.0,6.0,,4.5,179.0,2026-06-25
N28853928A,noon,Grocery,Dairy Cheese and Eggs,Full Cream Milk Powder 1500grams,269.0,Miro,1500 grams,,,,4.7,105.0,2026-06-25
N28853931A,noon,Grocery,Dairy Cheese and Eggs,Full Cream Milk Powder 400grams,269.0,Miro,400 grams,12.0,12.0,,4.7,113.0,2026-06-25
N28676074A,noon,Grocery,Dairy Cheese and Eggs,Coconut Cream Milk 400grams,269.0,Rizi World,400 grams,,,,4.0,13.0,2026-06-25
Z5E8CFEA225478986C246Z,noon,Grocery,Dairy Cheese and Eggs,Milk Powder Cream - 800 Gram,269.0,Keshta,800,,,,3.8,16.0,2026-06-25
ZE354C3456CA500DC7236Z,noon,Grocery,Dairy Cheese and Eggs,Keshta Milk Instant Full Cream Powder Milk 1800g,269.0,Keshta,1800 grams,,,,4.3,170.0,2026-06-25
Z714B486351BA5D865265Z,noon,Grocery,Dairy Cheese and Eggs,"Anchor Full Cream Fortified Milk Powder, 900g",269.0,Anchor,900g,,,,5.0,1.0,2026-06-25
Z52DB7CEBCC0CBA66747DZ,noon,Grocery,Dairy Cheese and Eggs,Almarai Long Life Full Fat Milk (4*1 Liter),107.0,Almarai,1 Liter,6.0,6.0,,3.7,5.0,2026-06-25
N28853932A,noon,Grocery,Dairy Cheese and Eggs,Full Cream Milk Powder 250grams,269.0,Miro,250 grams,,,,4.4,154.0,2026-06-25
N28991916A,noon,Grocery,Dairy Cheese and Eggs,Full Cream Milk 1Liters Pack of 6,107.0,Almarai,1 Liters,6.0,6.0,,4.8,25.0,2026-06-25
N27719618A,noon,Grocery,"Dried Beans, Grains and Rice",Peeled Wheat 500grams,120.0,AL DOHA,500 grams,,,,4.4,52.0,2026-06-25
N29834274A,noon,Grocery,"Dried Beans, Grains and Rice",Basmati Rice 5kg,120.0,Shahy,5 kg,,,,3.6,11.0,2026-06-25
ZD0D20D45655A40432297Z,noon,Grocery,"Dried Beans, Grains and Rice","Rice , sugar and spices",120.0,Saltana,Medium Grain,13.0,13.0,,3.8,13.0,2026-06-25
Z57039A488805A47AFFF5Z,noon,Grocery,"Dried Beans, Grains and Rice",White Rice 5 kg,120.0,Haboba,5 kg,,,,4.1,608.0,2026-06-25
N52406613A,noon,Grocery,"Dried Beans, Grains and Rice",White Beans 500grams,120.0,Haboba,500 grams,,,,4.4,91.0,2026-06-25
Z407D5FD35DB39D18CEC6Z,noon,Grocery,"Dried Beans, Grains and Rice",Mr. Food Bulgur - 500g.,120.0,Mr. Food,500 grams,8.0,8.0,,3.5,30.0,2026-06-25
ZA6EEA580AA2F54D12D53Z,noon,Grocery,"Dried Beans, Grains and Rice",Easy Rice 330g,120.0,AL DOHA,330 grams,,,,4.6,45.0,2026-06-25
Z34E7962DEFF4EEB59E41Z,noon,Grocery,"Dried Beans, Grains and Rice",Freekeh 500 grams,120.0,Ragab El Attar,500 grams,,,,4.6,14.0,2026-06-25
N27665623A,noon,Grocery,"Dried Beans, Grains and Rice",Premium Egyptian White Rice 5kg Single,120.0,Zamzam,5 kg,,,,4.5,94.0,2026-06-25
N38705930A,noon,Grocery,"Dried Beans, Grains and Rice",Bulgur 500grams,120.0,Rehana,500 grams,,,,4.2,56.0,2026-06-25
N52406610A,noon,Grocery,"Dried Beans, Grains and Rice",Egyptian Lobia 500grams,120.0,Haboba,500 grams,,,,4.4,128.0,2026-06-25
N30522020A,noon,Grocery,"Dried Beans, Grains and Rice",Egyptian White Rice 1kg,120.0,Rehana,1 kg,,,,4.6,674.0,2026-06-25
N27665626A,noon,Grocery,"Dried Beans, Grains and Rice",Basmati Rice 1kg,120.0,Zamzam,1 kg,,,,4.5,62.0,2026-06-25
Z0E9557BF625C054F7A6BZ,noon,Grocery,"Dried Beans, Grains and Rice",White Beans 250 grams,120.0,Afandy,250 grams,,,,4.2,6.0,2026-06-25
ZFA0DA7FFC2F8C75EB7EAZ,noon,Grocery,"Dried Beans, Grains and Rice",Xxxl Super Basmati Rice 1K,120.0,Taj Mahal,1,,,,5.0,2.0,2026-06-25
Z793BBF70FA9907687AB9Z,noon,Grocery,"Dried Beans, Grains and Rice",golden basmati rice 1kg,120.0,Ragab El Attar,1kg,,,,4.0,17.0,2026-06-25
N27719620A,noon,Grocery,"Dried Beans, Grains and Rice",Bulgur Wheat 500grams,120.0,AL DOHA,500 grams,,,,4.7,41.0,2026-06-25
N29047428A,noon,Grocery,"Dried Beans, Grains and Rice",Rice 1kg,120.0,Ala Ad Eleed,1 kg,,,,3.7,196.0,2026-06-25
N46544486A,noon,Grocery,"Dried Beans, Grains and Rice",Indian Basmati Rice 1kg,120.0,507 Gold,1 kg,,,,4.7,6.0,2026-06-25
Z6D9F76036FEC735D781BZ,noon,Grocery,"Dried Beans, Grains and Rice",Basmatti Sella Rice Golden Indian 4 kg + kabsa spices 100 gm,120.0,Saltana,4 kg,,,,4.6,10.0,2026-06-25
N29047429A,noon,Grocery,"Dried Beans, Grains and Rice",Rice 5kg,120.0,Ala Ad Eleed,5 kg,,,,3.3,126.0,2026-06-25
N29834271A,noon,Grocery,"Dried Beans, Grains and Rice",White Rice 5kg,120.0,Shahy,5 kg,,,,4.3,13.0,2026-06-25
N28716830A,noon,Grocery,"Dried Beans, Grains and Rice",Excellent Egyptian Rice 1kg Single,120.0,Elmatbakh Elmasry,1 kg,,,,4.8,53.0,2026-06-25
ZC7FF670FABBF59645FE6Z,noon,Grocery,"Dried Beans, Grains and Rice",Egyptian white rice - 1k,120.0,FOOD LAND,Medium Grain,,,,4.1,101.0,2026-06-25
N52406601A,noon,Grocery,"Dried Beans, Grains and Rice",Brown Lentils 500grams,120.0,Haboba,500 grams,,,,4.4,145.0,2026-06-25
Z3AD910762038F6A5FF6DZ,noon,Grocery,"Dried Beans, Grains and Rice",Basmatti Sella Rice Golden Indian 2 kg,120.0,Saltana,2 kg,,,,4.3,78.0,2026-06-25
Z787F3302FFD33B48A9A2Z,noon,Grocery,"Dried Beans, Grains and Rice",Golden Basmati Rice 1kg,120.0,Mr. Food,1 kg,,,,4.2,119.0,2026-06-25
N52406604A,noon,Grocery,"Dried Beans, Grains and Rice",Egyptian Fava Beans 500grams,120.0,Haboba,500 grams,,,,3.7,182.0,2026-06-25
Z2AA06D426B2B9FEBC78EZ,noon,Grocery,"Dried Beans, Grains and Rice",Dry Freekeh - 500g.,120.0,Mr. Food,500 grams,,,,3.5,58.0,2026-06-25
N27665653A,noon,Grocery,"Dried Beans, Grains and Rice",White Rice 1kg,120.0,Fagr,1 kg,,,,3.6,212.0,2026-06-25
N52406607A,noon,Grocery,"Dried Beans, Grains and Rice",Yellow Lentils 500grams,120.0,Haboba,500 grams,,,,4.4,179.0,2026-06-25
Z89FFBF02FE83A450ADAEZ,noon,Grocery,"Dried Beans, Grains and Rice",Premium Egyptian White Rice 5kg,120.0,Mr. Food,5 kg,,,,4.3,141.0,2026-06-25
N27665654A,noon,Grocery,"Dried Beans, Grains and Rice",White Rice 5kg,120.0,Fagr,5 kg,,,,3.9,42.0,2026-06-25
N27719614A,noon,Grocery,"Dried Beans, Grains and Rice",Yellow Lentil Beans 500grams,120.0,AL DOHA,500 grams,,,,4.4,40.0,2026-06-25
Z4671C397F3EE4771328BZ,noon,Grocery,"Dried Beans, Grains and Rice",Hunza Indian Brown Basmati Rice 1kg – Long Grain Whole Grain | High Fiber | Ideal for Weight Loss & Athletes | 100% Natural,120.0,hunza,1kg,,,,5.0,3.0,2026-06-25
N42868089A,noon,Grocery,"Dried Beans, Grains and Rice",Brown Rice 500grams,120.0,Sonbolat Elforat,500 grams,,,,3.8,13.0,2026-06-25
N34418118A,noon,Grocery,"Dried Beans, Grains and Rice",Lupin Beans 500grams,120.0,Fagr,500 grams,8.0,8.0,,3.7,3.0,2026-06-25
N27719586A,noon,Grocery,"Dried Beans, Grains and Rice",Excellent Egyptian Rice 5kg,120.0,Elmatbakh Elmasry,5 kg,,,,4.7,68.0,2026-06-25
N30522021A,noon,Grocery,"Dried Beans, Grains and Rice",Egyptian White Rice 5kg,120.0,Rehana,5 kg,,,,4.6,896.0,2026-06-25
N30522027A,noon,Grocery,"Dried Beans, Grains and Rice",White Beans 15% Discount 500grams,120.0,Rehana,500 grams,,,,4.7,40.0,2026-06-25
ZA96A6F6A5E496169D6CBZ,noon,Grocery,"Dried Beans, Grains and Rice","ABU KASS Punjabi Amber Indian White Basmati Rice – 5 KG | Premium Long-Grain Aromatic Rice | Perfect for Daily Cooking, Family Meals & Special Occasions",120.0,Abu Kass,5 KG,,,,5.0,,2026-06-25
Z825D50219A8D6BE4EAA1Z,noon,Grocery,"Dried Beans, Grains and Rice","Abu Kass Indian Mazza Basmati Rice, 1kg | Premium Long Grain Rice | Aromatic & Fluffy",120.0,Abu Kass,1kg,1.0,1.0,,4.5,2.0,2026-06-25
N28716824A,noon,Grocery,"Dried Beans, Grains and Rice",Egyptian White Rice 1kg,107.0,AL DOHA,1 kg,,,,4.4,790.0,2026-06-25
Z0DF8B2A4281015953B32Z,noon,Grocery,"Dried Beans, Grains and Rice","بوكس التوفير ( ريحانة أرز فاخر 1 كجم ريحانة أرز جاسمين 1 كجم ريحانة سكر 1 كجم ريحانة دقيق فاخر 1 كجم ريحانة فول تدميس بلدي 500 جم ريحانة فريك 500 جم ريحانة فلفل أحمر مطحون (بابريكا مدخن) 20 جم ريحانة فلفل أسود مطحون 20 جم ريحانة خلطة بهارات مطحونة 20 جم ريحانة شطة بلدى مطحونة 20 جم ريحانة قرفة مطحونة 20 جم ريحانة ملاحة توابل شرق اقصى ريحانة ملاحة مرقة فراخ ريحانة زيت دوار الشمس 0,7 لتر ريحانة خل طبيعي 1 لتر ريجينا مكرونة اسباجتى 400 جم ريجينا مكرونة فرن (قلم)400 جم شعرية ريجينا 400 جم ) 9.15 كجم",107.0,ريحانة,9.15 كيلوجرام,18.0,18.0,,4.7,29.0,2026-06-25
N51065327A,noon,Grocery,"Dried Beans, Grains and Rice",White Egyptian Rice 1kg Single,107.0,Dayma,1 kg,,,,4.9,12.0,2026-06-25
N29012926A,noon,Grocery,"Dried Beans, Grains and Rice",Basmati Rice 2kg,107.0,Abu Kass,2 kg,6.0,6.0,,4.7,79.0,2026-06-25
ZA3A7A22B4AF8F239BBBBZ,noon,Grocery,"Dried Beans, Grains and Rice",Golden Thai Long Grain Rice Jar - 1 Kg,107.0,Mr. Food,1 kg,,,,4.4,34.0,2026-06-25
N51285874A,noon,Grocery,"Dried Beans, Grains and Rice",Egyptian Rice 5kg,107.0,El Tikya,5 kg,,,,3.3,133.0,2026-06-25
N30522033A,noon,Grocery,"Dried Beans, Grains and Rice",Chick Peas 500grams,107.0,Rehana,500 grams,,,,4.3,26.0,2026-06-25
N28716825A,noon,Grocery,"Dried Beans, Grains and Rice",Egyptian White Rice 5kg,107.0,AL DOHA,5 kg,,,,4.5,639.0,2026-06-25
N27719581A,noon,Grocery,Herbs&Spices,Whole Beans Cardamom 40grams,100.0,AL DOHA,40 grams,,,,4.7,25.0,2026-06-25
Z7DA153ADB9428C51A226Z,noon,Grocery,Herbs&Spices,Chios Mistaka 10g,100.0,Chios Mastic,10g,,,,4.2,17.0,2026-06-25
Z7B0867417E671E6E0E98Z,noon,Grocery,Herbs&Spices,Tandoori Chicken Seasoning,100.0,Brava,35,,,,4.3,4.0,2026-06-25
N52511266A,noon,Grocery,Herbs&Spices,Cloves Shaker 30grams,100.0,Dayma,30 grams,,,,5.0,7.0,2026-06-25
Z632A49941407AA6D5065Z,noon,Grocery,Herbs&Spices,"Seven Spice Chicken Stock Cubes, 48 ​​Cubes - Esnad",100.0,Esnad,90g,48.0,48.0,,4.6,,2026-06-25
ZDFBF4774165181954394Z,noon,Grocery,Herbs&Spices,Roasted Chicken 50g – Pack of 6,108.0,Weals Food,50,6.0,6.0,,3.0,,2026-06-25
Z2B3612B53284CA0D8E78Z,noon,Grocery,Herbs&Spices,"Savorya Fine Ground Cumin Powder – 200g | Natural Spice for Cooking, Seasoning & Middle Eastern Recipes",100.0,Savorya,Fine Ground Cumin Powder – 200g grams,,,,3.9,18.0,2026-06-25
ZCB57001D5C1B02E76BEEZ,noon,Grocery,Herbs&Spices,Himalaya Salt 1kg,100.0,Ragab El Attar,1kilo,,,,4.2,18.0,2026-06-25
Z99CC28A1B99C7DF967A5Z,noon,Grocery,Herbs&Spices,Garlic powder 100 grams,45.0,Ragab El Attar,100 g,,,,4.6,18.0,2026-06-25
Z93F7696D90486779E980Z,noon,Grocery,Herbs&Spices,Flaxseed 150 gm,100.0,ZARY,150 grams,,,,4.3,17.0,2026-06-25
Z8598F53A01D4F8AAE56AZ,noon,Grocery,Herbs&Spices,cloves 50 gm,100.0,Saltana,50 g,,,,4.7,9.0,2026-06-25
N38731577A,noon,Grocery,Herbs&Spices,All purpose Seasoning 250grams,105.0,Vegeta,250 grams,,,,5.0,8.0,2026-06-25
Z1F96EEA2B50AF3EF2C1CZ,noon,Grocery,Herbs&Spices,Kabsa Spices 100 gm,135.0,ZARY,100 grams,,,,4.6,5.0,2026-06-25
Z60691D96BED1E36C1E9AZ,noon,Grocery,Herbs&Spices,Wafery Fenugreek 250 gm,108.0,ZARY,250 grams,,,,4.8,12.0,2026-06-25
Z53583461920220A66060Z,noon,Grocery,Herbs&Spices,Black seeds 200 grams,108.0,Ragab El Attar,200 g,,,,4.8,20.0,2026-06-25
N28968479A,noon,Grocery,Herbs&Spices,Burger Mix Spices 30grams,165.0,Maggi,30 grams,,,,4.7,59.0,2026-06-25
ZAB5B329985C8353B798CZ,noon,Grocery,Herbs&Spices,Ragab ELattar Mistaka 20g,69.0,Chios Mastic,20g,,,,4.4,58.0,2026-06-25
Z7156CAAE0BD8BA7B3552Z,noon,Grocery,Herbs&Spices,FAYFA Ispaghula Seeds Psyllium Seeds 150g,108.0,FAYFA,150g,,,,5.0,1.0,2026-06-25
N48449708A,noon,Grocery,Herbs&Spices,Maggi Vegetable Bouillon 72grams Pack of 8,107.0,Maggi,72 grams,8.0,8.0,,4.3,39.0,2026-06-25
ZB17929BADF785FBE7DB1Z,noon,Grocery,Herbs&Spices,Seven Spices 35g,108.0,Abu Auf,35 grams,,,,4.4,35.0,2026-06-25
Z4FC0F8F09F96B59A1292Z,noon,Grocery,Herbs&Spices,Pistachio Vanilla Matcha Masala 125g,107.0,Dr. Baby,125,,,,3.4,5.0,2026-06-25
Z3AEEF299158E3983E91EZ,noon,Grocery,Herbs&Spices,Potato Spices 85g,108.0,Saltana,85 grams,,,,4.3,36.0,2026-06-25
Z9BF556C5AC91E5DDA4F3Z,noon,Grocery,Herbs&Spices,Wafery Flaxseed 250 gm,53.0,ZARY,250 grams,,,,4.3,34.0,2026-06-25
ZBA20D6D8205C24A150A9Z,noon,Grocery,Herbs&Spices,Saffron Rice Spices 110g,108.0,Haj Arafa,110,,,,5.0,3.0,2026-06-25
Z2D81103E4D479CF6B33BZ,noon,Grocery,Herbs&Spices,Cheesy Bechamel 60g – Pack of 6,108.0,Weals Food,60,6.0,6.0,,5.0,,2026-06-25
Z0E3D1646AEEAFFD3C2D9Z,noon,Grocery,Herbs&Spices,Tea with Pineapple and Lemon Antioxidant for Weight Loss and Fat Burning - 20 Bags,107.0,Matcha Premium Japanese,500g,20.0,20.0,,4.6,10.0,2026-06-25
ZC70E1360362E684F59B6Z,noon,Grocery,Herbs&Spices,Savurya Black Seed (Nigella Sativa) – Premium Quality Herbal Seeds – 150g Jar for Natural Wellness & Immune Support,69.0,Savorya,Black Seed 150g Jar grams,,,,3.9,18.0,2026-06-25
Z01177C146F7A145546FEZ,noon,Grocery,Herbs&Spices,Natural Licorice Root Herb – 280g | Naturally Sweet Flavor & Multi-Use,108.0,Spicekick,280g,,,,4.3,,2026-06-25
ZBDCD796FA70DA2A91C97Z,noon,Grocery,Herbs&Spices,Smoked Paprika 35g,45.0,Abu Auf,35 grams,,,,4.5,34.0,2026-06-25
Z30E12F8B1CCF103374F8Z,noon,Grocery,Herbs&Spices,"Savoria Organic and Pure Cinnamon Sticks for Cooking, Baking, Drinks and Flavorings, 90g",45.0,Savorya,Cinnamon Sticks for Cooking 90g grams,,,,3.9,18.0,2026-06-25
Z2B1C1272EF68C3965428Z,noon,Grocery,Herbs&Spices,Fine black pepper 85 gm,45.0,Ragab El Attar,85 g,,,,4.6,20.0,2026-06-25
Z62C2D5CB4CF633C90EB7Z,noon,Grocery,Herbs&Spices,Sesame 100 gm,53.0,ZARY,100 grams,,,,4.4,28.0,2026-06-25
N28849773A,noon,Grocery,Herbs&Spices,Seven Spices 70grams,108.0,Abu Auf,70 grams,,,,4.6,54.0,2026-06-25
ZFCFE930DE6EB426B16ECZ,noon,Grocery,Herbs&Spices,Star Anise 70gm,108.0,Imtenan,70 grams,,,,4.1,12.0,2026-06-25
Z0C8F1226F0D4C14E33BBZ,noon,Grocery,Herbs&Spices,Savorya 7 Spices - 100% Natural Middle Eastern Spice Blend for Cooking & Grilling - 200g Jar,108.0,Savorya,7 Spices 200g Jar kg,,,,3.9,18.0,2026-06-25
ZDB6A6036D80817C83417Z,noon,Grocery,Herbs&Spices,Pure Moringa Powder - 50 gm,108.0,Dhyaan House,50 g,,,,4.0,70.0,2026-06-25
ZBFFF1C66A4D65C9BB2ACZ,noon,Grocery,Herbs&Spices,"Qassim Saffron Mixture for Arabic Coffee, 125g",108.0,AL QASSIM,125 جرام من الخلطة grams,,,,4.2,6.0,2026-06-25
ZA99EBBF765C82AF4C967Z,noon,Grocery,Herbs&Spices,سمسم محمص طبيعي من سافوريا - 150 جرام - حبوب كاملة عالية الجودة ومقرمشة,53.0,سافوريا,Roasted Sesame Seeds - 150g كيلوجرام,,,,3.9,18.0,2026-06-25
N45183943A,noon,Grocery,Herbs&Spices,Curry Powder 75grams,36.0,Abu Auf,75 grams,,,,4.6,21.0,2026-06-25
ZE22F82341107E0C52596Z,noon,Grocery,Herbs&Spices,Chicken broth 85 grams,108.0,Spicekick,85 g,,,,4.0,1.0,2026-06-25
Z533DD50F9C3CA19ED5E8Z,noon,Grocery,Herbs&Spices,Mix Grill 50g – Pack of 6,108.0,Weals Food,50,6.0,6.0,,3.0,,2026-06-25
Z250BFE88C6B2553AC05EZ,noon,Grocery,Herbs&Spices,Oriental Gum 80 Gm,53.0,Abu Auf,80 G,,,,5.0,9.0,2026-06-25
Z2F92DB3D4FD3A493C13CZ,noon,Grocery,Herbs&Spices,"Savorya Natural Whole Cumin Seeds - Pure & Aromatic Spices - Premium Quality Airtight Jar (Specify Weight, e.g., 200g)",69.0,Savorya,Whole Cumin Seeds - Pure & Aromatic Spices 200g kg,,,,3.9,18.0,2026-06-25
N30522040A,noon,Grocery,Herbs&Spices,Coriander Powder 20grams,108.0,Rehana,20 grams,,,,4.7,21.0,2026-06-25
Z26F2A2D02EFBCD675BCDZ,noon,Grocery,Herbs&Spices,Shawarma Mix - 30g,45.0,Maggi,30 grams,1.0,1.0,,4.6,64.0,2026-06-25
N29761994A,noon,Grocery,Herbs&Spices,Bread Crumbs 300grams,53.0,AL DOHA,300 grams,,,,4.7,91.0,2026-06-25
N28968480A,noon,Grocery,Herbs&Spices,Hawawshi Mix Spices 35grams,165.0,Maggi,35 grams,,,,4.8,63.0,2026-06-25
Z5A7B99375DADF0FFA8EEZ,noon,Grocery,Herbs&Spices,Wafery Sesame 250 gm,108.0,ZARY,250 grams,,,,4.2,32.0,2026-06-25
Z5A59AB4292E7E77AD06CZ,noon,Grocery,Herbs&Spices,Savorya Natural Whole Black Pepper Corns - 100% Pure & Aromatic Spices - 200g Jar,108.0,Savorya,200g,,,,5.0,2.0,2026-06-25
N48059454A,noon,Grocery,Herbs&Spices,Kofta Mix 35grams,108.0,Maggi,35 grams,,,,4.8,75.0,2026-06-25
Z364CE2E6E46F2B0BA10BZ,noon,Grocery,Herbs&Spices,AL ALALI Chicken Cubes – 24 Count | Rich & Flavorful Chicken Stock Cubes for Cooking,826.0,Al Alali,,24.0,24.0,,4.6,,2026-06-25
Z22704B66AA8AA9F902F1Z,noon,Grocery,Herbs&Spices,فولفيك أسيد الهيمالايا هو نفسه شيلاجيت الهيمالايا الغني بالمعادن - تركيز 2% - أكثر من 84 معدنًا,53.0,generic,50 g,,,,5.0,1.0,2026-06-25
N49773872A,noon,Grocery,Herbs&Spices,Chicken Lebanese Mashawy 30grams,108.0,Maggi,30 grams,,,,4.6,68.0,2026-06-25
Z56135E3EBBA7F3F5467FZ,noon,Grocery,Herbs&Spices,Fine Himalayan Salt 650 grams,108.0,Imtenan,650 grams,,,,4.8,37.0,2026-06-25
Z4DB1BB4FB88A019A9DE2Z,noon,Grocery,Herbs&Spices,Fries Seasoning 25 grams,69.0,AL DOHA,25 grams,,,,4.1,32.0,2026-06-25
N28968477A,noon,Grocery,Herbs&Spices,Bechamel Mix Spices 70grams,45.0,Maggi,70 grams,,,,4.5,65.0,2026-06-25
ZB0E90A02EB45652650C1Z,noon,Grocery,Herbs&Spices,"Greek mastic, Chios Island, 10 grams",107.0,eama,10 g,,,,3.0,,2026-06-25
N28727581A,noon,Beverages,juice,Classic Orange Juice 1Liters,517.0,Juhayna,1 Liters,,,,4.2,30.0,2026-06-25
Z69CE931C4DDB8E43C267Z,noon,Beverages,juice,Gold Red Grape Sparkling Fruit Juice 250 ml,517.0,may,250,,,,5.0,2.0,2026-06-25
N29595368A,noon,Beverages,juice,Mango Juice 1Liters,107.0,Juhayna,1 Liters,,,,4.1,24.0,2026-06-25
N29762192A,noon,Beverages,juice,Pure Mango And Peach Juice 1Liters,107.0,Juhayna,1 Liters,,,,4.6,14.0,2026-06-25
N29762175A,noon,Beverages,juice,Doum Juice 1Liters,485.0,ISIS,1 Liters,,,,5.0,2.0,2026-06-25
Z69A85B0469087BB9CB02Z,noon,Beverages,juice,Mango juice 300g,107.0,BONA,300,,,,4.2,5.0,2026-06-25
Z4362908594B53001996BZ,noon,Beverages,juice,Ship Brand Original Tamarind Paste - Value Pack of 6 (6 x 150g) | Natural & Pure for Refreshing Drinks and Gourmet Recipes,517.0,Ship,150g,6.0,6.0,,,,2026-06-25
Z834C73DC55E50F26A0C0Z,noon,Beverages,juice,Pinacolada Fruit Drink- 1 Liters,37.0,Juhayna,1 Liters,,,,4.5,15.0,2026-06-25
N29595481A,noon,Beverages,juice,Tamr-Hendi 1Liters,107.0,ISIS,1 Liters,,,,4.4,,2026-06-25
Z13311E5D0BF60A97FF9EZ,noon,Beverages,juice,Natch Pineapple Natural punch 40g,517.0,CHEW CHEW,40,,,,5.0,2.0,2026-06-25
ZD1D357F75EE93109065CZ,noon,Beverages,juice,Natural Hibiscus Juice,107.0,ISIS,250 ml,,,,4.4,,2026-06-25
ZFC496B8699CB9FBC6D30Z,noon,Beverages,juice,Dreem Fruty Orange Flavor Soft Drink Powder - 750g,517.0,Dreem,750g,,,,4.5,,2026-06-25
ZB284DAE4033E00AFE0FEZ,noon,Beverages,juice,Strawberry juice 300g,517.0,BONA,300,,,,4.7,3.0,2026-06-25
Z0EBECC3801C1FC62B66CZ,noon,Beverages,juice,Peach Juice 400 grams,484.0,Haj Arafa,400 grams,,,,4.3,3.0,2026-06-25
Z08F24FBDA79CF4F13DC1Z,noon,Beverages,juice,Orange Juice 400 grams,517.0,Haj Arafa,400 grams,2.0,2.0,,4.6,4.0,2026-06-25
Z8C4CED9923235ACB59BDZ,noon,Beverages,juice,Yalla Smoozy Pink lemonade box 10 Sachets,485.0,noon,90g,10.0,10.0,,5.0,1.0,2026-06-25
ZC917F690A410B7FCAC88Z,noon,Beverages,juice,Tamarind Juice 300g,79.25,BONA,300,,,,3.6,6.0,2026-06-25
N29595479A,noon,Beverages,juice,Hibiscus Juice 1Liters,107.0,ISIS,1 Liters,,,,4.5,2.0,2026-06-25
ZF37592C34B99239F731AZ,noon,Beverages,juice,Mon Cherry Fruit Drink- 1 Liters,107.0,Juhayna,1 Liters,,,,4.2,10.0,2026-06-25
ZD218554DED8F97538C7AZ,noon,Beverages,juice,Mogu Mogu Blackcurrant Juice with Nata de Coco – 320ml (Pack of 3) – Refreshing Berry Drink with Chewy Coconut Jelly Pieces – Snack in a Drink,107.0,Mogu Mogu,320 ml Blackcurrant,3.0,3.0,,,,2026-06-25
Z909CF980C00B638488DFZ,noon,Beverages,juice,Natch Cherry Natural fruit punch 40g,280.0,CHEW CHEW,40,10.0,10.0,,2.3,3.0,2026-06-25
ZD745B2D780C6C99D2A86Z,noon,Beverages,juice,Yalla Smoozy Mixed Berries box 10 Sachets,107.0,noon,500g,2.0,2.0,,3.0,,2026-06-25
ZAFDDA8B25802646E8E42Z,noon,Beverages,juice,Juice Promo 5+1- Apple 235 ml Pack of 6,107.0,Beyti,235 ml,6.0,6.0,,3.7,6.0,2026-06-25
Z83DE71F333174C4EAC1EZ,noon,Beverages,juice,Sun Top Mixed Berry Juice - Pack of 6 - 250ml,107.0,Suntop,250ml,6.0,6.0,,4.6,,2026-06-25
Z2A1206F1F0A2F572EA99Z,noon,Beverages,juice,Natch Pomegranate Natural fruit punch 40g,107.0,CHEW CHEW,40,,,,3.6,,2026-06-25
Z3B7C1EEACD572BB4B512Z,noon,Beverages,juice,Qamar Al-Din Juice 300g,107.0,BONA,300,,,,4.0,5.0,2026-06-25
Z355709EA194323376E6CZ,noon,Beverages,juice,Apple Juice 400 grams,280.0,Haj Arafa,400 grams,10.0,10.0,,5.0,4.0,2026-06-25
Z9A4A4D0088C3E44D1B4CZ,noon,Beverages,juice,عصير فواكه كي دي دي – مزيج المانجو والعنب | مشروب عصير منعش بنكهة فواكه لذيذة وطبيعي عبوه واحده ة,107.0,كي دي دي,500g,12.0,12.0,,4.5,,2026-06-25
Z8C7FED0690ED625F6480Z,noon,Beverages,juice,Bestsoy Corn Soya Bean Drink – 320ml (Pack of 6) – Nutritious Plant-Based Milk Alternative – Creamy Soy & Sweet Corn Blend – Refreshing High-Protein Beverage,107.0,bestsoy,320ml,6.0,6.0,,,,2026-06-25
Z0CE43503CC18AEA4AF63Z,noon,Beverages,juice,Natural Tamarind Juice 250 ml,107.0,ISIS,250 ml,,,,5.0,2.0,2026-06-25
Z3FD1B503CB5099593014Z,noon,Beverages,juice,Pineapple Juice 400 grams,280.0,Haj Arafa,400 grams,10.0,10.0,,4.2,,2026-06-25
Z15E5C50906916E7F875EZ,noon,Beverages,juice,"MOGU MOGU Passion Fruit Drink with Nata De Coco, Refreshing Tropical Beverage with Chewy Coconut Bits, 320ml (Pack of 3)",107.0,Mogu Mogu,320 ml Passion ml,3.0,3.0,,,,2026-06-25
ZA600D6FAC903E983BD2AZ,noon,Beverages,juice,Natural Doum Juice,107.0,ISIS,250 ml,,,,4.4,,2026-06-25
N35958817A,noon,Beverages,juice,Gold Sparkling Fruit Juice White Grape Flavour 750ml,107.0,may,750 ml,,,,4.3,5.0,2026-06-25
ZFA3E58A8926CED337226Z,noon,Beverages,juice,"MOGU MOGU Mango Flavored Drink With NATA DE COCO, Chewy Tropical Beverage, 3 x 320ml",107.0,Mogu Mogu,320ml Mango ml,,,,,,2026-06-25
Z9AAC2A64A13A96FE4C26Z,noon,Beverages,juice,Mogu Mogu Pineapple Juice with Nata de Coco – 320ml (Pack of 3) – Refreshing Tropical Drink with Chewy Coconut Jelly Pieces,107.0,Mogu Mogu,320 ml Pineapple,3.0,3.0,,,,2026-06-25
Z465341D35A1EAF834422Z,noon,Beverages,juice,مشروب عصير الربيع، نكهة الكيوي والليمون المنعشة، عبوة من 3 × 185 مل,107.0,الربيع,سعة كل علبة 185 مل.,3.0,3.0,,3.0,,2026-06-25
ZEB5168014BE9795E8FA4Z,noon,Beverages,juice,Yalla Smoozy Mojito box 10 Sachets,107.0,noon,500g,10.0,10.0,,5.0,3.0,2026-06-25
N29595366A,noon,Beverages,juice,Classic Apple And Pear Juice 1Liters,107.0,Juhayna,1 Liters,,,,4.6,16.0,2026-06-25
ZDEE3EF3181500A7B35EBZ,noon,Beverages,juice,Pineapple juice 300g,107.0,BONA,300,,,,3.0,5.0,2026-06-25
N29595370A,noon,Beverages,juice,Classic Apple Juice 1Liters,280.0,Juhayna,1 Liters,10.0,10.0,,4.3,41.0,2026-06-25
N29762195A,noon,Beverages,juice,Classic Red Grapes Juice 1Liters,280.0,Juhayna,1 Liters,10.0,10.0,,4.1,32.0,2026-06-25
Z4D964AA3C875411CF168Z,noon,Beverages,juice,"KDD 100% Pure Apple Juice, No Added Sugar/Preservatives, Natural Sweet Taste, Pack of 3 x 180ml",107.0,KDD,180ml,3.0,3.0,,3.0,,2026-06-25
Z2D2919186D6D66A7174FZ,noon,Beverages,juice,Concentrated Orange Juice Powder - 20 Sachets - 10 Gram,107.0,5 minutes,10,20.0,20.0,,5.0,,2026-06-25
Z454D7671B510A93C01BDZ,noon,Beverages,juice,Lemon Mint Juice 400 grams,107.0,Haj Arafa,400 grams,,,,1.8,4.0,2026-06-25
N35958785A,noon,Beverages,juice,Basil Seed Red Apple 290ml,107.0,Free Go,290 ml,,,,2.0,4.0,2026-06-25
Z4C5570155841BD580879Z,noon,Beverages,juice,"Alrai Apple & Grape Juice Drink 125ml, Mixed Fruit Juice Beverage, Convenient Kids Juice Pack, Pack of 6",107.0,Al Rai,125ml,6.0,6.0,,,,2026-06-25
Z0E67AE08E0F3E7249567Z,noon,Beverages,juice,Natch Strawberry Natural Juice Shots 40g,107.0,CHEW CHEW,40,,,,3.6,,2026-06-25
ZE47D0D9E3319DBBCFC13Z,noon,Beverages,juice,Mango Juice 400 grams,107.0,Haj Arafa,400 grams,,,,4.0,2.0,2026-06-25
N29762190A,noon,Beverages,juice,Pure Apple Juice 1Liters,107.0,Juhayna,1 Liters,,,,4.2,21.0,2026-06-25
N33645784A,noon,Grocery,oils,Corn Oil 3.5Liters,269.0,Crystal,3.5 Liters,,,,4.6,296.0,2026-06-25
N27711259A,noon,Grocery,oils,Yellow Vegetable Ghee 2.5kg,269.0,Crystal,2.5 kg,,,,4.3,185.0,2026-06-25
N43406260A,noon,Grocery,oils,Extra Virgin Olive Oil - 1Liters,269.0,Iliada,1 Liters,,,,5.0,1.0,2026-06-25
N44048417A,noon,Grocery,oils,Corn Oil 2.2Liters,269.0,Afia,2.2 Liters,,,,4.6,496.0,2026-06-25
Z59C8C0ECFFE69B8BD0DFZ,noon,Grocery,oils,Organic Apple cider vinegar 295ml with the mothers,269.0,Bragg,295 ml,,,,4.3,51.0,2026-06-25
Z7A705B434AB5AA45C1FDZ,noon,Grocery,oils,Natural Apple Vinegar - 300 Ml,269.0,Negmet El Zeitoun,300 Ml,1.0,1.0,,4.5,356.0,2026-06-25
N27711268A,noon,Grocery,oils,Sunflower Oil 5Liters,269.0,Crystal,5 Liters,,,,4.6,1338.0,2026-06-25
N27711419A,noon,Grocery,oils,Sunflower Oil 2.25Liters,269.0,Al-Asil,2.25 Liters,,,,4.3,163.0,2026-06-25
N28863020A,noon,Grocery,oils,Sunflower Oil 2.2Liters,269.0,Crystal,2.2 Liters,,,,4.7,557.0,2026-06-25
Z9F7FD8A31012FE0425D3Z,noon,Grocery,oils,Mixed Oil 2.5 liters,269.0,El Momtaz,2.5 liter,,,,4.4,67.0,2026-06-25
N29595408A,noon,Grocery,oils,Extra Virgin Olive Oil 2Liters,269.0,Wadi Food,2 Liters,,,,3.7,6.0,2026-06-25
ZC549B0B2DC1F6A1C88B6Z,noon,Grocery,oils,Extra Virgan Olive Oil 1L,269.0,Nuri,1L,,,,4.3,3.0,2026-06-25
Z6AD2D0A28A083E6A5031Z,noon,Grocery,oils,Organic Apple Cider Vinegar 250ml,269.0,Imtenan,250 ml,,,,3.9,25.0,2026-06-25
ZE84796F2FD278046CE0AZ,noon,Grocery,oils,New Zealand Butter Flavored Ghee Super 1.5 kg,269.0,Ganna,1.5 kg,,,,4.5,67.0,2026-06-25
N27711426A,noon,Grocery,oils,Sunflower Oil 2.25Liters,269.0,Halla,2.25 Liters,,,,4.6,162.0,2026-06-25
Z97EDB404FF7202385192Z,noon,Grocery,oils,Butter spray low calorie 200ml,269.0,Spritz,200ml,4.0,4.0,,4.9,9.0,2026-06-25
N27711434A,noon,Grocery,oils,Mixed Oil 4.5Liters,269.0,Qaleya,4.5 Liters,,,,4.7,374.0,2026-06-25
N28863155A,noon,Grocery,oils,SunFlower Oil 2.1Liters,269.0,Slite,2.1 Liters,,,,4.6,304.0,2026-06-25
Z973893E1B21C4F518889Z,noon,Grocery,oils,Al Tayebat Pure Organic Apple Vinegar 330ml Raw Unfiltered,269.0,altayebat,330ml,,,,4.0,25.0,2026-06-25
Z54E6C7698A058C411FC5Z,noon,Grocery,oils,Natural Virgin Coconut Oil 400g,269.0,Elhawag,400 grams,1.0,1.0,,3.7,25.0,2026-06-25
N28863089A,noon,Grocery,oils,Mixed Oil 4.5Liters,269.0,Helwa,4.5 Liters,,,,4.5,864.0,2026-06-25
N51065283A,noon,Grocery,oils,Ghee 700grams,269.0,Ganna,700 grams,,,,4.6,86.0,2026-06-25
N30522054A,noon,Grocery,oils,Natural Vinegar 1Liters,269.0,Rehana,1 Liters,,,,4.8,153.0,2026-06-25
N28863088A,noon,Grocery,oils,Mixed Oil 2.25Liters,269.0,Helwa,2.25 Liters,,,,4.6,556.0,2026-06-25
N34324120A,noon,Grocery,oils,Pure Butter Oil 2kg,269.0,Sheraton,2 kg,,,,4.7,94.0,2026-06-25
N27711430A,noon,Grocery,oils,Mixed Oil 4.5Liters,269.0,Hedeya,4.5 Liters,,,,4.6,223.0,2026-06-25
N27711433A,noon,Grocery,oils,Mixed Oil 2.1Liters,269.0,Qaleya,2.1 Liters,,,,4.6,111.0,2026-06-25
N34324125A,noon,Grocery,oils,Natural Butter Ghee 1.6kg,269.0,Haloub Al Missalia,1.6 kg,,,,4.8,30.0,2026-06-25
N28863154A,noon,Grocery,oils,SunFlower Oil 1.5Liters,269.0,Slite,1.5 Liters,,,,4.6,286.0,2026-06-25
Z43F7E0C4E79615A38CD5Z,noon,Grocery,oils,ONIC Naturally Yours | Extra Virgin Coconut Oil – 300ml | 100% Pure & Unrefined | Cold-Pressed from Fresh Coconut Flesh | Easy-Open Tin Can with Cap,269.0,ONIC,300ml,,,,4.2,18.0,2026-06-25
Z51A970CAAC55D23A4D20Z,noon,Grocery,oils,Organic Fermented Apple Cider Vinegar 946ml,269.0,CALIFORNIA EGMONT,946 ml,,,,4.4,154.0,2026-06-25
Z5FF076E252F2A23F84D4Z,noon,Grocery,oils,"Organic MCT Oil (C8 + C10 + C12), 16 fl oz (473 ml}",269.0,SPORTS RESEARCH,473 ml,,,,5.0,4.0,2026-06-25
N29980049A,noon,Grocery,oils,Mixed Oil 2.1Liters,269.0,Hanady,2.1 Liters,,,,4.4,391.0,2026-06-25
ZCA607809AF6CCF86E40CZ,noon,Grocery,oils,Extra Virgin Olive Oil 1 Litre,269.0,Basso,1,,,,5.0,1.0,2026-06-25
N52406599A,noon,Grocery,oils,White Natural Vinegar 900ml,269.0,Haboba,900 ml,8.0,8.0,,4.6,130.0,2026-06-25
N48665691A,noon,Grocery,oils,Organic Apple Cider Vinegar 500ml,269.0,VARVELLO,500 ml,,,,4.9,53.0,2026-06-25
ZBFC2421B010F07CCCACEZ,noon,Grocery,oils,Sunflower Oil 4.5L,269.0,Helwa,4.5 Liters,,,,4.5,157.0,2026-06-25
Z59C7BE0562F2B1566CFBZ,noon,Grocery,oils,Greek Extra Virgin Olive Oil 1000 ml,269.0,GREEK,1000 ml ml,1.0,1.0,,4.4,34.0,2026-06-25
N52521654A,noon,Grocery,oils,Keshta Ghee 1.5kg,269.0,Rawaby,1.5 kg,5.0,5.0,,4.5,171.0,2026-06-25
N27711429A,noon,Grocery,oils,Mixed Oil 2.1Liters,269.0,Hedeya,2.1 Liters,,,,4.6,138.0,2026-06-25
N30429819A,noon,Grocery,oils,Corn Oil Spray 200ml,269.0,Crystal,200 ml,,,,4.6,285.0,2026-06-25
N44940201A,noon,Grocery,oils,Corn Oil plus 2.2Liters,269.0,Afia,2.2 Liters,,,,4.5,188.0,2026-06-25
N53127673A,noon,Grocery,oils,Syrian Olive Oil 250ml,269.0,Daria,250 ml,,,,3.4,17.0,2026-06-25
N28863024A,noon,Grocery,oils,Corn Oil 2.2Liters,269.0,Crystal,2.2 Liters,,,,4.7,253.0,2026-06-25
N34324122A,noon,Grocery,oils,Pure Butter Oil 800grams,269.0,Sheraton,800 grams,,,,4.6,123.0,2026-06-25
N44048419A,noon,Grocery,oils,Sunflower Oil 2.2Liters,269.0,Afia,2.2 Liters,,,,4.5,269.0,2026-06-25
N27711266A,noon,Grocery,oils,Sunflower Oil 1.6Liters,269.0,Crystal,1.6 Liters,,,,4.6,216.0,2026-06-25
N27711428A,noon,Grocery,oils,Mixed Oil 1Liters,269.0,Hedeya,1 Liters,,,,4.5,116.0,2026-06-25
N41989346A,noon,Grocery,oils,Natural Red Vinegar 900ml,269.0,Negmet El Zeitoun,900 ml,,,,4.5,49.0,2026-06-25
Z9DF47EB0AAAFAE650436Z,noon,Grocery,oils,Black seed oil ( pure 100 % ),269.0,Ayurveda Egypt,15ml,,,,5.0,4.0,2026-06-25
Z9CBB2E86CD59910B9530Z,noon,Grocery,Salt,Rich Diet Stevia Natural Sweetener 250g Jar(1*2),269.0,Rich Diet,250g,,,,1.0,,2026-06-25
Z575FBB6DD7C96C084733Z,noon,Grocery,Salt,PURE TIME STEVIA 200 GM,269.0,stevia,200 G,6.0,6.0,,4.2,,2026-06-25
Z8389FD302BD68F8E822FZ,noon,Grocery,Salt,sugar Monk Fruit (Monk Fruit) 200g,269.0,right nutrition,200g,6.0,6.0,,4.0,2.0,2026-06-25
Z615EC19D15A5EE752053Z,noon,Grocery,Salt,Sweetener Tablets 1200 Sticks 72grams,269.0,Generic,72g,50.0,50.0,,3.8,4.0,2026-06-25
ZCA44E8945C7181306D27Z,noon,Grocery,Salt,Himalayan Coarse Salt 250 grams,82.0,Imtenan,250 grams,,,,4.0,11.0,2026-06-25
Z8B763B38EE8FED974772Z,noon,Grocery,Salt,Sweetener Tablets 1200 Sticks 72grams,269.0,Generic,72g,1200.0,1200.0,,,,2026-06-25
Z3C0D19D75CB00BC5F271Z,noon,Grocery,Salt,"Mivolis Vitamin C Effervescent Tablets, Blood Orange Flavor, Sugar-Free, 20 Count",269.0,mivolis,15ml,20.0,20.0,,4.5,,2026-06-25
ZEEC1BBC4690829C6642EZ,noon,Grocery,Salt,SWEETAL 300 TABLETS,269.0,Sweetal,15ml,300.0,300.0,,4.4,,2026-06-25
Z5F7CC2C0ED74BDB8BA9DZ,noon,Grocery,Salt,Splenda Sugar Alternative Tablets - 100 Tablets,269.0,Splendays,15ml,100.0,100.0,,5.0,2.0,2026-06-25
ZA86A3D48B4CD6F3BEFBCZ,noon,Grocery,Salt,RICHMIX White Sugar – 120 Easy‑Open 5g Sticks – Premium Hospitality Pack,269.0,RICH MIX,5g,,,,4.6,,2026-06-25
Z99DFC7CD9B4509B84ECBZ,noon,Grocery,Salt,Brown Sugar Bag,269.0,Imtenan,750 grams,12.0,12.0,,4.4,,2026-06-25
Z4AFBE219801E506EAE10Z,noon,Grocery,Salt,Diet Sugar - 250 Sachets (1 Spoon),269.0,So Sweet,Large,250.0,250.0,,1.0,,2026-06-25
Z16F46FD51AB5D5A97E5BZ,noon,Grocery,Salt,Rich Almond Sugar Substitute – Box of 75 Sachets (2 Spoon Equivalents per Sachet),269.0,Rich Diet,15ml,6.0,6.0,,4.1,7.0,2026-06-25
Z1B33FA6FA4A47304B4B7Z,noon,Grocery,Salt,"Sorbamt 250 grams and Sorbamt 50 sachets of 1 gram, special price",269.0,Sorbamt,250 g,50.0,50.0,,1.0,,2026-06-25
Z6EA14F4E8C2108A4553FZ,noon,Grocery,Salt,Imtenan Brown Sugar Natural - 750 g,269.0,Imtenan,750 g,,,,4.4,,2026-06-25
Z26FE7EFC1860BFFE97CDZ,noon,Grocery,Salt,Diet Sugar 100 Tablet,269.0,DIET SWEET,15ml,6.0,6.0,,1.0,,2026-06-25
ZE811A1383CAE90F86285Z,noon,Grocery,Salt,sweetal diet sugar sweetal 300 tab,269.0,Sweetal,15ml,24.0,24.0,,4.2,28.0,2026-06-25
Z90A9B560B342ECB7993CZ,noon,Grocery,Salt,Organic Coconut Sugar 400 grams,269.0,Imtenan,400 grams,,,,4.5,8.0,2026-06-25
N52490730A,noon,Grocery,Salt,Stevia 40 sachets.,269.0,stevia,15ml,6.0,6.0,,3.0,9.0,2026-06-25
ZD1F83F917FD0DE8E1A3FZ,noon,Grocery,Salt,Rich white sugar box 120 packs,269.0,Rich Diet,15ml,6.0,6.0,,5.0,3.0,2026-06-25
Z6D2F970BC54E2C040C90Z,noon,Grocery,Salt,ريتش سكر بني مكعبات 1 كيلو,269.0,ريتش دايت,1 كيلو,6.0,6.0,,5.0,1.0,2026-06-25
Z56135E3EBBA7F3F5467FZ,noon,Grocery,Salt,Fine Himalayan Salt 650 grams,108.0,Imtenan,650 grams,,,,4.8,37.0,2026-06-25
Z68E540B9AE36C2E816ABZ,noon,Grocery,Salt,"eulbat sukar stifya lilhmiat alghidhayiyat min kastilu, 30 mal",269.0,stevia,15ml,1.0,1.0,,4.2,,2026-06-25
Z4A084727520DD6CC4C3AZ,noon,Grocery,Salt,Imtenan Raw Brown Sugar Sachets 100% Natural - 100 Sachets (400 g),269.0,Imtenan,400 g,,,,4.4,,2026-06-25
ZBD6AC40D27573F479334Z,noon,Grocery,Salt,Sweetener From Stevia Leaves Healthy And Tasty 100 Sachets250grams with mug free,269.0,Steviana,250g,100.0,100.0,,4.6,56.0,2026-06-25
ZBE2968EA547CBAC03B91Z,noon,Grocery,Salt,Pure Green sugar alternative Stevia Powder - 50 gm,269.0,Dhyaan House,50 g,,,,2.7,6.0,2026-06-25
ZD59E66ED63B9DB0F75B9Z,noon,Grocery,Salt,Star diet brown sugar 500gm,269.0,Star Diet,500 grams,1.0,1.0,,4.0,2.0,2026-06-25
ZC67FE6EA6D4CDECC496FZ,noon,Grocery,Salt,Stevia Original 50 Stick Packs,269.0,LIMITLESS,15ml,30.0,30.0,,4.4,,2026-06-25
Z28265F445F5CBCFB7978Z,noon,Grocery,Salt,White Stevia Sugar - 50 gm,269.0,Dhyaan House,50 g,6.0,6.0,,5.0,1.0,2026-06-25
ZAA66BA43F799D663518BZ,noon,Grocery,Salt,Sweet&Slim 100 Sachets STEVIA,269.0,stevia,100 grams,100.0,100.0,,4.1,18.0,2026-06-25
Z71AE3F716866CAE78BCAZ,noon,Grocery,Salt,Herbal Salt 125 grams,87.0,Imtenan,125 grams,,,,5.0,1.0,2026-06-25
ZE69786E7E710A043CC88Z,noon,Grocery,Salt,عرض عبوتين سكر دايت مزن 96 كيس 1 جرام -سكر دايت محلى,269.0,مزن,1 جرام,6.0,6.0,,4.2,49.0,2026-06-25
Z828A9D37599CA34DDA67Z,noon,Grocery,Salt,Rich Brown Sugar 100 Packets,269.0,Rich Diet,15ml,100.0,100.0,,5.0,1.0,2026-06-25
Z969336A55AADE1604557Z,noon,Grocery,Salt,El Doha White Sugar - 10 Bags (1kg Each),269.0,El doha,1kg,12.0,12.0,,5.0,1.0,2026-06-25
ZBF98D9036BE8ACCC3DD1Z,noon,Grocery,Salt,Diet Sugar - 75 Sachets (1 Spoon),269.0,So Sweet,Medium,6.0,6.0,,1.0,,2026-06-25
ZD181E210F0B6BF1C36F1Z,noon,Grocery,Salt,"Nocal drops 30 ml, half a spoonful",269.0,Nocal,30 ml,6.0,6.0,,3.1,8.0,2026-06-25
ZB1B86ED6CF2359EB137AZ,noon,Grocery,Salt,Himalayan salt 200g fine,105.0,Shana,200g,,,,4.1,,2026-06-25
ZF44B7DD8E3A083FF5927Z,noon,Grocery,Salt,,,,,,,,,,2026-06-25
Z6CBF7A0B098730818A98Z,noon,Grocery,Salt,,,,,,,,,,2026-06-25
Z1ED06086679AE0B7D7EDZ,noon,Grocery,Salt,,,,,,,,,,2026-06-25
Z6EE9327E2A0EF30E251BZ,noon,Grocery,Salt,,,,,,,,,,2026-06-25
Z324B67C7CAC83393B4CDZ,noon,Grocery,Salt,,,,,,,,,,2026-06-25
Z36FAF525AA6BA28B954CZ,noon,Grocery,Salt,,,,,,,,,,2026-06-25
Z5A7BC410617D5DB18DBDZ,noon,Grocery,Salt,,,,,,,,,,2026-06-25
Z184208855698486B6EFAZ,noon,Grocery,Salt,,,,,,,,,,2026-06-25
ZD9CBB12C91C8CE3612E6Z,noon,Grocery,Salt,,,,,,,,,,2026-06-25
ZE4DF6F113FA3920A06FDZ,noon,Grocery,Salt,,,,,,,,,,2026-06-25
ZF43DBAB607AB32F13AD1Z,noon,Grocery,Salt,,,,,,,,,,2026-06-25
N28727462A,noon,Grocery,Salt,,,,,,,,,,2026-06-25
Z4151592FEE1618277EA5Z,noon,Grocery,Salt,,,,,,,,,,2026-06-25
Z0105B3A9415D9E9C4F2AZ,noon,Grocery,Salt,,,,,,,,,,2026-06-25
Z4A43C5A4230CCB8FAAC5Z,noon,Grocery,Salt,,,,,,,,,,2026-06-25
Z618E870CFC0B968A93A7Z,noon,Grocery,Salt,,,,,,,,,,2026-06-25
N51077867A,noon,Grocery,Salt,,,,,,,,,,2026-06-25
Z5FBE6F102B8273A5B0EFZ,noon,Grocery,Salt,,,,,,,,,,2026-06-25
Z2C5F118A0810E99D6A4AZ,noon,Grocery,Salt,,,,,,,,,,2026-06-25
Z255962E8EB2687BFD52DZ,noon,Grocery,Salt,,,,,,,,,,2026-06-25
ZAC11AE368286A56270EDZ,noon,Grocery,Salt,,,,,,,,,,2026-06-25
ZB81602F43DA6EB6F2DAFZ,noon,Grocery,Salt,,,,,,,,,,2026-06-25
Z9164DC1530C8FFA51C2DZ,noon,Grocery,Salt,,,,,,,,,,2026-06-25
ZC5C255D7D4CB7625B574Z,noon,Grocery,Salt,,,,,,,,,,2026-06-25
ZBE22E1A3260ACA519BA4Z,noon,Grocery,Salt,,,,,,,,,,2026-06-25
Z8FC17D0E4446CDD45A07Z,noon,Grocery,Salt,,,,,,,,,,2026-06-25
N52406600A,noon,Grocery,Salt,,,,,,,,,,2026-06-25
Z0DC8C9E724B0AD5616D2Z,noon,Grocery,Salt,,,,,,,,,,2026-06-25
Z8E6C741B98919F5D4FCDZ,noon,Grocery,Salt,,,,,,,,,,2026-06-25
N49538602A,noon,Grocery,Salt,,,,,,,,,,2026-06-25
Z1E94AB21B851167B1259Z,noon,Grocery,Salt,,,,,,,,,,2026-06-25
Z06FEBDFBAA247B65B355Z,noon,Grocery,Salt,,,,,,,,,,2026-06-25
ZAA1E7E43D79E69719667Z,noon,Grocery,Salt,,,,,,,,,,2026-06-25
Z23434A354467C9E72388Z,noon,Grocery,Salt,,,,,,,,,,2026-06-25
N42247368A,noon,Grocery,Salt,,,,,,,,,,2026-06-25
N30522024A,noon,Grocery,Salt,,,,,,,,,,2026-06-25
ZB592FDDAD475B4793B77Z,noon,Grocery,Salt,,,,,,,,,,2026-06-25
Z7331571B921D2045F3D2Z,noon,Grocery,Salt,,,,,,,,,,2026-06-25
ZCFAA95A78AC4BD83C97BZ,noon,Grocery,Salt,,,,,,,,,,2026-06-25
N43255572A,noon,Grocery,Salt,,,,,,,,,,2026-06-25
Z06A526A37A3FBF127AAAZ,noon,Grocery,Salt,,,,,,,,,,2026-06-25
Z9183049C0231E2375C3FZ,noon,Grocery,Salt,,,,,,,,,,2026-06-25
Z9E3878CCE5B3D89AADE3Z,noon,Grocery,Salt,,,,,,,,,,2026-06-25
N49538603A,noon,Grocery,Salt,,,,,,,,,,2026-06-25
Z97628314FCC745AFFFA9Z,noon,Grocery,Salt,,,,,,,,,,2026-06-25
Z67A96E62DAD141726142Z,noon,Grocery,Salt,,,,,,,,,,2026-06-25
Z3A7D7CA63C61EEC490DDZ,noon,Grocery,Salt,,,,,,,,,,2026-06-25
Z615B596F17B0DF99E1A3Z,noon,Grocery,Salt,,,,,,,,,,2026-06-25
ZCB57001D5C1B02E76BEEZ,noon,Grocery,Salt,,,,,,,,,,2026-06-25
N52343966A,noon,Grocery,Salt,,,,,,,,,,2026-06-25
Z70FF63C37CC33B14CB38Z,noon,Grocery,Salt,,,,,,,,,,2026-06-25
Z935951562AA4D30680C2Z,noon,Grocery,Salt,,,,,,,,,,2026-06-25
ZAB178D48BD827FFD7765Z,noon,Grocery,Salt,,,,,,,,,,2026-06-25
N52405006A,noon,Grocery,Salt,,,,,,,,,,2026-06-25
Z9E5273DFFBDC9689764BZ,noon,Grocery,Salt,,,,,,,,,,2026-06-25
ZB36B00C68B6620BEAFA1Z,noon,Grocery,Salt,,,,,,,,,,2026-06-25
ZDD12B468366358DDB00AZ,noon,Grocery,Salt,,,,,,,,,,2026-06-25
N52405012A,noon,Grocery,Salt,,,,,,,,,,2026-06-25
Z947CA96D15954300FA8EZ,noon,Grocery,Salt,,,,,,,,,,2026-06-25
ZB27E8AE86636FC0387FDZ,noon,Grocery,Salt,,,,,,,,,,2026-06-25
Z5C57A0FE0FBEB7449ABAZ,noon,Grocery,Salt,,,,,,,,,,2026-06-25
Z05EB1D843490EB58DF6BZ,noon,Grocery,Salt,,,,,,,,,,2026-06-25
Z50CA1DFDBC0C9E6623EAZ,noon,Grocery,Salt,,,,,,,,,,2026-06-25
Z4DEBB1A121E4E25748ADZ,noon,Grocery,Salt,,,,,,,,,,2026-06-25
Z96558C059D1FBC39AED7Z,noon,Grocery,Salt,,,,,,,,,,2026-06-25
N25260381A,noon,Grocery,Salt,,,,,,,,,,2026-06-25
N30522023A,noon,Grocery,Salt,,,,,,,,,,2026-06-25
Z9D89CC6FF75761D223FEZ,noon,Grocery,Salt,,,,,,,,,,2026-06-25
Z5254BE0A079BB07AF408Z,noon,Grocery,Salt,,,,,,,,,,2026-06-25
Z4A7CF51D66C36A1748A0Z,noon,Grocery,Salt,,,,,,,,,,2026-06-25
ZA03C8C6CF684EFC3D25BZ,noon,Grocery,Salt,,,,,,,,,,2026-06-25
Z2DAB06AEC70158EC4B03Z,noon,Grocery,Salt,,,,,,,,,,2026-06-25
Z3F703372568B5DDB3CD2Z,noon,Grocery,Salt,,,,,,,,,,2026-06-25
ZA1D66715C751D05AE063Z,noon,Grocery,Salt,,,,,,,,,,2026-06-25
ZB50AA4E3D6F01641C492Z,noon,Grocery,Salt,,,,,,,,,,2026-06-25
N43255570A,noon,Grocery,Salt,,,,,,,,,,2026-06-25
N51084544A,noon,Grocery,Salt,,,,,,,,,,2026-06-25
N43255573A,noon,Grocery,Salt,,,,,,,,,,2026-06-25
ZD5CAD4F23CF3CAEED193Z,noon,Grocery,Salt,,,,,,,,,,2026-06-25
Z2067F2DCD9C200ADDEAAZ,noon,Grocery,Salt,,,,,,,,,,2026-06-25
N52405007A,noon,Grocery,Salt,,,,,,,,,,2026-06-25
N44808136A,noon,Grocery,Salt,,,,,,,,,,2026-06-25
Z24D86337832C5E6685BCZ,noon,Grocery,Salt,,,,,,,,,,2026-06-25
Z38475F498AB58AE21671Z,noon,Grocery,Salt,,,,,,,,,,2026-06-25
Z7EDDC9A83767EBA1B29FZ,noon,Grocery,Salt,,,,,,,,,,2026-06-25
Z36F9CE1FDDD9D270D702Z,noon,Grocery,Salt,,,,,,,,,,2026-06-25
N52405008A,noon,Grocery,Salt,,,,,,,,,,2026-06-25
Z5DD732FCC7AD5B4A7EFAZ,noon,Grocery,Salt,,,,,,,,,,2026-06-25
N43255571A,noon,Grocery,Salt,,,,,,,,,,2026-06-25
ZFAE9166159BCD6C6FBEFZ,noon,Grocery,Salt,,,,,,,,,,2026-06-25
Z65EC0EEC1F777192A2FAZ,noon,Grocery,Salt,,,,,,,,,,2026-06-25
N29595529A,noon,Grocery,Salt,,,,,,,,,,2026-06-25
ZA5C1509F7B86BDB48192Z,noon,Grocery,Salt,,,,,,,,,,2026-06-25
ZD436EA9815530E14C7C3Z,noon,Grocery,Salt,,,,,,,,,,2026-06-25
Z05288297EB8E26503081Z,noon,Grocery,Salt,,,,,,,,,,2026-06-25
ZBAE2C5A984F08E975562Z,noon,Grocery,Salt,,,,,,,,,,2026-06-25
ZF6375B25D4A35445F417Z,noon,Grocery,Salt,,,,,,,,,,2026-06-25
N52405010A,noon,Grocery,Salt,,,,,,,,,,2026-06-25
Z1AB2A731BE1BE8135E98Z,noon,Grocery,Salt,,,,,,,,,,2026-06-25
Z33A3B1DE558D05C0A68FZ,noon,Grocery,Salt,,,,,,,,,,2026-06-25
Z4F40FBED2D74A45B8D75Z,noon,Grocery,Salt,,,,,,,,,,2026-06-25
N28727470A,noon,Grocery,Salt,,,,,,,,,,2026-06-25
Z2060E5B6881179DE476EZ,noon,Grocery,Salt,,,,,,,,,,2026-06-25
Z4D36AEC4ADAA2B554C69Z,noon,Grocery,Salt,,,,,,,,,,2026-06-25
ZDA16C7E20646F7CD907DZ,noon,Grocery,Salt,,,,,,,,,,2026-06-25
Z621B5C8B43F3AD17E6EEZ,noon,Grocery,Salt,,,,,,,,,,2026-06-25
ZA6716CAF5EE56BA661A9Z,noon,Grocery,Salt,,,,,,,,,,2026-06-25
Z9A2E08081992B72E475EZ,noon,Grocery,Salt,,,,,,,,,,2026-06-25
ZA4589CA27908A2F24E65Z,noon,Grocery,Salt,,,,,,,,,,2026-06-25
Z8034DD068886B1665E5BZ,noon,Grocery,Salt,,,,,,,,,,2026-06-25
N52599059A,noon,Grocery,Salt,,,,,,,,,,2026-06-25
Z4673F6CAC51B8E3BB05DZ,noon,Grocery,Salt,,,,,,,,,,2026-06-25
ZC2EE90697236AAB76380Z,noon,Grocery,Salt,,,,,,,,,,2026-06-25
ZFA6F28EBEEDD095020D8Z,noon,Grocery,Salt,,,,,,,,,,2026-06-25
Z043C53B7CE0D4CCC8D5DZ,noon,Grocery,Salt,,,,,,,,,,2026-06-25
Z3204BBEC2E71359C52E7Z,noon,Grocery,Salt,,,,,,,,,,2026-06-25
Z9A24D57A3127AA80F2EAZ,noon,Grocery,Salt,,,,,,,,,,2026-06-25
Z4EC8170F03EEB25BA748Z,noon,Grocery,Salt,,,,,,,,,,2026-06-25
Z2925573B59A62C2A7402Z,noon,Grocery,Salt,,,,,,,,,,2026-06-25
Z977FB9D213753EDD72F2Z,noon,Grocery,Salt,,,,,,,,,,2026-06-25
Z7897C49982C5F8384A38Z,noon,Grocery,Salt,,,,,,,,,,2026-06-25
ZEA36EF2DFDEB28A6B14CZ,noon,Grocery,Salt,,,,,,,,,,2026-06-25
ZD2D4106FF043F85CD200Z,noon,Grocery,Salt,,,,,,,,,,2026-06-25
Z3BCE0394B65D16F58147Z,noon,Grocery,Salt,,,,,,,,,,2026-06-25
Z6D92AD4AD54D8EE648FAZ,noon,Grocery,Salt,,,,,,,,,,2026-06-25
Z963A905A6AFBE8A06C2EZ,noon,Grocery,Salt,,,,,,,,,,2026-06-25
ZE3782DF275712F09C3E0Z,noon,Grocery,Salt,,,,,,,,,,2026-06-25
Z20ECB8C1D892DBB7675CZ,noon,Grocery,Salt,,,,,,,,,,2026-06-25
N27665625A,noon,Grocery,Salt,,,,,,,,,,2026-06-25
Z5C6559B98ADEE3169AF7Z,noon,Grocery,Salt,,,,,,,,,,2026-06-25
ZD1A8717F9BE5868659B1Z,noon,Grocery,Salt,,,,,,,,,,2026-06-25
Z2D20D3A8644F19D62018Z,noon,Grocery,Salt,,,,,,,,,,2026-06-25
Z2AB89F8F03837EC3CC9FZ,noon,Grocery,Salt,,,,,,,,,,2026-06-25
ZA1F11487CEAA4CD6C4D8Z,noon,Grocery,Salt,,,,,,,,,,2026-06-25
Z29BC13F1FE5B3471BF96Z,noon,Grocery,Salt,,,,,,,,,,2026-06-25
Z23A3B81E6A9FF87D32B1Z,noon,Grocery,Salt,,,,,,,,,,2026-06-25
ZCEFACC28777767F694C6Z,noon,Grocery,Salt,,,,,,,,,,2026-06-25
ZB798DF26DC46303E271FZ,noon,Grocery,Salt,,,,,,,,,,2026-06-25
N27665624A,noon,Grocery,Salt,,,,,,,,,,2026-06-25
ZB9B46BE60D506FA2944FZ,noon,Grocery,Salt,,,,,,,,,,2026-06-25
Z2B261F5E05899A8EED07Z,noon,Grocery,Salt,,,,,,,,,,2026-06-25
ZF47837E6C4FDADAAF66EZ,noon,Grocery,Salt,,,,,,,,,,2026-06-25
ZDCE444EF0DBA1EE00E9AZ,noon,Grocery,Salt,,,,,,,,,,2026-06-25
Z6714486582E8828916E1Z,noon,Grocery,Salt,,,,,,,,,,2026-06-25
Z94837A3452A3B1A9FEE3Z,noon,Grocery,Salt,,,,,,,,,,2026-06-25
ZF9116685060148F301EFZ,noon,Grocery,Salt,,,,,,,,,,2026-06-25
N51077866A,noon,Grocery,Salt,,,,,,,,,,2026-06-25
Z52E4630E8C6730965E90Z,noon,Grocery,Salt,,,,,,,,,,2026-06-25
Z73E59A5C20148E3F1890Z,noon,Grocery,Salt,,,,,,,,,,2026-06-25
Z7FCE3E7084799DE1A790Z,noon,Grocery,Salt,,,,,,,,,,2026-06-25
N52405011A,noon,Grocery,Salt,,,,,,,,,,2026-06-25
ZB606FE97DE49967AF7FCZ,noon,Grocery,Salt,,,,,,,,,,2026-06-25
ZBFC5DEB635B381C3B6BAZ,noon,Grocery,Salt,,,,,,,,,,2026-06-25
Z050E7124E019C62FFE9DZ,noon,Grocery,Salt,,,,,,,,,,2026-06-25
Z1BCE85785B26ECBEC573Z,noon,Grocery,Salt,,,,,,,,,,2026-06-25
Z95DA2897F78AA3D6CBD5Z,noon,Grocery,Salt,,,,,,,,,,2026-06-25
Z4B1E4542CF0303306F06Z,noon,Grocery,Salt,,,,,,,,,,2026-06-25
ZF1F7BA6CAAF3283FC50AZ,noon,Grocery,Salt,,,,,,,,,,2026-06-25
Z146A781C31B8F0138151Z,noon,Grocery,Salt,,,,,,,,,,2026-06-25
Z84BE4468580BD8AA1622Z,noon,Grocery,Salt,,,,,,,,,,2026-06-25
N43255574A,noon,Grocery,Salt,,,,,,,,,,2026-06-25
ZF44B7DD8E3A083FF5927Z,noon,Grocery,Salt,Steviana Sugar-Free Stevia Sweetener powder 200g,269.0,Steviana,200 grams,6.0,6.0,,4.5,20.0,2026-06-25
Z6CBF7A0B098730818A98Z,noon,Grocery,Salt,Monk fruit sugar 50 sticks,269.0,right nutrition,15ml,6.0,6.0,,4.0,1.0,2026-06-25
Z1ED06086679AE0B7D7EDZ,noon,Grocery,Salt,Sweetal Diet Sugar Sweetal Stevia Jar 250 gram,269.0,Sweetal,250 g,6.0,6.0,,4.4,,2026-06-25
Z6EE9327E2A0EF30E251BZ,noon,Grocery,Salt,Bundle Of 3 White Sugar - 3kg Mr. Food,269.0,Mr. Food,3 kg,3.0,3.0,,4.3,59.0,2026-06-25
Z324B67C7CAC83393B4CDZ,noon,Grocery,Salt,sugar Monk Fruit (Monk Fruit) 250 gm,269.0,right nutrition,250 g,96.0,96.0,,3.6,,2026-06-25
Z36FAF525AA6BA28B954CZ,noon,Grocery,Salt,Sugarfree Sweetener 250 grams,269.0,la sweet,250 grams,25.0,25.0,,3.0,,2026-06-25
Z5A7BC410617D5DB18DBDZ,noon,Grocery,Salt,Diet Sugar 300 Tablet,269.0,Sweetal,15ml,25.0,25.0,,4.4,,2026-06-25
Z184208855698486B6EFAZ,noon,Grocery,Salt,Mivolis Tropical Fruit Flavor Tablets - 20 Effervescent Tablets,269.0,mivolis,15ml,,,,4.5,,2026-06-25
ZD9CBB12C91C8CE3612E6Z,noon,Grocery,Salt,Castello Zero Calorie Sweetener 300 gm,269.0,stevia,300 g,6.0,6.0,,4.2,,2026-06-25
ZE4DF6F113FA3920A06FDZ,noon,Grocery,Salt,sugar tea and cloves,269.0,Saltana,15ml,,,,4.5,2.0,2026-06-25
ZF43DBAB607AB32F13AD1Z,noon,Grocery,Salt,Natural Sweetner 220 Tablets,269.0,stevia,15ml,6.0,6.0,,3.3,12.0,2026-06-25
N28727462A,noon,Grocery,Salt,Pink Himalayan Salt Crystals (Rocks) 400grams,45.0,Abu Auf,400 grams,,,,4.5,25.0,2026-06-25
Z4151592FEE1618277EA5Z,noon,Grocery,Salt,Sweet&Slim 100 Sachets,269.0,Sweet & Slim,15ml,100.0,100.0,,4.5,,2026-06-25
Z0105B3A9415D9E9C4F2AZ,noon,Grocery,Salt,sweetal diet sugar sweetal jar 250 grams,269.0,Sweetal,250 g,6.0,6.0,,4.4,92.0,2026-06-25
Z4A43C5A4230CCB8FAAC5Z,noon,Grocery,Salt,Sucralose 250 g – Sugar Alternative,269.0,Rich Diet,250 g,50.0,50.0,,4.3,,2026-06-25
Z618E870CFC0B968A93A7Z,noon,Grocery,Salt,Rich Almond Sugar Substitute – Box of 75 Hanging Sachets,269.0,Rich Diet,15ml,6.0,6.0,,3.2,4.0,2026-06-25
N51077867A,noon,Grocery,Salt,Himalayan Natural Salt Crude 600grams,69.0,DOBELLA,600 grams,,,,4.4,17.0,2026-06-25
Z5FBE6F102B8273A5B0EFZ,noon,Grocery,Salt,sweetal diet sugar sweetal 100 tab,269.0,Sweetal,15ml,6.0,6.0,,4.4,8.0,2026-06-25
Z2C5F118A0810E99D6A4AZ,noon,Grocery,Salt,Sweetal diet sugar sweetal 75 Sachet 1 gram,269.0,Sweetal,1 g,8.0,8.0,,4.1,14.0,2026-06-25
Z255962E8EB2687BFD52DZ,noon,Grocery,Salt,Chinese Salt 250 gm,45.0,SECO SALT,250 g,,,,3.3,6.0,2026-06-25
ZAC11AE368286A56270EDZ,noon,Grocery,Salt,"Rich sugar substitute, 50-pack, spoon",269.0,Rich Diet,15ml,6.0,6.0,,4.0,1.0,2026-06-25
ZB81602F43DA6EB6F2DAFZ,noon,Grocery,Salt,White Sugar 1 Kg,269.0,AlZaeem,1 kg,8.0,8.0,,4.8,69.0,2026-06-25
Z9164DC1530C8FFA51C2DZ,noon,Grocery,Salt,Brown Sugar - 500g,269.0,Mr. Food,500g,,,,4.5,29.0,2026-06-25
ZC5C255D7D4CB7625B574Z,noon,Grocery,Salt,Brown Sugar Jar - 400 grams,269.0,DOBELLA,400 grams,,,,4.4,17.0,2026-06-25
ZBE22E1A3260ACA519BA4Z,noon,Grocery,Salt,RICHMIX Natural Brown Sugar – 120 5g Sticks – Premium Hospitality Pack,269.0,RICH MIX,5g,,,,4.6,,2026-06-25
Z8FC17D0E4446CDD45A07Z,noon,Grocery,Salt,Berry Kiwi Zero Sugar,269.0,elberry_roastery,15ml,150.0,150.0,,1.0,,2026-06-25
N52406600A,noon,Grocery,Salt,Premium Powder Sugar 1kg,269.0,Haboba,1 kg,12.0,12.0,,3.9,114.0,2026-06-25
Z0DC8C9E724B0AD5616D2Z,noon,Grocery,Salt,Stevia Natural Sweetener 100 Tablets,269.0,Sekem,15ml,8.0,8.0,,3.3,13.0,2026-06-25
Z8E6C741B98919F5D4FCDZ,noon,Grocery,Salt,Rich Sugar Stevia 150 Packets,269.0,Rich Diet,15ml,6.0,6.0,,4.2,9.0,2026-06-25
N49538602A,noon,Grocery,Salt,Himalayan Natural Salt Soft 650grams,108.0,DOBELLA,650 grams,,,,4.4,61.0,2026-06-25
Z1E94AB21B851167B1259Z,noon,Grocery,Salt,سوربامت 250 جرام,269.0,سوربامت,215,100.0,100.0,,3.0,,2026-06-25
Z06FEBDFBAA247B65B355Z,noon,Grocery,Salt,white sugar 5 kg,269.0,Saltana,5 kg,24.0,24.0,,4.5,19.0,2026-06-25
ZAA1E7E43D79E69719667Z,noon,Grocery,Salt,Stevia Pure Time 220 Tablets,269.0,Stevia Pure Time,15ml,6.0,6.0,,3.8,23.0,2026-06-25
Z23434A354467C9E72388Z,noon,Grocery,Salt,Stevia Pure Time 40 Sachets 80 g,269.0,Stevia Pure Time,80 g,40.0,40.0,,3.0,3.0,2026-06-25
N42247368A,noon,Grocery,Salt,400-Bags Calorie Free Sweetener 400grams,269.0,Sweet & Slim,400 grams,6.0,6.0,,4.7,98.0,2026-06-25
N30522024A,noon,Grocery,Salt,Icing Sugar 1kg,269.0,Rehana,1 kg,,,,4.6,68.0,2026-06-25
ZB592FDDAD475B4793B77Z,noon,Grocery,Salt,Rich Sugar Substitute – Almond Sugar – 150 Sachets Box – 2 Sachets per Serving,269.0,Rich Diet,15ml,6.0,6.0,,5.0,5.0,2026-06-25
Z7331571B921D2045F3D2Z,noon,Grocery,Salt,"Mozn Stevia Sugar, 2 spoons, 25% increase offer, 60 sachets instead of 48.",269.0,Mozn,15ml,12.0,12.0,,4.9,7.0,2026-06-25
ZCFAA95A78AC4BD83C97BZ,noon,Grocery,Salt,Sucra lose 50 packets (2 packs),150.0,right nutrition,2 l,100.0,100.0,,2.0,,2026-06-25
N43255572A,noon,Grocery,Salt,120-Piece Hello! Brown Sugar Sachets Set 600grams,269.0,DOBELLA,600 grams,120.0,120.0,,4.6,17.0,2026-06-25
Z06A526A37A3FBF127AAAZ,noon,Grocery,Salt,Diet Sugar 350 Tablet,269.0,DIET SWEET,15ml,6.0,6.0,,3.0,,2026-06-25
Z9183049C0231E2375C3FZ,noon,Grocery,Salt,Light Brown Sugar Cubes 500g,269.0,Rich Diet,500g,,,,4.0,2.0,2026-06-25
Z9E3878CCE5B3D89AADE3Z,noon,Grocery,Salt,Brown Sugar With Cinnamon 120 Gram,269.0,DOBELLA,120,25.0,25.0,,4.3,,2026-06-25
N49538603A,noon,Grocery,Salt,Himalayan Natural Salt Crude 650grams,108.0,DOBELLA,650 grams,,,,4.4,12.0,2026-06-25
Z97628314FCC745AFFFA9Z,noon,Grocery,Salt,Icing Sugar (powder sugar) 1k,269.0,Mr. Food,15ml,24.0,24.0,,4.6,38.0,2026-06-25
Z67A96E62DAD141726142Z,noon,Grocery,Salt,Zero Calorie Sweetener 1000 Sachets,269.0,SPLENDA,15ml,1000.0,1000.0,,4.6,,2026-06-25
Z3A7D7CA63C61EEC490DDZ,noon,Grocery,Salt,Rich white sugar cubes 1 kg,269.0,Rich Diet,1 kg,,,,4.9,7.0,2026-06-25
Z615B596F17B0DF99E1A3Z,noon,Grocery,Salt,Suss Stoff German Diet Sugar 1200 Pcs,269.0,Belbake,15ml,1200.0,1200.0,,5.0,1.0,2026-06-25
ZCB57001D5C1B02E76BEEZ,noon,Grocery,Salt,Himalaya Salt 1kg,45.0,Ragab El Attar,1kilo,,,,4.2,18.0,2026-06-25
N52343966A,noon,Grocery,Salt,Sweetener Tablets 1200 Sticks 72grams,269.0,mivolis,72 grams,6.0,6.0,,4.5,1076.0,2026-06-25
Z70FF63C37CC33B14CB38Z,noon,Grocery,Salt,Mexicana Brown Sugar -500 Gm,269.0,Mr. Food,500 grams,12.0,12.0,,4.1,22.0,2026-06-25
Z935951562AA4D30680C2Z,noon,Grocery,Salt,sweetal diet sugar sweetal stevia 50 sachet,269.0,Sweetal,50,50.0,50.0,,4.4,55.0,2026-06-25
ZAB178D48BD827FFD7765Z,noon,Grocery,Salt,سكر دايت 1جرام 70كيس,269.0,ستيفيادايت,70 جرام,24.0,24.0,,3.7,55.0,2026-06-25
N52405006A,noon,Grocery,Salt,Sukker Diet 48 sachets- 2 Spoonful -Diet Sugar Sweetener 1grams,269.0,Mozn,1 grams,6.0,6.0,,4.6,62.0,2026-06-25
Z9E5273DFFBDC9689764BZ,noon,Grocery,Salt,Imtenan Organic Coconut Sugar 100% Natural - 400 g,269.0,Imtenan,400 g,18.0,18.0,,4.4,,2026-06-25
ZB36B00C68B6620BEAFA1Z,noon,Grocery,Salt,Steviana Sweetener From Stevia Leaves 50 Sachets Each Pack Of 2 (Imported),269.0,Steviana,15ml,2.0,2.0,,4.8,35.0,2026-06-25
ZDD12B468366358DDB00AZ,noon,Grocery,Salt,Rich Brown Sugar Bag 100 Packets,269.0,Rich Diet,15ml,20.0,20.0,,5.0,3.0,2026-06-25
N52405012A,noon,Grocery,Salt,Sukker Stevia Powder -Diet Sugar Sweetener 200grams,269.0,Mozn,200 grams,12.0,12.0,,4.2,110.0,2026-06-25
Z947CA96D15954300FA8EZ,noon,Grocery,Salt,Lakanto Monkfruit Classic Sweetener 235 g,269.0,LAKANTO,235 g,6.0,6.0,,4.6,10.0,2026-06-25
ZB27E8AE86636FC0387FDZ,noon,Grocery,Salt,Himalayan Fine Rock Salt 150 Gram,108.0,DOBELLA,150,,,,2.9,3.0,2026-06-25
Z5C57A0FE0FBEB7449ABAZ,noon,Grocery,Salt,sweetal diet sugar sweetal 50 Sachet 2 grams,269.0,Sweetal,2 g,6.0,6.0,,4.6,55.0,2026-06-25
Z05EB1D843490EB58DF6BZ,noon,Grocery,Salt,Maldon Sea Salt - 250G,69.0,maldon,250G,,,,,,2026-06-25
Z50CA1DFDBC0C9E6623EAZ,noon,Grocery,Salt,Zero Calorie Liquid Sweetener Drops 30 ml,350.0,stevia,30 ml,18.0,18.0,,4.2,,2026-06-25
Z1F140E47C6B6B150C3BCZ,noon,Grocery,Salt,Himalayan Salt (set of 2) 500g,45.0,Ragab El Attar,500g,,,,2.0,,2026-06-25
Z4DEBB1A121E4E25748ADZ,noon,Grocery,Salt,Steviana Natural Sweetener From Stevia Leaves - 37.5g (25 Sachets x 1.5g),269.0,Steviana,37.5g,6.0,6.0,,4.6,9.0,2026-06-25
Z96558C059D1FBC39AED7Z,noon,Grocery,Salt,sweetal diet sugar sweetal stevia jar 250 gram,269.0,Sweetal,250 g,6.0,6.0,,4.4,170.0,2026-06-25
N25260381A,noon,Grocery,Salt,Gold Caramel Granulated Sugar 1kg,269.0,Mitr Phol,1 kg,,,,5.0,2.0,2026-06-25
N30522023A,noon,Grocery,Salt,White Sugar 1kg,269.0,Rehana,1 kg,,,,4.6,314.0,2026-06-25
Z9D89CC6FF75761D223FEZ,noon,Grocery,Salt,Sweet&Slim 400 Sachets,269.0,Sweet & Slim,15ml,6.0,6.0,,3.7,7.0,2026-06-25
Z5254BE0A079BB07AF408Z,noon,Grocery,Salt,Uni fructose diet sugar 450 gm,269.0,Uni,450 gm,6.0,6.0,,5.0,1.0,2026-06-25
Z4A7CF51D66C36A1748A0Z,noon,Grocery,Salt,Sweet & Slim - Stevia 250 Gm,269.0,Sweet & Slim,250 grams,25.0,25.0,,4.3,27.0,2026-06-25
ZA03C8C6CF684EFC3D25BZ,noon,Grocery,Salt,Steviana From Stevia Leaves Healthy And Tasty 100 Sachets250grams with mug free,269.0,Steviana,250g,6.0,6.0,,3.9,20.0,2026-06-25
Z2DAB06AEC70158EC4B03Z,noon,Grocery,Salt,Sugar Match No Calorie Sweetener - 200 Sachets,269.0,Sugar Match,15ml,6.0,6.0,,4.5,,2026-06-25
Z3F703372568B5DDB3CD2Z,noon,Grocery,Salt,Rich Sugar Fructose 500g Box,165.31,Rich Diet,500g,6.0,6.0,,4.3,,2026-06-25
ZA1D66715C751D05AE063Z,noon,Grocery,Salt,Himalayan Pink Salt- 110g,53.0,Dayma,110 grams,,,,4.4,7.0,2026-06-25
ZB50AA4E3D6F01641C492Z,noon,Grocery,Salt,"Dr. Foods Himalayan Pink Salt Block for Cooking, Grilling & Baking – 30 cm × 20 cm × 5 cm | Salt Cutting Board | Culinary Serving Stone",108.0,Dr. Foods,100 g,15.0,15.0,,5.0,,2026-06-25
N43255570A,noon,Grocery,Salt,120-Piece Hello! White Sugar Sachets Set 600grams,269.0,DOBELLA,600 grams,120.0,120.0,,4.4,8.0,2026-06-25
N51084544A,noon,Grocery,Salt,Diet Sugar Sweetener 1200 Sticks 72grams,269.0,mivolis,72 grams,6.0,6.0,,4.6,203.0,2026-06-25
N43255573A,noon,Grocery,Salt,100-Piece Hello! Brown Sugar Sachets Set 500grams,269.0,DOBELLA,500 grams,100.0,100.0,,4.9,12.0,2026-06-25
ZD5CAD4F23CF3CAEED193Z,noon,Grocery,Salt,"Better Taste Stevia Liquid drops, 20ml",269.0,Better Taste,20ml,8.0,8.0,,3.5,25.0,2026-06-25
Z2067F2DCD9C200ADDEAAZ,noon,Grocery,Salt,Tropicana Slim Low Calorie Sweetener – 50 Sachets – Healthy Sugar-Free Substitute,269.0,Tropicana,15ml,50.0,50.0,,5.0,1.0,2026-06-25
N52405007A,noon,Grocery,Salt,Sukker Diet 30 Sachets- 2 Spoonful -Diet Sugar Sweetener 30grams,269.0,Mozn,30 grams,8.0,8.0,,4.5,18.0,2026-06-25
N44808136A,noon,Grocery,Salt,White Sugar Cubes 500grams,269.0,DOBELLA,500 grams,,,,3.2,12.0,2026-06-25
Z24D86337832C5E6685BCZ,noon,Grocery,Salt,Steviana Sweetener From Stevia Leaves 25 Sachets,269.0,Steviana,15ml,2.0,2.0,,5.0,1.0,2026-06-25
Z38475F498AB58AE21671Z,noon,Grocery,Salt,Sweetener From Stevia Leaves Healthy And Tasty 50 Sachets 125grams,269.0,Steviana,125g,50.0,50.0,,4.4,8.0,2026-06-25
Z7EDDC9A83767EBA1B29FZ,noon,Grocery,Salt,Bliss Sweetner-150G,269.0,Organic Nation,150,6.0,6.0,,5.0,1.0,2026-06-25
Z36F9CE1FDDD9D270D702Z,noon,Grocery,Salt,Imtenan Raw Brown Sugar 100% Natural - 750 g,269.0,Imtenan,750 g,18.0,18.0,,4.4,,2026-06-25
N52405008A,noon,Grocery,Salt,Sukker Diet Powder - Diet Sugar Sweetener 200grams,269.0,Mozn,200 grams,8.0,8.0,,4.3,33.0,2026-06-25
Z5DD732FCC7AD5B4A7EFAZ,noon,Grocery,Salt,Chinese Salt 1000 gm,45.0,SECO SALT,1000 g,,,,4.4,,2026-06-25
N43255571A,noon,Grocery,Salt,100-Piece Hello! White Sugar Sachets Set 500grams,269.0,DOBELLA,500 grams,100.0,100.0,,4.3,15.0,2026-06-25
ZFAE9166159BCD6C6FBEFZ,noon,Grocery,Salt,Rich Sugar Natural Fruit Fructose – Box of 250 Sachets,269.0,Rich Diet,15ml,6.0,6.0,,5.0,1.0,2026-06-25
Z65EC0EEC1F777192A2FAZ,noon,Grocery,Salt,Sugar Match Zero Calorie Sweetener - 300 Sachets,269.0,Sugar Match,15ml,6.0,6.0,,4.5,,2026-06-25
N29595529A,noon,Grocery,Salt,Icing Sugar 500grams,269.0,AL DOHA,500 grams,24.0,24.0,,4.5,24.0,2026-06-25
ZA5C1509F7B86BDB48192Z,noon,Grocery,Salt,sweetal diet sugar sweetal 100 stick 1 gram,269.0,Sweetal,1 g,8.0,8.0,,4.4,64.0,2026-06-25
ZD436EA9815530E14C7C3Z,noon,Grocery,Salt,Balea Mivolis Sweetener Tablets - 1200 Tablets - 72g (Diet and Sugar Substitute),269.0,mivolis,72g,1200.0,1200.0,,4.5,,2026-06-25
Z05288297EB8E26503081Z,noon,Grocery,Salt,Sweetener From Stevia Leaves Healthy And Tasty 50 Sachets 125grams,269.0,Steviana,125g,6.0,6.0,,4.8,35.0,2026-06-25
ZBAE2C5A984F08E975562Z,noon,Grocery,Salt,"Rich sugar substitute, 150 packets, spoon",269.0,Rich Diet,15ml,20.0,20.0,,4.3,5.0,2026-06-25
ZF6375B25D4A35445F417Z,noon,Grocery,Salt,Diet Sugar Sweetal Jar 250 gm,269.0,Sweetal,250 g,6.0,6.0,,4.4,,2026-06-25
N52405010A,noon,Grocery,Salt,Sukker Stevia 48 Sachets- 2 Spoonful-Diet Sugar Sweetener 2grams,269.0,Mozn,2 grams,6.0,6.0,,4.4,114.0,2026-06-25
Z1AB2A731BE1BE8135E98Z,noon,Grocery,Salt,Classic MonkFruit and Erythritol Sweetener - 100 Sachet,269.0,LAKANTO,100 Sachets,100.0,100.0,,3.9,36.0,2026-06-25
Z33A3B1DE558D05C0A68FZ,noon,Grocery,Salt,Zero Calorie Sweetener 50g Pack of 50 sachet ( 5 pack offer),269.0,Recipe Pharma,50g,50.0,50.0,,5.0,,2026-06-25
Z4F40FBED2D74A45B8D75Z,noon,Grocery,Salt,Steviana Sweetener From Stevia Leaves 100 Sachets Each Pack Of 2,269.0,Steviana,15ml,2.0,2.0,,4.7,27.0,2026-06-25
N28727470A,noon,Grocery,Salt,Pink Himalayan Salt Crystals 400grams,45.0,Abu Auf,400 grams,,,,4.7,62.0,2026-06-25
Z2060E5B6881179DE476EZ,noon,Grocery,Salt,Rich Diet Sucralose Sweetener 250g Jar(1*2),269.0,Rich Diet,250 grams,,,,1.0,,2026-06-25
Z4D36AEC4ADAA2B554C69Z,noon,Grocery,Salt,Classic MonkFruit and Erythritol Sweetener - 40 Sachet,269.0,LAKANTO,40 Sachets,6.0,6.0,,3.9,36.0,2026-06-25
ZDA16C7E20646F7CD907DZ,noon,Grocery,Salt,Stevia sugar jar - Crystal Powder - 200 gm,269.0,Verde Sweet,200 grams grams,6.0,6.0,,2.0,,2026-06-25
Z621B5C8B43F3AD17E6EEZ,noon,Grocery,Salt,ريتش سكر ابيض كيس 100 باكو,269.0,ريتش دايت,15ml,12.0,12.0,,4.0,1.0,2026-06-25
ZA6716CAF5EE56BA661A9Z,noon,Grocery,Salt,Stevia Diet Sugar Zero Calories 250g Jar,269.0,Rich Diet,250g,6.0,6.0,,4.5,12.0,2026-06-25
Z9A2E08081992B72E475EZ,noon,Grocery,Salt,Zero Calorie Sweetener 50 Tablet,269.0,Sweetal,15ml,50.0,50.0,,4.4,,2026-06-25
ZA4589CA27908A2F24E65Z,noon,Grocery,Salt,Sweetal Stevia Diet Sugar 100 Stick,269.0,Sweetal,100 Gm grams,6.0,6.0,,4.1,18.0,2026-06-25
Z8034DD068886B1665E5BZ,noon,Grocery,Salt,Natural Sweetner 40 Sachets grams,269.0,stevia,15ml,24.0,24.0,,3.1,7.0,2026-06-25
N52599059A,noon,Grocery,Salt,Sweetener 200 Sachets,269.0,stevia,15ml,6.0,6.0,,4.4,42.0,2026-06-25
Z4673F6CAC51B8E3BB05DZ,noon,Grocery,Salt,Steviadiet 300gm jar,269.0,Steviadiet,300 grams,6.0,6.0,,4.1,154.0,2026-06-25
ZC2EE90697236AAB76380Z,noon,Grocery,Salt,"Splendays Minis Dissolvable Tablets, 300 -Count",269.0,Splendays,15ml,12.0,12.0,,5.0,4.0,2026-06-25
ZFA6F28EBEEDD095020D8Z,noon,Grocery,Salt,Stevia Pure Time 200 g,269.0,Stevia Pure Time,200 g,50.0,50.0,,3.7,,2026-06-25
Z043C53B7CE0D4CCC8D5DZ,noon,Grocery,Salt,Tropicana Slim Low Calorie Sweetener - Sugar Substitute - 100 Sachets,269.0,Tropicana,15ml,100.0,100.0,,4.4,,2026-06-25
Z3204BBEC2E71359C52E7Z,noon,Grocery,Salt,Lemon Salt 115g,53.0,Haj Arafa,115,,,,4.2,,2026-06-25
Z9A24D57A3127AA80F2EAZ,noon,Grocery,Salt,STEVIANA BIG OFFER( steviana 100 sachets + steviana 50 sachets + steviana jar 200gm + steviana 25 sticks gift + mug free ),269.0,Steviana,200g,6.0,6.0,,4.6,,2026-06-25
Z4EC8170F03EEB25BA748Z,noon,Grocery,Salt,Sweet&slim - Diet Sugar Crestal 250gm,269.0,Sweet & Slim,250 grams,6.0,6.0,,4.5,39.0,2026-06-25
Z2925573B59A62C2A7402Z,noon,Grocery,Salt,Classic MonkFruit and Erythritol Sweetener - 235g,269.0,LAKANTO,235g,6.0,6.0,,4.3,56.0,2026-06-25
Z977FB9D213753EDD72F2Z,noon,Grocery,Salt,500g sugar cubes,100.0,Shana,500g,100.0,100.0,,4.1,,2026-06-25
Z7897C49982C5F8384A38Z,noon,Grocery,Salt,Mivolis Sweetener Tablets 1200 Sticks 72grams,269.0,mivolis,72g,,,,4.5,,2026-06-25
ZEA36EF2DFDEB28A6B14CZ,noon,Grocery,Salt,Sokradorf Sugar Substitute Drops 15ml Zero Calorie Sweetener Liquid Sweet Drops for Tea Coffee Desserts Diet Keto Diabetic Friendly No Aspartame No Saccharin,300.0,sokradorf,15 ml,6.0,6.0,,4.1,21.0,2026-06-25
ZD2D4106FF043F85CD200Z,noon,Grocery,Salt,Stevia sugar packet - crystal powder - 100 sachets,269.0,Verde Sweet,150 grams,100.0,100.0,,3.0,,2026-06-25
Z3BCE0394B65D16F58147Z,noon,Grocery,Salt,Mivolis Sweetener Tablets 1200 Sticks 72grams,269.0,mivolis,72g,8.0,8.0,,4.7,65.0,2026-06-25
Z6D92AD4AD54D8EE648FAZ,noon,Grocery,Salt,RICHMIX Natural Brown Cane Sugar – 500g Premium Loose Pack,269.0,RICH MIX,500g,,,,4.6,,2026-06-25
Z963A905A6AFBE8A06C2EZ,noon,Grocery,Salt,Mivolis Multi-Mineral Effervescent Tablets Orange-Passion Fruit Flavor - 20 Tablets,269.0,mivolis,20 Cps Count,10.0,10.0,,4.5,,2026-06-25
ZE3782DF275712F09C3E0Z,noon,Grocery,Salt,Stevia sugar 80g (herb),77.0,Shana,80g,6.0,6.0,,3.0,4.0,2026-06-25
Z20ECB8C1D892DBB7675CZ,noon,Grocery,Salt,Himalayan Salt 500g,100.0,Ragab El Attar,500 grams,,,,4.6,23.0,2026-06-25
N27665625A,noon,Grocery,Salt,Premium Natural White Powder Sugar 1kg,269.0,Zamzam,1 kg,24.0,24.0,,3.9,27.0,2026-06-25
Z5C6559B98ADEE3169AF7Z,noon,Grocery,Salt,Rich Sugar Stevia 75 Packets,269.0,Rich Diet,15ml,6.0,6.0,,4.8,6.0,2026-06-25
ZD1A8717F9BE5868659B1Z,noon,Grocery,Salt,Premium Grade Pink Himalayan Fine Salt-650G,100.0,Organic Nation,650,,,,4.7,4.0,2026-06-25
Z2D20D3A8644F19D62018Z,noon,Grocery,Salt,سكر ابيض 100 باكت,100.0,شانه,90g,100.0,100.0,,4.1,,2026-06-25
Z2AB89F8F03837EC3CC9FZ,noon,Grocery,Salt,Oacheto Stevia,269.0,Generic,15ml,12.0,12.0,,3.0,,2026-06-25
ZA1F11487CEAA4CD6C4D8Z,noon,Grocery,Salt,Sweetener substitute sugar 150g,100.0,Shana,150g,,,,4.1,,2026-06-25
Z29BC13F1FE5B3471BF96Z,noon,Grocery,Salt,Make your morning the sweetest start,269.0,LAKANTO,15ml,6.0,6.0,,4.6,,2026-06-25
Z23A3B81E6A9FF87D32B1Z,noon,Grocery,Salt,محلي سليمَر خالٍ من السعرات الحرارية للمشروبات الساخنة والباردة، 100 كيس,269.0,إيفا فارما,15ml,,,,4.0,,2026-06-25
ZCEFACC28777767F694C6Z,noon,Grocery,Salt,ستيفيا بيور تايم 110 قرص,269.0,ستيفيا بيور تايم,15ml,110.0,110.0,,3.5,6.0,2026-06-25
ZB798DF26DC46303E271FZ,noon,Grocery,Salt,Zero Calorie Sweetener 1000 Sachets (Pack of 1).,269.0,SPLENDA,15ml,1.0,1.0,,5.0,4.0,2026-06-25
N27665624A,noon,Grocery,Salt,Premium Natural White Sugar 1kg,269.0,Zamzam,1 kg,,,,4.5,147.0,2026-06-25
ZB9B46BE60D506FA2944FZ,noon,Grocery,Salt,سكر ستيفيا نقط 30 مللي,269.0,رايت نبيوترشن,30 مللي,,,,2.5,3.0,2026-06-25
Z2B261F5E05899A8EED07Z,noon,Grocery,Salt,Stevia Pure Time 60 Sachets 120 g,269.0,Stevia Pure Time,120 g,6.0,6.0,,3.8,3.0,2026-06-25
ZF47837E6C4FDADAAF66EZ,noon,Grocery,Salt,Sweetal Stevia Diet Sugar 25 Stick,269.0,Sweetal,15ml,6.0,6.0,,4.3,24.0,2026-06-25
ZDCE444EF0DBA1EE00E9AZ,noon,Grocery,Salt,Zero Calorie Sweetener 1000 Sachets,269.0,SPLENDA,15ml,1.0,1.0,,4.6,,2026-06-25
Z6714486582E8828916E1Z,noon,Grocery,Salt,Stevia Diet Sugar Zero Calories 50 Sachets,269.0,Rich Diet,15ml,6.0,6.0,,4.7,7.0,2026-06-25
Z94837A3452A3B1A9FEE3Z,noon,Grocery,Salt,Sweet&Slim 100 Sachets EXTRA SWEET,269.0,Sweet & Slim,140 grams,6.0,6.0,,4.4,22.0,2026-06-25
ZF9116685060148F301EFZ,noon,Grocery,Salt,Rich Diet Brown Sugar 500g Box,269.0,Rich Diet,500g,20.0,20.0,,5.0,1.0,2026-06-25
N51077866A,noon,Grocery,Salt,Himalayan Natural Salt Soft 600grams,100.0,DOBELLA,600 grams,,,,4.5,22.0,2026-06-25
Z52E4630E8C6730965E90Z,noon,Grocery,Salt,Brown sugar 250gm,269.0,Star,250 grams,1.0,1.0,,2.3,3.0,2026-06-25
Z73E59A5C20148E3F1890Z,noon,Grocery,Salt,sorbamt 50 sachets,269.0,Sorbamt,15ml,18.0,18.0,,1.0,,2026-06-25
Z7FCE3E7084799DE1A790Z,noon,Grocery,Salt,Offer 2 Diet Sugar Sweetener Stevia 96 Sachets x 2Gram- 2 Spoonful,269.0,Mozn,2G,6.0,6.0,,4.4,172.0,2026-06-25
N52405011A,noon,Grocery,Salt,Sukker Stevia 30 Sachets- 2 Spoonful-Diet Sugar Sweetener 60grams,269.0,Mozn,60 grams,6.0,6.0,,4.2,42.0,2026-06-25
ZB606FE97DE49967AF7FCZ,noon,Grocery,Salt,Rich Natural Fruit Fructose Sugar – 450 g,269.0,Rich Diet,450 g,6.0,6.0,,4.3,,2026-06-25
ZBFC5DEB635B381C3B6BAZ,noon,Grocery,Salt,Himalayan Salt 165g,100.0,Haj Arafa,165,,,,4.7,3.0,2026-06-25
Z050E7124E019C62FFE9DZ,noon,Grocery,Salt,Sugar Match No Calorie Sweetener - 300 Sachets,269.0,Sugar Match,15ml,6.0,6.0,,4.5,,2026-06-25
Z1BCE85785B26ECBEC573Z,noon,Grocery,Salt,Natural Sweetner 110 Tablets grams,269.0,stevia,15ml,6.0,6.0,,2.9,6.0,2026-06-25
Z95DA2897F78AA3D6CBD5Z,noon,Grocery,Salt,Stevia sugar - Powder Crystal - 1000 grams,269.0,Verde Sweet,1000 grams,,,,3.0,,2026-06-25
Z4B1E4542CF0303306F06Z,noon,Grocery,Salt,Rich Sugar Natural Fruit Fructose – Box of 100 Sachets,269.0,Rich Diet,15ml,6.0,6.0,,5.0,3.0,2026-06-25
ZF1F7BA6CAAF3283FC50AZ,noon,Grocery,Salt,Brown sugar 100 packets,100.0,Shana,90g,8.0,8.0,,5.0,1.0,2026-06-25
Z146A781C31B8F0138151Z,noon,Grocery,Salt,Classic MonkFruit and Erythritol Sweetener - 454g,306.0,LAKANTO,454g,6.0,6.0,,4.3,56.0,2026-06-25
Z84BE4468580BD8AA1622Z,noon,Grocery,Salt,بوكس دفئ الشتاء,300.0,سلطنة,3.70 كيلوجرام,8.0,8.0,,3.6,5.0,2026-06-25
N43255574A,noon,Grocery,Salt,Brown Sugar 600grams,269.0,DOBELLA,600 grams,,,,4.1,15.0,2026-06-25
Z5DF8078BB40E5A713E5AZ,noon,Grocery,Sauces,Hand crafted Hot Sauce CHIPOTLE 200 GM,299.0,Felfelaty,200 grams,3.0,3.0,,5.0,1.0,2026-06-25
N41989241A,noon,Grocery,Sauces,Light Soy Sauce 320ml Single,299.0,Tai Hua,320 ml,,,,4.0,1.0,2026-06-25
ZAF699F0318C32C316DB2Z,noon,Grocery,Sauces,"Zero Treat Healthy Ranch Sauce, Keto Friendly, Zero Sugar Added",299.0,zero treat,300g grams,3.0,3.0,,2.3,3.0,2026-06-25
Z4D38CF1146DCD120E022Z,noon,Grocery,Sauces,Pomegranate Molasses 700gm,299.0,CHOiCE,700 grams,3.0,3.0,,4.7,17.0,2026-06-25
ZAFD1F8C21D0F6601B80FZ,noon,Grocery,Sauces,Basil Pasta Sauce - 300 Gram,299.0,Naturesta,300,3.0,3.0,,4.1,,2026-06-25
N42868023A,noon,Grocery,Sauces,Sriracha Green Chilli Sauce 200ml Single,299.0,Flying Goose,200 ml,4.0,4.0,,5.0,3.0,2026-06-25
N52149605A,noon,Grocery,Sauces,Thousand Island 300grams,299.0,Mc Sauce,300 grams,3.0,3.0,,3.7,16.0,2026-06-25
N28727633A,noon,Grocery,Sauces,Happy Kitchen Tomato Puree 500ml,120.0,Juhayna,500 ml,8.0,8.0,,4.6,77.0,2026-06-25
Z4395F1A760A88723D0BBZ,noon,Grocery,Sauces,Heinz BBQ Sauce - 2 Pack (200g Each),299.0,Heinz,200g,4.0,4.0,,2.0,,2026-06-25
Z3F4459872043F5377873Z,noon,Grocery,Sauces,با Green Pepper Hot Sauce with Natural Vinegar Jalapeño Flavor – Mild Heat Flavor Booster – 60ml,395.0,Tabasco,60ml,4.0,4.0,,4.6,,2026-06-25
N12281278A,noon,Grocery,Sauces,Grenadine Molasse 300ml,299.0,Yamama,300 ml,,,,4.8,49.0,2026-06-25
N47697080A,noon,Grocery,Sauces,Texas Burger Sauce 200grams,299.0,Good France,200 grams,4.0,4.0,,4.6,55.0,2026-06-25
Z5FA905FE9170D99337E2Z,noon,Grocery,Sauces,Melting Cheese Sauce 400 grams,299.0,Good France,400 grams,3.0,3.0,,4.2,14.0,2026-06-25
N29012988A,noon,Grocery,Sauces,Hot Sauce 100ml,299.0,Rana,100 ml,4.0,4.0,,4.3,68.0,2026-06-25
Z40E3EAA8C136247AF563Z,noon,Grocery,Sauces,Alternative Lemon Sour - 250 ml,299.0,SUN GARDEN,250 ml,4.0,4.0,,3.8,4.0,2026-06-25
Z5A8C273256DE12318F1EZ,noon,Grocery,Sauces,Soya Sauce Light 170 ml,299.0,DOBELLA,170 ml,4.0,4.0,,4.1,14.0,2026-06-25
Z9D86BEC934B1C80AE3BBZ,noon,Grocery,Sauces,Guilt Free Hot Barbecue - Zero Added Sugar -350Ml,299.0,Organic Nation,350 ml,3.0,3.0,,4.6,14.0,2026-06-25
ZB1A137D76DD4278737DFZ,noon,Grocery,Sauces,Sweet Chili Sauce - 200 grams,299.0,Good France,200 grams,4.0,4.0,,4.2,29.0,2026-06-25
N34976217A,noon,Grocery,Sauces,Tomato Paste 760grams,120.0,GIARDINO,760 grams,,,,4.9,31.0,2026-06-25
Z6118157A19DBBC527736Z,noon,Grocery,Sauces,Super Hot Sauce 79 Gram,43.0,Naturesta,79,,,,4.6,2.0,2026-06-25
ZDF1B07A7B9094354DEDDZ,noon,Grocery,Sauces,Buttermilk Ranch Sauce - 200 Gram,299.0,Good France,200,4.0,4.0,,4.6,53.0,2026-06-25
N51413313A,noon,Grocery,Sauces,Salsa dip Hot 310grams,299.0,Poco Loco,310 grams,4.0,4.0,,3.0,,2026-06-25
ZA6AA45C37E54FD17D2D3Z,noon,Grocery,Sauces,Guilt Free Sauce - Zero Added Sugar - Berries - 350Ml,299.0,Organic Nation,350,3.0,3.0,,4.7,3.0,2026-06-25
Z68C31EB3370229416AE2Z,noon,Grocery,Sauces,Sesame Seeds Tahina Cream - 1 KG,299.0,AL SHARQ,1 kg,4.0,4.0,,1.0,,2026-06-25
N30328297A,noon,Grocery,Sauces,New York Burger Sauce 400grams,299.0,Good France,400 grams,4.0,4.0,,4.1,34.0,2026-06-25
Z5C255BAC06A10D845B04Z,noon,Grocery,Sauces,Sweet Chili Sauce Bucket 3.5 kg,299.0,Add-Me,3.5 kg,4.0,4.0,,3.5,,2026-06-25
N30328300A,noon,Grocery,Sauces,Harissa Dressing 400grams,299.0,Good France,400 grams,4.0,4.0,,5.0,3.0,2026-06-25
Z7B3029ADBCEE30ECE43BZ,noon,Grocery,Sauces,Tomato puree sauce 320g,299.0,Saegh,320g,3.0,3.0,,4.0,,2026-06-25
N29595820A,noon,Grocery,Sauces,BBQ Sauce 370grams,299.0,Heinz,370 grams,4.0,4.0,,4.4,12.0,2026-06-25
Z2AC701196FE66157690DZ,noon,Grocery,Sauces,"Durra Tomato Ketchup – Special Offer Family Pack 900g + 225g | Rich Flavor, Fresh Tomatoes, Value Size",299.0,Durra,Family Pack 900g + 225g grams,3.0,3.0,,4.3,3.0,2026-06-25
N49496935A,noon,Grocery,Sauces,Lemon Juice Substitute 250ml,299.0,Fersan,250 ml,4.0,4.0,,4.4,5.0,2026-06-25
N39930966A,noon,Grocery,Sauces,Mustard 400grams,299.0,Lavida,400 grams,4.0,4.0,,3.9,10.0,2026-06-25
Z75B7F0DEB98D576FA240Z,noon,Grocery,Sauces,Umami Dark Soy Sauce,299.0,Haday,500 ml,4.0,4.0,,3.8,11.0,2026-06-25
Z7EE1E7EA4D646098165CZ,noon,Grocery,Sauces,Sauce Wings and Buffalo Dip - 180 Gram,299.0,Naturesta,180,4.0,4.0,,5.0,1.0,2026-06-25
ZDD539E3C317DF621CB53Z,noon,Grocery,Sauces,باربيكيو كلاسيك دايت صوص - 1 كجم,299.0,ناتورستا,1 كيلوجرام,4.0,4.0,,1.0,,2026-06-25
Z452E32451BA2202BA19EZ,noon,Grocery,Sauces,Durra Tomato Paste - 365g Glass Jar | Rich Texture & Authentic Natural Taste,299.0,Durra,365g Glass Jar grams,,,,4.3,43.0,2026-06-25
ZA067DB2DEF4DA51F971AZ,noon,Grocery,Sauces,Dark Soy Sauce - 150 ml,299.0,SUN GARDEN,150 ml,4.0,4.0,,3.7,13.0,2026-06-25
Z93581D7019B8F12DCDEFZ,noon,Grocery,Sauces,Light Soy Sauce 210ml,299.0,Saegh,210ml,8.0,8.0,,3.5,3.0,2026-06-25
ZFAE1BA1BD8B17CB55209Z,noon,Grocery,Sauces,Ranch Sauce 320g,299.0,GIARDINO,320,4.0,4.0,,4.5,,2026-06-25
Z22557A963C081C148705Z,noon,Grocery,Sauces,Rana Hot Sauce – Pack of 5 Bottles – Value Pack for Spicy Food Lovers – Imported Product,299.0,Rana,5 l,5.0,5.0,,5.0,,2026-06-25
ZF89B94F4DC146606DF74Z,noon,Grocery,Sauces,Healthy Tomato Ketchup X2,299.0,zero treat,160g,4.0,4.0,,3.7,,2026-06-25
ZC981F7EE08796EB546F0Z,noon,Grocery,Sauces,Mazola Light Mayonnaise 340ml,299.0,Mazola,340ml,3.0,3.0,,4.6,,2026-06-25
Z535FB906C8FBB1DF2EE2Z,noon,Grocery,Sauces,Healthy and Tasty Mustard Sauce 340 g,299.0,Healthy And Tasty,340 g,4.0,4.0,,3.0,,2026-06-25
Z938951F7C69D98CFFE43Z,noon,Grocery,Sauces,Durra Barbecue Sauce - 290g - Premium Smoky Flavor for Grilling and Dipping,299.0,Durra,Barbecue Sauce - 290g grams,3.0,3.0,,4.7,3.0,2026-06-25
Z397F3D96E61FB86DCB1DZ,noon,Grocery,Sauces,Sweet Chilli Sauce 700 ml,299.0,floating swan,700,4.0,4.0,,3.0,,2026-06-25
Z4E88426471BF2D256C23Z,noon,Grocery,Sauces,"Sedjet Hot Ketchup - Made with Fresh tomatoes, 335 gm",299.0,Sedjet,335 g,4.0,4.0,,4.3,3.0,2026-06-25
Z3131462916140749B51DZ,noon,Grocery,Sauces,Healthy and Tasty Honey Mustard Sauce 340 g,299.0,Healthy And Tasty,340 g,3.0,3.0,,3.0,,2026-06-25
Z480C79956EFD5432901BZ,noon,Grocery,Sauces,mustard 355 g,299.0,Lavida,355,3.0,3.0,,4.4,4.0,2026-06-25
N49538629A,noon,Grocery,Sauces,Vanilla Food Liquid 100ml,299.0,DOBELLA,100 ml,4.0,4.0,,4.4,58.0,2026-06-25
N34976224A,noon,Grocery,Sauces,Tomato Ketchup 280grams,299.0,GIARDINO,280 grams,,,,4.8,24.0,2026-06-25
Z7F96B2CBDB2E3C900DC6Z,noon,Grocery,Sauces,صوص الشوكولاتة الصحي من زيرو تريت,299.0,زيرو تريت,140g,3.0,3.0,,3.7,,2026-06-25
Z163BCE4D6229F5CF774DZ,noon,Grocery,Sauces,Healthy and Tasty Sweet Chili Sauce 340 g,299.0,Healthy And Tasty,340 g,3.0,3.0,,3.0,,2026-06-25
Z58723D01BC56F26455B9Z,noon,Grocery,Sauces,"Al Tayebat Pure Pomegranate Molasses, 400 ml",299.0,altayebat,400 ml,3.0,3.0,,4.6,6.0,2026-06-25
N49538624A,noon,Grocery,Sauces,Red Food Coloring Gel 30ml,299.0,DOBELLA,30 ml,4.0,4.0,,3.6,18.0,2026-06-25
Z83F4A85CA7012C1D92E4Z,noon,Grocery,Sauces,Heinz Original BBQ Sauce,299.0,Heinz,400g,4.0,4.0,,4.7,,2026-06-25
Z568FD03905F629529EDAZ,noon,Grocery,Sauces,سائغ صوص شيلي حار 280 جرام,299.0,سائغ,280 gram,4.0,4.0,,4.0,,2026-06-25
Z9D1AF5FF2A249550007DZ,noon,Grocery,Sauces,Hot Ketchup Sauce 360g,299.0,GIARDINO,360,3.0,3.0,,4.5,,2026-06-25
Z7FDB4F87D0969100ACDBZ,noon,Grocery,Sauces,Saegh pomegranate molasses 275 g,299.0,Saegh,275 g,4.0,4.0,,3.4,6.0,2026-06-25
ZA673AD1B9E3180B0B0BFZ,noon,Grocery,Sauces,Ketchup Sauce 500 gm,299.0,GIARDINO,500 grams,4.0,4.0,,4.5,101.0,2026-06-25
Z58CC5ED0FCF1D35E0EBCZ,noon,Grocery,Sauces,Mazola Classic Mayonnaise 340 g,299.0,Mazola,340 g,4.0,4.0,,4.6,,2026-06-25
ZAE19A254B794585285AEZ,noon,Grocery,Sauces,Rana Hot Sauce – Pack of 2 Bottles – Rich Spicy Flavor for Cooking & Serving – Imported Product,299.0,Rana,2 l,2.0,2.0,,2.0,,2026-06-25
N52986117A,noon,Grocery,Sauces,Real Mayonnaise Chili 400grams Single,299.0,American Garden,400 grams,4.0,4.0,,4.5,,2026-06-25
N40074720A,noon,Grocery,Sauces,Tahini 115grams,299.0,El bawadi,115 grams,,,,4.0,33.0,2026-06-25
ZFB39B9B7E0D31B07CAF8Z,noon,Grocery,Sauces,صلصة برجر صحية ولذيذة ×2,299.0,زيرو تريت,160g,4.0,4.0,,2.0,,2026-06-25
N49538623A,noon,Grocery,Sauces,Vanilla Food Liquid 30ml,299.0,DOBELLA,30 ml,3.0,3.0,,4.4,73.0,2026-06-25
N46544494A,noon,Grocery,Sauces,Whole Grain Mustard 350grams,299.0,Cemeraire,350 grams,4.0,4.0,,5.0,2.0,2026-06-25
Z15D880D3A7B515E091FDZ,noon,Grocery,Sauces,RAGU Simply Chunky Garden Vegetables Sauce With Olive Oil Without Sugar 680g,299.0,Ragu,680g,4.0,4.0,,4.4,,2026-06-25
Z2EC4D78DE1A9C0937838Z,noon,Grocery,Sauces,WORCESTERSHIRE SAUSE - 150 ml,299.0,Tai Hua,150 ml,4.0,4.0,,4.4,,2026-06-25
ZE2E86DF912CE7486FC6BZ,noon,Grocery,Sauces,Cheese Sauce 40 grams,299.0,Chefy Mix,40 grams,4.0,4.0,,4.3,32.0,2026-06-25
ZDA934863F0444AA9A108Z,noon,Grocery,Sauces,Hot Sriracha Sauce - Diet Sauce 1 kg,299.0,Naturesta,1 kg,3.0,3.0,,5.0,2.0,2026-06-25
ZD1C6A351CBD84871CBC9Z,noon,Grocery,Sauces,Ma-yo sauce 200g,299.0,Durra,200g,3.0,3.0,,5.0,3.0,2026-06-25
Z2147CF73499089C13413Z,noon,Grocery,Sauces,"Alpait Broast Mix (2 sachets of Soaking mix * 20g), (2 sachets of Coating mix * 100g) - Esnad",269.0,Esnad,20g,4.0,4.0,,2.0,,2026-06-25
ZAD84799122F5D782877DZ,noon,Grocery,Sauces,RAGU Chunky Six Cheese Sauce 680g,299.0,Ragu,680g,4.0,4.0,,4.4,,2026-06-25
N38793022A,noon,Grocery,Sauces,Mushrom Pizza Sauce 360grams,299.0,Puidor,360 grams,,,,5.0,4.0,2026-06-25
ZA11C7CD1A62765385B25Z,noon,Grocery,Sauces,Rana Classic Hot Sauce with Aged Peppers and Lemon - 474g,299.0,Rana,474g,3.0,3.0,,4.5,,2026-06-25
Z504254D11FA9A64CAF38Z,noon,Grocery,Sauces,"Rana Original Chili Sauce, Authentic Saudi Spicy Sauce for Dipping & Cooking, 100ml Bottle",299.0,Rana,Original Chili Sauce ml,2.0,2.0,,4.8,5.0,2026-06-25
Z5A3E282F9B6BF0A17A16Z,noon,Grocery,Sauces,"Indofood Sumatra Hot Sauce – 140ml | Spicy Condiment with Authentic Sumatra Flavor | Perfect for Cooking, Dipping & Adding Heat to Your Meals",299.0,Indofood,140 ml spicy ml,8.0,8.0,,3.5,6.0,2026-06-25
N47697081A,noon,Grocery,Sauces,Cheddar Sauce 200grams,299.0,Good France,200 grams,3.0,3.0,,3.6,25.0,2026-06-25
Z6FB82B710B88CBB2DF6AZ,noon,Grocery,Sauces,صلصة الفراولة الصحية ×2,299.0,زيرو تريت,5 l,3.0,3.0,,2.0,,2026-06-25
Z0BE6E28A7A7E84CE8308Z,noon,Grocery,Sauces,Teriyaki Sauce 325 ml,299.0,CHOiCE,325 ml,4.0,4.0,,2.4,7.0,2026-06-25
Z5E62C139FDC7BF147B82Z,noon,Grocery,Sauces,"Al-Tayyibat Barbecue Sauce – Rich Smoky Flavor, Perfect for Grilled Meat & Chicken – 250ml Bottle",299.0,altayebat,Barbecue Sauce 250ml ml,4.0,4.0,,4.4,29.0,2026-06-25
ZC52E42E8062F9C0E53BBZ,noon,Grocery,Sauces,Saegh pomegranate molasses 550 g,299.0,Saegh,550 g,3.0,3.0,,3.4,6.0,2026-06-25
N52986118A,noon,Grocery,Sauces,Real Mayonnaise Garlic 400grams Single,299.0,American Garden,400 grams,4.0,4.0,,4.5,,2026-06-25
Z31357D21BC75ED22D8C8Z,noon,Grocery,Sauces,Healthy and Tasty BBQ Sauce 340 g,299.0,Healthy And Tasty,340 g,4.0,4.0,,3.0,,2026-06-25
ZD4767475D3F2EB564857Z,noon,Grocery,Sauces,Mustard Sauce - Diet Sauce 1 kg,320.0,Naturesta,1 kg,3.0,3.0,,4.1,18.0,2026-06-25
N35958695A,noon,Grocery,Sauces,Light Soya Sauce 310ml,299.0,DOBELLA,310 ml,,,,4.4,21.0,2026-06-25
Z150DF284A00698EB56D2Z,noon,Grocery,Sauces,Spicy BBQ Sauce - 79 Gram,299.0,Naturesta,79,4.0,4.0,,4.6,9.0,2026-06-25
ZAD9A0ACC56B313099D32Z,noon,Grocery,Sauces,Mazola Chipotle Mayonnaise - 340 ml,299.0,Mazola,340 ml,4.0,4.0,,4.6,,2026-06-25
Z25971035550AB83AB5BDZ,noon,Grocery,Sauces,Ranch Parmesan Sauce 320g,299.0,GIARDINO,320,2.0,2.0,,4.5,,2026-06-25
Z07A14DDFBA172669109DZ,noon,Grocery,Sauces,Hot Sauce Chipotle - 79 Gram,299.0,Naturesta,79,3.0,3.0,,3.2,4.0,2026-06-25
ZFFD14FDFA7819AFDBD14Z,noon,Grocery,Sauces,"Al Safi Pure Sesame Tahini – 3kg | Smooth & Rich Tahina for Cooking, Sauces & Dips",299.0,ARKAN,3kg,3.0,3.0,,4.5,43.0,2026-06-25
ZC11EC18BF7B4BF493D66Z,noon,Grocery,Sauces,"Durra 4+1 Sauce Combo Pack – Mayonnaise 250g + Mustard 250g + BBQ Sauce 250g + Ketchup 250g + FREE Hot Sauce 100ml | Assorted Sauces Bundle for Burgers, Sandwiches & Fast Food",299.0,Durra,250g,4.0,4.0,,5.0,1.0,2026-06-25
Z3982858685A550F59D59Z,noon,Grocery,Sauces,Mayonnaise 3.3 kg Light Sauce,299.0,Chefy Mix,3.3 kg,3.0,3.0,,3.4,21.0,2026-06-25
Z8287A0B850492DBA6D6DZ,noon,Grocery,Sauces,Bbq Sauce 1 kg,299.0,Chefy Mix,1 kg,4.0,4.0,,4.5,38.0,2026-06-25
Z05D4B197453C406DCB16Z,noon,Grocery,Sauces,Tomato & Mushroom Sauce Jar 210ml,299.0,Panzani,210 ml,4.0,4.0,,4.4,,2026-06-25
Z1F43ABC2D584DDA1D967Z,noon,Grocery,Sauces,Hot Sauce Chipotle - 180 Gram,91.0,Naturesta,180,4.0,4.0,,3.2,4.0,2026-06-25
N30328296A,noon,Grocery,Sauces,Barbecue Sauce 400grams,299.0,Good France,400 grams,,,,4.4,50.0,2026-06-25
N46494130A,noon,Grocery,Sauces,Oyster Sauce 300 - 330ml,299.0,AKETHAI,300 - 330 ml,4.0,4.0,,5.0,4.0,2026-06-25
N35958693A,noon,Grocery,Sauces,Light Soya Sauce 300ml,299.0,MEGA FOODS,300 ml,4.0,4.0,,4.3,12.0,2026-06-25
Z91AB26A09CCEB2C2ECFAZ,noon,Grocery,Sauces,Superior Oyster sauce- 700 Gram,299.0,Haday,700,3.0,3.0,,4.0,9.0,2026-06-25
Z16EEA1B218918A3D1142Z,noon,Grocery,Sauces,Durra Tomato Paste – Premium Quality – Rich Natural Flavor – 2.8 kg Family Size Can,299.0,Durra,Tomato Paste - 2.8 KG kg,4.0,4.0,,4.5,36.0,2026-06-25
Z7FEFACC1105C7BAF5E9AZ,noon,Grocery,Sauces,NAPOLETANA 400 G,299.0,Panzani,400 grams,4.0,4.0,,5.0,1.0,2026-06-25
Z0A42DABF17E1505B5012Z,noon,Grocery,Sauces,Sriracha sauce 340 grams,299.0,HEALTHY & TASTY,340 grams,8.0,8.0,,4.0,,2026-06-25
ZF84756DFE615F28065E2Z,noon,Grocery,Sauces,صوص برجر صحي ولذيذ من زيرو تريت,299.0,زيرو تريت,160g,4.0,4.0,,3.7,,2026-06-25
Z7BB2FA00A7D6D3115ABEZ,noon,Grocery,Sauces,Carbo Buldak (Roast Chicken) Hot Spicy Liquid Sauce 200 ml,299.0,Samyang,200ml ml,4.0,4.0,,3.8,23.0,2026-06-25
N41989247A,noon,Grocery,Sauces,Barbeque Sauce 150ml,299.0,Tai Hua,150 ml,4.0,4.0,,4.4,,2026-06-25
ZF13218E0ECC5BD32EBA3Z,noon,Grocery,Sauces,Ranch Sauce Bottle 430 Gram,299.0,Admiral,430,2.0,2.0,,5.0,1.0,2026-06-25
ZEF28C9A59126CFF55259Z,noon,Grocery,Sauces,Healthy and Tasty Thousand Island Sauce 340 g,299.0,Healthy And Tasty,340 g,4.0,4.0,,3.0,,2026-06-25
N34976216A,noon,Grocery,Sauces,Tomato Paste 380grams,299.0,GIARDINO,380 grams,,,,4.4,34.0,2026-06-25
Z62180D9FBA9539D1B7F1Z,noon,Grocery,Sauces,sedjet Chili Mayonnaise – Crafted with Sweet Chili Flakes Natural fat content 70% – 280 g,299.0,Sedjet,280 g,4.0,4.0,,4.2,,2026-06-25
N49538619A,noon,Grocery,Sauces,Red Food Coloring 30ml,20.0,DOBELLA,30 ml,3.0,3.0,,4.4,30.0,2026-06-25
N49538599A,noon,Grocery,Sauces,Oyster Sauce 500ml,246.85,Heinz,500 ml,4.0,4.0,,4.9,7.0,2026-06-25
Z544387540FA5A18A3956Z,noon,Grocery,Sauces,Durra Tomato Paste Double Concentrate – 4400g | Rich & Thick Tomato Paste for Cooking,299.0,Durra,Tomato Paste 4.4 KG grams,4.0,4.0,,4.5,36.0,2026-06-25
N29595824A,noon,Grocery,Sauces,Soy Sauce 150ml,299.0,Pearl River Bridge,150 ml,4.0,4.0,,4.8,5.0,2026-06-25
Z0A262BDC636B35C7D12CZ,noon,Grocery,Sauces,"Durra Tomato Ketchup – Premium Quality, Rich Tomato Flavor, 500g",299.0,Durra,Ketchup - 500G grams,3.0,3.0,,4.5,36.0,2026-06-25
Z7465EF37F81372171EB0Z,noon,Grocery,Sauces,Thai Chili Sauce 400g,299.0,Lavida,340,3.0,3.0,,3.8,18.0,2026-06-25
Z5CBDF07CD1ADA91CAA92Z,noon,Grocery,Sauces,Cheese Sauce 130 grams,299.0,Chefy Mix,130 grams,4.0,4.0,,4.4,8.0,2026-06-25
N52516714A,noon,Grocery,Sauces,Hot Chili Sauce 200ml,125.0,Sriracha,200 ml,4.0,4.0,,3.8,6.0,2026-06-25
Z77468B6DB30CEF1F6B97Z,noon,Grocery,Sauces,"Zero Treat Healthy Cinnamon Glaze Sauce, Sugar-Free, Keto-Friendly",299.0,zero treat,140g,3.0,3.0,,3.7,,2026-06-25
ZC0BB1D4EC71023A20F6DZ,noon,Grocery,Sauces,Coffee premium sauce 225 gm,299.0,ASMACUP,225 g,4.0,4.0,,2.3,3.0,2026-06-25
ZD9050A4FF4A2DB787220Z,noon,Grocery,Sauces,Coating Mix for Frying (Hot) 227g - Esnad,299.0,Esnad,227g,3.0,3.0,,4.6,,2026-06-25
Z0F557183B70FCE9A481BZ,noon,Grocery,Sauces,"Chili & Garlic Sauce 700ml – Spicy Asian Sauce for Stir Fry, Marinades & Dipping",299.0,Mr.HUNG,700 ml ml,3.0,3.0,,5.0,,2026-06-25
Z3485BF79B5313F0429E1Z,noon,Grocery,Sauces,Al Tayebat Pro Sauce Cold Ketchup - 500 gm,299.0,Generic,500 g,4.0,4.0,,,,2026-06-25
ZE63F0AD1EA981BD131EFZ,noon,Grocery,Sauces,Mustard Honey - 1 kg,299.0,Naturesta,1 kg,3.0,3.0,,1.0,,2026-06-25
Z515EFECDD0D9C465611DZ,noon,Grocery,Sauces,Sedjet Aged Habanero Pepper Sauce,299.0,Sedjet,140 ml ml,3.0,3.0,,4.1,46.0,2026-06-25
Z2D5BBDBF87BAC3C085DEZ,noon,Grocery,Sauces,Original Harissa Hot Sauce - Diet Sauce 85 grams,299.0,Naturesta,85 grams,4.0,4.0,,3.7,3.0,2026-06-25
Z43EBBA8BCB41DB0EFC02Z,noon,Grocery,Sauces,SRIRACHA Hot Chili Sauce – Squeeze Bottle 220ml | Thai Spicy Sauce,299.0,Mr.HUNG,220 ml,4.0,4.0,,0.0,,2026-06-25
N34976231A,noon,Grocery,Sauces,Natural Mayonnaise 3.29kg,299.0,GIARDINO,3.29 kg,4.0,4.0,,4.6,11.0,2026-06-25
Z552931B34B2D39DDEFEFZ,noon,Grocery,Sauces,"Al-Tayyibat Rose Water 250ml | Natural Floral Essence for Cooking, Baking & Skincare",299.0,altayebat,Rose Water 250ml ml,4.0,4.0,,4.4,29.0,2026-06-25
Z476FDCA7F67B9E9D51EEZ,noon,Grocery,Sauces,"Sriracha, Gruffalo, Sweet Chili - 260-250-260 gm",299.0,Miam,260 g,4.0,4.0,,4.0,,2026-06-25
ZEBFBF008E445914B47CCZ,noon,Grocery,Sauces,Healthy and Tasty Sriracha Sauce 340 g,299.0,Healthy And Tasty,340 g,3.0,3.0,,3.0,,2026-06-25
ZC0CF6795DB28E0F98D59Z,noon,Grocery,Sauces,BBQ Sauce 430 gm,299.0,Lavida,430 g,4.0,4.0,,4.7,9.0,2026-06-25
ZBDF2E3F7CBE0499C9D9BZ,noon,Grocery,Sauces,Squeeze Bottle Ketchup 310 GM,299.0,Bubuzy,310,8.0,8.0,,4.7,8.0,2026-06-25
ZC6427A83CF80F44BD4ABZ,noon,Grocery,Sauces,"Sriracha, Hot Bustard & Sweet Hot Chilli Peppers 223 gm (Spicy Squad Bundle)",299.0,Miam,223 g,3.0,3.0,,3.0,,2026-06-25
ZCA027A58D83F19A5F7DEZ,noon,Grocery,Sauces,Ranch Dressing - 200 grams,299.0,Good France,200 grams,4.0,4.0,,4.1,24.0,2026-06-25
Z85D3EFF16C31C7F5F893Z,noon,Grocery,Sauces,Mustard sauce 215 g,299.0,Durra,215 g,4.0,4.0,,4.2,5.0,2026-06-25
Z730BDF9096343A27B6DCZ,noon,Grocery,Sauces,Oyster Flavoured Sauce 700ml – Asian Sauce for Stir Fry & Seafood Cooking,299.0,Mr.HUNG,700 ml,4.0,4.0,,1.0,,2026-06-25
Z99E8BC51CA91AB36F7DBZ,noon,Grocery,Sauces,Nando's Lemon & Herb Peri-Peri Sauce 125g,299.0,Nando's,125g,3.0,3.0,,4.7,,2026-06-25
Z41CE5302DCEB5B04C88FZ,noon,Grocery,Sauces,صوص بلاك بيري توت شامي 480 جم,299.0,اسماكب,480,4.0,4.0,,4.7,6.0,2026-06-25
N52063012A,noon,Grocery,Sauces,Tomato Sauce Tomato 3kg Single,299.0,Mr. Food,3 kg,3.0,3.0,,4.7,16.0,2026-06-25
Z45C817640146E1FF7F22Z,noon,Grocery,Sauces,Nandos Medium Peri Peri Sauce 125g – E-Natural,299.0,Nando's,125g,3.0,3.0,,4.7,,2026-06-25
Z3E9BD4C5517014C803A4Z,noon,Grocery,Sauces,"Wasabi Paste Sachets 2.5g Pack of 10 for Sushi, Sashimi, Seafood, Noodles and Meals",299.0,Generic,2.5 grams,10.0,10.0,,2.0,,2026-06-25
N30328292A,noon,Grocery,Sauces,Mayonnaise Sandwich Bottle 400grams,299.0,Good France,400 grams,4.0,4.0,,3.8,46.0,2026-06-25
Z0C223B5ADE735B9C6147Z,noon,Grocery,Sauces,Burger sauce 380 g,299.0,Durra,380 g grams,4.0,4.0,,4.4,2.0,2026-06-25
Z7B4D836CBA60CE38B6B8Z,noon,Grocery,Sauces,Mustard Sauce 235 grams,299.0,GIARDINO,235 grams,8.0,8.0,,4.7,18.0,2026-06-25
ZF536E55F6094B83D803DZ,noon,Grocery,Sauces,Rana Hot Sauce – Pack of 3 Bottles – Strong Spicy Flavor for Daily Use – Imported Product,330.0,Rana,2 l,3.0,3.0,,3.0,,2026-06-25
N53320333A,noon,Grocery,Sauces,Taco Topping Sauce Chili Pepper 230grams Single,299.0,Poco Loco,230 grams,3.0,3.0,,2.0,,2026-06-25
Z23166FCD7BEEC2E208EDZ,noon,Grocery,Sauces,Olive & Basilico Sauce 400 grams,299.0,Panzani,400 grams,4.0,4.0,,4.4,,2026-06-25
Z14E9DD62745A74F647DDZ,noon,Grocery,Sauces,"Durra Mustard Sauce Squeeze Bottle 290g – Premium Smooth Mustard for Sandwiches, Hot Dogs, Burgers & Fast Food – Rich Flavor, Ready to Use, Easy Squeeze Packaging",299.0,Durra,Mustard -290 G grams,2.0,2.0,,4.5,36.0,2026-06-25
N28676070A,noon,Grocery,Sauces,Soy Sauce 300ml,299.0,Yamama,300 ml,4.0,4.0,,2.9,5.0,2026-06-25
N49538622A,noon,Grocery,Sauces,Green Food Coloring 30ml,299.0,DOBELLA,30 ml,3.0,3.0,,4.9,20.0,2026-06-25
N28548457A,noon,Grocery,Sauces,Ground Red Pepper Sauce 375grams,299.0,Gold Alex,375 grams,,,,4.2,15.0,2026-06-25
ZCB8D69E89DFF6D1774EBZ,noon,Grocery,Sauces,Smoked Ketchup Sauce Bottle 250 Gram,299.0,Admiral,250,4.0,4.0,,4.1,,2026-06-25
ZA755F0C64B9738EA1F5AZ,noon,Grocery,Sauces,Bbq Sauce 340 grams,299.0,Chefy Mix,340 grams,4.0,4.0,,4.5,10.0,2026-06-25
N49538600A,noon,Grocery,Sauces,Worcestershire Sauce 500ml,299.0,Heinz,500 ml,4.0,4.0,,4.6,19.0,2026-06-25
Z1BA4F17700E1E5572952Z,noon,Grocery,Sauces,Smart Value Lemon Juice Substitute 250Ml,299.0,Smart Value,250Ml,4.0,4.0,,3.9,8.0,2026-06-25
ZF0C143F137B8308397ECZ,noon,Grocery,Sauces,Hot Buffalo Sauce - Diet Sauce 1 kg,299.0,Naturesta,1 kg,4.0,4.0,,3.6,22.0,2026-06-25
Z6C71181BAD3546DAE900Z,noon,Grocery,Sauces,Sriracha Hot Chili Sauce Extra Hot 740ml – Thai Spicy Sauce with Rich Chili Flavor,299.0,Mr.HUNG,740 ml,4.0,4.0,,0.0,,2026-06-25
ZC9A09A43AC2AF269BE84Z,noon,Grocery,Sauces,"Sedjet Premium Ketchup - Made with fresh tomatoes, 335 gm",299.0,Sedjet,335 g,4.0,4.0,,5.0,4.0,2026-06-25
ZF80F4AECAFC5A190C6B5Z,noon,Grocery,Sauces,Light Soy Sauce - 250 ml,299.0,Gardenia,250 ml,4.0,4.0,,4.3,3.0,2026-06-25
ZD12789622AC9033A2E3AZ,noon,Grocery,Sauces,Demi Glace Sauce 700 grams,299.0,Chefy Mix,700 grams,8.0,8.0,,4.5,10.0,2026-06-25
ZA37B7F5D468CCB76D778Z,noon,Grocery,Sauces,Saegh tomato ketchup sauce 280 gm,299.0,Saegh,280 g,4.0,4.0,,3.6,5.0,2026-06-25
ZF99AAABF3A6E71C256F8Z,noon,Grocery,Sauces,Ketchup 380g,299.0,Lavida,380 ml,8.0,8.0,,4.8,16.0,2026-06-25
N42868028A,noon,Grocery,Sauces,Hoisin Sauce 200ml,299.0,Flying Goose,200 ml,,,,2.6,7.0,2026-06-25
Z9B0501C09BAE743F9F8DZ,noon,Grocery,Sauces,Sweet chili sauce 900ml,299.0,SUN GARDEN,900 ml,3.0,3.0,,4.0,,2026-06-25
ZBFE115D7B610BBD28DB5Z,noon,Grocery,Sauces,Dates Syrup 450grams,299.0,Imtenan,450 grams,3.0,3.0,,3.9,19.0,2026-06-25
Z084E09B0B9EA3C3A96BAZ,noon,Grocery,Sauces,"Albait Broast Mix, Spicy (2 x 20g Soaking Mix sachets), (2 x 100g Coating Mix sachets) - Esnad",299.0,Esnad,20g,4.0,4.0,,5.0,1.0,2026-06-25
N28676053A,noon,Grocery,Sauces,Peeled Tomatoes 800grams,299.0,Castelo,800 grams,,,,3.0,,2026-06-25
N34976218A,noon,Grocery,Sauces,Tomato Paste 3kg,299.0,GIARDINO,3 kg,,,,4.5,32.0,2026-06-25
N47961262A,noon,Grocery,Sauces,Honey Mustard 440grams,299.0,Lavida,440 grams,4.0,4.0,,3.1,13.0,2026-06-25
N47697078A,noon,Grocery,Sauces,Mayonnaise Sandwich 200grams,299.0,Good France,200 grams,4.0,4.0,,4.3,33.0,2026-06-25
N41989249A,noon,Grocery,Sauces,Premium Oyster Sauce 430ml,299.0,Tai Hua,430 ml,4.0,4.0,,4.7,3.0,2026-06-25
Z3003D29E628379E76730Z,noon,Grocery,Sauces,Umami Light Soy Sauce,299.0,Haday,150 ml,4.0,4.0,,4.6,7.0,2026-06-25
Z49FBF47991471020453AZ,noon,Grocery,Sauces,Healthy and Tasty Ketchup 340 g,299.0,Healthy And Tasty,340 g,3.0,3.0,,3.0,,2026-06-25
ZFD341E7DE7A7E5665B0AZ,noon,Grocery,Sauces,Saegh pomegranate molasses 175 g,299.0,Saegh,175 g,4.0,4.0,,3.4,6.0,2026-06-25
Z3AA823CB9BF4429B9B81Z,noon,Grocery,Sauces,Original Harissa Hot Sauce - Diet Sauce 180 grams,299.0,Naturesta,180 grams,4.0,4.0,,3.7,3.0,2026-06-25
Z43CC2D1594C0C281A8EFZ,noon,Grocery,Sauces,Hot Red Chili Pepper 500 gram,299.0,Sismplly,500 g,3.0,3.0,,3.0,,2026-06-25
ZD3631C76A02EAC931519Z,noon,Grocery,Sauces,Tayebat Pure Pomegranate Molasses & Soy Sauce + Natural Apple Vinegar Gift,299.0,altayebat,50g,3.0,3.0,,5.0,7.0,2026-06-25
N35958694A,noon,Grocery,Sauces,Dark Soy Sauce 310ml,299.0,DOBELLA,310 ml,,,,4.7,46.0,2026-06-25
Z8F5635CC63D6D9FEB391Z,noon,Grocery,Sauces,Soya Sauce Dark 170 ml,299.0,DOBELLA,170 ml,4.0,4.0,,3.7,23.0,2026-06-25
Z7FB12FF1637F849BB2AAZ,noon,Grocery,Sauces,mexican sauce 340 g,299.0,Lavida,340,4.0,4.0,,5.0,3.0,2026-06-25
Z5676B5B421B4A1D2A377Z,noon,Grocery,Sauces,"TABASCO Brand Original Red Pepper Hot Sauce, Medium Heat, Glass Bottle, Classic & Versatile Flavor, Three Simple Ingredients, Great for Dips, Tacos, Eggs, Pizza, Oysters & More, 2 Fl Oz (Pack of 1)",400.0,Tabasco,100ml,1.0,1.0,,2.0,,2026-06-25
Z36946F324E2FBDD05607Z,noon,Grocery,Sauces,Hand crafted Hot Sauce Pesto Hot Savce 200 GM,299.0,Felfelaty,200 ml,4.0,4.0,,5.0,1.0,2026-06-25
Z9A65C3593FE664A61166Z,noon,Grocery,Sauces,صلصة حارة كلاسيكية مصنوعة يدوياً 125 مل,299.0,فلفلاتي,125 ملليلتر,3.0,3.0,,3.0,,2026-06-25
ZFAAF60079B3DECD97A86Z,noon,Grocery,Sauces,Mazola Garlic Mayonnaise 340 gm,299.0,Mazola,340 g,3.0,3.0,,4.6,,2026-06-25
Z0D87390CBBF5604449FFZ,noon,Grocery,Sauces,"Crystal Original Hot Sauce, Authentic Cayenne Pepper Sauce, 88 ml Bottle",122.0,Crystal,88 ml,4.0,4.0,,4.5,,2026-06-25
N30328301A,noon,Grocery,Sauces,Coleslaw Sauce 400grams,299.0,Good France,400 grams,,,,3.6,27.0,2026-06-25
Z884A3D943DDBB26EA383Z,noon,Grocery,Sauces,American Mustard 200 grams,299.0,Good France,200 grams,4.0,4.0,,3.9,17.0,2026-06-25
ZF611BDB0EFEEE1E26173Z,noon,Grocery,Sauces,Texas burger Sauce Bottle 230 Gram,299.0,Admiral,230,4.0,4.0,,4.1,,2026-06-25
Z352E5D10C38BA14147B5Z,noon,Grocery,Sauces,"Easy Dip Green Sriracha Sauce - Hot Green Chili All Purpose Dipping Sauce, 340g",299.0,Easy Dip,Hot Green Sriracha Sauce 340g grams,3.0,3.0,,5.0,1.0,2026-06-25
Z43780EA6E7AB10309715Z,noon,Grocery,Sauces,Honey mustard sauce 340 grams,299.0,HEALTHY & TASTY,340 grams,4.0,4.0,,5.0,2.0,2026-06-25
N28727603A,noon,Grocery,Sauces,Pure Tomato Juice 1Liters,299.0,Juhayna,1 Liters,,,,4.3,7.0,2026-06-25
ZCE3B6D54E3FE12FEACA5Z,noon,Grocery,Sauces,"BBQ sauce Squeeze , 585 gm",299.0,Lavida,585 grams,4.0,4.0,,4.5,20.0,2026-06-25
Z8E57DE9DE74FB8BFD090Z,noon,Grocery,Sauces,Guilt Free Hot Ketchup - Zero Added Sugar-350Ml,299.0,Organic Nation,350 ml,3.0,3.0,,4.0,11.0,2026-06-25
Z900321A5A91A4B1DA72FZ,noon,Grocery,Sauces,Tomato paste 300 Gm,299.0,Bubuzy,300 grams,3.0,3.0,,4.3,4.0,2026-06-25
Z01B02F9E91ECC369A04DZ,noon,Grocery,Sauces,Hand crafted Hot Sauce Lemon 200 GM,299.0,Felfelaty,200 grams,4.0,4.0,,3.0,,2026-06-25
ZB4B2A8F7A1C71FA18535Z,noon,Grocery,Sauces,Bbq Sauce Bucket - 5 kg,299.0,Add-Me,5 kg,4.0,4.0,,4.0,5.0,2026-06-25
ZC11401A3CAB67BD3431BZ,noon,Grocery,Sauces,Malazi Premium Tomato Paste – The Secret to Rich Color & Deep Flavor! 800g,299.0,malazi,800g,3.0,3.0,,2.0,,2026-06-25
Z69EF2F7A4088AC79551EZ,noon,Grocery,Sauces,Healthy and Tasty Spicy Mayonnaise 340 g,299.0,Healthy And Tasty,340 g,3.0,3.0,,3.0,,2026-06-25
ZFF08748CC0A03A9D77D5Z,noon,Grocery,Sauces,Ketchup Sauce 360g,299.0,GIARDINO,360,4.0,4.0,,4.5,,2026-06-25
Z7D1DCF6D5646853D670EZ,noon,Grocery,Sauces,Healthy Chocolate Sauce X2,299.0,zero treat,140g,3.0,3.0,,3.7,,2026-06-25
N42868076A,noon,Grocery,Sauces,Dark Soya Sauce 330ml Single,299.0,Thio,330 ml,,,,3.6,76.0,2026-06-25
Z378296018A044BAF6221Z,noon,Grocery,Sauces,معجون الفلفل الأحمر الحار من درة 370 جم – نكهة شرقية أصلية بطعم حار غني، معجون بابريكا عالي الجودة للطهي والتتبيلات والصلصات,299.0,درة,370 G جرام,3.0,3.0,,4.3,43.0,2026-06-25
Z83B27321B43D15302935Z,noon,Grocery,Sauces,Healthy and Tasty Ranch Sauce 340 g,299.0,Healthy And Tasty,340 g,3.0,3.0,,3.0,,2026-06-25
N40074721A,noon,Grocery,Sauces,Tahini 225grams,299.0,El bawadi,225 grams,,,,4.8,68.0,2026-06-25
N39930959A,noon,Grocery,Sauces,Tomato Ketchup 430grams,299.0,Lavida,430 grams,3.0,3.0,,4.3,28.0,2026-06-25
Z186566A51B408165B5A1Z,noon,Grocery,Sauces,Burger Sauce 320g,299.0,GIARDINO,320,4.0,4.0,,4.5,,2026-06-25
Z54650810EA59E30A6395Z,noon,Grocery,Sauces,Sweet chili 385 g,299.0,Lavida,385 ml grams,3.0,3.0,,3.7,9.0,2026-06-25
Z247B3CE9FF37557E5EF9Z,noon,Grocery,Sauces,Pickled Hot Chili With Glass Bottle - 370 grams,299.0,Gardenia,370 grams,3.0,3.0,,4.2,,2026-06-25
ZC0C465A9231032CD7CCDZ,noon,Grocery,Sauces,Texas burger Sauce Bottle 430 Gram,299.0,Admiral,430,3.0,3.0,,4.1,,2026-06-25
Z589859FB6B4B15FEABA4Z,noon,Grocery,Sauces,"altayebat Hot Sauce – Authentic Spicy Chili Pepper Condiment, 380ml Bottle",299.0,altayebat,altayebat Hot Sauce 380ml Bottle ml,3.0,3.0,,4.4,29.0,2026-06-25
Z37137F0FC67E469B6C7DZ,noon,Grocery,Sauces,2 Tomato Paste Jars 300G + 1 Vinegar,299.0,Bubuzy,300G,2.0,2.0,,5.0,2.0,2026-06-25
Z6466FBE1598DF6670BBFZ,noon,Grocery,Sauces,Sedjet Spicy Marinara – A premium Italian hot sauce made with high-quality ingredients – 310 g,299.0,Sedjet,310 g,4.0,4.0,,4.2,,2026-06-25
Z6D55E90EE62C0C023581Z,noon,Grocery,Sauces,Thousand Island Dressing - 200 grams,299.0,Good France,200 grams,4.0,4.0,,4.4,23.0,2026-06-25
N41989246A,noon,Grocery,Sauces,Hoisin Sauce 150ml,299.0,Tai Hua,150 ml,4.0,4.0,,5.0,1.0,2026-06-25
N43894902A,noon,Grocery,Sauces,Norma Pasta Sauce of Cherry Tomato And Eggplant 260grams,299.0,Agromonte,260 grams,4.0,4.0,,4.8,,2026-06-25
ZD50DF63B1C6C3EFA74F8Z,noon,Grocery,Sauces,Hot ketchup 310g,299.0,Bubuzy,310,4.0,4.0,,4.5,2.0,2026-06-25
N35958683A,noon,Grocery,Sauces,Grenadine Molasses 350ml,299.0,DOBELLA,350 ml,,,,4.4,64.0,2026-06-25
N34976234A,noon,Grocery,Sauces,Mustard Sauce 5kg,299.0,GIARDINO,5 kg,4.0,4.0,,4.5,,2026-06-25
Z54913006FB5DDD9B6EA9Z,noon,Grocery,Sauces,Harissa Chilli 355 gm,299.0,Lavida,355 ml,8.0,8.0,,4.4,3.0,2026-06-25
ZA88B1031B2015948E8D6Z,noon,Grocery,Sauces,Natural Pomegranate Molasses 250 ml,299.0,Elhawag,250 grams,3.0,3.0,,4.0,1.0,2026-06-25
Z94F8CCE6110E1A32B006Z,noon,Grocery,Sauces,Heinz Hot Tomato Ketchup - 285g - Pack of 2,299.0,Heinz,285g,2.0,2.0,,2.0,,2026-06-25
N49538618A,noon,Grocery,Sauces,Blueberry Sauce 250grams,299.0,good day,250 grams,4.0,4.0,,4.6,9.0,2026-06-25
Z33A35A59255CE46D9815Z,noon,Grocery,Sauces,"Mazola Lemon Mayonnaise, 340ml",299.0,Mazola,340ml,3.0,3.0,,4.6,,2026-06-25
ZC70411F830646BD7AB6BZ,noon,Grocery,Sauces,BBQ Sauce 2.25 K,299.0,Lavida,160g,4.0,4.0,,2.0,,2026-06-25
N30328298A,noon,Grocery,Sauces,Texas Burger Sauce 400grams,299.0,Good France,400 grams,,,,4.7,54.0,2026-06-25
N42652830A,noon,Grocery,Sauces,Garlic Sauce Bottle 400grams,299.0,Good France,400 grams,,,,4.2,29.0,2026-06-25
Z7AF7EECC8AEDE60C6177Z,noon,Grocery,Sauces,Hand crafted Hot Sauce 85% Habanero 200 GM,299.0,Felfelaty,200 grams,4.0,4.0,,5.0,1.0,2026-06-25
ZDF6455B7C4AC0A5E4B21Z,noon,Grocery,Sauces,Strawberry Concentrated Premium Sauce 750 GM,299.0,ASMACUP,750 G,4.0,4.0,,4.1,,2026-06-25
ZCEFA9EA8ED6A4198675FZ,noon,Grocery,Sauces,"Sedjet hot honey - Chili Infused, 180 gm",299.0,Sedjet,180 g,4.0,4.0,,4.2,,2026-06-25
ZD76AB5D4CC9421282994Z,noon,Grocery,Sauces,Pomegranate Molasses Squeeze - 500 ml,299.0,Yamama,500 ml,2.0,2.0,,4.3,12.0,2026-06-25
Z4073537C90BCCB5797B8Z,noon,Grocery,Sauces,Sweet Corn 340G,299.0,Generic,340G,4.0,4.0,,,,2026-06-25
N49538628A,noon,Grocery,Sauces,Black Food Coloring Gel 30ml,299.0,DOBELLA,30 ml,4.0,4.0,,3.6,15.0,2026-06-25
Z2CE87A8DE9521FB9829AZ,noon,Grocery,Sauces,Umami Dark Soy Sauce,299.0,Haday,150 ml,4.0,4.0,,3.8,11.0,2026-06-25
ZCB612918EA4E18E5D70EZ,noon,Grocery,Sauces,Pasta Sauce - 300 Gram,299.0,Naturesta,300,3.0,3.0,,4.6,2.0,2026-06-25
Z6136025C8C8CFC7CDFC1Z,noon,Grocery,Sauces,Tomato Vinaigrette Dressing - 210 Gram,75.0,Naturesta,210,4.0,4.0,,5.0,1.0,2026-06-25
N46494125A,noon,Grocery,Sauces,Superior Light Soy Sauce 500ml,299.0,Pearl River Bridge,500 ml,3.0,3.0,,5.0,3.0,2026-06-25
Z8E5A9E340165151686FAZ,noon,Grocery,Sauces,"Red Roaster Hot Sauce, 88ml | Spicy Chili Sauce for Cooking & Condiments | Pack of 1",299.0,Louisiana,88ml,1.0,1.0,,,,2026-06-25
N50711371A,noon,Grocery,Sauces,Soya Sauce Light 250ml Single,299.0,CHOiCE,250 ml,4.0,4.0,,3.9,10.0,2026-06-25
Z97D228D8A7FA0445855FZ,noon,Grocery,Sauces,Pizza Sauce Tomato with Olive Oil - 300 Gram,299.0,Naturesta,300,2.0,2.0,,4.7,3.0,2026-06-25
N30328291A,noon,Grocery,Sauces,Mayonnaise Classic 400grams,299.0,Good France,400 grams,,,,4.6,47.0,2026-06-25
N52160844A,noon,Grocery,Sauces,Coconut Syrup 250ml,299.0,Monin,250 ml,4.0,4.0,,4.8,6.0,2026-06-25
N49538621A,noon,Grocery,Sauces,Blue Food Coloring 30ml,299.0,DOBELLA,30 ml,3.0,3.0,,4.7,22.0,2026-06-25
ZCAD56E9C5788137CB117Z,noon,Grocery,Sauces,"Arkan Natural Sesame Tahini – 100% Pure Sesame Paste | Healthy Middle Eastern Ingredient for Hummus, Sauces & Desserts – 800g",299.0,ARKAN,800g grams,4.0,4.0,,4.5,43.0,2026-06-25
ZD942E50494E34C6BB75AZ,noon,Grocery,Sauces,Pomegranate Molasses 275ml Pack of 2,299.0,Saegh,275ml,2.0,2.0,,3.8,17.0,2026-06-25
ZE1012582097BDA8EDEEBZ,noon,Grocery,Sauces,Lavida Mustard Sauce 5 kg,299.0,Lavida,5 kg,4.0,4.0,,4.6,11.0,2026-06-25
N48704751A,noon,Grocery,Sauces,1000 Island Dressing 400grams,299.0,Good France,400 grams,4.0,4.0,,4.6,38.0,2026-06-25
N53320334A,noon,Grocery,Sauces,Taco Topping Sauce Medium Roast 230grams Single,299.0,Poco Loco,230 grams,4.0,4.0,,5.0,1.0,2026-06-25
Z53D2FF11CD6DBA8D14A1Z,noon,Grocery,Sauces,Caramel Sauce Squeeze - 480Gm,299.0,ASMACUP,480 grams,4.0,4.0,,4.5,41.0,2026-06-25
N27747738A,noon,Grocery,Sauces,Concentrated Lemon 330ml,299.0,Yamama,330 ml,,,,4.4,15.0,2026-06-25
N46494129A,noon,Grocery,Sauces,Sweet Chili Sauce 300grams,299.0,AKETHAI,300 grams,4.0,4.0,,4.0,4.0,2026-06-25
N43894910A,noon,Grocery,Sauces,Artichokes Bruschetta Sauce 200grams,299.0,Agromonte,200 grams,4.0,4.0,,5.0,1.0,2026-06-25
N44423698A,noon,Grocery,Sauces,Sweet Chili Sauce 700ml Single,299.0,Sunlee,700 ml,4.0,4.0,,4.5,,2026-06-25
Z0F3C40B78C901BF7B047Z,noon,Grocery,Sauces,Mazola Chili Mayonnaise 340 g,549.9,Mazola,340 g,4.0,4.0,,4.6,,2026-06-25
Z1AAE2120E73AE03B9FFEZ,noon,Grocery,Sauces,Mustard Sauce Bucket - 5 kg,299.0,Add-Me,5 kg,4.0,4.0,,5.0,2.0,2026-06-25
N49538627A,noon,Grocery,Sauces,Green Food Coloring Gel 30ml,299.0,DOBELLA,30 ml,4.0,4.0,,3.9,17.0,2026-06-25
Z956125814A1D52280B04Z,noon,Grocery,Sauces,Chocolate Sauce premium-750 Gm Asmacup,299.0,ASMACUP,750 G,3.0,3.0,,2.6,11.0,2026-06-25
Z2CEE97A9EE977B910FB8Z,noon,Grocery,Sauces,Saegh Mexican Sauce 280 gm,299.0,Saegh,280 g,4.0,4.0,,4.0,,2026-06-25
Z71F7173528923DD8A37CZ,noon,Grocery,Sauces,معجون الطماطم مضاعف التركيز 800 جرام,299.0,درة,800 جرام,3.0,3.0,,4.9,64.0,2026-06-25
Z86698748D6B2C9CBC1BEZ,noon,Grocery,Sauces,Mayo smoked mayonnaise sauce 380 g,299.0,Durra,380 g grams,3.0,3.0,,4.0,4.0,2026-06-25
N48704758A,noon,Grocery,Sauces,Cowboy Sauce 400grams,299.0,Good France,400 grams,3.0,3.0,,3.9,24.0,2026-06-25
ZDAEBA161B4BE1DE5FD86Z,noon,Grocery,Sauces,مايونيز صحي ولذيذ منخفض الكربوهيدرات، منخفض الدهون ولذيذ - 340 مل,299.0,هيلثي أند تيستي,340 مل,2.0,2.0,,3.0,,2026-06-25
Z20CDE45ABCA00AC84337Z,noon,Grocery,Sauces,Sauce Wings and Buffalo Dip - 79 Gram,299.0,Naturesta,79,4.0,4.0,,4.4,4.0,2026-06-25
ZD0B45DEFFA7E3C726815Z,noon,Grocery,Sauces,Mazola Lemon Mayonnaise 340 gm,299.0,Mazola,340 g,3.0,3.0,,4.6,,2026-06-25
Z7C630ECA85BC93472854Z,noon,Grocery,Sauces,Mustard Sauce 340g,299.0,GIARDINO,340,3.0,3.0,,4.5,,2026-06-25
ZD35485BA8F75CC87E9EAZ,noon,Grocery,Sauces,Honey Mustard 340 g,299.0,Lavida,340,4.0,4.0,,4.0,2.0,2026-06-25
N49538620A,noon,Grocery,Sauces,Yellow Food Coloring 30ml,299.0,DOBELLA,30 ml,4.0,4.0,,4.6,24.0,2026-06-25
N46494133A,noon,Grocery,Sauces,Spring Roll Sauce 300grams,299.0,AKETHAI,300 grams,4.0,4.0,,4.6,3.0,2026-06-25
Z42B78141DC5A54E77A25Z,noon,Grocery,Sauces,"Sweet Chili Sauce with Pineapple 700ml – Asian Fruity Sauce for Stir Fry, Marinades & Dipping",315.0,Mr.HUNG,700 ml,4.0,4.0,,5.0,,2026-06-25
Z3AFDA58D96CE08C30111Z,noon,Grocery,Sauces,"Zero Treat French Vanilla Sauce, Sugar-Free, Keto-Friendly",299.0,zero treat,140g,3.0,3.0,,3.7,,2026-06-25
Z51903BE4215B82D66BD8Z,noon,Grocery,Sauces,"Sweet chilli Sauce , 5 kg",299.0,Lavida,5 kg,4.0,4.0,,4.0,6.0,2026-06-25
Z9FDEF82F5050D06C4F9CZ,noon,Grocery,Sauces,معجون طماطم الدرة 800 جم × 3 عبوات – صلصة طماطم مركزة بقوام كثيف وطعم غني طبيعي للطهي وتحضير الصوصات والبيتزا والمكرونة واليخنات – حجم اقتصادي للعائلة,299.0,درة,800 G X 3 PACKS جرام,4.0,4.0,,4.3,43.0,2026-06-25
Z2B1227E8AE333524019CZ,noon,Grocery,Sauces,"Yellow Curry Paste 400g | Authentic Thai Curry Paste for Curries, Stir-Fry & Marinades",299.0,BYSRI,400 grams,4.0,4.0,,5.0,1.0,2026-06-25
ZD87A7FB20C3FF37DB0F6Z,noon,Grocery,Sauces,Mustard Sauce 5 kg,299.0,Chefy Mix,5 kg,4.0,4.0,,5.0,,2026-06-25
Z143F81E491D6467D9CC8Z,noon,Grocery,Sauces,BBQ Sauce 310g,299.0,Bubuzy,310,3.0,3.0,,5.0,1.0,2026-06-25
N48704764A,noon,Grocery,Sauces,Smoked Mayonnaise 400grams,299.0,Good France,400 grams,3.0,3.0,,4.3,26.0,2026-06-25
N34976221A,noon,Grocery,Sauces,Hot Tomato Ketchup 320grams,299.0,GIARDINO,320 grams,,,,4.5,22.0,2026-06-25
N42868019A,noon,Grocery,Sauces,Sriracha Hot Chilli Sauce 730ml Single,299.0,Flying Goose,730 ml,4.0,4.0,,4.5,26.0,2026-06-25
Z3B1C059B340523524040Z,noon,Grocery,Sauces,Puree Tomato Salt Pepper & Onion - 210 Gram,299.0,Naturesta,210,4.0,4.0,,5.0,1.0,2026-06-25
ZB6A2CD3A70145330813DZ,noon,Grocery,Sauces,Sweet Chili Sauce 300 ml,299.0,CHOiCE,300 ml,3.0,3.0,,4.3,11.0,2026-06-25
N49538625A,noon,Grocery,Sauces,Yellow Food Coloring Gel 30ml,299.0,DOBELLA,30 ml,3.0,3.0,,4.3,15.0,2026-06-25
ZAD2DF559FBB28F76097AZ,noon,Grocery,Sauces,Ketchup Spicy - 5 kg,1133.0,Naturesta,5 kg,4.0,4.0,,4.0,8.0,2026-06-25
ZA42193B91D27B2B601DAZ,noon,Grocery,Sauces,Spicy BBQ Sauce - 5 kg,299.0,Naturesta,5 kg,4.0,4.0,,4.6,9.0,2026-06-25
ZF863979E633246AC8ECCZ,noon,Grocery,Sauces,Indofood Mild Soy Sauce – Light & Balanced Flavor – Perfect for Cooking & Seasoning – 88ml Bottle,299.0,Indofood,Soy Sauce 88 ml,4.0,4.0,,3.5,6.0,2026-06-25
ZEF94F0940BEA17F3C37CZ,noon,Grocery,Sauces,Super Hot Sauce - 1 kg,299.0,Naturesta,1 kg,4.0,4.0,,4.6,2.0,2026-06-25
N43894908A,noon,Grocery,Sauces,Cherry Tomato With Artichokes Bruschetta sauce 200grams,299.0,Agromonte,200 grams,4.0,4.0,,4.8,,2026-06-25
ZECF7AB884C9E1C635E6AZ,noon,Grocery,Sauces,"Sweet Chili Sauce 700ml Tangy Spicy Asian Sauce for Stir-Fry, Dipping & Marinades",299.0,Mr.HUNG,700 ml,3.0,3.0,,5.0,,2026-06-25
N29595690A,noon,Grocery,Sauces,Minced Natural Garlic 200grams,299.0,Gold Alex,200 grams,,,,3.4,7.0,2026-06-25
Z6A7538D60FCCDFEACD81Z,noon,Grocery,Sauces,Puree Tomato Herbs & Garlic - 210 Gram,299.0,Naturesta,210,3.0,3.0,,5.0,2.0,2026-06-25
Z358467434AE1C4D1CA60Z,noon,Grocery,Sauces,Coffee Premium Sauce 650 Gm,299.0,ASMACUP,650 G,4.0,4.0,,3.4,4.0,2026-06-25
N34041973A,noon,Grocery,Sauces,Premium Light Soy Sauce 150ml,299.0,Heinz,150 ml,,,,4.4,13.0,2026-06-25
ZF6CFC9BAC2EEAC42B9E9Z,noon,Grocery,Sauces,Chili mayo mayonnaise sauce 380 g,299.0,Durra,380 g,4.0,4.0,,4.4,,2026-06-25
Z4818F8DA6BAA75B8C047Z,noon,Grocery,Sauces,Smokey Chipotle BBQ Sauce - 5 kg,299.0,Naturesta,5 kg,3.0,3.0,,4.6,10.0,2026-06-25
Z2C97357C068E23457D15Z,noon,Grocery,Sauces,Altayebat BBQ Sauce 250ml,299.0,altayebat,Altayebat BBQ Sauce 250ml,4.0,4.0,,4.4,29.0,2026-06-25
ZF62575B24AB703A506DBZ,noon,Grocery,Sauces,Mazola Garlic Mayonnaise 340ml,299.0,Mazola,340ml,4.0,4.0,,4.6,,2026-06-25
Z25960DB2B73CB90E6163Z,noon,Grocery,Sauces,Original Hot Sauce - Diet Sauce 1 kg,299.0,Naturesta,1 kg,3.0,3.0,,3.9,16.0,2026-06-25
ZD54A426B731B7EFB7942Z,noon,Grocery,Sauces,Guilt Free Barbecue - Zero Added Sugar-350Ml,299.0,Organic Nation,350 ml,4.0,4.0,,4.7,19.0,2026-06-25
N29779225A,noon,Grocery,Sauces,Barbecue Sauce 570grams,299.0,Heinz,570 grams,4.0,4.0,,3.4,14.0,2026-06-25
Z5D06B1802C5DDF97E39AZ,noon,Grocery,Sauces,Hot Sauce 200 ml,299.0,DOBELLA,200,4.0,4.0,,3.8,4.0,2026-06-25
N49538626A,noon,Grocery,Sauces,Blue Food Coloring Gel 30ml,299.0,DOBELLA,30 ml,3.0,3.0,,4.5,15.0,2026-06-25
N12281277A,noon,Grocery,Sauces,Grenadine Molasse 750ml,299.0,Yamama,750 ml,,,,4.8,49.0,2026-06-25
Z1672662C9324EF07C720Z,noon,Grocery,Sauces,"Alwalimah Kabsa Spice Mix, 300g | Authentic Middle Eastern Seasoning Blend for Rice, Chicken & Meat Dishes | Traditional Saudi Flavor",299.0,Al Walimah,300g,4.0,4.0,,5.0,1.0,2026-06-25
N45002372A,noon,Grocery,Sauces,Sriracha Chili Sauce 300grams,299.0,AKETHAI,300 grams,3.0,3.0,,5.0,1.0,2026-06-25
ZC000271B1EDE7CDAD3DBZ,noon,Grocery,Sauces,Concentrated Pomegranate 340gm Molasses,299.0,CHOiCE,340 grams,4.0,4.0,,4.6,13.0,2026-06-25
N30328293A,noon,Grocery,Sauces,Ketchup Mayo 400grams,299.0,Good France,400 grams,,,,4.6,16.0,2026-06-25
N48704759A,noon,Grocery,Sauces,Sweet Chili Sauce 400grams,299.0,Good France,400 grams,4.0,4.0,,4.4,61.0,2026-06-25
Z1420FD5B881AB456C515Z,noon,Grocery,Sauces,Squeeze Bottle Mayonnaise 285 gm,299.0,Bubuzy,285,4.0,4.0,,4.5,5.0,2026-06-25
ZB6DDB03C8958BBA1A2A2Z,noon,Grocery,Sauces,Hummus Tahina Dip- 400 grams,299.0,HARVEST,400 grams,3.0,3.0,,3.6,18.0,2026-06-25
Z2C7585C7F412B604B376Z,noon,Grocery,Sauces,Mazola Mayonnaise Sauce 340ml,299.0,Mazola,340ml,4.0,4.0,,4.6,,2026-06-25
ZAD5389D75F0802EF7D72Z,noon,Grocery,Sauces,BBQ Sauce 380 ml,299.0,Lavida,380 ml ml,4.0,4.0,,4.8,17.0,2026-06-25
N43406301A,noon,Grocery,Sauces,Liquid Lemon Juice - 250ml,299.0,CHOiCE,250 ml,3.0,3.0,,4.7,3.0,2026-06-25
Z9B8C41B72552C436A7D7Z,noon,Grocery,Sauces,Sesame Seeds Tahina Cream - 500 gram,299.0,AL SHARQ,500 g,4.0,4.0,,4.0,1.0,2026-06-25
N29595818A,noon,Grocery,Sauces,Thai Sweet Chilli Sauce 240grams,299.0,Heinz,240 grams,,,,5.0,7.0,2026-06-25
Z4980F831114C814EF59EZ,noon,Grocery,Sauces,Tomato Puree Sauce 800g,299.0,Saegh,800g,3.0,3.0,,5.0,4.0,2026-06-25
ZFF257F8D8950F46C01BAZ,noon,Grocery,Sauces,Healthy and Tasty Big Tasty Sauce 340 g,299.0,Healthy And Tasty,340 g,4.0,4.0,,3.0,,2026-06-25
N45218573A,noon,Grocery,Sauces,Honey Mustard 210grams,299.0,Temeraire,210 grams,4.0,4.0,,2.0,,2026-06-25
ZEC4F3A5E25B058583D3EZ,noon,Grocery,Sauces,Mayo mayonnaise sauce 380 g,299.0,Durra,380 g,4.0,4.0,,5.0,6.0,2026-06-25
Z04C57DF65746105EC880Z,noon,Grocery,Sauces,"Garlic Butter, Kissed parmigiano & Cheddar Daddy 252 gm (Cheese & Creamy Lovers Bundle)",299.0,Miam,252 g,4.0,4.0,,3.0,,2026-06-25
Z9AE35D8362C842AE3DB8Z,noon,Grocery,Sauces,"Zero Treat Healthy BBQ Sauce, Keto Friendly, Zero Sugar Added",299.0,zero treat,300 grams,4.0,4.0,,3.7,,2026-06-25
N52986116A,noon,Grocery,Sauces,Real Mayonnaise 400grams Single,299.0,American Garden,400 grams,4.0,4.0,,5.0,3.0,2026-06-25
ZA57B030AE55C3F8B9694Z,noon,Grocery,Sauces,"Red Curry Paste 400g | Authentic Thai Curry Paste for Curries, Stir-Fry & Marinades",299.0,BYSRI,400 grams,2.0,2.0,,5.0,1.0,2026-06-25
Z2F9415A57B7965B14964Z,noon,Grocery,Sauces,BBQ Sauce 360g,299.0,GIARDINO,360,4.0,4.0,,4.5,,2026-06-25
ZBB098E966A23BECF73EFZ,noon,Grocery,Sauces,Samyang 2X Buldak Korean Spicy Hot Chicken Flavor Sauce 200g,299.0,Samyang,200g,4.0,4.0,,3.9,17.0,2026-06-25
Z8E12CCE9D781B466D0E1Z,noon,Grocery,Sauces,Pistachio Cream Sauce 500Gm,299.0,ASMACUP,500 grams,4.0,4.0,,4.4,90.0,2026-06-25
Z5C2D48FAB823D30463ECZ,noon,Grocery,Sauces,صلصة صويا التتبيل من هاداي، 380 ملل,249.9,هداي,380 مل,4.0,4.0,,4.2,,2026-06-25
N39019291A,noon,Grocery,Sauces,Soy Sauce 500ml,299.0,Heinz,500 ml,4.0,4.0,,5.0,1.0,2026-06-25
N43406244A,noon,Grocery,Sauces,Dark Soy Sauce - 250ml,299.0,CHOiCE,250 ml,,,,3.9,12.0,2026-06-25
N53271953A,noon,Grocery,Sauces,Light Soya Sauce 330ml,299.0,Thio,330 ml,3.0,3.0,,3.9,34.0,2026-06-25
ZCD9227680A88C7AD4D69Z,noon,Grocery,Sauces,Heinz Smoky Mayonnaise - Top-Down Squeeze Bottle 225ml,299.0,Heinz,225ml,3.0,3.0,,4.7,,2026-06-25
Z64145BC24DC8EFF9960AZ,noon,Grocery,Sauces,Saegh Classic Mayo Ketchup Sauce 280 gm,57.0,Saegh,280 g,,,,4.0,,2026-06-25
ZECAE26C64B5651209308Z,noon,Grocery,Sauces,Zero Treat Healthy Caramel Sauce,299.0,zero treat,300g grams,4.0,4.0,,5.0,2.0,2026-06-25
N28676071A,noon,Grocery,Sauces,Soy Sauce 500ml,299.0,Yamama,500 ml,,,,4.8,7.0,2026-06-25
Z26A54498B484FD46BF47Z,noon,Grocery,Sauces,Bundle – Tomato Paste 650g + Picual Olives 700g + Mixed Pickles 720g,299.0,Durra,650g,8.0,8.0,,4.4,,2026-06-25
Z65EF4893A755937454E4Z,noon,Grocery,Sauces,Sokradorf 100% Pure Sesame Tahini Natural Creamy Tahini Smooth Rich Sesame Paste Healthy Tahina Sauce Premium Sesame Butter No Preservatives,299.0,sokradorf,400g,3.0,3.0,,4.0,,2026-06-25
Z89860A2D90328F586C55Z,noon,Grocery,Sauces,Tabasco Pepper Sauce 60 ml,299.0,Tabasco,60 ml,4.0,4.0,,4.6,,2026-06-25
ZF94E0D3F20FEB2759307Z,noon,Grocery,Sauces,Umami Light Soy Sauce,299.0,Haday,500 ml,3.0,3.0,,4.6,7.0,2026-06-25
ZA8A0834F42E90C38AAAFZ,noon,Grocery,Sauces,Sauce Wings and Buffalo Dip - 1 kg,299.0,Naturesta,1 kg,4.0,4.0,,5.0,1.0,2026-06-25
N42868027A,noon,Grocery,Sauces,Sweet Chilli Sauce 725ml Single,299.0,Flying Goose,725 ml,,,,5.0,14.0,2026-06-25
N34976215A,noon,Grocery,Sauces,Tomato Paste Puree 280grams,299.0,Nardino,280 grams,,,,4.4,23.0,2026-06-25
N47961261A,noon,Grocery,Sauces,Texas Sauce 385grams,299.0,Lavida,385 grams,3.0,3.0,,3.8,29.0,2026-06-25
N41989243A,noon,Grocery,Sauces,Light Soya Sauce 640ml single,299.0,Tai Hua,640 ml,3.0,3.0,,5.0,3.0,2026-06-25
ZAB926239DA994A5676CAZ,noon,Grocery,Sauces,Hot Chili Sauce And Lemon - Diet Sauce 180 grams,299.0,Naturesta,180 grams,4.0,4.0,,3.5,8.0,2026-06-25
Z25B5296BAA76EFB0DA38Z,noon,Grocery,Sauces,mayonnaise 325g,299.0,Lavida,325 ml,3.0,3.0,,4.8,14.0,2026-06-25
Z1F224EDF855998664574Z,noon,Grocery,Sauces,Kraft Spreadable Cheddar Cheese 230g,294.0,Kraft,230g,5.0,5.0,,5.0,,2026-06-25
Z43EFDEFA3FFAF5ED2A70Z,noon,Grocery,Sauces,سكويز كريمة بندق بالشوكولاته 480 جم,299.0,اسماكب,480 جم,4.0,4.0,,4.1,12.0,2026-06-25
ZC8A0680B8B0E3FFEDEA7Z,noon,Grocery,Sauces,Rana Jalapeno Hot Sauce – Authentic Spicy Taste,299.0,Rana,340 g,4.0,4.0,,4.5,,2026-06-25
Z53E159738DC0AE233868Z,noon,Grocery,Sauces,"Indofood Sweet Soy Sauce (Kecap Manis), Rich & Thick Glaze, Authentic Flavour, 140ml Bottle",119.0,Indofood,Soy Sauce 140 ml,4.0,4.0,,3.5,6.0,2026-06-25
Z7B12A154A77B686A44BAZ,noon,Grocery,Sauces,Strawberry Sauce 480 g,299.0,ASMACUP,480 g,4.0,4.0,,3.8,13.0,2026-06-25
N38793018A,noon,Grocery,Sauces,,,,,,,,,,2026-06-25
Z7ABC8F7E01C112F44236Z,noon,Grocery,Sauces,Potato sauce 320g,299.0,Smart Value,320 grams,3.0,3.0,,2.7,3.0,2026-06-25
Z5929ADC96D1EAAFBC4FAZ,noon,Grocery,Sauces,"Rana Extra Hot Sauce 100g Pack of 2 – Spicy Chili Pepper Sauce, Bold Flavor Hot Sauce for Pizza, Burgers, Shawarma & Snacks",220.0,Rana,Extra Hot Sauce 100g Pack of 2,2.0,2.0,,4.8,5.0,2026-06-25
ZBF7675CAADD5E81C34B4Z,noon,Grocery,Sauces,Healthy and Tasty Buffalo Sauce 340 g,299.0,Healthy And Tasty,340 g,3.0,3.0,,3.0,,2026-06-25
Z073BA586B10F62B9AA35Z,noon,Grocery,Sauces,Mazola Mayonnaise Squeeze Bottle 340 g,299.0,Mazola,340 g,4.0,4.0,,4.6,,2026-06-25
N45432851A,noon,Grocery,Sauces,Buffalo Wings Sauce 300grams Single,220.0,Mc Way,300 grams,4.0,4.0,,3.8,10.0,2026-06-25
N35958684A,noon,Grocery,Sauces,Minced Chili 370grams,68.0,DOBELLA,370 grams,,,,4.1,29.0,2026-06-25
Z5D155AE9FF69652ED439Z,noon,Grocery,Sauces,"Rana Jalapeño Hot Sauce – Spicy Green Chili Sauce with Tangy Flavor | Pack of 3 Bottles | Perfect for Tacos, Burgers, Pizza & Grilled Foods | Authentic Hot Pepper Taste",220.0,Rana,Jalapeño Hot Sauce,3.0,3.0,,4.8,5.0,2026-06-25
Z4C548EC715BF583B5B9AZ,noon,Grocery,Sauces,Rana Tomato Ketchup Original – 565g – Rich Flavor for All Meals – Convenient Squeeze Bottle pack of 2,120.0,Rana,Tomato Ketchup Original – 565g,2.0,2.0,,4.8,5.0,2026-06-25
ZBE2AEE45F295EDEB14EFZ,noon,Grocery,Sauces,85% YELLOW GHOST sauce,299.0,Felfelaty,200 ml,3.0,3.0,,5.0,1.0,2026-06-25
N29595821A,noon,Grocery,Sauces,Classic Soya Sauce 150ml,294.0,Heinz,150 ml,5.0,5.0,,4.8,6.0,2026-06-25
Z9A6158BE359F22185529Z,noon,Grocery,Sauces,Mayonnaise Classic 200 grams,299.0,Good France,200 grams,3.0,3.0,,4.2,28.0,2026-06-25
N35958692A,noon,Grocery,Sauces,Dark Soy Sauce 300ml,137.0,MEGA FOODS,300 ml,,,,4.0,27.0,2026-06-25
Z503DE57DA5CE71FC2E1DZ,noon,Grocery,Sauces,Saegh Tomato puree 3 KG,68.0,Saegh,3 KG,4.0,4.0,,5.0,1.0,2026-06-25
Z16DEB0EF397C97FEBCAEZ,noon,Grocery,Sauces,Lebanese Al Taybat Liquid Spices – Authentic Oriental Marinade & Flavor – Premium Quality – 400ml Bottle,137.0,altayebat,Liquid Spices 400ml grams,3.0,3.0,,4.4,29.0,2026-06-25
Z8A9A09988F18B7E47B38Z,noon,Grocery,Sauces,Cheddar Daddy Sauce 280 gm - pack of 3,299.0,Miam,280 g,3.0,3.0,,3.0,,2026-06-25
Z066F53D1B1124CBB33D3Z,noon,Grocery,Sauces,Mustard Sauce 1 kg,299.0,Chefy Mix,1 kg,4.0,4.0,,4.5,37.0,2026-06-25
N48704761A,noon,Grocery,Sauces,Ranch Dressing 400grams,84.0,Good France,400 grams,3.0,3.0,,4.2,49.0,2026-06-25
N43894912A,noon,Grocery,Sauces,Green Olives Bruschetta Sauce 200grams,269.0,Agromonte,200 grams,3.0,3.0,,4.8,,2026-06-25
N40074718A,noon,Grocery,Sauces,Tahina & Black Honey 440 & 335grams,68.0,El bawadi,440 & 335 grams,,,,4.7,31.0,2026-06-25
Z8248074B606AB379018DZ,noon,Grocery,Sauces,Zero Treat Healthy Strawberry Sauce,299.0,zero treat,140g,3.0,3.0,,3.7,,2026-06-25
Z4D359546F9D94D584FE3Z,noon,Grocery,Sauces,Light Soy Sauce - 150 ml,299.0,SUN GARDEN,150 ml,4.0,4.0,,4.1,4.0,2026-06-25
Z64C85D2F28170CAFD61BZ,noon,Grocery,Sauces,Saegh Pomegranate Molasses 350g Squeeze,137.0,Saegh,350g,4.0,4.0,,3.9,11.0,2026-06-25
Z195C789A23FB1640C2E0Z,noon,Grocery,Sauces,KDD Tomato Paste - Pack of 2 (135g each) | 100% Natural & No Added Salt | Premium Quality Puree,68.0,KDD,135g,2.0,2.0,,2.0,,2026-06-25
N12281285A,noon,Grocery,Sauces,Lemon Juice Substitute 1Liters,137.0,Yamama,1 Liters,,,,4.5,10.0,2026-06-25
N41989242A,noon,Grocery,Sauces,Dark Soya Sauce 640ml Single,137.0,Tai Hua,640 ml,3.0,3.0,,5.0,6.0,2026-06-25
Z77B6C0DBEB07016B86C9Z,noon,Grocery,Sauces,Saegh red chili sauce 280G,299.0,Saegh,280G,4.0,4.0,,5.0,1.0,2026-06-25
N47697079A,noon,Grocery,Sauces,B.B.Q Sauce 200grams,299.0,Good France,200 grams,3.0,3.0,,4.5,78.0,2026-06-25
N43894907A,noon,Grocery,Sauces,Cherry Tomato With Olives Bruschetta Sauce 200grams,269.0,Agromonte,200 grams,4.0,4.0,,5.0,2.0,2026-06-25
Z0F579BCAABFB7E2850D3Z,noon,Grocery,Sauces,Barbecue Sauce 5 kg,299.0,Chefy Mix,5 kg,3.0,3.0,,5.0,4.0,2026-06-25
N46494124A,noon,Grocery,Sauces,Superior Dark Soy Sauce 500ml,137.0,Pearl River Bridge,500 ml,3.0,3.0,,4.9,21.0,2026-06-25
Z8039898E335126E1FE43Z,noon,Grocery,Sauces,Arkan Pure Sesame Tahini - 100% Natural - Creamy Texture & Authentic Taste,68.0,ARKAN,Pure Sesame Tahini - 100% Natural - Creamy Texture & Authentic Taste kg,3.0,3.0,,4.5,43.0,2026-06-25
Z8D97C4A209A1E95C2E4EZ,noon,Grocery,Sauces,Cold Ketchup Sauce 7g,299.0,Bubuzy,7,4.0,4.0,,4.4,,2026-06-25
Z46F3CC2C71E607DF6588Z,noon,Grocery,Sauces,دلو صلصة البرجر - 3.25 كجم,299.0,آد مي,3.25 كيلوجرام,4.0,4.0,,3.0,,2026-06-25
N44706806A,noon,Grocery,Sauces,Tomato Paste 360grams,68.0,GIARDINO,360 grams,,,,4.7,20.0,2026-06-25
N43406238A,noon,Grocery,Sauces,Pomegranate Molasses - 350ml,299.0,CHOiCE,350 ml,,,,4.4,12.0,2026-06-25
N39019065A,noon,Grocery,Sauces,Superior Dark Soy Sauce 150ml,269.0,Pearl River Bridge,150 ml,3.0,3.0,,4.4,7.0,2026-06-25
ZFEAE0703FD658069F2F1Z,noon,Grocery,Sauces,"Magic Moments Mocha Sauce, 640 g",299.0,Magic,640 g,3.0,3.0,,3.8,,2026-06-25
Z6EE33EAFD10DF5A3884AZ,noon,Grocery,Sauces,Hot harissa 320g,299.0,Saegh,320g,4.0,4.0,,4.2,7.0,2026-06-25
ZF987DDE72F1FE9FE78ACZ,noon,Grocery,Sauces,Pizza & Pasta Sauce - 340 gm,299.0,Easy Dip,Pizza & Pasta Sauce - 340 gm,4.0,4.0,,5.0,1.0,2026-06-25
Z94996FC0B6065F132173Z,noon,Grocery,Sauces,"Indofood Sumatra Lampung Hot Chilli Sauce, 140ml",299.0,Indofood,140ml,4.0,4.0,,4.7,,2026-06-25
N47697075A,noon,Grocery,Sauces,Hot Ketchup 400grams,299.0,Good France,400 grams,4.0,4.0,,4.7,46.0,2026-06-25
ZF18494F17A1B0925BB0EZ,noon,Grocery,Sauces,Extra Hot Hot Sauce - Diet Sauce 180 grams,299.0,Naturesta,180 grams,4.0,4.0,,3.8,15.0,2026-06-25
Z9B0848164B2A8E09F610Z,noon,Grocery,Sauces,Superior light Soy sauce- 150 ml,299.0,Haday,150 ml,4.0,4.0,,3.4,3.0,2026-06-25
Z5D1077DC8AFFBA66C4A7Z,noon,Grocery,Sauces,"Kraft Original Spreadable Cheddar Cheese, in a Press PC, 440g - 1 PC",299.0,Kraft,440g,3.0,3.0,,1.0,,2026-06-25
Z784510D74AC22C93AF9FZ,noon,Grocery,Sauces,"3 Bottles Al Tayebat Pure Pomegranate Molasses, 400ml Each, Rich Authentic Flavor, Multipurpose Cooking Ingredient, Value Pack",299.0,altayebat,400ml,4.0,4.0,,3.0,,2026-06-25
Z3E51F26C46400A9900D6Z,noon,Grocery,Sauces,"Sedjet chili oil with Flakes, 120 gm",299.0,Sedjet,120 g,4.0,4.0,,4.2,,2026-06-25
Z096AAE606D5233FC9BE7Z,noon,Grocery,Sauces,Pomgrana Hone - 350 ml,299.0,SUN GARDEN,350 ml,4.0,4.0,,4.1,28.0,2026-06-25
ZC007A2D9ADAB26393B2FZ,noon,Grocery,Sauces,Easy Dip Sriracha Sauce - 340g - Hot Chili All-Purpose Dipping & Seasoning Sauce,299.0,Easy Dip,Hot Chili 340g grams,4.0,4.0,,5.0,1.0,2026-06-25
N30328299A,noon,Grocery,Sauces,Cheddar Sauce 400grams,299.0,Good France,400 grams,,,,4.1,28.0,2026-06-25
ZD86872A0E45945BCCAEEZ,noon,Grocery,Sauces,Tomato Paste 360 grams,299.0,Bubuzy,360,3.0,3.0,,4.4,,2026-06-25
Z13FD513766A8CE503C00Z,noon,Grocery,Sauces,Samyang Buldak Artificial Spicy Hot Chicken Flavoured Sauce Original 200g,299.0,Samyang,200ml ml,4.0,4.0,,3.8,29.0,2026-06-25
N14501243A,noon,Grocery,Sauces,"Garlic Mayonnaise, 340ml",299.0,Mazola,340ml,,,,4.6,12.0,2026-06-25
ZAFBF8EF5447CD207790FZ,noon,Grocery,Sauces,Chili Mayo Sauce Bottle 430 Gram,299.0,Admiral,430,4.0,4.0,,4.1,,2026-06-25
Z3290F0DA7026A7042CE3Z,noon,Grocery,Sauces,Durra Pizza Sauce - 350g | Rich Flavor & Authentic Taste,299.0,Durra,"Comes in a 350g glass jar, convenient for storage and multiple uses.",4.0,4.0,,4.5,36.0,2026-06-25
ZA6124B556F5CD398A940Z,noon,Grocery,Sauces,Buttermilk Ranch 400 grams,299.0,Good France,400 grams,4.0,4.0,,4.6,53.0,2026-06-25
Z94D6C3A953C9DBE37432Z,noon,Grocery,Sauces,100g dried grated onion,299.0,Shana,100g,3.0,3.0,,5.0,1.0,2026-06-25
ZB2D2DD10950E6B46D13BZ,noon,Grocery,Sauces,Cheese Sauce 320g,299.0,GIARDINO,320,4.0,4.0,,4.5,,2026-06-25
N49731762A,noon,Grocery,Sauces,Strawberry Food Liquid 30 gram,299.0,DOBELLA,30 gram,4.0,4.0,,3.7,6.0,2026-06-25
Z633322DC6D4AF023248FZ,noon,Grocery,Sauces,Sriracha-cha Suace 260 gm - Pack of 3,299.0,Miam,260 g,3.0,3.0,,3.0,,2026-06-25
Z5DC2648B53C2B15D29B3Z,noon,Grocery,Sauces,"Pizza sauce , 5 kg",299.0,Lavida,5 kg,3.0,3.0,,4.8,7.0,2026-06-25
N42868021A,noon,Grocery,Sauces,Sriracha Mayonnaise Sauce 730ml,299.0,Flying Goose,730 ml,,,,4.8,11.0,2026-06-25
ZC533CBB3A66EE9D6A6F9Z,noon,Grocery,Sauces,Barbecue sauce 420g,299.0,Durra,420 g grams,3.0,3.0,,4.5,12.0,2026-06-25
Z0F389B5E8502E4674518Z,noon,Grocery,Sauces,Pomegranate Molasses 280 grams,299.0,DOBELLA,280 grams,3.0,3.0,,4.4,27.0,2026-06-25
N50711372A,noon,Grocery,Sauces,Soya Sauce Light 500ml Single,82.0,CHOiCE,500 ml,,,,4.8,10.0,2026-06-25
Z6E1DFBF2DEA8E684E165Z,noon,Grocery,Sauces,Samurai Sauce 320g,299.0,GIARDINO,320,3.0,3.0,,4.5,,2026-06-25
Z5F5E4A1ACACD161C0DEAZ,noon,Grocery,Sauces,"Al Tayibat Pomegranate Molasses – 100% Natural, Authentic Middle Eastern Flavor – 400ml Bottle",299.0,altayebat,Pomegranate Molasses 400ml ml,4.0,4.0,,4.4,29.0,2026-06-25
Z0CCEB19D22F777F8E595Z,noon,Grocery,Sauces,extra extra hot sauce - Nando's - La Sauce Piquante 125ML,299.0,Nando's,125ML,3.0,3.0,,4.7,,2026-06-25
Z78E4867A6B76AE95F642Z,noon,Grocery,Sauces,صلصة طماطم ملاذي.. سر الطبخة واللون الأحمر الغني في كل وجبة! 400 جم,299.0,malazi,400 جم,4.0,4.0,,2.0,,2026-06-25
N29012992A,noon,Grocery,Sauces,Halpino Sauce 100ml,299.0,Rana,100 ml,,,,4.2,14.0,2026-06-25
Z2B9BAA329C7EA2FF69C8Z,noon,Grocery,Sauces,lemon pickle sauce 350 g,299.0,Lavida,350,4.0,4.0,,5.0,5.0,2026-06-25
N41989245A,noon,Grocery,Sauces,Light Soy Sauce 2Liters Single,299.0,Tai Hua,2 Liters,,,,3.1,3.0,2026-06-25
ZE6726E79667393360DC2Z,noon,Grocery,Sauces,"Sweet & Sour Sauce 700ml | Tangy Fruity Asian Sauce for Stir-Fry, Marinades & Dipping",299.0,Mr.HUNG,700 ml,3.0,3.0,,2.0,,2026-06-25
N38793020A,noon,Grocery,Sauces,Lebanese Cooking Sauce 360grams,299.0,Puidor,360 grams,,,,5.0,3.0,2026-06-25
ZDA66B77CFA03A4F28210Z,noon,Grocery,Sauces,Dark Soy Sauce - 250 ml,299.0,SUN GARDEN,250 ml,3.0,3.0,,3.0,4.0,2026-06-25
N34976214A,noon,Grocery,Sauces,Tomato Paste 300grams,299.0,GIARDINO,300 grams,8.0,8.0,,4.7,28.0,2026-06-25
Z9D3DBAA96CE0B48A39BBZ,noon,Grocery,Sauces,"Cheddar Daddy , Smokey Jockey Burger & the great garlic butter 252 gm (Burger Boss Bundle)",299.0,Miam,252 g,3.0,3.0,,1.0,,2026-06-25
ZC62F7150E48E8960352EZ,noon,Grocery,Sauces,Sweet Chili Sauce - 200 grams (Pack of 2),299.0,Good France,200 g,2.0,2.0,,2.0,,2026-06-25
ZF72F60F395271C7254F5Z,noon,Grocery,Sauces,"Rana Hot Sauce – 474ml | Spicy Chili Sauce | Perfect for Meals, Snacks & Marinades",299.0,Rana,Hot Sauce – 474ml ml,2.0,2.0,,4.8,5.0,2026-06-25
Z1094C2B0208445606192Z,noon,Grocery,Sauces,Chili Ketchup 1 kg,299.0,Chefy Mix,1 kg,3.0,3.0,,4.6,38.0,2026-06-25
Z52EEA5CEC7C561D041E7Z,noon,Grocery,Sauces,صلصة طماطم ملاذي.. سر الطبخة واللون الأحمر الغني في كل وجبة! 800جم,299.0,malazi,800جم,4.0,4.0,,1.0,,2026-06-25
Z90E4BB284FC579C26B6DZ,noon,Grocery,Sauces,Mr Hung Sriracha Hot Chili Sauce,299.0,Mr.HUNG,160g,4.0,4.0,,3.0,,2026-06-25
Z7AD985F2DD0235501F85Z,noon,Grocery,Sauces,Extra Hot Hot Sauce - Diet Sauce 79 grams,299.0,Naturesta,79 grams,3.0,3.0,,3.8,15.0,2026-06-25
ZF4E7747F0B7B142EFD30Z,noon,Grocery,Sauces,Soy Sauce For Seafood- 450 ml,299.0,Haday,450 ml,3.0,3.0,,4.2,,2026-06-25
N47697077A,noon,Grocery,Sauces,Ketchup 200grams,299.0,Good France,200 grams,,,,4.2,52.0,2026-06-25
Z3348EBD755C3E6388C39Z,noon,Grocery,Sauces,معجون كاري أخضر 400 جم – معجون كاري تايلاندي أصيل للكاري والستير فراي والتتبيلات,299.0,بايسري,400 جرام,4.0,4.0,,5.0,1.0,2026-06-25
N30328294A,noon,Grocery,Sauces,Ketchup Bottle 400grams,299.0,Good France,400 grams,,,,4.4,57.0,2026-06-25
N52516713A,noon,Grocery,Sauces,Mayo Chili Sauce 200ml,299.0,Sriracha,200 ml,4.0,4.0,,4.3,6.0,2026-06-25
ZE576580A756FA2A12C45Z,noon,Grocery,Sauces,"BUY4U Dark Soy Sauce 1.8L – Authentic Asian Soy Sauce for Cooking, Rice & Noodles",299.0,BUY4U,1.8 liter Liters,4.0,4.0,,3.8,5.0,2026-06-25
N29595819A,noon,Grocery,Sauces,Superior Dark Soy Sauce 500ml,350.0,Heinz,500 ml,2.0,2.0,,4.7,15.0,2026-06-25
Z2F5AF3E20963CD937C4BZ,noon,Grocery,Sauces,Cheezy Sauce - 200 Gram,299.0,Good France,200,4.0,4.0,,4.2,14.0,2026-06-25
Z320EE3416B880E097C1CZ,noon,Grocery,Sauces,Mayonnaise Sauce 280 grams,299.0,Chefy Mix,280 grams,3.0,3.0,,3.2,17.0,2026-06-25
Z66ED8278E32B5603EB30Z,noon,Grocery,Sauces,Sriracha Ketchup Chili Sauce - 200 ml,299.0,Crying Thaiger,200 ml,4.0,4.0,,5.0,3.0,2026-06-25
N27673713A,noon,Grocery,Sauces,Premium Dark Soy Sauce 150ml,299.0,Heinz,150 ml,,,,4.7,16.0,2026-06-25
ZFFD8FDBFBDD7BBE3112FZ,noon,Grocery,Sauces,صلصة كاتشب زيرو تريت الصحية,299.0,زيرو تريت,160g,4.0,4.0,,3.7,,2026-06-25
ZCF162BC8296987E41204Z,noon,Grocery,Sauces,Samyang Buldak Korean Spicy Hot Chicken Flavor Sauce Back of 2X - Carbonara - Original 3* 200g,299.0,Samyang,200g,4.0,4.0,,1.7,3.0,2026-06-25
Z12BA5E61C328BE065025Z,noon,Grocery,Sauces,Healthy and Tasty Caesar Sauce 340 g,299.0,Healthy And Tasty,340 g,4.0,4.0,,3.0,,2026-06-25
ZF9E348C930347E3E6043Z,noon,Grocery,Sauces,"Durra Double Concentrated Tomato Paste – Rich Flavor, 800g Tin",299.0,Durra,800g Tin grams,3.0,3.0,,4.3,43.0,2026-06-25
N29042935A,noon,Grocery,Sauces,Tomato Ketchup 475grams,299.0,Mc Sauce,475 grams,,,,4.8,12.0,2026-06-25
N43406250A,noon,Grocery,Sauces,BBQ Sauce - 300grams,299.0,CHOiCE,300 grams,,,,2.5,4.0,2026-06-25
N41989240A,noon,Grocery,Sauces,Dark Soy Sauce 320ml Single,299.0,Tai Hua,320 ml,,,,5.0,3.0,2026-06-25
N46494128A,noon,Grocery,Sauces,Sweet Soy Sauce 300grams,299.0,AKETHAI,300 grams,3.0,3.0,,4.9,14.0,2026-06-25
ZCA09537277E47B922BF0Z,noon,Grocery,Sauces,BBQ Sauce Gold - 5 kg,299.0,Naturesta,5 kg,3.0,3.0,,4.6,8.0,2026-06-25
Z78E758DB8F719E41B35BZ,noon,Grocery,Sauces,"Mustard Squeeze , 540 gm",299.0,Lavida,540 grams,4.0,4.0,,4.3,17.0,2026-06-25
Z2F73C2B80D723DF2654FZ,noon,Grocery,Sauces,Rana Original Saudi Hot Sauce - Perfect for Restaurants and Quick Meals - 100ml,299.0,Rana,100ml,4.0,4.0,,5.0,1.0,2026-06-25
N30328295A,noon,Grocery,Sauces,American Mustard Sauce 400grams,299.0,Good France,400 grams,,,,4.4,34.0,2026-06-25
N38793021A,noon,Grocery,Sauces,Arrabbiata Pasta Sauce 360grams,299.0,Puidor,360 grams,,,,4.6,,2026-06-25
ZC809F2A11E299FAAA033Z,noon,Grocery,Sauces,Sedjet Hot Dijon Mustard – Made from high-quality spicy French Dijon seeds – 140 g,299.0,Sedjet,140 g,3.0,3.0,,4.2,,2026-06-25
N42868018A,noon,Grocery,Sauces,Strained Tomatoes 100% Italian 690grams,299.0,Granoro,690 grams,,,,5.0,8.0,2026-06-25
ZD06FF9F918B93ECBA703Z,noon,Grocery,Sauces,Healthy BBQ Sauce X2,299.0,zero treat,160g,4.0,4.0,,3.7,,2026-06-25
ZDB4B6520CEFC3537CE16Z,noon,Grocery,Sauces,Soy sauce for improving digestion and intestinal health 250ml,299.0,Elhawag,250ml,3.0,3.0,,4.0,1.0,2026-06-25
Z1427AB693A3E9ED8E5D8Z,noon,Grocery,Sauces,"Saudia Premium Tomato Sauce, Rich & Pure Flavour, Multipack of 3",299.0,Saudia,3 l,3.0,3.0,,3.0,,2026-06-25
N46494134A,noon,Grocery,Sauces,Teriyaki Sauce 300grams,299.0,AKETHAI,300 grams,3.0,3.0,,4.6,,2026-06-25
N49731765A,noon,Grocery,Sauces,Pineapple Food Liquid 30 gram,299.0,DOBELLA,30 gram,3.0,3.0,,4.4,5.0,2026-06-25
ZFC6FF76FE314CF58B5C2Z,noon,Grocery,Sauces,Rich Mayonnaise Sauce 3.3kg,299.0,Chefy Mix,3.3,3.0,3.0,,3.0,,2026-06-25
Z8E07EEF4FC2863C25967Z,noon,Grocery,Sauces,Heinz Tomato Ketchup - 4 Pack (200g Each),253.0,Heinz,200g,3.0,3.0,,4.0,,2026-06-25
ZDDFD62E496B8D17CBCE8Z,noon,Grocery,Sauces,Hot Ketchup 200 grams,299.0,Good France,200 grams,4.0,4.0,,4.7,21.0,2026-06-25
Z6F6A0B860B1A756B707CZ,noon,Grocery,Sauces,Mayonnaise Sauce 320g,84.0,GIARDINO,320,3.0,3.0,,4.5,,2026-06-25
N34976235A,noon,Grocery,Sauces,Hot Sauce 105grams,299.0,GIARDINO,105 grams,,,,4.2,12.0,2026-06-25
Z1399C70994EF57CD2972Z,noon,Grocery,Sauces,Ketchup Sauce 5 kg,299.0,Chefy Mix,5 kg,3.0,3.0,,4.0,21.0,2026-06-25
Z2F882982EA8C4BE87C5FZ,noon,Grocery,Sauces,Nando's Hot Peri-Peri Sauce 125g,299.0,Nando's,125g,3.0,3.0,,4.7,,2026-06-25
Z6703CA04278B25D0F2E6Z,noon,Beverages,Soft Drinks,Monin Premium Coconut Flavored Syrup for Coffee and Beverages - 1L,107.0,Monin,1L,,,,4.5,,2026-06-25
Z8A1B0A875277070421A2Z,noon,Beverages,Soft Drinks,Schweppes Sparkling Pomegranate Flavoured Drink - 1L per Bottle - Pack of 6 Bottles,107.0,Schweppes,1L,6.0,6.0,,4.5,,2026-06-25
ZF4F351E5835F13F22788Z,noon,Beverages,Soft Drinks,Carbonated Drink With Lemon Lime Flavor 275ml,107.0,ZEE,275,,,,4.2,,2026-06-25
Z454CB59B997E0FF62EB2Z,noon,Beverages,Soft Drinks,Alpro Almond No Sugars Plant-Based Drink With Calcium - 1L,107.0,Alpro,1L,,,,4.5,,2026-06-25
N28991815A,noon,Beverages,Soft Drinks,Miranda Orange 2.43Liters,107.0,Mirinda,2.43 Liters,,,,4.6,21.0,2026-06-25
Z9BAE150CD8C35D9D099DZ,noon,Beverages,Soft Drinks,Naturally Sweetened Cola With Monk Fruit – 5 Bottles + 1 Free,107.0,LAKANTO,400 ml - 5 Bottles + 1 Free,,,,5.0,,2026-06-25
Z131242F494C492EBEB65Z,noon,Beverages,Soft Drinks,Rita Mixed Berries Sparkling Drink - Pack of 2 (240ml each) | Refreshing Fruit Flavor | Zesty & Bubbly,107.0,Rita,240ml,2.0,2.0,,2.0,,2026-06-25
Z7253C7A2492A7ABF4064Z,noon,Beverages,Soft Drinks,Monin Premium Mango Flavored Syrup for Mocktails and Beverages - 700 ml,107.0,Monin,700 ml,,,,4.5,,2026-06-25
ZFBED6F3DD75FEC394789Z,noon,Beverages,Soft Drinks,7 UP 150ml 2,107.0,7 Up,150ml,6.0,6.0,,2.0,,2026-06-25
Z96877B7FC42C92ACCD29Z,noon,Beverages,Soft Drinks,Monin Premium Crème Brûlée Flavored Syrup for Coffee and Beverages - 700ml,107.0,Monin,700ml,,,,4.5,,2026-06-25
Z1ED223E5D51E49E2C57FZ,noon,Beverages,Soft Drinks,"Kinza Citrus Soft Drink, 300 ml – Pack of 3 | Refreshing Carbonated Citrus Beverage | Crisp Lemon & Lime Flavor",107.0,Kinza,300 ml,3.0,3.0,,3.0,,2026-06-25
ZD8D9CA5283326E280DB9Z,noon,Beverages,Soft Drinks,Monin Premium Caramel Flavored Syrup for Coffee and Beverages - 1L,107.0,Monin,1L,,,,4.5,,2026-06-25
Z01D3C691117BE1E8CDADZ,noon,Beverages,Soft Drinks,Monin Premium Peach Tea Syrup for Iced Tea and Refreshing Beverages - 1L,107.0,Monin,1L,,,,4.5,,2026-06-25
ZD287102C5033E4A3CB1AZ,noon,Beverages,Soft Drinks,Forever Citron Lemon Flavored Sparkling Water 330ml,107.0,Maison Perrier,330 ml,,,,4.8,,2026-06-25
Z4939BD669A65AD44067CZ,noon,Beverages,Soft Drinks,Soft Drink With Red Grape Flavor 250 ml,107.0,Rauch,250,12.0,12.0,,4.0,2.0,2026-06-25
ZEC12320BB640CED5DBECZ,noon,Beverages,Soft Drinks,Pepsi Cream Soda Zero Sugar 330ml,107.0,Pepsi,330ml,,,,4.5,,2026-06-25
Z1C22B28299F41A4A3FA4Z,noon,Beverages,Soft Drinks,Soft Drink 2.43 Liters,107.0,Pepsi,2.43 Liters,24.0,24.0,,4.6,7.0,2026-06-25
N47874273A,noon,Beverages,Soft Drinks,Stevia Soft Drink 330ml,107.0,Green Cola,330 ml,,,,4.5,33.0,2026-06-25
N51736580A,noon,Beverages,Soft Drinks,Energy Drink 250ml Pack of 4,107.0,Power Horse,250 ml,4.0,4.0,,4.6,9.0,2026-06-25
Z9CF8D44EF6F3B784BDE3Z,noon,Beverages,Soft Drinks,Alpro Barista Oat Plant-Based Drink Source of Fiber - 1L,434.0,Alpro,1L,1.0,1.0,,4.5,,2026-06-25
ZAE1B6F968F0AC94B7E45Z,noon,Beverages,Soft Drinks,Monin Premium Salted Caramel Flavored Syrup for Coffee and Beverages - 700ml,107.0,Monin,700ml,,,,4.5,,2026-06-25
Z6DB52887F7B33EE13C2EZ,noon,Beverages,Soft Drinks,Mogu Mogu Watermelon Juice 320ml,107.0,موجو موجو,320ml,2.0,2.0,,3.0,,2026-06-25
Z7EEFDD1F12DA00923B9DZ,noon,Beverages,Soft Drinks,Vimto Original Fruit Cordial Concentrated Syrup - 710ml,107.0,Vimto,710ml,,,,4.6,,2026-06-25
Z6BD72839E55C700390FBZ,noon,Beverages,Soft Drinks,Monin Premium Pure Cane Sugar Flavored Syrup for Coffee and Beverages - 1L,107.0,Monin,1L,,,,4.5,,2026-06-25
ZA24A74B075949BE3080FZ,noon,Beverages,Soft Drinks,"Lipton Ice Tea French Tropical, Ready-to-Drink Iced Tea with Tropical Fruit Flavor, 330ml Cans, Pack of 2",107.0,Lipton Tea,330ml,2.0,2.0,,,,2026-06-25
Z53C43B4FB42A75B3C6DFZ,noon,Beverages,Soft Drinks,Monin Premium Grenadine Flavored Syrup for Mocktails and Beverages - 1L,107.0,Monin,1L,,,,4.5,,2026-06-25
Z2DB7D2A48DB9B7BCD86CZ,noon,Beverages,Soft Drinks,KDD Orange & Grape Mixed Fruit Juice – 125ml (Pack of 6) – Refreshing Natural Fruit Blend with No Added Preservatives,107.0,KDD,125ml (Pack of 6),6.0,6.0,,4.5,,2026-06-25
Z28AF360FEBBB0C3DEA24Z,noon,Beverages,Soft Drinks,Monin Premium Caramel Flavored Syrup for Coffee and Beverages - 250ml,107.0,Monin,250ml,,,,4.5,,2026-06-25
Z7826FAACCD2A9E99593AZ,noon,Beverages,Soft Drinks,Monin Premium Passion Fruit Flavored Syrup for Mocktails and Beverages - 250ml,107.0,Monin,250ml,,,,4.5,,2026-06-25
ZA8E9C38495EA790F7FF3Z,noon,Beverages,Soft Drinks,Alpro Barista Coconut Plant-Based Drink With Soya & Calcium - 1L,107.0,Alpro,1L,,,,4.5,,2026-06-25
ZA812610C9103800F49F8Z,noon,Beverages,Soft Drinks,"Capri-Sun Orange Juice Drink – Refreshing Fruit Beverage, 200ml Pouches – Pack of 3",107.0,Capri-Sun,200ml,3.0,3.0,,3.0,,2026-06-25
Z2D516F723F1A12DA7819Z,noon,Beverages,Soft Drinks,Monin Premium Sugar Free Hazelnut Flavored Syrup for Coffee and Beverages - 700ml,107.0,Monin,700ml,,,,4.5,,2026-06-25
ZC1610A58CFE47A4CCE8AZ,noon,Beverages,Soft Drinks,Diet Soft Drink PET Bottle 1.47L,107.0,Pepsi,1.47 Liters,,,,1.0,,2026-06-25
ZAA333A4697EC3F7EC09DZ,noon,Beverages,Soft Drinks,Cola Soft Drink 1 L,107.0,Green Cola,1 Liters,6.0,6.0,,4.6,12.0,2026-06-25
Z94AA3071E35DE3AF9C55Z,noon,Beverages,Soft Drinks,"Lipton Ice Tea French Raspberry, Ready to Drink Iced Tea Beverage, Refreshing Raspberry Flavor, 330ml Cans, Pack of 2",107.0,Lipton Tea,330ml,2.0,2.0,,,,2026-06-25
ZBDC6A5EBC462A0190910Z,noon,Beverages,Soft Drinks,Monin Cinnamon Premium Flavored Syrup - 1L,107.0,Monin,1L,,,,4.5,,2026-06-25
Z5F151917EC29EE00BD52Z,noon,Beverages,Soft Drinks,KDD Orange Juice – Pack of 1 | Refreshing Orange Drink with Natural Citrus Taste | Ready to Drink,107.0,KDD,Pack of 1,1.0,1.0,,1.0,,2026-06-25
Z1E7898BC9E01B9CD7BDDZ,noon,Beverages,Soft Drinks,Carbonated Drink With Sklites Candy Flavor 275ml,107.0,ZEE,275,,,,4.2,,2026-06-25
Z59345FB64BDD875D0C83Z,noon,Beverages,Soft Drinks,DR PEPPER - VANILLA FLOAT - 330 ML,107.0,Dr Pepper,330 ML,,,,4.5,,2026-06-25
Z1C64475DC496FFC5B4F6Z,noon,Beverages,Soft Drinks,Vimto Fruit Flavored Drink – 250ml (Pack of 2) – Original Refreshing Fruit Blend – Ready to Drink – Pocket Size,107.0,Vimto,250ml,2.0,2.0,,2.0,,2026-06-25
ZC2156DCBAC991998F999Z,noon,Beverages,Soft Drinks,Soft Drink Bottle 1.47 Liters,107.0,7up,1.47 Liters,,,,5.0,2.0,2026-06-25
Z6D508FB605ABA1FFE424Z,noon,Beverages,Soft Drinks,Carbonated Hibiscus Naturally Sweetened with Monk Fruit - 250 ml,107.0,LAKANTO,250 ml,,,,5.0,3.0,2026-06-25
Z21DFC71A2CDF8BEA84CAZ,noon,Beverages,Soft Drinks,Monin Premium Kiwi Flavored Syrup for Mocktails and Beverages - 1L,107.0,Monin,1L,,,,4.5,,2026-06-25
Z5BD6D01059A36E340614Z,noon,Beverages,Soft Drinks,"Mogu Mogu watermelon Flavoured Drink with Nata de Coco, 320ml – Pack of 3 | Refreshing Tropical Juice Beverage with Chewy Coconut Bits",107.0,Mogu Mogu,320ml,3.0,3.0,,,,2026-06-25
Z018C636EF2326D0A295FZ,noon,Beverages,Soft Drinks,Monin Green Mint Premium Flavored Syrup - 1L,107.0,Monin,1L,,,,4.5,,2026-06-25
ZC0CD1AD407E0B9E7B5CDZ,noon,Beverages,Soft Drinks,Monin Premium Agave Sugar Flavored Syrup for Coffee and Beverages - 700ml,107.0,Monin,700ml,,,,4.5,,2026-06-25
N29340589A,noon,Beverages,Soft Drinks,Soft Drink - 250ml,107.0,7up,250 ml,12.0,12.0,,4.5,16.0,2026-06-25
Z0D4CC3EF7FCCE4A732F8Z,noon,Beverages,Soft Drinks,"Pepsi 150ml (small size), Saudi version",107.0,Pepsi,150ml,12.0,12.0,,4.5,,2026-06-25
Z90AC5A68FB098B80318CZ,noon,Beverages,Soft Drinks,Vitamin Sparkling Drink 100% Natural Flavors - Blueberry,107.0,V7,300 ml,12.0,12.0,,4.4,193.0,2026-06-25
Z9466B093770E21CCAC7DZ,noon,Beverages,Soft Drinks,Green Apple 1.47 Liters,107.0,Mirinda,1.47 Liters,,,,5.0,3.0,2026-06-25
ZE5CC3311A9667DE1433FZ,noon,Beverages,Soft Drinks,Naturally Sweetened True Orange With Monk Fruit - 5 Bottles + 1 Free,107.0,LAKANTO,400 ml - 5 Bottles + 1 Free,,,,5.0,,2026-06-25
Z1703EAE26DDDAADD78AAZ,noon,Beverages,Soft Drinks,"Elsaudia Chocolate Milk Drink, 200ml Pack of 3 – Rich & Creamy Chocolate Flavoured Milk – Nutritious Ready-to-Drink Beverage for Kids & Adults",107.0,Saudia,200ml,3.0,3.0,,3.0,,2026-06-25
N29595586A,noon,Beverages,Soft Drinks,Miranda Green Apple 2.43Liters,107.0,Mirinda,2.43 Liters,,,,5.0,5.0,2026-06-25
Z672FF934A04B698CD78EZ,noon,Beverages,Soft Drinks,Pepsi Strawberries & Cream Flavor 330ml,107.0,Pepsi,330ml,,,,4.5,,2026-06-25
N53183018A,noon,Beverages,Soft Drinks,Green Mocktails Mojito 330grams,107.0,Green Cola,330 grams,,,,4.2,27.0,2026-06-25
Z2525F1E10A7C8BE8F2B8Z,noon,Beverages,Soft Drinks,Monin Premium Salted Caramel Flavored Syrup for Coffee and Beverages - 250ml,107.0,Monin,250ml,,,,4.5,,2026-06-25
Z816F65C2F7842B7C2417Z,noon,Beverages,Soft Drinks,Monin Premium Green Apple Flavored Syrup for Mocktails and Beverages - 700ml,107.0,Monin,700ml,,,,4.5,,2026-06-25
ZB40D93AAF2989C4209E2Z,noon,Beverages,Soft Drinks,Monin Premium Strawberry Flavored Syrup for Mocktails and Beverages - 250ml,107.0,Monin,250ml,,,,4.5,,2026-06-25
Z686D59A295B3BE2AFEB2Z,noon,Beverages,Soft Drinks,Monin Premium Piña Colada Flavored Syrup for Mocktails and Beverages - 700ml,107.0,Monin,700ml,,,,4.5,,2026-06-25
N28991787A,noon,Beverages,Soft Drinks,Soft Drinks Can Orange 240ml,107.0,Mirinda,240 ml,12.0,12.0,,4.3,13.0,2026-06-25
ZD139B406B8950500E4C3Z,noon,Beverages,Soft Drinks,Orange 1.47 Liters,107.0,Mirinda,1.47 Liters,12.0,12.0,,5.0,4.0,2026-06-25
ZE10D144B09929D67ACC8Z,noon,Beverages,Soft Drinks,Monin Premium Cherry Flavored Syrup for Mocktails and Beverages - 1L,107.0,Monin,1L,,,,4.5,,2026-06-25
Z556BCC591C802C30E06AZ,noon,Beverages,Soft Drinks,MOGU MOGU Peach Flavored Drink With NATA DE COCO 320ml,107.0,Mogu Mogu,320ml,2.0,2.0,,3.0,,2026-06-25
ZBC06F0EC9A5E5E1FB8DCZ,noon,Beverages,Soft Drinks,Soft Drink With Peach Flavor 250 ml,107.0,Rauch,250,,,,4.4,,2026-06-25
Z65AB63311436622CD5F4Z,noon,Beverages,Soft Drinks,Cola-Flavored Soft Drink 355ml,107.0,Pepsi,355 ml,,,,4.5,,2026-06-25
ZF5432C802D86DE1F9A8EZ,noon,Beverages,Soft Drinks,Monin Premium Chocolate Cookie Flavored Syrup for Coffee and Beverages - 250ml,107.0,Monin,250ml,,,,4.5,,2026-06-25
N28991816A,noon,Beverages,Soft Drinks,Soft Drink 2.43Liters,107.0,7up,2.43 Liters,6.0,6.0,,3.9,33.0,2026-06-25
ZF2A7184BA88D205F8BE0Z,noon,Beverages,Soft Drinks,Caffeine Free Cola Drink 0% Sugar 330ml,107.0,Green Cola,330ml,,,,5.0,5.0,2026-06-25
Z645C5C22808077148FB6Z,noon,Beverages,Soft Drinks,Monin Premium Madagascar Vanilla Flavored Syrup for Coffee and Beverages - 250ml,107.0,Monin,250ml,,,,4.5,,2026-06-25
ZEC9568CF659356D80C11Z,noon,Beverages,Soft Drinks,سيرب مونين نكهة البندق المحمص الغنية والمميزة للمشروبات والقهوة - 1 لتر,107.0,مونين,1 لتر,,,,1.0,,2026-06-25
Z632E716E7262E4147657Z,noon,Beverages,Soft Drinks,Monin Premium Raspberry Tea Syrup for Iced Tea and Refreshing Beverages - 700ml,107.0,Monin,700ml,,,,4.5,,2026-06-25
ZC5EF671F1EE668D58588Z,noon,Beverages,Soft Drinks,Monin Premium Cinnamon Flavored Syrup for Coffee and Beverages - 1L,107.0,Monin,1L,,,,4.5,,2026-06-25
ZC1FD3CF42A69942AB12DZ,noon,Beverages,Soft Drinks,Carbonated Drink With Cola Flavor 275ml,107.0,ZEE,275,,,,4.2,,2026-06-25
Z46CB32D83C568127B41EZ,noon,Beverages,Soft Drinks,Monin Premium Hazelnut Flavored Syrup for Coffee and Beverages - 1L,107.0,Monin,1L,,,,4.5,,2026-06-25
Z1571738B00F72F00E178Z,noon,Beverages,Soft Drinks,Monin Premium Coffee Flavored Syrup for Specialty Drinks and Desserts - 700ml,107.0,Monin,700ml,,,,4.5,,2026-06-25
ZCD5FB58ED82CC1711095Z,noon,Beverages,Soft Drinks,Lemon-Flavored Soft Drink 355ml,107.0,7up,355 ml,12.0,12.0,,5.0,1.0,2026-06-25
ZD1CB2141392073075083Z,noon,Beverages,Soft Drinks,Dr Pepper Strawberries & Cream 330 ml,107.0,Dr Pepper,330 ml,,,,4.5,,2026-06-25
Z915F315B7CA3489C4F14Z,noon,Beverages,Soft Drinks,Soft Drink Lemon Lime - 1 Liters,107.0,Green Cola,1 Liters,,,,4.5,3.0,2026-06-25
ZE5B7F9598F1E7F19B064Z,noon,Beverages,Soft Drinks,Monin Premium Sugar Free Vanilla Flavored Syrup for Coffee and Beverages - 700ml,107.0,Monin,700ml,,,,4.5,,2026-06-25
Z96410E465B9753C49CF8Z,noon,Beverages,Soft Drinks,Monin Non-Alcoholic Bitter Concentrated Syrup for Mocktails and Beverages - 700ml,107.0,Monin,700ml,,,,4.5,,2026-06-25
ZC3AB4C0D63712C9C5669Z,noon,Beverages,Soft Drinks,Soft Drink Bottle 1.47L,107.0,Pepsi,1.47 Liters,6.0,6.0,,1.0,,2026-06-25
ZAE5CB78E7A642DDBE62EZ,noon,Beverages,Soft Drinks,Monin Premium Green Mint Flavored Syrup for Mocktails and Beverages - 1L,1111.0,Monin,1L,,,,4.5,,2026-06-25
Z5480F05E3AD5FEFA9436Z,noon,Beverages,Soft Drinks,Vitamin Sparkling Drink 100% Natural Flavors - Pina Colada,107.0,V7,300 ml,12.0,12.0,,4.3,201.0,2026-06-25
Z832F8ED3011CCEE937A4Z,noon,Beverages,Soft Drinks,Monin Premium Yellow Banana Flavored Syrup for Coffee and Beverages - 700ml,107.0,Monin,700ml,40.0,40.0,,4.5,,2026-06-25
Z1ECC43FA400F065B0E55Z,noon,Beverages,Soft Drinks,Alpro Barista Almond Plant-Based Drink With Calcium - 1L,107.0,Alpro,1L,,,,4.5,,2026-06-25
ZD74D2C9663CD6066B778Z,noon,Beverages,Soft Drinks,Monin Premium Speculoos Flavored Syrup for Coffee and Beverages - 700ml,107.0,Monin,700ml,,,,4.5,,2026-06-25
Z86F61D6503A6E0A74157Z,noon,Beverages,Soft Drinks,Monin Premium Rose Flavored Syrup for Mocktails and Beverages - 700ml,107.0,Monin,700ml,,,,4.5,,2026-06-25
Z21C20059967B33663866Z,noon,Beverages,Soft Drinks,Naturally Sweetened Cola With Monk Fruit – 3 Bottles,107.0,LAKANTO,400 ml - 3 Bottles,3.0,3.0,,3.0,,2026-06-25
Z9E7E6AE6530ABF27F494Z,noon,Beverages,Soft Drinks,Calorie Carbonated Drink Tangerine With No Sugar 275ml,107.0,ZEE,275,,,,4.2,,2026-06-25
Z5492C485AAE8EAE5E245Z,noon,Beverages,Soft Drinks,Monin Premium Irish Cream Flavored Syrup for Coffee and Beverages - 1L,107.0,Monin,1L,,,,4.5,,2026-06-25
ZE3EC7FEB3BF9343AD207Z,noon,Beverages,Soft Drinks,Mogu Mogu Strawberry Flavoured Drink – 320ml Pack of 3 | Refreshing Fruity Beverage with Chewy Nata de Coco Bits,107.0,Mogu Mogu,320ml,3.0,3.0,,,,2026-06-25
ZD207CAB3E60D953C94B1Z,noon,Beverages,Soft Drinks,Oronamin C Japanese Carbonated Drink 120ml,107.0,Oronamin C,120ml,,,,4.7,,2026-06-25
ZDC3A418C97EFB226E70FZ,noon,Beverages,Soft Drinks,Forever Citron Vert Lime Sleek Drink 330 ml,107.0,Perrier,330 ml,,,,4.6,,2026-06-25
ZA36B42FD36C6037B7B08Z,noon,Beverages,Soft Drinks,Monin Premium Madagascar Vanilla Flavored Syrup for Coffee and Beverages - 1L,107.0,Monin,1L,,,,4.5,,2026-06-25
ZEA417466450E017CD6AFZ,noon,Beverages,Soft Drinks,"Rita Mojito Sparkling Drink – Citrus Flavoured, Carbonated | 240ml Can, Pack of 3 | Refreshing Fizzy Beverage",107.0,Rita,240ml,3.0,3.0,,3.0,,2026-06-25
Z3DFAC0E4C959D76BD87CZ,noon,Beverages,Soft Drinks,Monin Premium Coconut Flavored Syrup for Coffee and Beverages - 250ml,107.0,Monin,250ml,,,,4.5,,2026-06-25
N52422173A,noon,Beverages,Soft Drinks,Berry Mix 275ml,107.0,Freez,275 ml,,,,5.0,3.0,2026-06-25
ZB13BF46E9DB0FD3671DBZ,noon,Beverages,Soft Drinks,Soft Drink Extra Fizz 1.47 Liters,107.0,Pepsi,1.47 Liters,,,,1.8,4.0,2026-06-25
Z3A5BED86A1A85C8751E3Z,noon,Beverages,Soft Drinks,Monin Sugar Free Vanilla Syrup 250ml - Healthy & Rich Flavor for Your Daily Coffee,107.0,Monin,250ml,,,,4.5,,2026-06-25
Z4CF747CE3AF8225ABC3DZ,noon,Beverages,Soft Drinks,Monin Premium Lime Juice Cordial Syrup for Mocktails and Beverages - 1L,107.0,Monin,1L,,,,4.5,,2026-06-25
ZA71699B9CF033C7DA32DZ,noon,Beverages,Soft Drinks,Monin Lemon Rantcho Premium Juice Concentrate - 700ml,107.0,Monin,700ml,,,,4.5,,2026-06-25
ZD50998F993A39C865FD9Z,noon,Beverages,Soft Drinks,Monin Premium Pomegranate Flavored Syrup for Mocktails and Beverages - 700ml,107.0,Monin,700ml,,,,4.5,,2026-06-25
Z9FD4952E7A39ADABE1E1Z,noon,Beverages,Soft Drinks,Monin Premium Raspberry Flavored Syrup for Mocktails and Beverages - 1L,107.0,Monin,1L,,,,4.5,,2026-06-25
ZF7FD40D33D9705062510Z,noon,Beverages,Soft Drinks,Naturally Sweetened True Orange With Monk Fruit - 3 Bottles,107.0,LAKANTO,400 ml - 3 Bottles,,,,3.0,,2026-06-25
ZEBCBE254C40C428431DBZ,noon,Beverages,Soft Drinks,Monin Premium Chocolate Cookie Flavored Syrup for Coffee and Beverages - 700ml,107.0,Monin,700ml,,,,4.5,,2026-06-25
ZD7377EF2FFA2035D373BZ,noon,Beverages,Soft Drinks,Monin Sugar Free Caramel Syrup 250ml - Rich Flavor Perfect for Coffee and Drinks,107.0,Monin,250ml,,,,5.0,1.0,2026-06-25
ZE68FB6740466B52311D8Z,noon,Beverages,Soft Drinks,Monin Premium Ginger Flavored Syrup for Mocktails and Beverages - 700ml,107.0,Monin,700ml,,,,4.5,,2026-06-25
Z2826A283B6A178BA309BZ,noon,Beverages,Soft Drinks,"Rita Sparkling Berry Drink | Refreshing Carbonated Berry Beverage | Fruity & Fizzy Taste | Perfect for Parties, Meals & Refreshment pack of 2",107.0,Rita,500g,2.0,2.0,,2.0,,2026-06-25
Z087EFA9915FFC74B48EFZ,noon,Beverages,Soft Drinks,Naturally Sweetened Lemon Lime With Monk Fruit - 3 Bottles,107.0,LAKANTO,400 ml - 3 Bottles,,,,3.0,,2026-06-25
N29340601A,noon,Beverages,Soft Drinks,Mirinda Orange 250ml,107.0,Mirinda,250 ml,,,,4.5,18.0,2026-06-25
Z5152AED626F961388EB7Z,noon,Beverages,Soft Drinks,Monin Premium Mojito Mint Flavored Syrup for Mocktails and Beverages - 1L,107.0,Monin,1L,,,,4.5,,2026-06-25
Z3107E7AD69954C1348DAZ,noon,Beverages,Soft Drinks,Monin Lime Rantcho Premium Juice Concentrate - 700ml,107.0,Monin,700ml,,,,4.5,,2026-06-25
Z0B746C21F4848B2B17CFZ,noon,Beverages,Soft Drinks,Monin Premium Blackberry Flavored Syrup for Mocktails and Beverages - 700ml,107.0,Monin,700ml,,,,4.5,,2026-06-25
ZDF83D74C2E0B08872584Z,noon,Beverages,Soft Drinks,Vimto,107.0,Vimto,500g,,,,4.8,8.0,2026-06-25
ZD87AA6B6E942031ECF8BZ,noon,Beverages,Soft Drinks,Pepsi Saudi – Original Cola Soft Drink in Can – Refreshing Carbonated Beverage pack of 2,107.0,Pepsi,pack of 2,2.0,2.0,,4.0,1.0,2026-06-25
ZDB466A2093893D68C3DDZ,noon,Beverages,Soft Drinks,Monin Premium Mojito Mint Flavored Syrup for Mocktails and Beverages - 250ml,639.0,Monin,250ml,,,,4.5,,2026-06-25
N28991823A,noon,Beverages,Soft Drinks,Soft Drink 400ml,234.0,7up,400 ml,6.0,6.0,,4.6,20.0,2026-06-25
Z12A891449755E0F25BD1Z,noon,Beverages,Soft Drinks,Orange-Flavored Soft Drink 355ml,139.0,Mirinda,355 ml,,,,4.5,,2026-06-25
ZBAFDF960735FD7AAF78DZ,noon,Beverages,Soft Drinks,sun top apple pack of 6 250ml,129.0,Suntop,250ml,6.0,6.0,,4.6,,2026-06-25
N28991824A,noon,Beverages,Soft Drinks,lemon Soda Cans 240ml,234.0,7up,240 ml,3.0,3.0,,4.8,10.0,2026-06-25
Z742D776E20F7D83F7AD8Z,noon,Beverages,Soft Drinks,Soft Drink With White Grape Flavor 250 ml,139.0,Rauch,250,,,,4.4,,2026-06-25
Z90A1C3EBDDB3600186C1Z,noon,Beverages,Soft Drinks,Monin Non-Alcoholic Caribbean Rum Flavored Syrup for Coffee and Beverages - 700ml,255.0,Monin,700ml,,,,4.5,,2026-06-25
ZC6A2E4B94204D4E73F61Z,noon,Beverages,Soft Drinks,Monin Premium Brownie Flavored Syrup for Coffee and Beverages - 700ml,255.0,Monin,700ml,,,,4.5,,2026-06-25
Z2839A80F1F83AC17211BZ,noon,Beverages,Soft Drinks,Monin Premium Sugar Free Hazelnut Flavored Syrup for Coffee and Beverages - 250ml,639.0,Monin,250ml,,,,4.5,,2026-06-25
ZE11E18F8A04D19D8F83CZ,noon,Beverages,Soft Drinks,Monin Premium Peach Flavored Syrup for Iced Teas and Beverages - 250ml,125.0,Monin,250ml,,,,4.5,,2026-06-25
Z0AE1D1645F2FCE1F1000Z,noon,Beverages,Soft Drinks,Naturally Sweetened Lemon Lime With Monk Fruit - 5 Bottles + 1 Free,129.99,LAKANTO,400 ml - 5 Bottles + 1 Free,,,,5.0,,2026-06-25
Z6F0CD6061CDE7483AB93Z,noon,Beverages,Soft Drinks,Lipton Ice Tea Peach Flavor – Refreshing Non-Carbonated Drink – 2 x 320ml Cans Twin Pack,125.0,Lipton,320ml,2.0,2.0,,2.0,,2026-06-25
N28991845A,noon,Beverages,Soft Drinks,Soft Drink 400ml,139.0,Pepsi,400 ml,,,,3.9,27.0,2026-06-25
Z29693F4DBA9D79F42F0DZ,noon,Beverages,Soft Drinks,Monin Popcorn Premium Flavored Syrup - 700ml,110.0,Monin,700ml,,,,4.5,,2026-06-25
Z9FDAE749A698AF95C44FZ,noon,Beverages,Soft Drinks,Monin Premium Lavender Flavored Syrup for Coffee and Beverages - 700ml,140.0,Monin,700ml,,,,4.5,,2026-06-25
Z082A0FAC387585A392E3Z,noon,Beverages,Soft Drinks,Monin Premium Triple Sec Curaçao Flavored Syrup for Mocktails and Coffee - 1L,139.0,Monin,1L,,,,4.5,,2026-06-25
Z4BB0BC29D5F212C1256DZ,noon,Beverages,Soft Drinks,Mountain Dew Spark 330ml,139.0,Mountain Dew,330ml,,,,4.5,,2026-06-25
ZA206BD8B523D96E76B7BZ,noon,Beverages,Soft Drinks,Monin Premium Blue Curaçao Flavored Syrup for Mocktails and Beverages - 250ml,240.0,Monin,250ml,,,,4.5,,2026-06-25
Z7E3D3C9B41307D8DA78AZ,noon,Beverages,Soft Drinks,7UP 150ml (small size) Saudi version,139.0,7 Up,150ml,,,,4.6,,2026-06-25
N28991813A,noon,Beverages,Soft Drinks,Soft Drink Cans 240ml,139.0,Pepsi,240 ml,,,,4.2,34.0,2026-06-25
Z956CC311C04270D55EDEZ,noon,Beverages,Soft Drinks,Vitamin Sparkling Drink 100% Natural Flavors - Pomegranate,240.0,V7,300 ml,12.0,12.0,,4.5,184.0,2026-06-25
ZDC0D332A4CB94B70C33AZ,noon,Beverages,Soft Drinks,Monin Sugar Free Caramel Syrup 700ml - Premium French Café Flavor,99.0,Monin,700ml,,,,4.5,,2026-06-25
Z245359E428C09310BAEAZ,noon,Beverages,Soft Drinks,Lemon Lime Drink 0% Sugar 330ml,129.99,Green Cola,330ml,,,,5.0,5.0,2026-06-25
Z534A8E827D182C1DF36AZ,noon,Beverages,Soft Drinks,2 Coca-Cola Vanilla 330ml German,139.0,Coca-Cola,330ml,2.0,2.0,,2.0,,2026-06-25
Z379AC2B3258757E8AE2FZ,noon,Beverages,Soft Drinks,Monin Premium Passion Fruit Flavored Syrup for Mocktails and Beverages - 1L,140.0,Monin,1L,,,,4.5,,2026-06-25
Z683CAD4993E1BBCF8A1CZ,noon,Beverages,Soft Drinks,Calorie Carbonated Pina Colada Drink With No Added Sugar 275ml,139.0,ZEE,275,,,,4.2,,2026-06-25
ZF4B230DE88501789EFCEZ,noon,Beverages,Soft Drinks,Monin Premium Cranberry Flavored Syrup for Mocktails and Beverages - 700ml,240.0,Monin,700ml,,,,4.5,,2026-06-25
Z4E20D75CA62A8462FB55Z,noon,Beverages,Soft Drinks,Monin Premium Peach Tea Syrup for Iced Tea and Refreshing Beverages - 1L,125.0,Monin,1L,,,,4.5,,2026-06-25
Z4E79E19681A0174DBC9FZ,noon,Beverages,Soft Drinks,"Kinza Cola Soft Drink, 300 ml – Pack of 3 | Classic Carbonated Cola Beverage | Refreshing & Fizzy Taste",284.95,Kinza,300 ml,3.0,3.0,,4.0,1.0,2026-06-25
Z4EAC8F5D2572EC01F166Z,noon,Beverages,Soft Drinks,Red Bull Power Drink 250 ml*4 Pack,139.0,Red Bull,250 ml,24.0,24.0,,4.0,,2026-06-25
N47874272A,noon,Beverages,Soft Drinks,Cherry flavor 330ml,139.0,Green Cola,330 ml,,,,3.5,29.0,2026-06-25
Z46C882FCD445A8934BADZ,noon,Beverages,Soft Drinks,Monin Premium Blue Curaçao Flavored Syrup for Mocktails and Beverages - 1L,139.0,Monin,1L,,,,4.5,,2026-06-25
Z211598405B1221035694Z,noon,Beverages,Soft Drinks,Monin Premium Toffee Nut Flavored Syrup for Coffee and Beverages - 1L,240.0,Monin,1L,,,,4.5,,2026-06-25
ZF44CA9C3FA706C0DE66DZ,noon,Beverages,Soft Drinks,مشروب باشن فروت خالي من السكر 330ml,110.0,جرين كولا,330ml,2.0,2.0,,4.8,4.0,2026-06-25
Z4CEAEF3D318DE7B3F37EZ,noon,Beverages,Soft Drinks,Monin Hazelnut Premium Flavored Syrup - 700ml,1111.0,Monin,700ml,,,,4.5,,2026-06-25
Z88E0447F8522A0215348Z,noon,Beverages,Soft Drinks,Monin Premium Cloudy Lemonade Base Syrup for Mocktails and Beverages - 1L,139.0,Monin,1L,,,,4.5,,2026-06-25
Z09AA4D4AE3C620175A7DZ,noon,Grocery,Tea,Milk Bubble Tea 235 ml,107.0,WOW,235 ml,,,,4.1,,2026-06-25
N27673313A,noon,Grocery,Tea,Instant Premix Cardamom Karak Tea 14grams Pack of 10,107.0,Karak Tea,14g,10.0,10.0,,4.7,9.0,2026-06-25
ZEFA1A862F7BFBC43DBC5Z,noon,Grocery,Tea,VINUR Organic Hibiscus & Rose Herbal Tea – 20 Pyramidal Tea Bags,107.0,VINUR,500g,20.0,20.0,,4.2,21.0,2026-06-25
ZAF642A9EDF3534934BDCZ,noon,Grocery,Tea,St John'S Herbal Tea 18 Filter,107.0,Imtenan,500g,12.0,12.0,,4.1,37.0,2026-06-25
Z45A638DA6786D1623BA2Z,noon,Grocery,Tea,"Instant Karak Chai Tea with Creamer, Sugar & Cardamom, 8 x 25gm Sachets",107.0,Tea BREAK,25g,12.0,12.0,,4.6,9.0,2026-06-25
ZD27846A174D3D9B4FC99Z,noon,Grocery,Tea,Rabea Extra Strong Tea - Fine Loose Black Tea - 250g,107.0,Rabea,250g,12.0,12.0,,5.0,2.0,2026-06-25
Z18A210F5CCEBFB7E0747Z,noon,Grocery,Tea,Lavender And Chamomile Herbal Tea 18 Filters,107.0,Imtenan,500g,18.0,18.0,,4.5,73.0,2026-06-25
ZBD5784A9587948B6783CZ,noon,Grocery,Tea,Mood Karak - Karak Tea- Cardamom - 8 sachets,107.0,Mood karak,500g,6.0,6.0,,3.0,,2026-06-25
ZA547ACCAEB6711044C30Z,noon,Grocery,Tea,Diet Herbal Tea 18 Filters,107.0,Imtenan,500g,12.0,12.0,,4.5,56.0,2026-06-25
Z553F9710E99F7876328AZ,noon,Grocery,Tea,Ahmad Tea London Raspberry & Pomegranate Green Tea – 20 Foil Tea Bags,107.0,Ahmad Tea,500g,20.0,20.0,,4.4,13.0,2026-06-25
Z9F8EB049BD5DF104A183Z,noon,Grocery,Tea,whole leaf black tea (100% pure Ceylon )400g,107.0,Alwazah Tea,400g,,,,4.6,3.0,2026-06-25
N34622899A,noon,Grocery,Tea,Red Label Tea 225grams,107.0,Brooke Bond,225g,,,,4.3,291.0,2026-06-25
N52381924A,noon,Grocery,Tea,Blackberry & Raspberry Infusion Tea 40 gmLiters Pack of 20,107.0,Taylors Of Harrogate,40 g,20.0,20.0,,3.9,8.0,2026-06-25
N35187596A,noon,Grocery,Tea,Black Tea 50 Tea bags 100g,107.0,Lipton,100g,50.0,50.0,,4.6,395.0,2026-06-25
ZD7CE8ACD2B5CB208BD22Z,noon,Grocery,Tea,Japanese Matcha Tea with strawberry Antioxidant for Weight Loss and Fat Burning - 20 Bags,107.0,MATCHA,500g,20.0,20.0,,4.2,10.0,2026-06-25
Z7F0EAED49753DA39480AZ,noon,Grocery,Tea,Parsley And Celery Herbal Tea 18 Filters,107.0,Imtenan,500g,18.0,18.0,,4.6,572.0,2026-06-25
N30684966A,noon,Grocery,Tea,"Black Tea with sun dried tea leaves, Loose, For a rich natural taste, 40grams",107.0,Lipton,40g,,,,4.6,142.0,2026-06-25
ZF182F0D0C936157AEB31Z,noon,Grocery,Tea,Cinnamon And Ginger Herbal Tea K 18 Filter,107.0,Imtenan,500g,18.0,18.0,,4.5,30.0,2026-06-25
N47017561A,noon,Grocery,Tea,Green Tea Pack of 25,107.0,Royal,500g,25.0,25.0,,4.5,31.0,2026-06-25
Z09E090C3A61DD597D50BZ,noon,Grocery,Tea,Karak Tea Sachets 300 Grams,107.0,Mazaq,300 G,24.0,24.0,,4.6,11.0,2026-06-25
Z1BEB93FCC673857F3271Z,noon,Grocery,Tea,Relaxing Herbal Tea 18 Filters,107.0,Imtenan,500g,18.0,18.0,,4.6,70.0,2026-06-25
N29782432A,noon,Grocery,Tea,Green Tea 50 Filter,107.0,ISIS,500g,12.0,12.0,,4.4,13.0,2026-06-25
N35108140A,noon,Grocery,Tea,Chamomile 12 Filter,107.0,ISIS,500g,12.0,12.0,,4.6,38.0,2026-06-25
Z877B73E6E912CB30AC49Z,noon,Grocery,Tea,Jasmine Green Tea 100 gm,107.0,ZARY,100 g,,,,4.3,32.0,2026-06-25
Z3EB262690FE56E027F96Z,noon,Grocery,Tea,Breastfeeding Herbal Tea 18 Filters,107.0,Imtenan,500g,18.0,18.0,,4.5,40.0,2026-06-25
Z78FB041019306279E006Z,noon,Grocery,Tea,Tea Break Instant Karak Chai with Cardamom - 8 Sachets x 25g - Natural Flavor & Rich Aroma,107.0,Tea BREAK,25g,8.0,8.0,,4.8,41.0,2026-06-25
N39019023A,noon,Grocery,Tea,Natural Herbal Tea - 50 Teabags 100grams,107.0,Sekem,100g,12.0,12.0,,4.3,28.0,2026-06-25
ZE1DBAFA62A813772C6BFZ,noon,Grocery,Tea,"Tea 250g, Whole Leaf Black Tea (Finest Ceylon Tea)",107.0,Alghazaleen,250g,,,,4.5,21.0,2026-06-25
Z14269305B97F08979A54Z,noon,Grocery,Tea,Royal Tea for Regime – 50 Tea Bags,107.0,Royal Regime,500g,50.0,50.0,,3.4,3.0,2026-06-25
N35187598A,noon,Grocery,Tea,Black Tea 100 Tea bags 200g,107.0,Lipton,200g,100.0,100.0,,4.5,799.0,2026-06-25
N44900080A,noon,Grocery,Tea,Green Tea Refreshing Mint 25 Tea bags,107.0,Lipton,500g,6.0,6.0,,4.6,550.0,2026-06-25
Z78B8A4ABA2B7FE93058EZ,noon,Grocery,Tea,Black Tea English Breakfast For Bold Taste & Intense Aroma 25 Teabags,107.0,Lipton,500g,25.0,25.0,,4.5,89.0,2026-06-25
ZB6ED664E32F84C7ADE92Z,noon,Grocery,Tea,"Ahmad Tea London Rosehip, Hibiscus & Cherry Herbal Infusion Tea Bags – 20 Foil Wrapped Tea Bags – Fruity Herbal Tea with Rosehip, Hibiscus Flowers & Cherry Flavor – Refreshing Caffeine Free Natural Fruit Infusion Drink",107.0,Ahmad Tea,500g,20.0,20.0,,4.4,14.0,2026-06-25
N48663854A,noon,Grocery,Tea,Infuso Lemon & Ginger Tea 75grams,107.0,Twinings,75g,12.0,12.0,,5.0,1.0,2026-06-25
Z0051E7E3E1330638606EZ,noon,Grocery,Tea,Al-ghazaleen Tea 250g Traditional Ceylon Tea.,107.0,ALGHAZALEEN TEA,250g,,,,5.0,3.0,2026-06-25
ZDA62D3A5EBEBED7F838BZ,noon,Grocery,Tea,Karak Tea 12 Sachets,107.0,Mazaq,500g,12.0,12.0,,4.3,45.0,2026-06-25
Z052658C9357623A5CF41Z,noon,Grocery,Tea,Black Dust Kenyan tea 500gm,107.0,Chay Sanaa,500g,,,,4.4,252.0,2026-06-25
N52490746A,noon,Grocery,Tea,Detox 20 filters,107.0,ISIS,500g,20.0,20.0,,3.6,20.0,2026-06-25
Z3A5810B915C82A7088E3Z,noon,Grocery,Tea,Black Tea Peach Pack of 20,107.0,Royal,500g,20.0,20.0,,3.8,36.0,2026-06-25
ZD6AFBE21659504452FF4Z,noon,Grocery,Tea,Ahmad Tea Evening Tea Decaffeinated 20 Bags | Smooth & Relaxing Flavor | Perfect for Evening Enjoyment,107.0,AhmedTea,500g,20.0,20.0,,4.4,16.0,2026-06-25
N28851916A,noon,Grocery,Tea,Extra Strong Tea 2g 25 Teabags,107.0,Rabea tea,2g,25.0,25.0,,4.4,16.0,2026-06-25
N12280622A,noon,Grocery,Tea,English Breakfast Black Tea 100grams,107.0,Twinings,100g,,,,4.4,18.0,2026-06-25
N51736589A,noon,Grocery,Tea,Pure Green Tea 100 Pcs 200grams,107.0,Twinings,200g,100.0,100.0,,4.9,7.0,2026-06-25
Z1A1914D859171BF1216EZ,noon,Grocery,Tea,Regime with Cinnamon- Pack of 50,107.0,Royal Herbs,500g,50.0,50.0,,4.3,15.0,2026-06-25
Z749187AEA966538F7F52Z,noon,Grocery,Tea,Imtenan parsely and celery tea- 18 bags,107.0,Imtenan,500g,18.0,18.0,,4.2,18.0,2026-06-25
Z381EC15AEC5299666293Z,noon,Grocery,Tea,Black Tea 500g,299.94,Lipton,500g,6.0,6.0,,4.5,2413.0,2026-06-25
Z2CF8F5106FF6E0D994ACZ,noon,Grocery,Tea,Rabea Tea Original Taste - Black Tea Bags - 100 Bags,107.0,Rabea,500g,100.0,100.0,,5.0,1.0,2026-06-25
N40027238A,noon,Grocery,Tea,Karak Tea 23grams Pack of 12,145.0,Mazaq,23g,12.0,12.0,,4.5,114.0,2026-06-25
Z1DFC0360B9E07DE07128Z,noon,Grocery,Tea,Abu Jabal Whole Leaf Tea – Premium Rich Flavor Black Tea – Golden Color – 200g,129.0,Abu Jabal,200g,,,,4.5,,2026-06-25
ZE83C5E646D3DC1C93378Z,noon,Grocery,Tea,Black Tea Raspberry Pack of 20,120.0,Royal Herbs,35g,20.0,20.0,,4.6,64.0,2026-06-25
Z6498418B1A539791E45DZ,noon,Grocery,Tea,Pure Matcha Green Tea Powder Premium Grade - 50 gm,126.0,Dhyaan House,50 g,,,,3.8,44.0,2026-06-25
N25262927A,noon,Grocery,Water,Prestige Mineral Water Medium 500ml Pack of 6,119.0,Evian,500 ml,6.0,6.0,,4.0,9.0,2026-06-25
N52155536A,noon,Grocery,Water,Prestige Sparkling Water 250ml,126.0,San Benedetto,250 ml,,,,4.2,,2026-06-25
ZAB482EC81544DBB493B7Z,noon,Grocery,Water,Peach Flavoured Sparkling Water - 350 ml,120.0,Elisha,350 ml,20.0,20.0,,4.2,,2026-06-25
Z8019570DEC2270B44BBAZ,noon,Grocery,Water,2 Evian Natural Mineral Water - 500 ml,126.0,Evian,500 ml,12.0,12.0,,2.0,,2026-06-25
ZDB578B950B7AFDF241E9Z,noon,Grocery,Water,مياه زمزم الأصلية – عبوة كرتون 5 لتر معتمدة للطيران – بباركود وملصق أصلي – بطانة داخلية آمنة للتخزين – من Identity Store,120.0,ماء زمزم,5 liters لترات,20.0,20.0,,5.0,5.0,2026-06-25
ZC8E960A3A3684AE283D7Z,noon,Grocery,Water,Perrier sparkling water rosellini 250 ml,120.0,Maison Perrier,250 ml,20.0,20.0,,4.8,,2026-06-25
N12277234A,noon,Grocery,Water,Glass Bottle Sparkling Mineral Water 330ml Pack of 4,340.0,Perrier,330 ml,4.0,4.0,,4.7,3.0,2026-06-25
Z14A83D92F018C701613FZ,noon,Grocery,Water,Orange Flavored Sparkling Drink,120.0,Elisha,350 ml,20.0,20.0,,4.2,,2026-06-25
ZD30B1C0A8C3BF6AD02CDZ,noon,Grocery,Water,Perrier sparkling water citron 500 ml,120.0,Maison Perrier,500 ml,20.0,20.0,,4.8,,2026-06-25
ZE3CCBBAF39D3C3EA02EEZ,noon,Grocery,Water,2 Evian Natural Mineral Water - 500 ml,120.0,Evian,500 ml,20.0,20.0,,2.0,,2026-06-25
ZE52C2B647403552329F5Z,noon,Grocery,Water,Orange Flavoured Sparkling Drink - 350 ml,120.0,Elisha,350 ml,20.0,20.0,,4.1,4.0,2026-06-25
ZE3AC7234688091A4D908Z,noon,Grocery,Water,ماء زمزم 5 لتر,120.0,ماء زمزم,5 لتر,20.0,20.0,,5.0,6.0,2026-06-25
Z95EC37DF891AC539FA5EZ,noon,Grocery,Water,Waterkind Sparkling Water Cans Multipack – 4 Pieces (250ml Each),126.0,Waterkind,250ml,4.0,4.0,,4.0,,2026-06-25
ZE18FF976CB337012AC60Z,noon,Grocery,Water,Pineapple Flavored Sparkling Drink 350ml,120.0,OKF,350 ml,20.0,20.0,,5.0,1.0,2026-06-25
N50711370A,noon,Grocery,Water,Blossom Water - 250ml,120.0,CHOiCE,250 ml,20.0,20.0,,4.9,12.0,2026-06-25
Z396E3680A918EA75ABECZ,noon,Grocery,Water,Rose Water - 250 ml,120.0,SUN GARDEN,250 ml,20.0,20.0,,4.7,10.0,2026-06-25
Z775491766EDAC0DAA0C9Z,noon,Grocery,Water,Sparkling Water 250 ml,120.0,Aquafina,250 ml,20.0,20.0,,5.0,4.0,2026-06-25
Z3D347ABA2832E1A10C73Z,noon,Grocery,Water,Evian Naturally Filtered Mineral Water 500ml Bottles Made by Nature Box of 24 Bottles,126.0,Evian,500 ml,6.0,6.0,,4.2,5.0,2026-06-25
N35958681A,noon,Grocery,Water,Rose Water 250ml,120.0,DOBELLA,250 ml,20.0,20.0,,4.5,20.0,2026-06-25
Z1FDA8FA80E4C7813E94DZ,noon,Grocery,Water,Dr Pepper Soft Drink Can Cherry 330 ml,126.0,Dr Pepper,330 ml,6.0,6.0,,4.5,,2026-06-25
ZCCE7006C69E7BA73E54BZ,noon,Grocery,Water,Peach Sparkling Water 250ml,120.0,Maison Perrier,250ml,20.0,20.0,,4.8,,2026-06-25
ZA42F3B9418E7CEC14C41Z,noon,Grocery,Water,Sparkling Water with Lemon & Guava Flavor,120.0,Perrier,330 ml,20.0,20.0,,4.6,,2026-06-25
Z8D4D2620A0BACF15B7C4Z,noon,Grocery,Water,Carbonated mineral water 0.50L,126.0,San Benedetto,0.50L,,,,4.3,3.0,2026-06-25
Z1B35114C2F02E8F167C9Z,noon,Grocery,Water,Natural rose water from Star,120.0,Star Diet,1 l,20.0,20.0,,4.3,,2026-06-25
ZD9087189F9AAFE21AEA2Z,noon,Grocery,Water,natural mineral drinking water packing may vary 500ml,107.0,Evian,500ml,,,,5.0,2.0,2026-06-25
Z51C72F2F522BC95B1C40Z,noon,Grocery,Water,Nestlé Pure Life Natural Drinking Water - 1 Liter - 12 Bottles,107.0,Nestle,1 Liter,,,,1.0,,2026-06-25
Z68855D3E1EF71440D3F2Z,noon,Grocery,Water,Natural Drinking Water- 1.5 Liters Pack of 6,107.0,ELANO,1.5 Liters,6.0,6.0,,4.1,13.0,2026-06-25
ZF488B0DA0B74E5976342Z,noon,Grocery,Water,"Evian mineral water, pack of 24 bottles, 500 ml",1550.0,Evian,500 ml,24.0,24.0,,4.9,9.0,2026-06-25
Z7958E694F7DBA203F837Z,noon,Grocery,Water,Gallon 18.9L,107.0,ELANO,18.9 Liters,,,,4.9,35.0,2026-06-25
Z2395EDA0BB7992FCDC50Z,noon,Grocery,Water,Natural Mineral Water 500ml,107.0,San Benedetto,500ml,,,,4.0,1.0,2026-06-25
ZFF39F57AFC6E957C963DZ,noon,Grocery,Water,Sparkling Water 330ml (Carton of 24 Bottles),107.0,Perrier,330ml,,,,5.0,1.0,2026-06-25
Z7B34B9D0553076D0D588Z,noon,Grocery,Water,Forever Lemon Citron Sparkling Water - 330 ml,107.0,Maison Perrier,330 ml,,,,5.0,1.0,2026-06-25
N52381921A,noon,Grocery,Water,Prestige natural mineral water -Glass Bottle 500ml,107.0,San Benedetto,500 ml,,,,4.3,3.0,2026-06-25
N52381923A,noon,Grocery,Water,Prestige Still Water - Glass Bottle 500ml,107.0,San Benedetto,500 ml,,,,5.0,2.0,2026-06-25
Z8A47686D79C657FDDE61Z,noon,Grocery,Water,Green Apple Flavoured Sparkling Drink - 350 ml,107.0,Elisha,350 ml,,,,4.0,1.0,2026-06-25
ZA24D76B7F4B680CA5142Z,noon,Grocery,Water,Natural Drinking Water- 600 ml Pack of 12,107.0,ELANO,600 ml,12.0,12.0,,4.3,21.0,2026-06-25
ZAD440AEF119C54D140E1Z,noon,Grocery,Water,Cherry Flavoured Sparkling Drink - 350 ml,107.0,Elisha,350 ml,,,,4.2,3.0,2026-06-25
N35958682A,noon,Grocery,Water,Orange Blossom Water 250ml,107.0,DOBELLA,250 ml,,,,4.2,12.0,2026-06-25
N12281275A,noon,Grocery,Water,Rose Water 750ml,107.0,Yamama,750 ml,,,,4.3,16.0,2026-06-25
Z7367F3B83922360DD142Z,noon,Grocery,Water,Original Zamzam Water Pure & Blessed - 5L (Pack of 2 - Total 10L),107.0,Zamzam Water,5L,2.0,2.0,,2.0,,2026-06-25
N44291604A,noon,Grocery,Water,Natural Drinking Water 1.5Liters Pack of 12,107.0,ELANO,1.5 Liters,12.0,12.0,,4.5,409.0,2026-06-25
ZA6DB65874A9F52C370EDZ,noon,Grocery,Water,Sparkling Gold Apple Flavor Drink 350ml,107.0,OKF,350 ml,,,,3.7,,2026-06-25
ZDC435835CF6116D7A25EZ,noon,Grocery,Water,Perrier sparkling water citron & goyave 330 ml,107.0,Maison Perrier,330 ml,,,,4.8,,2026-06-25
Z55126CD72DC103007C07Z,noon,Grocery,Water,Natural Sparkling Mineral Water - 8 x 200ml Glass Bottles Pack,107.0,Perrier,200ml,,,,3.3,3.0,2026-06-25
ZA733726F9B4DD8E9FD69Z,noon,Grocery,Water,Blossom Water With 250 ml,107.0,SUN GARDEN,250 ml,,,,3.3,6.0,2026-06-25
N12281276A,noon,Grocery,Water,Rose Water 300ml,107.0,Yamama,300 ml,,,,4.3,15.0,2026-06-25
ZFE26FA3390510955E63DZ,noon,Grocery,Water,Zamzam Water 330ml – Pure Holy Water from Mecca | Single Bottle for Daily Drinking & Travel 2 pcs,107.0,Zamzam,330ml,2.0,2.0,,4.9,9.0,2026-06-25
ZE1BFEA3B82C0CF5C6B6EZ,noon,Grocery,Water,Sparkling Natural Mineral Water Glass Bottle 330ml,107.0,Evian,330 ml,,,,4.6,,2026-06-25
Z812EE2B57B33DB2EDFABZ,noon,Grocery,Water,Sparkling Water With Peach & Cherry,107.0,Perrier,330 ml,,,,4.6,,2026-06-25
ZDAB89681B076A04CB0A9Z,noon,Grocery,Water,Water Gallon 18.9 Liters,107.0,ISIS,18.9 Liters,6.0,6.0,,4.4,,2026-06-25
